title,link,time,content
中央纪委国家监委公开通报！,https://mp.weixin.qq.com/s/Smca66wsn0vgZC18Rnn95A,2025-09-23,中央纪委国家监委公开 通报八 起违反中央八项规定精神典型问题   中秋、国庆将至，落实 中央八项规定精神必须一以贯之、寸步不让。 日前，中央纪委国家监委对 8 起违反中央八项规定精神典型问题进行公开通报。具体如下： 海南省人大常委会原党组副书记、副主任刘星泰在推进民生工程中搞形式主义、官僚主义，违规收受礼品 礼金 ，接受可能影响公正执行公务的宴请问题 。 2021 年至 2023 年，刘星泰在牵头推进海南省重点民生工程项目中，无视有关规定要求， 3 年内仅 2 次顺道前往现场调研，每次停留不足半小时，并安排拍照“打卡”。多次违规收受党政干部、私营企业主所送礼金和酒水、高档定制服装等礼品；多次接受私营企业主安排的宴请，相关费用由对方支付。 刘星 泰 还存在其他严重违纪违法问题，被开除党籍、开除公职，因受贿罪被判处死刑、缓期二年执行。 天津市人大财政经济委员会原主任委员王洪海违规收受礼品礼金，安排家属接受可能影响公正执行公务的旅游活动，违规借用管理和服务对象车辆问题。 2013 年至 2024 年，王洪海在中秋节、春节等节点，多次收受下属和私营企业主所送礼品礼金；接受私营企业主邀请，安排家属赴国内外多地旅游，相关费用由私营企业主支付；长期借用私营企业 2 辆汽车，供其本人和家人使用，相关费用由私营企业主支付。王洪海还存在其他严重违纪违法问题，被开除党籍、开除公职，因受贿罪被判处有期徒刑十二年六个月。 中国进出口银行原公司客户部总经理朱灿璋接受可能影响公正执行公务的宴请和打高尔夫球活动，违规收受礼品礼金问题 。 2018 年至 2023 年，朱灿璋多次违规接受 管理和服务对象安排的宴请，饮用高档酒水；多次接受私营企业主安排的打高尔夫球活动，相关费用由对方支付；多次收受管理和服务对象 所送高尔夫球包、手机等礼品。 朱灿璋还存在其他严重违纪违法问题，被开除党籍、开除公职，涉嫌犯罪问题被移送检察机关依法审查起诉 。 安徽省监狱管理局原 党委委员、 副局长胡朝林接受可能影响公正执行公务的宴请、违规收受礼品问题。 2025 年 4 月深入贯彻中央八项规定精神学习教育期间，胡朝林违规接受管理和服务对象安排的宴请，宴请当日为单位带班领导；多次在节日期间收受管理和服务对象所送高档酒水等礼品。胡朝林受到党内严重警告处分、免职处理。 湖南省岳阳市妇联原党组书记、主席喻飞跃组织可能影响公正执行公务的宴请，违规使用公车问题 。 2025 年 4 月学习教育期间，喻飞跃先后 2 次宴请岳阳市有关公职人员，由管理和服务对象提供酒水和餐费；违规使用公车赴宴、接送人员。喻飞跃受到党内严重警告处分、免职处理，其他责任人员受到相应处理。 国家烟草专卖局吉林省局烟叶管理处处长曲景民安排无实质调研任务的人员参加考察调研，提供可能影响公正执行公务的宴请问题。 曲景民任国家烟草专卖局吉林省松原市局党组书记、局长期间，于 2023 年 5 月至 6 月 2 次带队赴外地考察调研，未严格控制外出考察调研的人员，多名参加调研的人员没有实质调研任务； 2 024 年 1 月，提供可能影响公正执行公务的宴请。曲景民受到党内严重警告、记大过处分。 甘肃省甘南州碌曲县人大常委会原党组成员、副主任李建明以培训为名变相公款旅游问题。 2023 年 9 月，碌曲县委宣传部、县乡村振兴局联合在云南举办培训班。带队领导李建明刻意增加旅游景点线路，随意压缩课堂学习时间、删减现场教学环节用于参观旅游。李建明还超标准入住豪华套房，多名参训学员超标准乘坐交通工具，费用均由公款报销。碌曲县委宣传部、县乡村振兴局对课程设置、地点选择等未认真进行论证，对培训方案审核把关流于形式，对培训工作监督管理不到位。李建明受到撤销党内职务、政务撤职处分，其他参加培训人员以及县委宣传部、县乡村振兴局负责同志受到相应处理。 国家电投宁夏铝电公司中卫新能源公司党委副书记、总经理刘兴华违规组织公款宴请问题。 2025 年 4 月学习教育期间，中卫新能源公司在接受上级安全检查期间，刘兴华多次违规宴请或安排下属宴请安全检查组，相关费用由下属虚构商务招待等事项用公款报销。刘兴华受到党内严重警告处分，其他责任人员受到相应处理。 中央纪委国家监委指出，中央八项规定是党中央徙木立信之举，是新时代管党治党的标志性措施，必须一抓到底、毫不松懈，用铁规矩锻造好作风。 各级党组织和领导干部 要从政治高度深刻认识党的作风关系人心向背、关系党的生死存亡，坚决扛牢作风建设政治责任，做实党组织日常监督，建立健全经常性发现问题、解决问题机制，不断巩固拓展深入贯彻中央八项规定精神学习教育成果，推进作风建设常态化长效化，切实把严的氛围营造起来、把正的风气树立起来。 各级纪检监察机关 要坚持严的基调不动摇，用好从严监督执纪的利器，速查严处顶风违纪行为，深挖细查隐形变异问题，深入推进风腐同查同治，始终保持高压惩治态势。要紧盯 “四风”老问题新情况，对违规吃喝、违规收送礼品礼金等问题露头就打，对不作为乱作为、加重基层负担等现象及时纠正，系统施治、标本兼治，让干部群众看到实实在在的变化。 中秋、国庆 将至，要加强提示提醒、监督检查、通报曝光，持续释放严的信号，引导党员干部知敬畏、存戒惧、守底线，着力营造风清气正的节日氛围。 来源：人民日报客户端，记者：赵成 本期编辑：石磊、阮可欣 觉得好看，请点这里 ↓ ↓ ↓
货拉拉，被约谈！,https://mp.weixin.qq.com/s/wYMMZvp8XKaw2FUnIKTdxw,2025-09-23,近日，市场监管总局约谈货拉拉，要求其严格遵守《中华人民共和国反垄断法》等法律规定，落实反垄断合规主体责任，及时规范经营行为，公平参与市场竞争，维护货车司机、消费者等相关主体合法权益，推动平台规则和算法公平公正、公开透明，促进行业规范健康发展。 来源：人民日报客户端 本期编辑：石磊、阮可欣 觉得好看，请点这里 ↓ ↓ ↓
刚刚，广州宣布：全市范围内实行“五停”,https://mp.weixin.qq.com/s/HptsGeoR72Bn3fMAgsqN-A,2025-09-23,据广州市应急管理局最新消息， 广州市防汛防旱防风总指挥部发布关于实施“五停”措施的通告。 来源：广州日报，记者：叶作林、丁雄、通讯员：穗应宣 本期编辑：石磊、阮可欣 转发周知！ ↓ ↓ ↓
每天平板支撑2分钟，一个月后身体会有什么变化？,https://mp.weixin.qq.com/s/Yx-HWPLBJ1B2n_YAHSBw7A,2025-09-23,在快节奏的生活里，我们总有理由推托运动：下班太晚、健身房太远、带娃太累……如果你也苦于没时间运动，不如先从每天2分钟平板支撑开始。 也许有人会疑惑，这么短的时间真的有用吗？有不少人记录下坚持平板支撑30天的变化，发现短短的2分钟，也能让身体和心态发生变化。 每天做2分钟平板支撑 一个月后有什么变化？ 社交平台上，一位健身博主每天做2分钟平板支撑，持续一个月后，收获出乎意料。 第一周 ：地狱模式 最初几天，每一秒都是煎熬。刚到60秒，腹部灼烧感强烈，要不断跟扭曲的姿势搏斗。 第二周：逐渐适应 进入第二周，颤抖感减轻，他能更稳定地保持姿势，学会了调动臀部发力，下背部压力骤减，久坐后的下背部酸痛感有所缓解。 第三周：成为习惯 他开始享受过程，不再像第一周那样挣扎或感到疼痛。2分钟已不再是挑战，实际成绩提高到2.5～3.5分钟，背部状况和核心力量都有明显改善。 第四周：超越目标 博主以4.5分钟刷新个人纪录，而且已经可以感觉到上腹肌。博主还注意到了一些意想不到的变化：下背部疼痛几乎消失了；平时锻炼感觉更有力，核心不再那么快衰竭。 坚持一个月平板支撑后，博主非常满意身体交出的答卷： 核心力量明显增强，还改善了体态，减轻了背痛，更让他收获了强大的精神纪律性。 还有一些网友同样分享了自己每天2分钟平板支撑，一个月后身体发生的变化： 一开始，是抖到怀疑人生的30秒；后来，是能主动找腹部发力的技巧；再后来，牛仔裤松了、搬箱子不虚了、攀岩也更稳了。 网友分享自己一个月后的身体变化 平板支撑有什么好处？ 增强核心肌群力量 平板支撑主要锻炼核心肌群，包括腹横肌、腹斜肌、腹直肌，还有臀部肌肉。通过做平板支撑可以加强肌肉力量，使运动能力得到提高。 提高身体基础代谢率 平板支撑练习相对于其它腰腹部练习，可以消耗更多热量。 改善平衡能力 在没有练平板支撑之前，闭上眼睛单脚站立，可能只有短短的几秒钟。这是因为腹部肌肉不够强壮，无法提供所需的平衡。进行一段时间的平板支撑练习后，腰腹部肌肉力量加强了，平衡能力就相应提高了。 减少背部和脊柱受伤风险 做平板支撑可以增强和巩固腰背部、腹部肌肉力量，减轻腰背部压力，提升脊柱稳定性。 改善身体姿态 平板支撑可以大大提高站姿和稳定姿势的能力，使骨骼和关节保持正确的对齐方式，使肌肉的整体效能得到改善。 如何正确做平板支撑？ 如果你也想加入平板支撑挑战，请先阅读以下指南，确保你的每一次努力都安全有效。 标准平板支撑姿势 准备 ： 俯卧，双肘弯曲支撑在地面上，肩膀和肘关节垂直于地面。 发力： 腹部和臀部收紧，用核心力量将身体撑起，脚尖踩地，双脚与肩同宽。 对线： 确保你的头、肩、背、臀、腿在一条直线上，想象你的身体是一块坚硬的平板。 保持： 眼睛看向地面，保持自然呼吸，不要憋气。感受腹部、背部和臀部的持续发力。 三大常见错误 ❌ 撅屁股。 臀部抬得过高，会大大减弱对核心肌肉的训练效果，让训练变得更轻松，也更无效。 ❌ 塌腰。 这是最常见的错误，腰部向下凹陷，会将所有压力转移到腰椎上，不仅无效，反而伤腰。 ❌ 耸肩或头部后仰。 这会导致颈部和肩部过度紧张，练完后脖子疼。 如果过程中出现动作变形，尤其是塌腰，请停下来休息，不要硬撑。 保持动作正确是最要紧的事。 新手也可以先从“跪姿平板支撑”开始，双膝跪地，小腿向后抬起，同样保持上半身呈一条直线。这能有效降低难度，让你先建立核心发力的感觉。 增加进阶动作 抬腿 平板 支 撑： 保持标准姿势，缓慢交替抬起一条腿，保持身体稳定。 侧平板支撑： 用单侧手肘支撑身体，锻炼侧腹肌群。 平板支撑开合跳： 保持支撑姿势，双脚像开合跳一样向两侧跳开再并拢。 坚持一个月后，你会发现收获的不仅是一个更强大的身体，还有一个更坚韧、更有掌控力的自己。 来源： 央视新闻综合丁香医生、陕西省体育科学研究所 本期编辑：刘杰、林帆 转发给家人朋友！ ↓ ↓ ↓
弹！弹！弹！高清大图来了！（一定收藏）,https://mp.weixin.qq.com/s/Em24E1C1YqR9SeLpwMmwxQ,2025-09-23,空警-600弹射成功！ 歼-35弹射成功！ 歼-15T弹射成功！ 福建舰上，三型舰载机弹射起飞！ 我们精选了多张高清照片 一起回味激动人心的瞬间！ 曾经我们只是远洋的过客 现在我们已是深蓝的一部分 点赞！致敬！ 来源：中国军号 本期编辑：刘杰、林帆 转发收藏！ ↓ ↓ ↓
今日秋分,https://mp.weixin.qq.com/s/AFVcOk5yHFOb_edYe7OKYg,2025-09-23,燕将明日去 秋向此时分 今天 2 时 19 分 秋季的第四个节气 秋分，伴着日渐浓重的凉意 来到了我们身边   这一天 太阳直射地球赤道 不仅等分了昼夜 而且分割了寒暑   自此之后 每下一场秋雨 “秋味儿”就渐浓一些 北半球白天渐短、黑夜渐长 天气也渐渐转凉 要及时添衣注意保暖 秋天，是美好怡人的季节 天空高远澄澈，云朵悠然自得 阵阵秋风拂过 桂花的香气悄然蔓延 翠绿的枝丫 在不经意间 被装点上 橙黄的新妆 今天 也是第 八 个中国农民丰收节 这时候 瓜果满园 、 谷物满仓 放眼广袤田野 到处是喜人的丰收美景 玉米 、稻穗 黄得饱满、灿烂 辣椒、柿子 红得热烈、奔放 共同织就出 一幅 色彩绚丽的 秋收画卷 秋分，也是大快朵颐的时节 石榴圆润，籽粒饱满 蟹肉肥嫩，色香味美 此时菊黄蟹肥， 正是 品蟹 的好时节 但 螃蟹性寒， 食用注意适量 秋分时节 秋云飘逸，秋水如镜 处处迷人，令人陶醉 正是赏景的好时候 不妨爬山登高，畅游郊野 与秋天的大自然来一次亲密接触 尽享悠然自得的惬意时光 希望每一份辛勤耕耘 都能结出金秋的殷实硕果 愿你在这个秋天 乘兴而来 满载而归！ 来源：人民日报微信，视频制作：支点视界，海报制作： 朱艺彤 王旭琛 王威  钟金叶 本期编辑：王若彤 觉得好看，请点这里 ↓ ↓ ↓
来了！新闻早班车,https://mp.weixin.qq.com/s/Yn7UbKJuTnwCUkIQeKRhlA,2025-09-23,点击这里，查看更多精彩内容 要闻 在第八个“中国农民丰收节”到来之际，中共中央总书记、国家主席、中央军委主席习近平代表党中央，向全国广大农民和工作在“三农”战线上的同志们致以节日祝贺和诚挚问候。 在纪念中国人民抗日战争暨世界反法西斯战争胜利80周年大会上受阅的歼-15T、歼-35和空警-600三型舰载机，已于此前完成在福建舰上首次弹射起飞和着舰训练，标志着福建舰具备电磁弹射和回收能力。 中央宣传部日前授予重庆检察未成年人保护工作团队代表“时代楷模”称号。 截至今年6月末，我国银行业总资产近470万亿元，位居世界第一。 8月，我国社会消费品零售总额3.97万亿元，同比增长3.4%。 中央网信办近日印发通知，在全国范围内部署开展为期2个月的“清朗·整治恶意挑动负面情绪问题”专项行动。 工信部等五部门联合印发方案，明确未来两年钢铁行业增加值年均增长目标设定在4%左右。 “十四五”以来，我国外汇储备始终稳定在3万亿美元以上，近两年在3.2万亿美元以上。 我外交部表示，中方在TikTok问题上的立场是清楚的，希望美方为中国企业到美国投资提供开放、公平、非歧视的营商环境。 当地时间21日，英国、加拿大、澳大利亚、葡萄牙分别发表声明，宣布承认巴勒斯坦国。 社会 今年第18号台风“桦加沙”已加强为超强台风，中央气象台继续发布台风橙色预警，预计“桦加沙”于24日在广东深圳至徐闻一带沿海登陆。 国家防总 决定于22日对广东、海南、福建启动防汛防台风四级应急响应，并派出工作组赶赴广东协助指导防汛防台风工作。 受今年第18号台风“桦加沙”影响，24日全天广东省内所有高铁、普速列车停运。 国务院食安办部署各地开展国庆、中秋期间食品安全工作，要求加强对月饼、糕点等节令性食品和节日消费量大的食品生产销售过程监管。 水利部消息， 目前，全国耕地灌溉面积已达到10.86亿亩。 日前， 白家犯罪集团主案一审开庭。 详讯 据网络平台数据，电影《731》累计票房（含预售）突破12.39亿元，进入2025年度票房榜前五。 WTT中国大满贯2025正赛将于28日开赛，日前参赛名单公布。 详讯 法国卢瓦-谢尔省博瓦勒野生动物园消息，在法国生活了13年的大熊猫明星“欢欢”和“圆仔”将于今年11月返回中国。 连云港海事局发布航行警告，24日15时50分至16时30分，黄海南部部分区域内有火箭残骸掉落，禁止驶入。 政策 安徽明确，2025年社会保险个人缴费基数上限为21556元/月，下限为4311元/月。 云南出台措施促进卫生健康领域科技创新发展，允许三级公立医院按不超过专业技术岗位总量3%聘用专职科研人员。 陕西优化实施稳岗扩岗专项贷款政策，将符合条件小微企业最高可申请的稳岗扩岗专项贷款单户授信额度由3000万元提高至5000万元。 今日天气 　　四川盆地东北部和西南部、陕西南部、山西南部、河南中北部、山东西部和东部、浙江东南部、福建南部和东北部、广东东南部、台湾岛等地部分地区有大到暴雨，其中，浙江东南部、福建东北部、台湾岛东部等地部分地区有大暴雨，台湾岛东部局地特大暴雨。 早安中国 　　每个清晨，遇见大美中国。 　　云南楚雄州外石坝，稻田金浪翻涌，处处洋溢着丰收的喜悦。秋分至，丰收时，大地铺金，瓜果满园，在这蟹肥菊黄、薯甜稻香的好时节，愿每一个辛勤耕耘的你，都能品尝丰收的喜悦，收获生活的幸福。        有时候，成长就如种子发芽一般，你需要积蓄足够多的力量，才能冲破土壤。在人生的跑道上，一旦认准目标，你就只管努力，总有一天会惊艳所有人。新的一天，早安！ 本期编辑：朱田恬，实习生：洪舒云、 何雨阳 ｜主播：蓝艳 觉得好看，请点这里 ↓ ↓ ↓
【夜读】2025年最后100天，我要成为更好的自己！,https://mp.weixin.qq.com/s/aFktHN2DFFsmxT5AHmLoOQ,2025-09-23,你发现了吗？ 不知不觉间 2025年还剩下 最后的100天了 年初的计划完成了多少？ 立下的目标是否已完成？ 不必着急，也不用焦虑 最后的100天 充分利用起来 依旧可以完成许多有意义的事 人民日报夜读栏目 邀请你参加“100天挑战” 我们把100天划分为5个20天周期  从易到难 5项挑战不断递进 你可以从以下5个挑战主题中 任选1个或多个进行挑战 准备好接受挑战了吗？ 挑战1：100天爱上读书 第一个20天：培养阅读习惯 选一本轻松的书籍，可以是小说、散文等，每天用碎片时间阅读10分钟。 第二个20天：提升阅读难度 每天用20分钟的时间，去读一本稍有难度的书籍，并用划线等方式标记重点。 第三个20天：学会提炼重点 如果上一本书还没有读完，可以接着去读，也可以读一本新书。但要在每天阅读结束后，思考和总结自己今天阅读内容的核心观点，梳理作者得出观点的逻辑与思路。 第四个20天：记录阅读心得 把书中作者所写的内容，以及这本书对自己的启发记录下来，可以在便签纸上简单记录，也可以认真地写一篇较长的阅读感悟。 第五个20天：分享阅读体会 在微信朋友圈发布读书笔记，或是在和朋友聊天时分享你读书的所思所感。分享的过程，会让你真正爱上读书，形成读书习惯。 挑战2：100天养成运动习惯 第一个20天：每天快走 每天快走30分钟。可以利用上下班或者午休的时间，分多个阶段完成。不要给自己太大压力，让身体先动起来。 第二个20天：开始慢跑 在半小时的运动时间内，从快走改为慢跑。量力而行，一周完成2-3次即可。同时要注意饮食均衡，为身体提供优质补给。 第三个20天：增加运动频率 在这个阶段，可以从每周运动2-3次，改为每周运动4-5次。但要注意不要受伤。此阶段，也可以适当增加一些抗阻运动，比如每天5个俯卧撑。 第四个20天：尝试多种运动项目 从原本的快走、跑步开始，探索不同类型的运动项目，参与球类运动，跳绳、瑜伽，找到乐趣并坚持下去。 第五个20天：邀请朋友一起运动 每周约上朋友，进行一次互动性强的运动，比如周末一起打羽毛球，在公园玩飞盘等等，朋友的陪伴能让运动更有趣。 挑战3：100天摆脱拖延症 第一个20天：迈出第一步 每天先列出当天最想完成的1-2项核心任务，不用苛求自己必须全部完成，只要今天能迈出第一步，就大声夸奖自己。 第二个20天：学会拆解任务 仍然每天规划1-2个核心任务，但试着将1个任务拆解为多个步骤，并设定完成时间。如果一天能按照步骤完成1个任务，就奖励自己。 第三个20天：学会复盘 每天睡觉前回顾一下今天的任务完成情况，看看哪些事情还是容易拖延，原因是什么，在时间规划上有哪些经验和教训，第二天继续行动起来。 第四个20天：感受专注的力量 这一阶段，可以试着25分钟专注做事，5分钟用来休息。每天选一项任务用这个方法，既能感受到专注的力量，又能感受到劳逸结合的舒适。 第五个20天：挑战更复杂的任务 在挑战过小任务以后，你可以开始尝试去做更复杂的事，把这些事拆解成一个个小任务，跟着步骤做，你会发现，那些从前觉得很难的事都可以高效完成。 挑战4：100天成为一个有趣的人 第一个20天：不走“寻常路” 20天里，尝试2-3次走一条自己不熟悉的路线去上班或者上学，并顺手拍张照。你会发现，习以为常的生活里，还藏着好多没注意过的小惊喜。 第二个20天：给生活开个“盲盒” 找个时间，去逛逛家旁边没去过的商店或者小公园，像给日常生活开个“新盲盒”，给生活加新鲜感。 第三个20天： 学习一项小技能 每天花10分钟，跟着教程学习一项小技能。比如做一道家常菜，或者学习一支舞蹈。学完分享给家人或朋友，收获夸赞的同时，还能给生活添点乐趣。 第四个20天：探索周边 找个周末，和朋友一起去城市的博物馆、老街等地方转一转，或者到森林和湖边去走一走。探索周边好玩的“宝藏”地点之后，还可以将游记发布在朋友圈里，分享出去。 第五个20天：尝试完成3个”第一次“ 给自己设立3个“第一次”想尝试的事情：与常去的早餐店阿姨多聊几句；在家做一道“硬菜”；尝试一项自己没参与过的运动……这些事不用费太大劲，却能培养你“打破习惯”的勇气。 挑战5：100天成为一个心态超好的人 第一个20天：记录一件值得开心的小事 “今天同事帮我带了姜茶，暖乎乎的好贴心”“楼下的桂花开了，真香”。这20天，每天写一篇“幸福日记”，把注意力放在值得开心的瞬间，心情就会常常明亮。 第二个20天：练习积极的心理暗示 冒出自我怀疑的念头时，花3分钟把它换成鼓励的话，把“我肯定做不好”转换成“我试试，哪怕进步一点点呢”，把“这事好难”转变成“难的事做完，我会更厉害”。这20天，每天写一篇“转念日记”，用善意的语言和自己对话，自己会越来越勇敢。 第三个20天：做一些让自己幸福的小事 泡杯热茶，坐在窗边慢慢喝；暂时放下手机两个小时，做一件自己喜欢的事；睡前读一篇温暖小短文……这20天，每天写一篇“放松日记”，记录下这些让自己轻松愉悦的时刻，焦虑和紧张情绪就会一扫而光。 第四个20天：记下今天的进步 之前早上经常匆匆忙忙的，今天尝试早起，从容很多；一直不知道怎么开始做的事，今天开了个好头；以往忐忑于在大家面前分享，今天却表达得很好。这20天，每天记录一个自己的“进步瞬间”，会清晰看到自己往前走的印记。 第五个20天：做一件传递善意的小事 在力所能及时，去做那些能温暖他人的小事：捐出自己暂时不用的物件、帮邻居照看家里的宠物或是绿植、陪伴最近状态低迷的朋友……这20天，尝试做1-2次帮助他人的事，当你给生活以善意，心里会收获暖暖的回响。 现在，请分享这篇文章到朋友圈 说明自己选择接受哪项挑战 并写下 “2025年最后100天 我要成为更好的自己！” 开启挑战后 可 制定打卡表 每完成一个阶段就打 “ √ ” 也可分享阶段成果到朋友圈 邀请朋友监督自己 相信等到100天后 新的一年到来时 你一定能收获看得见的成长 也早已成为更好的自己 来源：人民日报夜读 本期编辑：郑薛飞腾、李娜，实习生：洪舒云、陈皓迪 觉得好看，请点这里↓ ↓ ↓
这几种蔬菜，不焯水当心全家中毒！第2种很多人都爱吃,https://mp.weixin.qq.com/s/MlQxRsOqTT3rBfAIHyEe8Q,2025-09-23,焯水 ，是做饭时常见一道工序，但你真的会焯水吗？很多人不知道， 这几种类菜烹饪前，一定先焯水。 01 含草酸的菜 比如菠菜、空心菜、芹菜、苋菜、马齿苋、鲜笋 、茭白、苦瓜等。 草酸会在吸收前与钙形成不溶物，阻碍人体对钙的吸收，时间久了可能会带来腿软抽筋、乏力、骨质疏松等问题。 长期摄入过多草酸，吸收后又会与体内的钙形成难溶性草酸盐，增加患结石的风险。 因为草酸溶于水而不溶于油脂，所以直接炒熟并不能有效去除草酸，焯水是最方便有效的办法。 不过，马齿苋的草酸含量高达1460mg/100g ，是菠菜的 2 倍还多。焯水4分钟后，草酸含量依然高达 560mg/100g。咱们平时还是得少吃为好。 02 含毒素的菜 比如四季豆、扁豆、长豆角。 四季豆、扁豆、长豆角等豆类蔬菜的两头尖部和两侧的荚丝里，含有植物血球凝集素和皂素等对人体有害的物质。 如果没煮熟烧透，会对胃肠道黏膜有强烈的刺激作用，引起充血、肿胀及出血性炎症，造成恶心、呕吐、腹痛、腹泻等症状。 为了避免直接炒没炒熟，提前把豆角焯水是更加保险的做法。 焯水后，这两类有害物质会失去活性，还能够有效去除豆角的生味和苦硬的感觉。 此外，鲜黄花菜也含有毒素，食用后会导致恶心、呕吐、口干舌燥和腹泻，平时想吃的话尽量选择干黄花菜。 如果想吃新鲜黄花菜，吃前要将黄花菜的花蕊摘掉，再焯水3~5分钟，可降低毒性。 03 有高亚硝酸盐的菜 比如香椿、腌菜等。 亚硝酸盐摄入多了，会使血液中的低铁血红蛋白失去携氧能力，造成急性中毒； 另外，亚硝酸盐在体内与胺类化合物作用会生成致癌物亚硝胺，这也是导致胃癌和食道癌的元凶之一。 所以，亚硝酸盐含量高的蔬菜一定要焯水后再烹调，腌菜也要记得多用水洗几遍再食用。 04 易被农残、寄生虫污染的菜 比如西兰花、菜花、荸荠、莲藕、菱角等。 菜花、西兰花等蔬菜，表面不平整，坑坑洼洼比较多，很可能存在农药残留问题，缝隙中还可能有泥土和虫卵。 而荸荠、莲藕等水生植物一般生长在沼泽、池塘或者是水田中，这样的生长环境很容易滋生细菌，或者是沾染寄生虫。 如果生食，有感染布氏姜片吸虫的风险，会造成消化道症状以及其他并发症。 农药在沸水中的溶解性高，焯水可以去除一部分蔬菜上喷洒的有机磷农药，同时沸水也可以杀灭病原微生物和一些寄生虫，让我们吃得更放心。 05 焯水会影响营养价值吗？ 应该怎么焯水？ 绿叶类蔬菜如果焯水时间较长，一些水溶性的维生素、植物营养素和矿物质，可能会有一定的损失，但影响不是很大。 如果焯水时间太短，又无法保证毒素破坏，所以焯水并不是简单的“水开放菜”，焯水的时间和顺序都有讲究，做好下面这4点，让你焯过水的食物健康又好吃！ 焯水是热水下锅还是冷水？ 需要分情况。 通常来说大多数的蔬菜都适合沸水下锅，能最大程度保持蔬菜的营养和口感，但是像土豆、胡萝卜等体积比较大的食材，为了熟透，可以选择冷水下锅。 海鲜也适合沸水下锅，去腥的同时保持口感。 而肉类则通常选择凉水下锅。如果沸水下锅会使得外层肉直接熟，里面的血水出不来，无法去血污，吃起来口感也不好。 焯水的水量加多少？ 一次性没过食材最好，尽量避免反复添加水，造成焯煮时间过长，营养流失多。 焯水的时间要多久？ 大多数叶菜类焯水时间1分钟左右即可，比如菠菜、娃娃菜等；体积比较大的土豆、竹笋可适当延长，而像豆角类建议焯水5分钟以上，彻底熟透后再开始烹饪；鱼、虾建议沸水焯1 ～ 2 分钟后捞出。 肉类根据不同的肉质时间有所差异，宗旨是没有大量的血沫煮出来时即可。 焯水的顺序怎么安排？ 若一锅水焯不同食材，应该先焯气味小的，再焯气味大的；先焯浅色的，再焯深色的。 焯水后要过凉水吗？ 焯水后的蔬菜温度比较高，营养素会继续流失，所以，可以及时对蔬菜进行冷却降温，比如用冷水（宜用熟水即凉开水）或冷风进行降温散热。 焯完菜的水 可以重复利用吗？ 最好不要，尤其是像焯菠菜。 来源： 湖北日报综合CCTV生活圈、深圳疾控、科普中国 本期编辑：李娜、林帆 觉得好看，请点这里 ↓ ↓ ↓
白家犯罪集团主案一审开庭,https://mp.weixin.qq.com/s/98lcljQCq1BkzSs5RCwxFg,2025-09-23,2025年9月19日至22日，广东省深圳市中级人民法院一审公开开庭审理了 白所成、白应苍等21名被告人 诈骗、故意杀人、故意伤害、绑架、敲诈勒索、开设赌场、组织、强迫卖淫、非法拘禁、组织他人偷越国（边）境、偷越国（边）境、走私、贩卖、运输、制造毒品、帮助毁灭、伪造证据一案。 广东省深圳市人民检察院起诉指控：2009年8月以来，以白所成、白应能（另案处理）、白应苍等家族核心成员为首要分子，以白应香、白应兰、白应萍、白应改（均另案处理）、李福寿等家族成员，杨再华、罗文筠（均另案处理）等亲信下属及杨再军、刘华龙（均另案处理）、李龙华等武装头目为重要成员的犯罪集团，利用白家家族在缅甸果敢地区的影响力，依托家族武装力量，通过自行建设、合作开发等方式设立百胜宾馆、腾龙一号楼、苍胜科技园等41个园区，招揽、吸引杨立强、陈双福、鄢杰峰等多名“金主”入驻并提供武装庇护，伙同“金主”实施电信网络诈骗、故意杀人、故意伤害、绑架、敲诈勒索、开设赌场、组织他人偷越国（边）境、组织、强迫卖淫等犯罪活动， 造成6名中国公民死亡、多名中国公民受伤，涉赌、诈资金200余亿元。 此外，白应苍还结伙贩卖、制造毒品甲基苯丙胺约11吨。 检察机关提请以诈骗罪、故意杀人罪、故意伤害罪等12项罪名追究白家犯罪集团及其关联犯罪团伙成员的刑事责任。 庭审中，检察机关出示了相关证据，各被告人及其辩护人进行了质证，控辩双方在法庭的主持下充分发表了意见，各被告人进行了最后陈述。 庭审结束后，法庭宣布休庭，将择期宣判。 人大代表、政协委员、当事人家属和各界群众100余人旁听了庭审。 来源：人民日报客户端 本期编辑：李娜、林帆 觉得好看，请点这里 ↓ ↓ ↓
“3×8”还是“8×3”？一道小学数学题，网友吵翻了！,https://mp.weixin.qq.com/s/7mNj1gR9tq-GN-yMkeJTPw,2025-09-23,最近，一道小学二年级的数学题成为热点—— 有3个盘子，每盘8个水果，一共有多少个水果？列式是3×8还是8×3？ 孩子写了3×8，却被老师判错。 有老师在家长群解释，写乘法算式，先找每份数写在前面，再找有几份写在后面。 应列式为：每份数x份数=总数（相同的加数x相同加数的个数=总数） 但这让辅导作业的家长直呼不明白： 明明结果是一样的，顺序有这么重要吗？ 记者注意到，不少家长也遇到了同样的问题—— 这位家长去请教了数学老师，老师表示二年级按新教材批改， 这些写法都是错误的。 有老师解释，2025年秋季学期开始，老师要求学生清晰掌握乘法算理。厦门日报报道，福州数学名师卢声怡认为，作为老师更希望的是，当学生写下算式时，能够清楚地知道每个数字在问题中代表的含义。 用大白话说，  在孩子刚学习乘法的意义时，之所以只给出了一种算式，即相同加数在前， 相同加数的个数在后，为的是和情境更对应，方便学生理解乘法的意义。 但是，学会了后，后面的要求就没有这么严格了。 有数学老师在人民教育出版社的教材反馈平台上问了这个问题。 出版社在回复中表示： 乘法算式的写法或者是符号表达，本身其实就是对乘法定义的一种约定，因此， 这种符号表达的意义是唯一的，特别是在有具体情境的时候。 乘法算式要不要计较顺序，网友们意见不一。 有网友不理解，如果乘法有先后，那为什么九九乘法表只背一种顺序？ 另有网友支招：把单位写上去不就一眼看明白了吗？ 但也有不少网友支持，认为乘法的一层逻辑还是要明确。 “3只5两的梭子蟹和5只3两的梭子蟹，虽然总重量相等，但两者区别很大。” 这个问题你怎么看？ 在留言区写下你的看法吧 来源：中国青年报综合潮新闻、萧内网萧山论坛、厦门日报、宁波晚报等 本期编辑：李娜、林帆 觉得好看，请点这里 ↓ ↓ ↓
刚买一个月就在兜里炸了！这个物品人人都有,https://mp.weixin.qq.com/s/fwtoOh7lq9vW1AB0OEXXtA,2025-09-23,　　近日，湖北武汉高中生小韩（化名）散步时， 突然发现校服口袋里冒出一股黑烟，原来是口袋里的充电宝自燃了！ 小韩的校服被烧出一个大洞，鞋子也严重损毁，在保安的帮助下火才被扑灭，所幸小韩并未受伤。 　　小韩表示，这款充电宝是花费165元在网上购买的，刚用一个月，“当时只是带在身上，并没有在充电。” 近年来，充电宝自燃、爆炸等安全事故时有发生。需要提醒的是，充电宝不用时也能起火。 充电宝在什么状况下 易自燃、爆炸？ ■  劣质产品 　　充电宝主要由电芯、电路板和外壳三部分组成。其中，电芯的主要材质是锂离子电池或锂聚合物电池。 不合格的电芯和电路板都易引发充电宝自燃、爆炸 。 　　不合格的电芯在充电或受到外部挤压时， 内部的隔膜会发生微短路。 这时即使电芯外观完整，在使用过程中仍有自燃、爆炸风险。 根据国家规定，正规上市的充电宝必须取得 3C强制认证 ，并且标注在产品上。公众可登录 中国质量认证中心 的官网查询。 点击“证书查询”，选择制造商，能查询到结果的表示符合国家安全标准，如果显示“没有找到该证书”，就是不合格的，也可将防伪码输入到“证书编号”中查询。 ■  过度充电 　　充电宝充满电一般需要几小时甚至更长时间。 　　如忘拔充电器持续充电，充电宝电池会处于过度充电的状态，易发生电路故障，进而爆炸。 ■  无法散热 　　充电时置于被子、盒子里等不利于散热的环境， 或将充电宝放在 高温区域 ，都有可能引发充电宝的自燃、爆炸。 日常应将充电宝存放在温度适中、干燥的地方，防止暴晒，其最佳使用温度是 0~40℃ 。 ■  受到挤碰 摔、碰、挤压等暴力动作 可能会造成充电宝内部零件错位、电芯泄漏等， 从而引发充电宝爆炸。 ■  超期使用 　　在充电宝的一侧，通常有 可循环使用标识 ，中间的数字代表充电宝内电池的可循环使用年限。充电宝作为消耗品， 在频繁使用中 超过可循环使用年限的话，其内部电池可能会出现异常 ，将有自燃、爆炸风险。 画圈处为充电宝上的电池可循环使用5年年限标识 日常生活中 如何规范使用充电宝？ 平时携带充电宝要注意 避免重压或强烈震动 ，以防出现短路或爆炸等情况； 不使用时，应把充电宝放置于通风处， 避免在 暴晒或潮湿 的环境存放； 给充电宝充电应尽量使用原装插头， 或购买与充电宝参数一致的充电插头； 不要长时间给充电宝充电； 使用过程中，如发现充电宝有 过热、异响、变形 等异常情况，应立即停止使用。 如遇充电宝起火，应 用水灭火 。 充电宝的电芯通常由几块锂电池拼接组成，即便一块电池的火熄灭，残余的高温也可能引燃旁边的锂电池。 　　消防员实验显示，干粉灭火器的渗透性和降温效果比较差，在应对充电宝着火时效果并不理想，而 水能够渗透到充电宝内部，有效灭火并起到降温作用 。    特别提醒  选购充电宝请认准3C标识 日常充电和使用，应注意规范操作 如发现充电宝鼓包、过热、冒烟 应立即停止使用 一旦自燃，用水灭火 来源：国家应急广播 本期编辑：李娜、阮可欣 转发，提醒 ↓ ↓ ↓
现场高清大图！福建舰上，三型舰载机弹射起飞！,https://mp.weixin.qq.com/s/1JEsHUCogux3bAb6PYM6aA,2025-09-23,"记者从海军有关部门获悉，在 纪念中国人民抗日战争暨世界反法西斯战争胜利 80周年大会上受阅的 歼 -15T、歼-35 和 空警 -600 三型舰载机，已于此前完成在福建舰上首次弹射起飞和着舰训练，标志着福建舰具备了电磁弹射和回收能力。这是我国航母发展 历程 中 取得的 又一 次 突破，对 推进 海军转型建设具有里程碑意义。 ▲ 歼-35舰载机如离弦利箭掠过弹射轨道 蔡年迟 摄 在此前组织的多次试验训练任务中， 海军多名飞行员驾驶这三型舰载机，成功在福建舰上实现起降，验证了我国完全自主研制的电磁弹射和阻拦系统与多型舰载机 的 良好适配性，使福建舰 初步具备 全甲板作业能力 , 为后续各型舰载机 融入 航母编队体系打下良好基础 。 近年来，海军舰载航空事业加速发展，完成了 从单机到体系、从 岸基到舰基 、 从滑跃到弹射 、从能飞到能战 的巨大跨越，人民海军正 朝 着全面建成世界一流海军 稳步 前进。 据了解，自 2024年5月首次海试以来 ，福建舰按计划有序开展各项海上试验，顺利 推进 各类装设备调试和整体运行稳定性测试。 现场高清大图来了 邀你一同感受舰载机弹射起飞 “首秀”的震撼 祝贺，骄傲！ 来 源：人民日报客户端（记者：金正波   张懋瑄）、人民海军 本期编辑：李娜、林帆 觉得好看，请点这里 ↓ ↓ ↓"
转发周知！本周上班时间有变！,https://mp.weixin.qq.com/s/SeJV1d_Qx1qNMKkZwBtSrQ,2025-09-23,2025年国庆中秋假期的脚步 越来越近啦 注意！ 本周上班时间有变！ 9月28日（周日） 要上班！要上班！要上班！ 重要的事情说三遍 闹钟记得定好 ⏰ ⏰ ⏰ 根据国务院办公厅 关于2025年部分节假日安排的通知 国庆节逢中秋节合并放假8天 具体来说就是 9月28日（周日） 10月11日（周六） 要上班 10月1日（周三）至8日（周三） 放假调休 大家千万别记错了上班时间 2025年 国庆中秋假期火车票 购票日历收好 ↓↓↓ 此外 国庆中秋假期 （10月1日至10月8日） 收费公路小型客车免费通行 根据《国务院关于批转交通运输部等部门重大节假日免收小型客车通行费实施方案的通知》（国发〔2012〕37号），收费公路免费通行的时间范围为春节、清明节、劳动节、国庆节4个国家法定节假日。 国庆中秋假期：10月1日至8日放假调休，共8天。9月28日（周日）、10月11日（周六）上班。 所有收费公路（含机场高速、收费桥梁和隧道）免征小型客车通行费 。10月9日0时起，恢复正常收费。 来源：首都之窗 本期编辑：李娜、林帆 转发周知 ↓ ↓ ↓
广东省内所有高铁、普速列车将停运！,https://mp.weixin.qq.com/s/6vOuECL4IbofdOctbnmX7w,2025-09-23,超强台风 “桦加沙”即将到来！ 今年第 18 号台风“桦加沙”（超强台风级）的中心今天（ 22 日） 上午 8时位于 东沙岛东偏南方向约 670 公里 的西北太平洋洋面上，中心附近最大风力有 17 级以上（ 62 米 / 秒）。 中央气象台9月22日10时继续发布 台风黄色预警 ， 预计，“桦加沙”将以每小时 20 公里左右的速度向偏西方向移动，强度变化不大， 穿 过巴士海峡后，将于 23 日凌晨进入南海东北部海面，尔后向西偏北方向移动，并逐渐向广东中西部至海南岛东北部一带沿海靠近，强度稍有减弱。 经综合研判和应急会商，今天， 中国气象局启动重大气象灾害（台风）二级应急响应。 大风预报： 22 日 14 时至 23 日 14 时，巴士海峡、南海东北部海域、台湾海峡、台湾以东洋面、东海西南部海域、东沙群岛、福建沿海、 广东东部沿海、 台湾岛沿海将有 7-9 级、阵风 10-11 级大风，其中，巴士海峡、南海东北部的部分海域风力有 10-13 级、阵风 14-15 级，台风中心经过的附近海域或地区风力可达 14-17 级、阵风 17 级以上。 降水预报： 22 日 14 时至 23 日 14 时 ，福建东北部和浙江东南部局地有大雨，台湾岛中东部有大到暴雨，台湾岛东部有大暴雨 ，局地特大暴雨 （ 25 0-60 0 毫米）。 专家分析： “桦 加沙” 可能成为 今年影响我国最严重台风 中国气象局气象分析师李宁表示， “桦 加沙”环流个头大，强度极强，很有可能将会成为今年以来影响我国最严重的一个台风。 最强的降雨时段出现在24日，广东南部会普遍出现大暴雨天气。 另外，在最有可能登陆的广东中西部沿海一带，强风强雨叠加上天文大潮的影响， 珠江口附近有可能会出现海水倒灌的情况。 预计“桦加沙”的影响将会在26日基本结束。 24日全天广东省内 所有高铁、普速列车停运 为保障列车运行安全，国铁广州局根据台风动态及影响范围，对管内列车运行计划进行调整，具体安排如下： 9月23日12时起，广东省内高铁及普速列车开始逐步停运，停运范围随台风影响动态调整； 9月24日全天，广东省内所有高铁、普速列车停运； 9月25日凌晨起，将根据台风影响减弱情况，逐步恢复列车开行，具体恢复车次将动态更新。 铁路部门提醒：旅客可通过12306网站（App）查询最新列车开行信息，合理安排出行计划。旅客在收到列车停运短信或在查询到列车停运信息后，可自车票发站乘车日期起30日内（含当日），在12306网站（ App ）或火车站人工窗口办理全额退票手续， 因列车停运导致的退票均不收取退票费 。 转发提醒 注意安全 来源：央视新闻 本期编辑：李娜、林帆 转发提醒 ↓ ↓ ↓
恶意挑动负面情绪，中央网信办严查这些行为！,https://mp.weixin.qq.com/s/0ac9LRefRUwMsDGnn8rKog,2025-09-23,为整治恶意挑动对立、宣扬暴力戾气等负面情绪问题，营造更加文明理性的网络环境，近日中央网信办印发通知，在全国范围内部署开展为期2个月的“清朗·整治恶意挑动负面情绪问题”专项行动。 中央网信办有关负责人表示， 本次专项行动聚焦社交、短视频、直播等平台，全面排查话题、榜单、推荐、弹幕、评论等重点环节， 着力整治以下问题： 挑动群体极端对立情绪。 借社会热点事件强行关联身份、地域、性别等信息标签化、污名化炒作，挑动群体间矛盾。借影视作品、脱口秀、体育赛事等话题，鼓动“饭圈”粉丝群体恶意拉踩、攻击、谩骂或者组织批量举报投诉等行为。部分二次元群体、“喷系少年”组织煽动对立甚至“开盒”，或者教授买卖“开盒”技巧等。 宣扬恐慌焦虑情绪。 恶意虚构散布灾情、险情、警情等可能影响公共安全的突发事件，伪造发布政府部门公告。以“内幕消息”等方式，拼凑剪辑或者利用矩阵账号炮制传播经济金融、社会民生、公共政策等谣言信息。 虚构歪曲事件原因、细节、进展等，发布“阴谋论”等耸人听闻的信息。编造“大师”“专家”等虚假身份、人设，围绕就业、婚恋、教育等领域“贩卖”焦虑带货卖课。 挑起网络暴力戾气。 策划、演绎打架斗殴、恶意刁难等剧本，宣扬“以暴制暴”。传播未经处理直接展示的血腥恐怖现场画面，或发布含有虐待动物、自残自伤等极端行为的刺激图片视频。利用AI合成、视频剪辑、图片拼凑等手段，渲染美化暴力行为，制造猎奇惊悚氛围。直播中以自残自虐、“打人挑战”、持械恐吓等噱头吸粉引流，组织线上约架，并实时直播双方线下侮辱谩骂、打架斗殴等场景。 过度渲染消极悲观情绪。 集中发布、片面鼓吹“努力无用论”“读书无用论”等绝对化、消极化论调。恶意解读社会现象，片面放大负面个案，借机宣扬厌世等负面人生观。通过炮制所谓热搜词、热门梗、表情包、语录段子等，过度自我矮化或者渲染颓丧消极负面情绪，引起跟风效仿。 中央网信办有关负责人强调，各地网信部门要严格对照工作要求，加强排查处置，从严处置处罚问题突出的网站平台、账号和MCN机构，督促平台做好落实整改，各网站平台要深入开展自查自纠，坚决堵塞问题漏洞，切实营造良好网络生态。同时，也鼓励广大网民和社会各界积极参与举报，共同抵制恶意挑动负面情绪等问题。 来源：网信中国 本期编辑：刘杰、陈子涵 转发周知！ ↓ ↓ ↓
习近平向全国广大农民和工作在“三农”战线上的同志们致以节日祝贺和诚挚问候,https://mp.weixin.qq.com/s/807gtl2ZFXTtKLijfpQjVw,2025-09-23,在第八个“中国农民丰收节”到来之际 习近平向全国广大农民和工作在“三农”战线上的同志们致以节日祝贺和诚挚问候 强调努力建设宜居宜业和美乡村 共同奔向中国式现代化的美好未来 在第八个“中国农民丰收节”到来之际，中共中央总书记、国家主席、中央军委主席习近平代表党中央，向全国广大农民和工作在“三农”战线上的同志们致以节日祝贺和诚挚问候。 习近平指出，今年，我们克服干旱、洪涝等自然灾害影响，实现夏粮稳产、早稻增产，粮食有望再获丰收。 习近平强调，中国式现代化离不开农业农村现代化。各级党委和政府要深入贯彻党中央决策部署，坚持农业农村优先发展，完善强农惠农富农政策，强化农业科技装备支撑，着力提升农业综合生产能力，多措并举促进农民就业和增收，扎扎实实推进乡村全面振兴。希望广大农民群众充分发挥主动性创造性，社会各界积极支持参与，努力建设宜居宜业和美乡村，共同奔向中国式现代化的美好未来。 来源：新华社 本期编辑：刘杰、陈子涵 觉得好看，请点这里 ↓ ↓ ↓
120万一针，癌细胞清零？癌症患者的“救命稻草”为何遥不可及？,https://mp.weixin.qq.com/s/LL92QUKGgB5WY0bpZRZFEw,2025-09-23,抗癌第四年，李晴用尽了所有传统治疗手段，病情却仍在进展。主治医生向她推荐了 CAR-T 疗法 —— 这个她从没听过的前沿技术，成了 她 “最后搏一搏” 的希望 。 2022年3月，在湖北咸宁的家中，28岁的李晴无意中摸到了右侧乳腺有肿块，随后在武汉亚心总医院被确诊为弥漫性 大B细胞淋巴瘤，一种淋巴造血系统恶性肿瘤。三年间，她经历了化疗、自体移植、靶向药乃至中医针灸 等多种疗法，肿瘤仍多次复发、全身转移。  今年初，几近放弃的她听从医生建议，在天津市第一中心医院接受了 CAR-T单靶点治疗。 在她看来，这种疗法比化疗舒服多了 ——一针见效、没有呕吐、掉头发的副作用、低烧了几天便能正常生活。 半个月后，她体内癌细胞已基本清零。 事实上，李晴所接受的 CAR-T 是一种免疫细胞疗法。 简单来说，就是将人自己的免疫细胞提取出来，通过高科技手段增强它的 “威力”，再送回患者体内，用来消灭癌细胞。 因此，如同拥有 “智能导弹系统”的“特种部队”，CAR-T疗法凭借在血液肿瘤领域取得的惊艳“战绩”，成为近年抗癌治疗的“新秀”。 目前国内已有 6款CAR-T产品上市，主要用于白血病、淋巴瘤和多发性骨髓瘤，部分产品和适应症的患者10年生存率可以超过50%，甚至其中80%以上的患者病情可以完全缓解。 全球首例接受该疗法治疗的白血病患儿，已无癌生存13年 ， 并在 今 年 5月庆祝了自己的20岁生日。 希望背后，另一个问题也随之而来。 这项个体化疗法常被贴上 “天价”标签。国内CAR-T治疗定价普遍在100万–130万元之间，且尚未纳入医保，患者需完全自费或借助商业保险承担。 李晴治疗后，不少病友前来咨询，但多数因费用高昂而无奈放弃。  细胞疗法真能 “终结”癌症吗？ 目前还存在哪些瓶颈？ 天价疗法又如何才能真正惠及普通患者？  曙光与瓶颈 和李晴的背水一战不同， 27岁的洪丽主动选择了CAR-T治疗。她患系统性红斑狼疮已有八年，一直采用激素和免疫抑制治疗，不仅面临股骨头坏死风险，病情还反复发作。“有病友接受CAR-T治疗后慢慢停了药，我也希望可以彻底摆脱困扰。” 今年 7月，经全面评估，洪丽进入武汉市第一医院的试验组。她首先要做的是“血细胞分离”。医护人员从她的颈部静脉采血，通过一台专用设备分离出血液中的T细胞，再将这些细胞低温送至实验室进行提纯和改造。 “我们身体里有一支强大的‘免疫军团’，它们每天都在保护我们，抵御病毒、细菌和各种坏蛋。T细胞就像是‘免疫军团’里的‘特种兵’，战斗力超强，但有时候会被狡猾的癌细胞骗过去。”中国药科大学多靶标天然药物全国重点实验室新药研究中心主任钱海解释道。 所谓 CAR-T 疗法，就是科研人员把 T细胞从患者体内提取出来，通过技术手段，给它们装上“GPS”和“动力马达”（CAR），升级为CAR-T细胞，并扩充数量。 装备升级后的“特种兵”们，不仅能精准识别癌细胞，还威力大增。这时，再把它们送回患者体内，用以消灭癌细胞。 不仅如此，这些改造后的 “免疫卫兵”可在体内长期存活、增殖，持续清除癌细胞，降低复发风险。 目前，除 CAR-T外，CAR-NK、TCR-T、TILs等细胞疗法也在研发中，其机制和应用各有不同。 现在，洪丽正在家等待细胞回输。尽管 CAR-T的不良反应普遍较小，但她仍不免忐忑 。 钱海指出，少数患者可能出现高烧、低血压、呼吸衰竭 、 多器官功能衰竭 、 癫痫 等不良反应，严重时甚至危及生命。   值得注意的是， CAR-T在血液肿瘤中效果显著，但对实体瘤（如肺癌、胃癌）仍存在较大局限，并非 是万能的 “灵丹妙药”。 钱海解释说，血液瘤癌细胞分散于血液中，易于识别；而实体瘤结构致密，会阻碍T细胞渗透。此外，实体瘤异质性强，癌细胞易变异，可能导致CAR-T治疗效果打折扣。   “天价”之困 然而， 对大多数患者而言，比疗效更现实的问题是 ——“用不起”。  目前，已获批的商业 CAR-T疗法定价高昂。以传奇生物和药明巨诺的产品为例，前者在美国定价46万美元/人 （ 约合人民币 326万 ） ，后者在中国定价 129万元/人。 面对百万元级别的治疗费，多数患者只能寻求 “同情CAR-T”治疗。——所谓同情疗法，是指患者在无药可救的情况下，使用尚未获批的实验性治疗方法，其成本通常由研究机构承担。李晴和洪丽均接受的此类治疗。  但同情 CAR-T并非人人可及。 钱海表示，试验组对入组患者有严格要求，比如：常规治疗无效、身体可承受副作用、肿瘤表达相应靶点、无严重感染或器官衰竭。李晴就曾因乙肝病史被一家医院拒绝。 “绝大多数患者负担不起商业CAR-T。我在武汉认识的几百个病友中，只有两人选择了商业治疗。”李晴说。 然而，同情CAR-T疗效存在更大不确定性。 因经济困难，李晴在 5万元 （ 交给厂家的费用 ） 的单靶点和 10万元的双靶点CAR-T之间选择了前者。父亲因肝癌早逝，母亲重组家庭，她与妹妹相依为命。此前治疗已花费30多万元，她卖掉了镇上唯一的房子，停薪留职，靠每月1000多元的低保维生，还背负了十几万债务无力偿还。   或许因单靶点效果有限，癌细胞清零仅三个月后，她的淋巴癌再次复发。 “如果重来，我一定会选双靶点配合自体移植，治愈希望更大。 但当时实在拿不出10万元，谁不想活下去呢？ ”她迫切希望CAR-T等细胞疗法能尽早纳入医保，缓解患者经济压力。 创新药价格为何高企？中国药科大学医药价格研究中心主任路云指出，这主要由研发 “高投入、高风险、长周期”的特性决定。 创新药研发成本高、成功率低，失败项目的成本需分摊到成功上市的药物中，且创新药多针对临床急需的治疗空白，上市后具有较强不可替代性，药企因此设定较高初始价格以回收投资。 钱海补充道， CAR-T成本居高不下还有其他一些原因。其核心物料严重依赖进口，供应链不稳定且价格昂贵，尽管近年尝试国产替代，成本依然较高；制备流程复杂，涉及T细胞分离、CAR基因导入、无菌控制等多个环节，需专用设备和高价耗材；目前适用患者规模小，难以摊薄成本。  他估算，单例 CAR-T生产成本（含人力、场地、原料）已达60万–70万元，叠加研发、市场、运输及销售成本后，百万元定价并不夸张。  而在医保层面，路云表示，尽管国家医保目录调整已缩短至每年一次，准入方式改为企业申报，并聚焦五年内新上市药品，但医保基金始终面临 “广覆盖、保基本”的压力。 如何让更多人享受到基础医疗保障，同时又能支持新药研发、满足多样化的用药需求，医保政策面临不小的压力。 让更多人用得上，还要等多久？ 如何让创新疗法惠及更多患者？多位专家指出，需通过多层次支付体系、成本优化和扩展适应症等方式逐步推进。 路云介绍，国家医保局今年推出 “商业健康保险创新药品目录”，与基本医保形成“双目录”制度。需求大、医保可负担的药物纳入基本医保；疗效好但价格高、超出医保承受范围的新药则纳入商保目录，通过市场资金支持。  在此模式下，商业医疗保险成为高值创新药的 “新支付途径”，既为患者提供更多选择，也为药企保留合理的利润空间，促进“保基本”与“促创新”的协同。 但钱海指出，受收入水平限制，国内购买商业保险的人群仍有限，尤其在偏远农村， 部分家庭连每年数百元的新农合（农保）费用都难以承担。 因此，仅靠商保无法完全解决问题。 降低成本才是关键。 钱海 认为， 需推进自动化制备系统研发以减少人工和污染风险； 提升国产技术，加快国产替代 ——国产设备价格约为进口同类产品的一半，原辅料定价更是低至四分之一，这能显著压缩整体费用。 “现有CAR-T 疗法还是 ‘一人一药’ 的 ‘高定款’ ， 需要用 每个病人的细胞单独制作，成本高、耗时长。 ”钱海预测， 如果能研发出 “均码款”的 通用型 CAR-T， 以药品现货的形式， 实现规模化生产和应用后 ， 单价可大幅降至 20 万元 以内 。 但通用型产品需克服免疫排异问题：如何防止病人的免疫系统排斥外来细胞。目前国内外多家企业都已展开相关研究，有的已进入临床试验阶段。 扩大适应症也能惠及更多患者。 目前 CAR-T主要应用于血液肿瘤，但在占肿瘤病例90% 的 实体瘤 领域 ， 以及 自身免疫病、感染性疾病和衰老相关疾病等领域也有巨大潜力。 如今产业界正在探索，让细胞疗法在肝癌、胃癌、胰腺癌等患者更多、病情更险恶的癌种上，呈现更好的疗效，甚至治愈。 通过扩展适应症，可服务更广泛人群，摊薄成本，形成规模效应。 钱海从事创新药物研究多年，申请过 29项中国专利，4项国际专利。 在他看来，真正的医学突破，不仅在于科研前沿，更在于 让创新疗法穿越价格壁垒，成为人人可及的希望。 （应受访者要求，李晴为化名） 来源：央视网 本期编辑：刘杰、陈子涵 转发周知！ ↓ ↓ ↓
中小学春秋假，要来了？！,https://mp.weixin.qq.com/s/KXNauX3lAAl8fbShob3npw,2025-09-23,近日，商务部等9部门印发《关于扩大服务消费的若干政策措施》，其中关于中小学春秋假的表述，引发社会关注。春秋假真的要来了吗？家长与学生的休假时间又该如何平衡呢？ 多部门印发文件 探索设置中小学春秋假 　　《关于扩大服务消费的若干政策措施》提到：“在放假总天数和教学时间总量保持不变的情况下，鼓励有条件的地方，结合气候条件、生产安排、职工带薪休假制度落实等因素，科学调整每学年的教学和放假时间，探索设置中小学春秋假，相应缩短寒暑假时间。” 　　就在今年3月，多部门印发的《提振消费专项行动方案》也明确提到： “鼓励有条件的地方结合实际探索，设置中小学春秋假。” 　　上海师范大学旅游学院副教授 刘德艳： 我们目前的旅游市场格局，就是旺季太旺，淡季太淡。而游客想要错峰出行，无奈也是无暇出游。特别对于学生党来讲，在寒暑假这个旺季出游，到处人满为患，机票酒店都涨价了。 　　电子科技大学中山学院旅游管理系主任 龙良富： 这么短的春天里面，我们怎么去感知，这就要求更好地去安排。中小学生去领略这种季节变化，其实也是一个非常好的学习过程。 中小学春秋假未广泛推行 “卡点”在哪？ 　　目前，中小学春秋假没能在多数地区广泛推行，对此，有专家和家长认为，主要是因为一些现实问题有待解决。 　　中国教育科学研究院研究员 储朝晖： 没有实现的原因，一个就是各个地方都感到学业比较紧张；第二个原因，放春秋假涉及家长、涉及学校的一些工作安排，觉得比较麻烦。 　　浙江舟山家长 刘女士： 从我的角度看，我不希望有这个假期，因为毕竟双职工家庭，孩子在家里其实作业也多，也没人看护，还要管中午饭。其实对我们来讲，不是特别合适。 浙江杭州：试点春假超20年 今年首开春托班 　　对此，已经在试点春秋假的地方，都有哪些探索呢？ 　　浙江杭州自2004年起，在每年4月底实施中小学春假试点，并于今年首次推出春假托管服务，为家长不能陪伴的孩子组织各种活动。杭州市蒋筑英学校的春托班，就接收了60多位学生。 　　春托班还专门请来校外科技辅导员，教孩子做“电子绘本”。 　　浙江杭州校外科技辅导员 白昊 然 ： 我们基本上一节课就可以创作出几张作品，那春假四天的话，每个同学可以创作一个自己的AI绘本。 湖北利川：春假与清明假期相连 开展配套活动 　　今年3月，湖北恩施利川市明确2025年全市义务教育学校放春假，与清明节假期相连。 　　湖北省利川市教育局党组成员、副局长 张平： 我们把春假放在清明节假期的后两天，给学生家庭提供出游的机会。我们还要求各学校提前与社区志愿服务部门沟通对接，开展适合中小学的系列活动，解决家长对学生放春假的一些困扰。 　　在利川市第二民族实验小学，记者看到，梯间文化长廊上挂着一幅幅生动的绘画作品，全都是春假返校后，学生们完成的作品。 湖北省利川市第二民族实验小学教学副校长 谭芬： 当一当小小园艺师，去体验一下植物的生长过程，走进我们的利川，了解一下利川的民俗风情。 　　目前，江苏、四川等多地教育部门都表示，正在研究春秋假相关事宜。各地试点经验表明， 中小学春秋假想要顺利实施，可能既要考虑学生的出行需求，也要兼顾家长的时间安排，与带薪休假等制度做好衔接，而这背后，需要学校、家庭和社会各方协同配合。 来源：央视新闻客户端 本期编辑：刘杰、陈子涵 觉得好看，请点这里 ↓ ↓ ↓
超强台风“桦加沙”，要来了！注意防御→,https://mp.weixin.qq.com/s/_VAEVDMUY6I9kVgAS6wRQA,2025-09-23,中央气象台9月22日06时发布 台风黄色预警 ： 今年第18号台风“桦加沙”（超强台风级） 的中心今天（9月22日）早晨5点钟位于菲律宾马尼拉北偏东方向约590公里的西北太平洋洋面上，就是北纬19.3度、东经123.6度，中心附近最大风力有17级以上（62米/秒），中心最低气压为910百帕，七级风圈半径340-480公里，十级风圈半径160-200公里，十二级风圈半径80-120公里。 预计，“桦加沙”将以每小时20公里左右的速度向偏西方向移动，强度变化不大，22日穿过巴士海峡后， 将于23日凌晨进入南海东北部海面，尔后向西偏北方向移动，并逐渐向广东中西部至海南岛东北部一带沿海靠近，强度稍有减弱。 大风预报： 22日08时至23日08时，巴士海峡、南海东北部海域、台湾海峡、台湾以东洋面、东海西南部海域、东沙群岛、福建沿海、台湾岛东南部沿海将有7-9级、阵风10-11级大风，其中，巴士海峡、南海东北部的部分海域风力有10-13级、阵风14-15级，台风中心经过的附近海域或地区风力可达14-17级、阵风17级以上。 降水预报： 22日08时至23日08时，福建东北部和浙江东南部局地有大雨，台湾岛中东部有大到暴雨，台湾岛东部的部分地区有大暴雨（100-220毫米）。 依照国家标准 我们要如何应对台风？ 快速了解↓ 来源：中央气象台 本期编辑：刘杰、陈子涵 转发提醒！ ↓ ↓ ↓
多国宣布承认巴勒斯坦国！,https://mp.weixin.qq.com/s/UUtbulvvwDElN2oJSW6Lqw,2025-09-23,当地时间21日， 英国、加拿大、澳大利亚、 葡萄牙 分别发表声明，宣布承认巴勒斯坦国 。 英国 英国首相斯塔默通过社交网络宣布，英国正式承认巴勒斯坦国。斯塔默说， 为了重燃巴勒斯坦和以色列人民和平的希望以及实现“两国方案”，英国正式承认巴勒斯坦国。 斯塔默表示，加沙地带人为制造的人道主义危机和以色列政府不断升级的轰炸行动“完全令人无法容忍”，“必须结束”。 斯塔默还表示，这一解决方案并非对哈马斯的“奖励”，而是意味着哈马斯将“没有未来”，不能参与政府，也不能参与安全事务。 英国首相斯塔默 加拿大 加拿大总理卡尼办公室发布声明宣布， 加拿大现已正式承认巴勒斯坦国，并正与国际伙伴一道努力维护“两国方案”前景。 卡尼说，以色列政府持续在约旦河西岸扩建定居点，正在破坏巴勒斯坦建国的前景。以方在加沙地带的持续行动已造成数万名平民死亡，并引发一场破坏性极强、本可避免的饥荒。以方这些行为都违反了国际法。 加拿大总理卡尼（资料图） 澳大利亚 澳大利亚政府21日发表新闻公报，宣布从即日起承认巴勒斯坦国。公报说，澳大利亚与加拿大、英国一道承认巴勒斯坦国， 旨在为“两国方案”注入新的动力。 随着巴勒斯坦民族权力机构履行改革承诺，澳方“将考虑采取进一步措施，包括建立外交关系和开设使馆”。 葡萄牙 当地时间21日，在葡萄牙国务部长兼外长兰热尔与联合国代表团签署相关宣言后，葡萄牙正式承认巴勒斯坦国。葡萄牙方面强调， 此举是在加沙地带冲突持续、局势没有缓和迹象的背景下做出的。 葡萄牙总统德索萨21日表示，他全力支持葡萄牙政府正式承认巴勒斯坦国的决定，承认巴勒斯坦国对于葡萄牙而言事关良知和原则。葡萄牙始终支持巴以两国各自作为主权国家共存的立场，以解决两国之间的历史性冲突。 葡萄牙国务部长兼外长兰热尔 此外， 法国、比利时等国预计将于本周在第80届联合国大会高级别会议周期间承认巴勒斯坦国。 针对近期多国陆续承认巴勒斯坦国，以色列总理内塔尼亚胡21日发表声明称，不会有巴勒斯坦国。他表示，近年来以色列在约旦河西岸的定居点数量已翻番，约旦河西岸不会有巴勒斯坦国。 多年来，巴勒斯坦建国进程受阻，但巴勒斯坦作为一个国家已得到广泛承认。自2023年10月7日新一轮巴以冲突爆发以来，以色列在加沙地带的军事行动已造成超过6.5万名巴勒斯坦人死亡，加沙地带陷入严重人道主义危机。在这一过程中，以色列获得美国支持，但在国际上日益陷入孤立，国际社会要求落实“两国方案”的呼声进一步加强。 来源：央视新闻， 记者：杨兢兢 魏帆 张森 殷翔宇 李享 本期编辑：刘杰、陈子涵 持续关注！ ↓ ↓ ↓
这沉默，震耳欲聋！,https://mp.weixin.qq.com/s/4q6rEJph-fKtKW5lskTLaQ,2025-09-23,“论坛中 谁的演讲或哪个场景 让你印象最深刻？” 巴勒斯坦代表在留言册上 写下了他们的名字…… 他的提问 让活跃的现场沉默下来 第十二届北京香山论坛 在一场聚焦 人工智能技术发展与治理议题 的讨论会上 与会嘉宾们讨论热烈 这时，一位一头白发 身着军装的代表起身提问 他是巴勒斯坦驻华武官 艾哈迈德·阿尔沙米 他说：   “我们四代人都缺乏教育 那里既没有学校，也没有饮用水…… 人工智能 对加沙儿童教育能有哪些帮助？” 原本活跃的论坛现场陷入沉默 …… 联合国教科文组织讲席教授 兰普罗斯·斯特吉乌拉斯回答： “ 那我 能说些什么呢？ 我的同事也死在了加沙…… 加沙正在发生什么 我想大家都知道 加沙现在缺少基础设施 没有互联网没有电 大多数学校都被炸毁…… 人工智能可以做很多事 但没有基础设施 什么也做不了 ” 讨论结束后 艾哈迈德·阿尔沙米 和本场的对话嘉宾 上海人工智能研究院院长宋海涛 交换了联系方式 他在调查问卷上 留下期盼 一天后 记者又在会议中心 偶遇了 艾哈迈德·阿尔沙米 他正通过翻译 拜托工作人员 帮他填写调查问卷 “你认为哪场会议最有价值？” 工作人员帮他写下： AI “论坛中谁的演讲或哪个场景 让你印象最深刻？” 他准确说出两个中国人的名字： 阎学通和宋海涛 在建议部分 艾哈迈德·阿尔沙米写道： “ 我诚挚希望 明年仍能收到邀请 期待更多巴勒斯坦代表能来参会 弱势国家以及被占领国家 依法享受七项权利 并在国际法和国际社会的框架下 予以切实保障” 在会后 宋海涛院长给我们 发来一张 他和艾哈迈德·阿尔沙米 的 聊天记录 ： “一切都会变好的” 正如本届北京香山论坛的主题 所呼吁的那样 共护国际秩序，共促和平发展 愿加沙的和平早日到来 来源：央视军事 本期编辑：刘杰、陈子涵 愿世界和平！ ↓ ↓ ↓
紧急提醒：见到这种紫色“保温壶”，马上报警！,https://mp.weixin.qq.com/s/ej05IbwVW9TFvN-Fm5snSA,2025-09-23,近日，安徽省合肥市公安局新站分局三十头派出所成功打掉一个非法储存、分销“笑气”的犯罪团伙，现场查获“笑气”69罐，2名售卖“笑气”的嫌疑人已被依法刑事拘留。 案情 9月8日晚，三十头派出所社区民警根据群众举报线索，组织警力在辖区某商贸城地下车库等重点区域，开展针对性夜间巡查。 22时许，巡逻人员发现一名男子神情恍惚、步履蹒跚，形迹十分可疑。巡逻队伍立即分为两组展开行动，一组对该男子进行盘查，另一组继续巡视，很快就在停车场内发现一辆由两人看守的白色小轿车，还有一人正在向两人咨询着什么。 民警立即上前，依法要求打开车门接受检查。后备箱开启后，箱内装满了紫色瓶罐，当民警询问驾驶人方某这些物品为何物时，他们神情紧张、眼神闪躲，慌忙解释道：“这些都是保温壶......”民警随即将现场4人带回派出所进一步调查。 经确认，“保温壶”内所装物品实为“笑气”。 据嫌疑人方某等人交代，这些“笑气”均为其销售货物，民警共从车内查获“笑气”34箱共69罐（包括1罐已使用）以及若干吸食工具。 目前， 售卖“笑气”的方某、汪某2人已被依法刑事拘留，购买“笑气”的程某、吴某2人已被依法行政拘留，案件正在进一步侦办中。 什么是“笑气”？ “笑气”学名一氧化二氮 (化学式是N₂O)，是一种呈无色、有甜味气体， 因可使面部肌肉痉挛而出现发笑表情，也因此被称为“笑气”。 人体在吸入大量“笑气”之后，会产生强烈的分离感，气体进入大脑后快速地累积，阻断大脑的供氧，导致中毒，使认知能力、记忆力受损。 “笑气”在人体内的弥散速度很快。人体吸入高浓度的“笑气”时，血液的氧饱和度会迅速下降，导致出现因缺氧而产生的头晕、胸闷、肢体不受控制等一系列症状。长期大量吸食会影响人体维生素B12的代谢，进而 导致神经损伤，严重的会致残或因缺氧而窒息死亡 。 大量吸入“笑气”后会产生 致幻、 谵妄 、神志错 乱、视听功能障碍和肌肉收缩能力降低 等一系列副作用。重度成瘾者会 产生幻觉，表现狂躁并伴随暴力攻击性行为 。 警方提醒 “笑气”已被列入危险化学品名录。 如发现不法分子非法贩卖、存储、使用“笑气”，请立即向公安机关举报！ 来源：中国禁毒、合肥警方 本期编辑：刘杰、陈子涵 觉得好看，请点这里 ↓ ↓ ↓
来了！新闻早班车,https://mp.weixin.qq.com/s/TEDYcpaqrILEVAnHjJjbiw,2025-09-23,点击这里，查看更多精彩内容 要闻 中共中央党史和文献研究院编辑的《习近平关于民政工作论述摘编》一书，近日由中央文献出版社出版，在全国发行 。 国家统计局数据显示，8月份，社会消费品零售总额同比实际增长4.1%，比上月加快0.2个百分点 。 截至7月底，我国共建成便民生活圈6255个，涉及养老、家政、餐饮、零售等商业网点150.3万个 。 国家能源局消息，截至目前，我国抽水蓄能电站总装机容量达到6236.5万千瓦 。 针对近期社会广泛关注的预制菜相关话题，国务院食安办等部门积极推进预制菜国家标准制定和餐饮环节使用明示 。 受华西秋雨影响，20日晚，三峡水库迎来2025年最大洪峰，入库流量超过40000立方米/秒 。 我国首个深水油田二次开发项目——流花11-1/4-1油田二次开发项目投产一年，累计生产原油突破70万吨，标志着中国海油成功攻克海上礁灰岩油田开发世界级难题 。 截至20日，中老铁路开行旅客列车超8万列，发送旅客超5900万人次 。 当地时间21日，澳大利亚、加拿大、英国宣布承认巴勒斯坦国 。 社会 今年第18号台风“桦加沙”已于21日上午加强为超强台风级，并将于23日凌晨进入南海东北部，于24日凌晨至下午在广东汕尾至海南文昌一带沿海登陆 。 据网络平台数据，截至21日，我国2025年9月总票房破20亿 。 今年前8个月，横琴粤澳深度合作区进出口306.5亿元，创同期新高 。 21日，中国组合王诗玥/柳鑫宇在滑向米兰-2025年北京国际滑联花样滑冰资格赛中以总成绩168.83分排名第四，为中国花滑队拿到了米兰冬奥会冰舞项目参赛资格 。 中国科学家成里京获联合国教科文组织“阿勒福赞奖”，以表彰其为海洋气候变化提供的科学证据 。 今年前8个月，山西省煤层气总产量达98.1亿立方米，创历史同期新高 。 21日晚，北京警方通报于某某酒后意外坠楼身亡事件，3人因编造谣言被依法采取强制措施 。 详讯 当地时间20日，西班牙马德里动物园举办系列活动，为中国大熊猫“金喜”和“茱萸”庆祝五岁生日 。 中国制造的红旗-22地空导弹武器系统、红旗-17防空导弹系统，在当地时间20日亮相塞尔维亚“团结的力量”阅兵式 。 政策 天津发文，制造业、建筑业、现代服务业中的中小微企业与重点群体签订1年及以上劳动合同并按规定缴纳或继续缴纳社会保险费的，按照个人缴费额的25%给予社会保险补贴 。 四川印发办法，统筹支持产业创新中心实施创新能力建设项目，给予核定总投资额的30%、最高2亿元的资金支持 。 海南印发公告，对符合条件的货物，自境外进入内地时，企业可先分批办理货物实际出岛手续，再在规定期限内向海关集中办理报关手续 。 今日天气 西北地区东部、华北南部、黄淮西部、四川大部、贵州西部、重庆西部、西藏东南部、云南东部、广西中部和东南部、广东西南部、台湾岛大部等地部分地区有中到大雨 。 早安中国 　　每个清晨，遇见大美中国。 四川犍为县玉津镇，位于岷江下游西岸，风景秀美，生态宜居。紫薇花竞相绽放，姹紫嫣红。微风拂过，摇曳生姿，散发出淡淡清香。蜜蜂飞舞，穿梭其间，更显生趣盎然。犍为县欢迎您 ！ 人生是一场长途旅行，每一次迈步都在超越过去的自己。别再等待，向前走，时光不会辜负努力，你走过的每一步都算数。新的一周，早安 ！ 本期编辑：林帆 ，实习生： 甘雨欣 、 卢宥霖 ｜主播：蓝艳 觉得好看，请点这里 ↓ ↓ ↓
北京警方通报涉于某某坠亡情况,https://mp.weixin.qq.com/s/hOwOPPTMEzxeHpz10oxtrg,2025-09-23,9月21日，北京朝阳公安分局就于某某酒后意外坠楼身亡事件发布警情通报，全文如下： 来源：平安北京朝阳 本期编辑：李娜、阮可欣
【夜读】一个很有用的社交法则：不过度分析对方,https://mp.weixin.qq.com/s/Fs0FCU4wQ11qm19YgjNfBg,2025-09-23,和人打交道时 不必过度分析对方 　　和人打交道时，你是否有过这样的困扰： 　　朋友偶尔晚回你的消息，你认为是对方刻意疏远，于是患得患失；熟人更新一条朋友圈，你感觉某句话在针对自己，反复琢磨背后的深意；聊天时对方一个不经意的表情，你在脑中重播无数遍，试图解读出喜欢或讨厌的信号。 　　总是过度分析对方的人，会从别人的一句话、一个动作，乃至一个表情中分析出几十种可能，从而让自己疲惫不堪，陷入无休止的内耗。 　　在与人交往时，我们当然要换位思考，理解对方的立场、态度和情绪，但如果共情和理解变成了过度分析，就可能给自己带来无穷无尽的烦恼。 过度分析他人 消耗的是自己的能量 　　你发现了吗？当你一直琢磨别人的想法的时候，最累的人其实是你自己。过于关注别人的一言一行，琢磨他们的动机，要么会误读他人，在无心之举中解读出恶意；要么会将小问题严重化，增加自己的情绪负担。 　　那些深夜里的辗转反侧，那些莫名其妙的焦虑不安，都是在为过度分析支付情绪代价。把心思用来揣摩别人的动机，就少了精力经营自己的生活；反复纠结对方对自己的态度，就弱化了自我认可的底气。 　　当你意识到这一点，你就会明白：你的时间、注意力和情绪，都是宝贵的资源，投资给自己，你会有实实在在的成长；消耗给别人，往往只会陷入内耗和烦恼。 专注自身成长 学会“课题分离” 　　想要摆脱这种能量的消耗，最关键的是转变焦点：从“他是怎么想的”转向“我要怎么去做”。 　　心理学中有一个重要概念叫作“课题分离”——别人的情绪、态度和选择是他们的课题，而你的情绪和行动才是你的课题。别人的看法和反馈，我们可以参考；他人给出的建设性意见，我们要虚心接受和采纳。但是，千万不要每天琢磨“别人会怎么看我”，而是要经常琢磨“我还可以怎么样把事情做得更好”。 　　你的生活在自己手里，不在别人嘴里。 把外在的声音关到最小，聚焦于自己的成长，你便更能在自己的节奏里活得自在，行得坦荡。 　　当你学会专注自己，你就会发现：不需要刻意分析，那些对的人早已被你的光芒所吸引，自然而然地留在你的生命里。 来源：人民日报夜读综合 | 主播：赵文龙 本期编辑：阮可欣，实习生：陈皓迪 觉得好看，请点这里↓ ↓ ↓
国务院食安办等部门积极推进预制菜国家标准制定和餐饮环节使用明示,https://mp.weixin.qq.com/s/Vb8p1RzDAqOYWzXu2PWsJw,2025-09-23,针对近期社会广泛关注的预制菜相关话题，国务院食安办高度重视，已组织工业和信息化部、商务部、国家卫生健康委、市场监管总局等部门认真研究，加快推进预制菜国家标准制定，大力推广餐饮环节使用预制菜明示，更好维护消费者知情权和选择权。 来源：人民日报客户端， 记者： 林丽鹂 本期编辑：李娜、阮可欣 觉得好看，请点这里 ↓ ↓ ↓
展示！世界第一，目前唯一！,https://mp.weixin.qq.com/s/DEdFW3wa3pCkFxv-xEpAPg,2025-09-23,九三阅兵震撼亮相的 世界上第一款 目前唯一一款 隐身双座战机 歼-20S 在2025空军航空开放活动 以大比例模型展示 歼-20S的主要性能 和独特魅力在哪里？ 今天是 空军航空开放活动 和长春航空展的第3天 在室内展区 中国航空工业集团 携战斗机、运输机等 航空装备发展的代表成果亮相 全面展示航空装备 高端化、智能化、体系化发展成效 在中国航空工业集团展台 不久前参加九三阅兵的 歼-20S等明星机型 以大比例模型展示 军事评论员张学峰介绍 “ 歼-20S的‘S’代表双座 它是世界上 第一款双座型第五代战斗机 因为它要隐身 加了座舱可能会导致 它的截面积变大 要考虑隐身性能不能降低 包括它要进行超声速巡航 相对于传统的战斗机 增加一个座位难度更大 ” 张学峰还表示 “现在各个国家 都在发展无人僚机、无人机 后座舱飞行员就可以 指挥、控制空中僚机打击对方” “军迷的期待 就是设计师的奋斗方向” 航空工业成都所副总设计师 龚峰表示 “歼-20一直向着系列化方向发展 歼-20S后舱的功能 与传统教练机的功能完全不同” 歼-20S后舱所具备的作战能力 引起军迷广泛热议 对此，龚峰表示 “军迷朋友的期待与盼望 也是我们设计师的目标和奋斗方向 让我们拭目以待！” 点赞，期待！ 来源：央视军事 本期编辑：李娜、阮可欣 觉得好看，请点这里 ↓ ↓ ↓
真的建议：这8类人少喝咖啡！,https://mp.weixin.qq.com/s/urLvjiLcQgK5v2gMbbQo5A,2025-09-23,对于现代人来说，咖啡已经逐渐成了流行饮品，更是很多上班族每日必备的“续命神器”。 　　目前，有很多研究提到常喝咖啡对健康有益，比如能提神醒脑、缓解疲劳、预防2型糖尿病、预防某些癌症等。不过咖啡也并非适合所有人， 有8类人不能盲目喝咖啡，一定要特别注意 。 01 睡眠不好的人 咖啡中含有较高的咖啡因，具有一定的提神效果。因此，很多上班族都依靠咖啡来打起精神，努力工作。 有研究显示：咖啡因在人体吸收迅速，一般在饮用后15分钟至2小时就能达到峰值，扩散全身，并跨越血脑屏障。在成人体内的半衰期一般为2.5—4.5小时。所以， 一般情况下在计划睡觉的5小时以前喝咖啡，对正常人的睡眠不会有太大影响， 比如晚上10点睡觉，那就下午5点之前喝咖啡。 　　不过，不同人群对咖啡因的耐受程度有差异， 对于本身就睡眠不好、存在失眠、睡眠障碍的人群还是得尽量少喝或不喝咖啡。 02 心律失常人群 虽然喝咖啡后心跳加速是正常现象，但仍然需要重视，特别是本身就有心律失常的人群。 心律失常主要是由心脏电传导异常引起的心跳不规则、过快或过慢。 建议存在心悸或心律失常的病人戒断或减少咖啡因的摄入量。 另外还有一些研究表明：对于大多数人来说，每天400毫克以下的咖啡因摄入量似乎是安全的，甚至可能对心律失常具有保护作用；但是 对于恶性心律失常人群以及咖啡因敏感的心律失常高风险人群来说，还是要尽量避免摄入咖啡因。 400毫克的咖啡因相当于不超过4杯纯咖啡（150毫升/杯） ，如果是买来的咖啡，可以对比包装标签上每杯咖啡因的含量来计算杯数；如果是一小包1.8—2克的速溶咖啡，一般每天最多不超过5袋。 03 有胃病的人群 咖啡会刺激胃肠道，使胃酸的分泌增加。对于胃功能正常的人来说，这不会影响健康。但对于本身就有胃病，比如患有胃溃疡、胃酸分泌过多、胃食管反流病的人群， 经常或者过量饮用咖啡可能会导致恶心、呕吐、胃反酸、烧心等症状。 04 肠易激综合征患者 肠易激综合征是很常见的功能性肠病，患者可能会频繁地腹泻、便秘。 咖啡因在消化系统中可刺激胃酸、胆囊收缩素分泌，从而促进结肠运动，引起腹泻等症状。一般情况下， 肠易激综合征患者对咖啡因比较敏感，饮用后可能会增加胃肠不适、腹泻的症状。 减少咖啡因的摄入，能降低肠易激综合征相关症状的发生。 05 骨质疏松人群 咖啡中的咖啡因、鞣酸等成分的确会影响钙吸收，同时咖啡因利尿会增加钙流失，但这对于健康人来说影响并不大。有研究提到：咖啡因对钙吸收的负面影响很小，只需1—2汤匙牛奶即可完全抵消。 欧洲食品安全局、美国食品药品监督管理局、加拿大卫生部、澳新食品标准局等食品安全监管机构基于大量人群数据，认为健康成年人咖啡因的每日摄入量在400毫克以内不会对心血管功能、行为、生殖和发育、骨骼健康造成不利影响，也没有急性中毒风险。所以，健康人群不用担心喝咖啡会导致骨质疏松。 不过， 对于已经患有骨质疏松的人群，《老年骨质疏松性疼痛诊疗与管理中国专家共识（2024版）》中建议应当避免过量饮用咖啡。 06 青光眼患者 有研究表明，咖啡中所含的咖啡因能导致青光眼患者眼压异常增高，为青光眼发展危险因素。眼压升高会引起视神经损伤和视功能损害，严重会导致失明。 所以， 青光眼患者在日常生活中应避免饮用咖啡这类高含量咖啡因的饮品 ，避免眼压升高及波动对眼睛进一步造成伤害。 07 儿童、青少年 国际上目前暂时推荐的儿童及青少年咖啡因安全摄入量为每公斤体重不超过2.5—3毫克。比如，对于体重为40公斤的儿童及青少年来说，咖啡因的摄入量为100 — 120毫克，大概也就1杯咖啡，当然最好还是不喝。 这是因为正处于生长发育期的孩子代谢咖啡因的能力比成年人弱，不仅会影响睡眠，也会影响身体发育。 《中国儿童青少年零食指南（2018）》中也提到： 含有咖啡因成分的食物对儿童大脑发育和功能都会产生负面影响。因此12岁及以下儿童禁止摄取咖啡因，不喝浓茶、咖啡等含咖啡因的饮料。 08 孕妇和哺乳期女性 《咖啡与健康的相关科学共识》中提到，不建议孕妇喝咖啡，如果饮用，每天不超过2杯。 对于平时就没有喝咖啡习惯的女性，建议孕期和哺乳期不要饮用咖啡；而对于平时就一直有喝咖啡习惯的女性，最好限量饮用咖啡。 转发提醒 身边重要的人 来源：科普中国， 审核： 阮光锋 科信食品与健康信息交流中心副主任、中华预防医学会健康传播分会委员 本期编辑：李娜、阮可欣 转发提醒 ↓ ↓ ↓
我国成功攻克世界级难题！,https://mp.weixin.qq.com/s/SVQJGEH0cfLBKIMB36Fwig,2025-09-23,9月19日，我国首个深水油田二次开发项目——流花11-1/4-1油田二次开发项目投产一年， 累计生产原油突破70万吨，开发效果好于预期，标志着中国海油成功攻克海上礁灰岩油田开发世界级难题。 礁灰岩油田是世界公认开发难度极高的油藏类型之一。油藏下方往往存在巨大的“水垫”，一旦开始抽取，底水会沿着阻力最小的孔洞快速突进、随意窜流，导致油井迅速被水淹没，大量原油无法采出。 中国海油历经十年集中攻关，形成了一套海上礁灰岩控水稳油系列技术，推动流花11-1油田可采储量和采收率大幅提升。 流花11-1油田是我国首个深水油田，也是迄今为止我国海上探明地质储量最大的礁灰岩油田。自1996年投产至今，该油田累计生产原油超过2000万吨，但采出程度仅为12.84%，仍有约1.4亿吨的原油储量深藏海底地层。 来源：科技日报 本期编辑：刘杰、陈子涵 点赞！ ↓ ↓ ↓
人民微评：烟花散去，不能仅留下道歉,https://mp.weixin.qq.com/s/AC59g8S7fsq_kkIx0YqUlw,2025-09-23,近日，一场由某户外品牌赞助的“烟花秀”，在西藏喜马拉雅山脉江孜热龙地区燃放，引发争议。 烟花散尽，却点燃了舆论质疑： 这番出人意料的操作，会否破坏青藏高原生态环境？会否惊扰当地的动植物生长？一旦造成伤害，该如何 修复 ？艺术表达的边界在哪里？以艺术为名的品牌营销活动，该如何规范？ 目前，涉事品牌与艺术家均已公开致歉。当地相关部门也表示，已成立调查组赶赴现场核查。 我们期待后续调查能够回应公众提出的疑问：当初如何审批，有无进行科学评估？调查应全面评估生态影响，给大家一个有说服力的说法。 环保与艺术并不对立，完全可以相得益彰，关键是要有合适的尺度和规范。真正的艺术，应当尊崇真善美，敬畏自然，抚慰人心，而不可伤害自然界。而商业化的参与，更应有规矩和界限，倡导正向善意的价值，不可只图哗众取宠。 烟花散去，留下的不能仅是道歉，更应是保护生态的行动。 来源：人民日报微博，作者：秦风，海报制作 ：陈露、胡润新、刁潍 本期编辑：刘杰、陈子涵 觉得好看，请点这里 ↓ ↓ ↓
中国导弹亮相塞尔维亚阅兵式！,https://mp.weixin.qq.com/s/K_GScpb_BBT1LRSnmiwofg,2025-09-23,当地时间20日 塞尔维亚举行 “团结的力量”阅兵式 中国制造的武器装备 也在阅兵式上亮相 阅兵式共展示 约2500件武器和军事装备 当地时间20日，塞尔维亚在首都贝尔格莱德举行“团结的力量”阅兵式，纪念塞尔维亚统一、自由和国旗日。 此次阅兵式在塞尔维亚宫举行，塞尔维亚总统武契奇、总理马楚特和国民议会议长布尔纳比奇，以及多国政要、军事代表和驻塞使节等出席阅兵式。 阅兵式开始时，贝尔格莱德国防大学军事学院的学员队伍托举一面长达300米的塞尔维亚国旗入场。塞尔维亚国防部表示，此次阅兵共有近1万名军事人员参与，共展示约2500件武器和军事装备，包括70架航空器、600辆军用车以及20艘舰船。在阅兵式结尾，伞兵手持塞尔维亚国旗进行了跳伞表演。 中国制造的武器装备 亮相塞尔维亚阅兵式 据介绍，当天超过4.7万民众在现场观看阅兵式。阅兵式上，中国制造的红旗-22地空导弹武器系统、红旗-17防空导弹系统亮相。 有当地民众说：“来自中国的装备给我留下了深刻的印象，中国与塞尔维亚是有着钢铁友谊的兄弟国家。” 来源： 央视军事综合CMG国际时讯等 本期编辑：刘杰、陈子涵 点赞！ ↓ ↓ ↓
我爸给我寄了两枝他在路边看到的花🫣……,https://mp.weixin.qq.com/s/BfAx9OGTnYNuQgE0WEAZLQ,2025-09-23,近日 一名网友分享自己收到了 爸爸寄来的两枝野花 引发网友热议 两根已然变成干花的小野花 孤零零地躺在快递盒里 “可怜”却又可爱 这名网友提到 自己原本并未想到 这是一件会被称作“浪漫”的事 只是觉得自家“老爹” 笨拙得可爱~ 不曾想意外引起了 众多网友的关注 网友：“瞬间想到了 ‘江南无所有，聊赠一枝春’” “爸爸寄出的不是花 是爱和思念呀~” 还有很多网友都在评论区 分享起了自己生活中 平凡却“浪漫”的小瞬间 “我的童心 有爸爸妈妈来守护~” 生病住院时 爸爸捏的可爱“雪鸭子” 让乏味的住院时光 也变得鲜活了起来 “好想回家玩雪啊” “那就弄点雪放进冰箱里 等你回来玩！” 虽然和妹妹堆的雪人化了 爸爸却给我们补了一个 更大的雪人 细心的奶奶发现我心情低落 什么都没有说 只是默默地送来 我最爱的鲜花 无论 长得多高 走得多远 在家人的心中 我们似乎都还是长不大的孩子 那些对童心与浪漫的守护 都化作生活中最美好的仪式感 “落叶时节 我签收了一箱‘秋天’” 在落叶时节 签收了一箱 姐姐精心收藏的 “秋天” 网友：“每一片都是精心挑选 好浪漫！” 妈妈种 的西红柿刚成熟 便都马不停蹄地“奔”向了 远方的我~ （妈妈潜台词： 看我是不是很厉害 ） 虽然没有见过桂花 但南方的朋友 为我弥补了遗憾 来自内蒙古大草原的美丽小草 朋友举了一路 只想将这份“粉色的欣喜” 与我一同分享 天边的彩虹 路边的野花 虽然我们各处一方 却想让你看到每一个 我眼中的美景 “那些我所珍惜的‘小美好’ 都想第一时间与你分享呀” 追逐“浪漫”的脚步 除此之外 还有很多同学 在生活的闲暇里 追逐着“浪漫”的脚步 也许是 静静感受一场日出或日落 也许是 定格下广袤的星空 又或许是 在旅行的路途中 捡拾“浪漫” 将茉莉花编成手串 把浪漫传递给给身边的好友 “江南无所有，聊赠一枝春” 那些最珍贵的情谊 或许就在生活的点滴“浪漫”中 被郑重寄出的小野花 精心收藏的落叶 藏在冰箱里的家乡的雪 承载的都是 最真切的爱与思念 你的生活中有哪些浪漫瞬间呢？ 欢迎来评论区分享~ 来源：学校共青团综合网友@郝幸福、@Langc lu、@薄荷豆花面、@我妈管我叫宝驴、@云野、@Your_Secret、@八点准时起、@旺仔不喝牛奶等 本期编辑：刘杰、陈子涵 转给你思念的人～ ↓ ↓ ↓
每天吃18克！它有助于延缓大脑衰老、防癌→,https://mp.weixin.qq.com/s/W5kPH5H4etP3gcnFjupF9w,2025-09-23,经常听到身边人聊天，谈到食物的营养时，会说“四条腿的不如两条腿的，两条腿的不如一条腿的”。 这里的“一条腿”，指的就是 蘑菇 。 小小蘑菇真的这么神奇吗？它究竟有哪些健康价值？ 每天一个蘑菇，有不少 健康益处 1、每天吃18g能防癌 2021年，美国宾夕法尼亚州立大学的团队发表在《营养进展》的一项研究发现， 食用更多的蘑菇可以降低患癌症的风险 。 这项系统回顾和荟萃分析覆盖了1966年至2020年发表的17项癌症研究。研究人员分析了19500多名癌症患者的数据，探讨了食用蘑菇与癌症风险之间的关系。 研究结果显示， 每天吃18g蘑菇的人，与不吃蘑菇的人相比，患癌症的风险降低了45%。 目前对 蘑菇有助防癌 的机制还 不 太清楚，但是科学家推测可能是因为蘑菇有 麦角硫因 。 蘑菇是 麦角硫因 重要的膳食来源，麦角硫因是一种独特而有效的抗氧化剂和细胞保护剂， 可能有助于防止氧化应激并降低患癌症的风险 （尤其是乳腺癌）。 一颗香菇大约18g 2、每天吃12g以上，缓解认知衰老 除了防癌作用， 经常食用蘑菇可能有益于衰老过程中的认知功能。 2024年1月，英国雷丁大学的研究团队在《营养素》 （ Nutrients ） 期刊发表研究： 1每天食用超过12g新鲜蘑菇（ 相当于每周1份或更多份 ）与多个认知领域的较高分数相关，包括情景记忆、前瞻性记忆、阅读能力、执行功能和处理速度。 2每周超过2份的消费率稍高也与轻度认知障碍的几率降低有关。 研究结果表明，蘑菇富含膳食纤维（主要是β葡聚糖）、麦角硫因和二萜类化合物等植物化学物质，已被证明可作为抗炎剂 有利于 降低阿尔茨海默症的风险。 3、长期吃蘑菇，有利于预防肥胖 2023年，美国布法罗大学等机构的科研人员在国际知名学术期刊《科学》 （Science） 上发表了一篇重要论文。该研究发现，摄入膳食几丁质可以对免疫系统产生显著影响，而这种积极的免疫反应 有助于减少体重的增加、降低体脂含量，并增强对肥胖的抵抗力。 研究者对小鼠进行了 两组 实验，一组是给予它们含纤维素的高脂肪饲料 （HFD） ，另一组则是含有几丁质纤维的等热量高脂肪饲料 （CHFD） 。两种饲料唯一的区别，在于纤维素的种类是不是几丁质。 经过对比观察，研究者发现，与接受含有 几丁质纤维高脂肪饲料 喂养的小鼠相比，用 含 纤维素高脂肪饲料 喂养的小鼠体重明显增长。而令人惊喜的是，几丁质酶缺陷的小鼠在接受 含有 几丁质纤维高脂肪饲料 喂养后，其体重出现下降趋势，肥胖和脂肪质量也显著减少。 所以，长期吃蘑菇，对预防和改善肥胖有一定作用。 除了以上的健康优势外，蘑菇的营养价值也非常不错。 蘑菇营养高，这些方面是高手 蘑菇属于蔬菜中的菌菇类，和其他种类的蔬菜不同，蘑菇属于真菌，而不是植物，在营养上也有一定的区别。 除了上面提到蘑菇里面的几丁质有助于减肥外 ， 蘑菇本身的热量并不高，脂肪含量也低，膳食纤维还丰富。 所以只要不油炸、爆 炒，蘑菇本身也是有利于减肥的。 不仅如此，蘑菇的突出营养优势还包括： 1、维生素D 维生素D可以促进钙的吸收，但大多数天然食物中的维生素D并不高，靠晒太阳让皮肤合成限制因素太多，因此国人普遍缺乏维生素D。 蘑菇是极少数含有维生素D的天然食物 ， 大多数蘑菇中每100g大约含有不到50IU（IU 国际单位，维生素D 1μg=40IU），但和每天400IU的需求量相比，还是差得有些远。 不过，给蘑菇“晒太阳”能大大提高里面维生素D的含量。我们可以在购买后，选择阳光充足的中午，晒上0.5～2小时，维生素D2的含量就很轻易达到400IU以上。 2、B族维生素 蘑菇是B族维生素的良好来源，B族维生素对于能量代谢、细胞的生长等基础生命活动都至关重要。 蘑菇中的维生素B2、烟酸、泛酸和叶酸含量较高 。 举例来说，每100g鲜蘑菇中，维生素B2的含量为0.35mg，烟酸含量更是高达4.0mg；而鲜草菇同样每100g含有0.34mg的维生素B2和8.0mg的烟酸。以B族维生素含量突出的粗杂粮为例，每100g玉米的维生素B2为0.11mg，烟酸为1.8mg，比鲜蘑菇和草菇都要低不少。 值得注意的是，很多蘑菇是以干制品的形式出现在市场上，虽然它们的营养素含量确实很高，但 由于 在日常生活中我们的食用量并不大，并且在烹调前需要水发处理，这一过程中水溶性营养素的损失也相对较大，这就使得实际摄入的营养打了折扣。 因此，在享受这些美味食品的同时，我们也需要关注到营养素的流失问题，以便更科学地规划饮食。 3、钾 蘑菇中的钾含量确实相当可观。 每100克新鲜蘑菇中的钾含量普遍在数百毫克至一千毫克之间 ，不同品种的蘑菇，钾含量差别较大。 举例来说， 口蘑 每100克含有高达3106毫克的钾，这一数值在蘑菇类食材中相当突出，也是 所有天然食物中钾含量最高的 。而我们平时经常吃的鲜香菇，每100g里只有20mg，别说是在蘑菇界垫底，在整个蔬菜界也是个吊车尾。 整体来说，大部分蘑菇的钾含量还是 很 “抗打”的。下面是天然食物中钾含量由多到少排列的，蘑菇类的占比还是比较多的。 图片来源：食物营养成分速查 值得一提的是，这些数值远超过了我们日常生活中许多其他食物的钾含量，甚至超过了那些被誉为“补钾佳品”的香蕉。每100克香蕉中钾的含量约为256毫克，相比之下，某些蘑菇的钾含量几乎是其数倍。 因此，对于那些需要补充钾元素的人来说，蘑菇无疑是一个优质且丰富的来源。 健康优等生，烹调也是一绝 蘑菇最大的特点，就是“鲜”。 蘑菇的鲜，一方面是来自氨基酸。在蘑菇中，主要的氨基酸包括谷氨酸、甘氨酸、天冬氨酸等。其中，谷氨酸是一种重要的氨基酸，具有增强味觉的作用，使食物味道更加浓郁，可以参考味精的成分“谷氨酸钠”。 另一方面，蘑菇中还含有呈味核苷酸，这类成分能够与氨基酸相互发生作用，共同增强食物的鲜味。同时，蘑菇中的糖类、有机酸等其他呈味物质，也能与味蕾结合，进一步丰富食物的味道。 不同的蘑菇，在口感和形态上有一定的差异，所以适合的烹调方式也不一样。市面上常见的蘑菇包括： 种类 特点 适合烹调方式 金针菇 充满韧性，口味清淡，难“消化”容易“明天见” 凉拌、煲汤、 火锅配菜 蟹味菇 菌肉肥厚，具有独特的蟹香味，口感鲜嫩滑爽 与肉类搭配炒制，做汤、凉拌 杏鲍菇 柔软、多汁、鲜嫩 切片炒、干煸、茄汁、做汤 口蘑 口感脆嫩，肉质相对疏松，味道较为清淡 素炒、做汤、酿制 香菇 有嚼劲，伴有泥土味，肉质厚实 涮锅、煲汤、炖菜、炒菜 平菇 口感柔嫩，肉质较薄 炒菜、干煸、香酥、煲汤 在烹调时要注意时间和火候，如果烹调时间过长，蘑菇的口感可能会不再鲜嫩，营养也会有更多的损失。火候要适中，避免炒焦或煮烂。 吃蘑菇这3点要注意 蘑菇虽好，但在食用时一定要小心，以免变健康为“威胁”。 1、务必警惕陌生菌菇，切勿轻易尝试 每年因误食野生毒菌而导致中毒的案例屡见不鲜。最稳妥的做法是，路边的菌菇切勿随意采摘，更不可贸然食用。尽量在超市或市场，购买常见的蘑菇品种。 2、久泡的蘑菇不要吃 蘑菇泡的时间过长会导致营养流失。蘑菇的B族维生素等水溶性维生素长时间浸泡会逐渐溶解在水中，导致蘑菇的营养价值降低。 其次，蘑菇蛋白质丰富，泡久了容易滋生微生物。蘑菇在长时间的湿润环境下，表面的潮湿为其提供了细菌滋生的有利条件。特别是当环境温度较高时，细菌繁殖更为迅速，可能导致蘑菇变质甚至发霉。食用这样的蘑菇可能会引起恶心、呕吐、腹痛等食物中毒症状，对身体健康造成威胁。 3、痛风急性发病期，吃蘑菇要谨慎 蘑菇里面的嘌呤会在体内转化成尿酸，增加高尿酸血症或痛风患者的症状。根据嘌呤含量的不同，蘑菇分为3个等级。在痛风发作期，不吃高嘌呤的食物，尽量少吃中嘌呤的食物，可以适当吃低嘌呤的食物。 数据来源： 《中国食物成分表标准版》（第6版/第二册） 来源：科普中国，作者：李纯 国家注册营养师，审核：阮光锋 科信食品与营养信息交流中心科学技术部主任 本期编辑：刘杰、陈子涵 分享给家人朋友 ↓ ↓ ↓
蔡国强烟花秀被官方通报！最新回应→,https://mp.weixin.qq.com/s/TMKsqu2ZHvGBHxhY_NpwQQ,2025-09-23,针对日前蔡国强烟花秀引发广泛关注，“云端珠峰”21日发布情况通报： 9月20日，《蔡国强：升龙》烟花秀视频在网络发布后，引发网民关注。日喀则市委、市政府高度重视， 已成立调查组第一时间赶赴现场核查，后续将根据核查结果依法依规处理。 此前报道 9月19日， 户外品牌始祖鸟联手艺术家蔡国强在西藏喜马拉雅山脉江孜热龙地区（海拔约5500米）燃放艺术烟花。 现场视频显示，蔡国强通过火药爆破在山脊点燃三幕烟花，形成“升龙”动态景观。 尽管其燃放之前声称，烟花全部使用生物可降解环保烟花材料，大量网友仍表示质疑。目前，主办这场烟花秀的品牌方已删掉了相关视频。 始祖鸟品牌发文致歉 今天（9月21日），始祖鸟官方微博就 《蔡国强：升龙》烟花秀视频 发布致歉信，称 “ 我们深知仅仅道歉是远远不够的，我们有责任在政府部门监管下，配合艺术家团队对该项目全过程 的环境生态影响进行复核，邀请第三方专业环保机构，开展严谨而透明的评估工作。 我们承诺：将依据评估结果与社会各界的反馈，展开及时有效的补救行动。 ” 蔡国强工作室发文回应 同日，蔡国强工作室微信公号发布“关于《升龙》艺术项目的说明”表示：“ 我们确实存在很多考虑不周之处，我深表歉意。接下来，我们将主动配合第三方机构及相关部门，就此事对自然生态造成的影响进行多方面的评估，并将以实际行动保护青藏高原生态环境。” 来源 ： 云端珠峰、@ARC'TERYX始祖鸟、 蔡国强工作室 本期编辑：刘杰、陈子涵 持续关注！ ↓ ↓ ↓
男子被毒蛇咬伤，女友第一时间拿起手机……,https://mp.weixin.qq.com/s/XHqSiWkVB0Kyomd5g8ORyw,2025-09-23,"近日 重庆巫山县福田镇 欧先生与女友陈女士 正在公路边散步时 突然感到脚部一阵刺痛 打开手电才发现 一条小指粗、筷子长度的小蛇 咬穿了他的夹板拖鞋 “当时非常疼 幸亏女朋友在我身边” 欧先生惊慌之际 女友陈女士沉着应对 ""突然想起在科普短视频里 看过被蛇咬伤的处理步骤"" 她立即拍下蛇的照片 简单清洗伤口 拨打120急救电话 又把照片发给急救处置医生 医生把照片发到蛇伤救治群 经蛇伤救治群专家辨认 确认为 原矛头蝮蛇 随后 两人迅速定位 有抗蝮蛇毒血清 且距离最近的医院 “考虑到120救护车 赶来还需要时间 所以是我哥哥开车送我们去的” 车子中途驶上高速后 女友陈女士担心超速 还打电话向高速交警报备 仅用半小时 欧先生就抵达巫山县人民医院 及时注射抗蛇毒血清 经过三天的治疗 欧先生已明显好转 目前正在康复中 夏秋交替 是毒蛇出没高峰期 如不慎被咬 应立即用肥皂水清洗伤口 避免用绳索捆扎患肢 以防缺血坏死 尽量拍摄蛇照片 便于医生辨认 欧先生与女友陈女士合照 科普知识 关键时刻真能救命 为陈女士“教科书式” 冷静施救点赞！ 来源：新华每日电讯微综合巫山发布 本期编辑：刘杰、陈子涵 觉得好看，请点这里 ↓ ↓ ↓"
连续10年全球死亡率第一！记得做这项检查，能尽早发现这种病,https://mp.weixin.qq.com/s/RHPhuDwbvvXfxwuuFYpbdQ,2025-09-23,国际癌症研究机构（IARC）最新数据显示： 肺癌是全球发病率和死亡率均排名第一的癌症，连续10年位居全球癌症死亡率首位。 根据国家癌症中心最新公布的数据， 我国肺癌 发病率、死亡率都占恶性肿瘤第一位 。 专家表示，这与 当前生活节奏加快、工业化水平提高、抽烟人数递增 存在一定关系。 肺癌早期通常无症状 戒烟是最有效的 预防 措施 数据显示， 目前全球平均每分钟约有4 ～ 5人确诊肺癌，每分钟约3 ～ 4人患病去世 。研究机构呼吁，公众应从源头遏制肺癌激增， 其防治核心在于“早发现 早诊断 早治疗”。 肺癌早期通常无症状。 2012年以前，我国主要通过拍胸片来筛查，近年来，随着低剂量螺旋CT的普及，肺癌早期检出率可提升至90%。 北京大学肿瘤医院胸外一科主任陈克能建议， 高危人群应该有规律地 每年 做一次CT筛查 。 专家还指出， 戒烟是预防肺癌最有效的措施 。数据显示，戒烟10年后，肺癌风险可降低50%以上。“ 戒烟15年， 才 能达到和不抽烟的个体一样的 肺癌发病概率 。” 陈克能表示。 低剂量螺旋CT有辐射 非高危人群不必每年进行筛查 目前， 我国推广社区CT筛查肺癌。专家强调， 低剂量螺旋CT有一定辐射，非高危人群不必每年进行筛查 ，即便发现肺部有磨玻璃样结节，也不必过度紧张，按医嘱就诊即可。 如果是纯磨玻璃样结节，没有实性成分，就不要过度惊慌； 如果结节位置不在胸膜下，又不在叶间裂，也不必紧张，没有必要每年做一次CT。 陈克能 表示， 对大多数筛查发现的磨玻璃样小结节要谨慎解读 ，它生长得非常缓慢，可以给它一定的冷静期进行观察，不建议过度治疗 。 随着我国医学进步，肺癌患者治疗已有明显突破，磨玻璃样结节的肺癌，5～10年的生存率接近100%，实性肿块一期肺癌的5年生存率约为70% ～ 80%。 来源：央视新闻 本期编辑：胡程远、林帆 觉得好看，请点这里 ↓ ↓ ↓
来了！新闻早班车,https://mp.weixin.qq.com/s/EobaAaiggKPptuS0sO8JbQ,2025-09-23,点击这里，查看更多精彩内容 要闻 目前，我国秋粮陆续进入收获期，各地科技助力确保颗粒归仓，筑牢丰收基础。 国家组织药品联合采购办公室发布第十一批国家组织药品集中采购文件。本次集采方案制定和修改过程中，充分遵循了 “ 稳临床、保质量、防围标、反内卷 ” 的原则。 市场监管总局 近日 组织修订了《婴幼儿配方乳粉产品配方注册管理办法》，配方注册相关配套文件将向社会公开征求意见。 8 月，我国民航运输规模再创历史新高，旅客运输量达 7536.4 万人次，国际航线旅客运输量同比增长 15.3% 。 国家重大水利工程建设项目 —— 新疆大石峡水利枢纽工程 20 日 正式下闸蓄水，从建设施工阶段全面转入运行准备阶段。 20 日，我国首台自主研制的 15 米口径亚毫米波望远镜在青海海西州启动建设，将填补我国在该领域的空白。 20 日， 商务部就 TikTok 问题进展情况答记者问 。 详情 以色列军方 称，以军目前正在加沙地带北部加沙城持续推进地面军事行动。加沙地带媒体办公室 发表声明说，仍有超过 100 万巴勒斯坦人在加沙城及加沙地带北部其他地区坚守家园，拒绝南迁。 葡萄牙计划于当地时间 9 月 21 日正式承认巴勒斯坦国。 社会 第三届全国技能大赛 19 日在河南郑州开幕， 35 个代表团的 3420 名选手将参加 106 个竞赛项目。 20 日，武汉市中级人民法院发布通报，驳回杨某媛上诉，维持原判；武汉大学通报图书馆事件调查复核情况， 决定撤销肖某瑫记过处分。 详情 河北省政协原党组成员、副主席姜德果涉嫌严重违纪违法，目前正接受中央纪委国家监委纪律审查和监察调查。 2 0 日 ，网信部门依法查处快手、微博平台破坏网络生态案件。 据网络平台数据，影片《 731 》上映第 3 天单日票房突破 4 亿，同时成为中国影史 9 月单日票房冠军。 中国邮政定于 9 月 21 日 发行《新疆维吾尔自治区成立七十周年》纪念邮票 1 套 3 枚。 中国科学院院士、分子生物物理学家王大成院士因病医治无效，于 9 月 19 日在北京逝世，享年 85 岁。 国际举重联合会宣布，国际奥委会已经同意，举重项目将在洛杉矶奥运会增设男、女各 1 个新级别。 历经 6 年修缮，巴黎圣母院塔楼近日重新开放。 一名台湾旅客在长沙南站受伤，正准备乘车的 新兵王乐凯 立刻上前救治伤者，见无大碍后才赶往去军营的列车。 王乐凯 自幼被收养于部队医院附近，是湖南省省级非物质文化遗产 “暴氏长针疗法”第四代区级传承人。 政策 北京发布办法，对申报年度入境外联人天数排名靠前，且人天数在 10000 人天（含）以上的旅行社给予奖励与扶持，单个旅行社奖励最高不超过 50 万元。 海南 启动 “ 四方之才 ” 汇聚计划人才引进项目申报评审 ， 优秀人才团队最高可获 3000 万元资助经费 。 山西印发通知，将单独申请低保范围由 “最低生活保障边缘家庭”扩大到“最低生活保障边缘家庭、防止返贫监测对象”。 今日天气 广东中部和南部沿海、福建北部、浙江东部以及四川东部、重庆西南部、云南东北部和中部、陕西中部、甘肃东部等地的部分地区有大到暴雨，其中，广东中部局地有大暴雨 。 早安中国 每个清晨，遇见大美中国。 吉林长白县果园民俗村，地处长白山南麓，是全国乡村旅游重点村。这里山清水秀，风光秀丽。橘红、柔粉、明黄的花朵迎风舒展，游人穿行花间，仿佛步入一幅浪漫画卷。长白县欢迎您！ 你若美好，生活自然美妙。心里有光，不仅能照亮自己，也能照亮别人。张弛有度，用积极的人生态度，把生活过成自己想要的样子，新的一天，早安！ 本期编辑：李娜，实习生：陈皓迪、 孙小雯 ｜主播：韦礼义 觉得好看，请点这里 ↓ ↓ ↓
好消息！江苏一地发现金矿,https://mp.weixin.qq.com/s/nvgvmG5_844Zfsv4_uHteQ,2025-09-23,据江苏省自然资源厅官网消息，近日 ，江苏省自然资源厅赴句容市查看仑山地区金矿普查项目现场。仑山地区金矿普查系2024年度江苏省地质勘查资金项目，由江苏省地质局第三地质大队负责实施。截至目前，在施工完成的6个钻孔中有4个钻孔见到工业金矿体或低品位金矿体，见矿厚度3-5米，最高品位达7克/吨。 通过本轮普查工作，该区域有望新增金金属资源量超5吨，并提交一处中型以上矿产地。 来源：人民日报客户端 本期编辑：胡程远、林帆 觉得好看，请点这里 ↓ ↓ ↓
【夜读】与子女相处的3个“法则”，建议每位父母都读一读,https://mp.weixin.qq.com/s/x7qzPymC02HVC7rN3JjcYQ,2025-09-23,“ 尊重法则 ” ：少控制，多理解 　　父母对孩子的爱，总是毫无保留的。父母总想把世界上最好的东西都给孩子，恨不得把人生路上的大小事都安排妥当。 　　不过，为人父母，还要注意爱要有“度”，不能把关爱变为“控制”，替孩子做一切决定，甚至强迫孩子接受自己的安排。真正的爱，不是让孩子按照自己的安排过一生，而是教会孩子如何独立思考、照顾自己，然后放手，让孩子们去过好自己的人生。 　　在关爱孩子的同时，也要注重培养孩子自主做决定的能力。亲子间最美好的相处，是相互尊重。孩子能毫无顾虑地与父母谈心，坦诚分享内心的想法；家长也愿意给出恰当的建议，尊重孩子的重要决定，因为他们明白，那是孩子自己的人生。 　　每个人都有自己的路要走， 即使身为 父母，也不能 代替 孩子去经历。 最好 的亲子关系，是父母和孩子彼此尊重， 既有着亲密无间的温情，又保持着恰到好处的独立 。 “ 沟通法则 ” ：少说教，多倾听 　　为什么 有些 孩子越长大，越不愿意和父母沟通？ 有孩子这样回答： 因为我爸妈 总是讲一些大 道理，却从不听我的 想法 。 　　孩子 兴奋地 分享学校的趣事，有的父母却借机教育： “别 贪玩 ，要多花时间学习。 ”孩子委屈地 倾诉 烦恼，有的父母却 急于归责 ： “肯定是你 哪里没做好。 ” 久而久之，孩子就不再愿意向父母敞开心扉了。 　　为人父母，总想把正确的道理讲给孩子听，这本身是件好事，但也要注意方式方法。学会用孩子乐于接受的方式交流，才能让这份心意真正走进孩子心里，达到事半功倍的效果。 　　真正智慧的父母，懂得给孩子表达的机会，做孩子最好的听众，接纳他的情绪与烦恼，并认真地给予回应。少些说教，多些倾听， 才能真正走进孩子的内心。 “平等法则”：相互学习，共同成长 　　父母的言行是 孩子 最早的 “ 教科书 ” ， 潜移默化中影响着孩子的成长轨迹。 在家庭教育中，父母做好表率至关重要。 　　比如， 想让孩子养成爱读书的好习惯，自己不妨少刷手机，多拿起书本；期望孩子拥有勤奋、专注这类优秀品质，自己就要先成为这样的人，用行动给出最好的示范。 　　最好的教育，是父母和孩子相互学习 、 共同成长， 和孩子在相互陪伴中，彼此滋养，携手前行，共同成为更好的自己。 作为父母 要尊重孩子 多和孩子沟通 作为子女 要理解父母 看到父母的付出和关爱 父母与子女 互相理解，共同进步 才是最好的亲子关系  来源：人民日报夜读综合 |  主播：赵文龙 本期编辑：王若彤，实习生：余典、甘雨欣 觉得好看，请点这里↓ ↓ ↓
歼-20：拜托把我拍得好看一点～🤩,https://mp.weixin.qq.com/s/HoM4l4eme-x_ONFp4RdjlQ,2025-09-23,9月 19 日 2025空军航空开放活动 和长春航空展 在吉林长春拉开帷幕 吸引了众多爱好者的目光 据了解，19日主题日 场内场外共有12万余人 20日公众日 观展人数达到23.6万人 活动现场 4架 歼 -20 战机劲舞苍穹 在飞行展示结束后 一架歼 -20 战机 在本场着陆 首次亮相静态展示区 让大家继续观赏“国之重器”的英姿 走近歼-20 最先被它极具未来感的外形震撼 菱形机头如同被精心打磨的钻石 机身线条如流水般顺滑 有网友调侃 “这也 mèi 隐形啊！都看见了～” 这里就要科普一下了 我们常说的隐形战机 并非指在肉眼可视范围内“隐形” 而是指通常在电磁、可见光 红外、声学等方面 难以探测或跟踪的战机 其中最主要的就是电磁隐形 歼-20机身表面 还覆有特殊的雷达吸波材料 就像“电磁波海绵”一样 可以吸收雷达波并转化为微弱热量 让飞机雷达反射截面积不足0.01㎡ 仅相当于一只飞鸟的反射水平 独特的进气道呈蚌壳形 更是把“隐身细节”拉满 不仅能让气流更顺畅地进入发动机 还挡住了叶片的“身影” 让敌方雷达无从“瞄准”这个关键部位 此外，歼-20机身 几乎看不到明显的缝隙和凸起 舱门接口都做了锯齿状处理 天线也巧妙融入机身表面 这些看似不起眼的细节 都是隐身设计的“小心机” 正是凭借这些 “藏得住、跑得远、打得准”的本领 歼-20成为 全球同代战机中的佼佼者 歼-20： 介绍这么多，能不能把我拍帅一点？ 摄影师： 这就安排！ 一波歼-20帅照，请收好！ 除了歼-20 空军八一飞行表演队 变身 “ 彩虹制造机” 带来视觉盛宴 空军航空大学“红鹰”飞行表演队 空中 浪漫 “比心” 运油-20A、歼-16等战机各展风采 更多高清大图带你过足眼瘾 驾驶歼-20落地的飞行员张凯 看上去阳光 开朗 对待飞行十分注重细节、爱较真 多年来，他埋头于 作战研究 曾2 次夺得 “ 金头盔 ” 荣立二等功 3 次、三等功 3 次 张凯表示 歼 -20首次 进行静态展示 体现了人民空军的开放与自信  “能够近距离地参观 不仅让大家感受到 国家的日益强大 也能让大家知道 像歼 -20 这种隐身战机 并不是我们的神秘武器 而是守卫大家的 ‘ 常规 ’ 力量 ” 为人民空军点赞！ 来源：综合人民日报客户端（摄影： 朱笑熺、韩鹏、白龙、 夏彩云、 方兴鸿 ）、人民空军（摄影：余红春）、人民网、央广军事、IC photo 等 本期编辑：胡程远、林帆 觉得好看，请点这里 ↓ ↓ ↓
今天起，刷牙务必调整一下！（附标准刷牙姿势动图）,https://mp.weixin.qq.com/s/74fG9AwEQ2zQGEdQbqg39Q,2025-09-23,今天（9月20日）是第37个“全国爱牙日”，今年的宣传主题是“口腔健康  全身健康”。 俗话说“牙疼不是病”，大多数人不把口腔问题当回事儿，更不会把牙周病和癌症联系起来。 美国纽约州立大学此前一项研究发现， 牙周病会让食管癌风险增加228%，胆囊癌风险增加73%，并与乳腺癌、肺癌等关系密切 。 绝大多数牙周病都是清洁不到位所致，今天 教你最标准的刷牙姿势，回去务必照着调整一下！ 01 牙不好诱发多种疾病 牙周病治疗及时基本可以痊愈；若任其发展，则引起深部的牙槽骨吸收，形成牙周炎。多项研究表明，牙周病除了与癌症相关，还可能诱发多种疾病： 1.心血管疾病 口腔是一个细菌储存库，一旦有了牙周病，牙骨吸收，细菌会趁机入侵血液循环系统，形成暂时性菌血症。若 细菌随着血液进入心脏 ，就可能形成心内膜炎；若进入冠状动脉，就可能引起冠心病、心肌梗死等心血管疾病。 2.消化道疾病 幽门螺杆菌是胃炎、胃溃疡甚至胃癌的罪魁祸首。医学专家在唾液、牙菌斑中也检测到了这种病菌。 一旦患了牙周病， 幽门螺杆菌浓度就会增大 ，随着吞咽进入胃部，繁殖壮大，引发慢性胃炎、胃溃疡甚至胃癌。 3.肺炎 牙周炎越严重，患者的肺功能就越差。慢阻肺急性发作的频率与口腔内剩余牙数量、牙菌斑数量以及是否定期清洁、治疗等都有关系。 4.糖尿病 牙周病和糖尿病互相影响。 糖尿病患者更易患牙周病，并且病变损害严重、进展迅速。反过来，牙周炎会使胰岛素受体迟钝，胰岛功能下降，增加糖尿病患病几率。 02 定期洗牙很有必要 江苏省人民医院口腔科副主任、主任医师张继生近日接受采访时表示，“洗牙很有必要。” 洗牙最重要的作用是清除牙菌斑和牙结石。 牙菌斑是口腔疾病的始动因子，经过钙化就成了牙结石，无法通过刷牙去除，时间一长会导致龋齿、牙龈炎、牙周炎、牙齿松动甚至掉落。 张继生建议， 健康人群半年到一年洗一次牙 ；牙周病患者3到6个月洗一次牙；抽烟人群、糖尿病患者以及特殊人群应咨询牙医制定更个性化的计划。 张继生还表示， 除了洗牙，平时在生活中爱护牙齿也很重要。 值得注意的是，刷牙只能清洁60%的牙面，另外40%的牙缝区域需要借助牙线等工具。张继生建议， 可以牙线与冲牙器配合使用 ：牙线利用物理摩擦作用可有效刮除牙邻面的菌斑；冲牙器利用高压水流冲刷牙缝、牙龈沟和牙刷刷不到的角落，清除食物残渣，并按摩牙龈。 03 缺牙了，是种植牙还是戴假牙？ “缺牙不只是少了一颗牙那么简单，别掉以轻心。”重庆医科大学附属口腔医院学术副院长、中华口腔医学会口腔种植专委会委员陈陶说， 缺牙后，缺牙区旁边的邻牙会逐渐倾斜，久而久之影响整个咬合关系，甚至出现牙周创伤等症状 。有研究表明，缺牙甚至会导致咬合功能部分或完全丧失，直接影响患者的咀嚼、消化、发音与面部美观，还可能影响全身健康。 缺牙后，传统的修复方式主要是采用活动假牙和固定桥。活动假牙是利用剩余天然牙、黏膜作为支持，用树脂人工牙恢复牙的形态与功能，需每天摘取、清洗；固定桥需要磨小缺牙两侧的健康牙齿作为“支撑”。 种植牙不依赖邻牙，通过在缺牙处植入“人工牙根”，再装上牙冠，实现接近真牙的咀嚼和美观效果。临床研究表明，种植牙的5年成功率可达94％甚至更高。 哪些人适合做种植牙？一般来说， 身体健康，颌骨条件良好，缺牙区软、硬组织无严重疾病，无不良咬合习惯的成年人都可以考虑种植牙。 但并非所有人都适合做种植牙，如患严重糖尿病、骨质疏松、长期吸烟或口腔卫生极差的人，需要在控制全身情况、改善口腔环境后，再评估能否种植。 04 学 一套标准的刷牙姿势 目前在临床上遇到的口腔疾病患者，大多存在两个问题：一是刷牙频率不正确，二是刷牙方法不正确。 中国口腔医学会曾发布一套标准刷牙法， 即巴氏（Bass）刷牙法， 可有效去除龈缘附近及龈沟内菌斑。 第一步：刷门牙外侧。 刷毛应与牙齿、牙龈成45度角，以画小圆圈的方式活动。 第二步：刷门牙内侧。 同样成45度角斜放，上排牙齿向下，下排牙齿向上提拉轻刷。 第三步：刷牙齿咬合面。 将牙刷倾斜，与咬合面垂直，前后短距离颤动轻刷。 第四步：刷牙齿内侧面。 将牙刷竖起来，利用牙刷前端的刷毛沿牙缝上下以小圆弧刷动。 每次刷两到三颗牙，反复旋转、按摩8~10次，可多角度地对牙齿和牙龈进行全面清洁。 第五步：轻刷舌头表面。 由内向外轻轻刷舌头，去除食物残渣，让口气保持清新。 还有一些细节需要注意： 刷牙前，牙刷最好不要沾水，也不要用水漱口，这会使牙刷、牙膏与牙齿的摩擦减小； 刷牙水以35℃~36℃为宜，能减少刺激，以免引起出血，甚至出现牙龈萎缩、牙齿松动等现象； 刷牙时间不能少于2分钟； 牙刷应该3个月左右更换一次。 来源：综合《人民日报》 （ 2025年09月19日  第11版）记者： 姚雪青、 施芳、 刘新吾，生命时报 本期编辑：胡程远、林帆 觉得好看，请点这里 ↓ ↓ ↓
TikTok问题最新进展,https://mp.weixin.qq.com/s/tBbXHCTiaH0Ku5jDCFwQfA,2025-09-23,9月20日，商务部新闻发言人就TikTok问题进展情况答记者问。 有记者问：据报道，中美双方在马德里会谈就TikTok问题达成了基本框架共识。9月19日，中美两国元首通话也就TikTok问题交换意见。请问商务部能否进一步介绍相关进展情况？ 答：当地时间9月14日至15日，中美双方在西班牙马德里举行会谈，就以合作方式妥善解决TikTok相关问题、减少投资障碍、促进有关经贸合作等达成了基本框架共识。9月19日晚，中美两国元首举行通话，就当前中美关系和共同关心的问题坦诚深入交换意见，就下阶段中美关系稳定发展作出战略指引。 中方在TikTok问题上的立场是清楚的，中国政府尊重企业意愿，乐见企业在符合市场规则基础上做好商业谈判，达成符合中国法律法规、利益平衡的解决方案。希望美方与中方相向而行，切实履行相应承诺，为包括TikTok在内的中国企业在美持续运营提供开放、公平、公正和非歧视的营商环境，推动中美经贸关系稳定、健康、可持续发展。 商务部网站截图 来源：人民日报客户端 本期编辑：胡程远、林帆 觉得好看，请点这里 ↓ ↓ ↓
飙涨600%！它，爆单了,https://mp.weixin.qq.com/s/pZyRHpNUfSSGL2RfXXaWlg,2025-09-23,如今，科技的发展使电子产品的更新迭代速度不断加快，相比动辄上万元的价格， 通过租赁，不少消费者可以用较低的成本，体验到最新的数码科技产品。 临近国庆中秋假期，不少人计划外出旅行，租台无人机当“空中摄影师”来记录自己美好的旅行生活，正逐渐成为一种热门的选择。 国庆中秋假期将至 无人机租赁成出行热门选择 在甘肃兰州一家电子产 品租赁店，消费者张云告诉记者，无人机画质好、操作难度低、便携性强、价格实惠，比 较符合当下年轻人的消费观念。 在浙江宁波的一家摄影器材租赁店，市民闫先生正在咨询无人机租赁相关情况。他告诉记者，这次国庆假期要去新疆旅游，无人机是他计划带的设备。 　　闫先生给记者算了一笔账， 买一台无人机需要数万元，旅游结束后容易会闲置。相比购买，租无人机是更好的选择。 　　记者在这家摄影器材租赁店了解到，距离国庆假期还有半个月，但是店里的无人机大部分都已经租出去了，其中 最受欢迎的是抗风性强、续航超过30分钟的机型。 节假日期间，无人机日租金大约是在200元到300元一天。 相机 租赁市场持续升温 受到年轻人青睐 除了无人机，相机租赁市场也在持续升温。 在甘肃兰州，日租金从30元到100元不等的数码相机、运动相机、长焦镜头等摄影设备出现“一机难求”的情况，这种兼具品质与成本优势的消费方式，正越来越受到年轻消费者的青睐。 　　在甘肃兰州一家电子产品租赁门店里， 店主介绍了一款 最受年轻人欢迎的 拍摄设备， 轻薄且具有轻美颜功能。口袋相机、单反相机同样属于热门产品，租赁一天的价格在50元到150元不等，最近每天的租赁订单量有50多台，是平常的三倍多。 　　同时，线上相机租赁业务也异常火热，因为其体验感足、租赁成本低、无押金、售后服务好，吸引了大批年轻人。 不仅是相机租赁，机器人租赁业务也受到市场青睐。 近日，全球首个机器人6S店在广东深圳开业，新增加了“租赁、个性化定制”两大功能。在这里，各式各样的机器人产品琳琅满目，既有人形机器人、四足机器人，也有应用于家庭服务、医疗辅助、工业巡检、教育陪伴等多个领域的机器人。店里推出的“以租代购”模式，最低1000元就能把机器人带回家体验一天，大大降低了消费者的体验门槛。 加强监管 确保电子产品租赁安全可靠  　　近年来，涵盖智能手机、平板电脑、笔记本电脑、数码相机等多品类的3C设备租赁市场，呈现出爆发式增长态势。消费者到底更喜欢租赁哪些电子产品？电子产品租赁行业又该如何健康发展？ 　　今年，租赁业务迎来爆发式增长。其中， 以便携式运动相机为代表的“旅游拍照搭子”租赁需求尤为突出，成交量较去年同期增长600%。 清华大学经济管理学院市场营销系教授 胡左浩： 租赁经济可以节约资本、节约资金、体验更好、防止技术的迭代导致的损失等。全国各地调配，经营效率提高、运营能力提升，能更好地为客户服务。租赁经济的发展，确实对绿色经济的发展起到很大的推动作用。 　　国家市场监督管理总局发展研究中心编制的《循环经济背景下的消费租赁行业健康发展白皮书》数据显示，目前20岁至30岁年龄段的消费者有63.5%，倾向租赁数码产品，21.5%的消费者有租数码产品的经历。 　　2024年，3C数码产品租赁市场规模已达269.1亿元，而到2025年，这一数字将大幅攀升。 　　在电子产品的租赁中，平台扮演了非常重要的角色，因此加强监管非常重要。 国家市场监督管理总局发展研究中心创新互联网部主任 李桐： 首先要强调平台的主体责任，平台要有规则，要建立信用管理档案，要对商家的资质、信用状况、经营情况进行精细化审核。在这过程中，平台要有信用、商家要有信用、承租人也要有信用。 你有尝试过租赁数码产品吗 体验如何 欢迎留言区分享 来源：央视财经 本期编辑：石磊、阮可欣 觉得好看，请点这里 ↓ ↓ ↓
重大损失！王大成逝世,https://mp.weixin.qq.com/s/VZOVu-qn40qAIYjcHwnmdQ,2025-09-23,中国科学院生物物理研究所消息，王大成先生治丧工作委员会9月19日发布讣告： 中国共产党党员，中国科学院院士、分子生物物理学家、中国科学院生物物理研究所原副所长、中国生物物理学会原副理事长王大成先生 因病医治无效，于2025年9月19日10时02分在北京逝世，享年85岁。 王大成先生热爱祖国，对党忠诚，严于律己，治学严谨，拥有高瞻远瞩的战略眼光。他将毕生精力献给了祖国的科学研究事业，桃李满天下，为我国结构生物学的开创与发展作出了杰出贡献。在中国生物物理学会工作期间，他积极推动学会建设和学科发展，关心青年人才成长，并长期担任《生物化学与生物物理进展》主编，为推动我国学术期刊的发展与学科交流发挥了重要作用。 王大成先生的逝世，是我国生命科学研究领域的重大损失。他的学术思想、组织贡献和育人精神，将长久地影响和激励后来者。根据王大成先生家属意愿，丧事从简，不举行遗体告别仪式。 致敬！ 一路走好 来源： 中国生物物理学会 本期编辑：石磊、阮可欣 致敬！ ↓ ↓ ↓
姜德果被查！,https://mp.weixin.qq.com/s/beLMcIFHhCDuGFrxa9NkLw,2025-09-23,河北省政协原党组成员、副主席姜德果涉嫌严重违纪违法，目前正接受中央纪委国家监委纪律审查和监察调查。 来源：中央纪委国家监委网站 本期编辑：石磊、阮可欣 觉得好看，请点这里 ↓ ↓ ↓
祝贺！中国科学家成功开发首例——,https://mp.weixin.qq.com/s/WN2uXg9E9tEO2rmzSSna3Q,2025-09-23,近日，中国科学院大连化学物理研究所团队开发出新型核壳结构氢负离子电解质，并成功构建了 首例氢负离子原型电池 ，相关成果17日在国际学术期刊《自然》发表。 氢负离子原型电池。 氢是未来清洁能源体系的重要组成部分，通常以氢正离子（质子）、氢负离子和氢原子三种形式存在。其中，氢负离子电子密度最高、易极化、反应性最强，是一种独特且具有巨大潜力的能量载体，其研发具有重要的科学意义和应用前景。 2018年，中国科学院大连化物所研究团队启动氢负离子传导研究，并于2023年提出了“晶格畸变抑制电子电导”策略，研制出室温超快氢负离子导体。在此基础上，团队又以氢化钡（BaH2）薄层包覆三氢化铈（CeH3）， 研制出了一种新型核壳结构复合氢化物材料。该材料在室温下即可展现快速的氢负离子传导特性，并同时兼具优异的热稳定性与电化学稳定性， 是一种理想的电解质材料。 氢负离子原型电池示意图。 基于上述新型氢负离子电解质材料，团队利用经典的储氢材料氢化铝钠（NaAlH4）作正极，贫氢的二氢化铈（CeH2）作负极，组装出首例氢负离子原型电池。团队通过搭建叠层电池，把电压提升到1.9伏，并成功点亮了LED灯，证明了氢负离子电池为电子设备供电的可行性， 标志着氢负离子电池成功从“理论模型”迈向了“实验室原型”。 作为一种全新的储能技术路径，氢负离子电池未来有望在大规模储能、储氢、移动电源、特种电源等领域发挥重要作用。 点赞！祝贺！ 来源：央视新闻，记者： 帅俊全、褚尔嘉 本期编辑：石磊、阮可欣 觉得好看，请点这里 ↓ ↓ ↓
经常半夜“自然醒”？赶紧排查这6种疾病,https://mp.weixin.qq.com/s/wtDWrzsJw7_G5px247rBWw,2025-09-23,夜里睡不好的人，“痛苦”各不相同：有人睡觉过程中频繁醒来；有人会早醒，醒后再次入睡比较困难。 在医生看来，夜里总醒可能不只是睡眠不好，而是病了。 睡着后容易醒可能是病了 睡眠中断的原因很多，如果频繁发生，或许与以下几种疾病有关。 1. 抑郁焦虑 典型抑郁症失眠有一个特点，就是早醒。至少比平时早醒一个小时，更多见的是早醒两个小时或以上。 2. 甲状腺病 甲状腺过度活跃导致心跳加速、肾上腺素分泌激增，造成失眠焦虑；甲状腺功能低下会让人精神萎靡，白天睡太多导致夜里容易醒来。 3. 胃食管反流 烧心、反酸且在夜间容易发作，这种不适会影响睡眠，即使没有感觉烧心，食道中的胃酸也会触发反射，扰乱睡眠。 4. 呼吸道问题 季节性过敏、感冒都会导致咳嗽、呼吸不畅等症状，以至于夜间辗转反侧或早醒，鼻中隔偏曲、鼻息肉、扁桃体肥大等因素也会使气道狭窄。 5. 夜间高血压 常在深夜突然醒来，伴随心悸或不适感，起床时头晕或感到全身疲惫，可能与夜间血压持续升高有关。 6. 泌尿系统疾病 健康成年人夜间排尿不超过2次，否则需考虑是否为前列腺增生、尿路感染等问题。 此外，一些生活习惯或生理因素，也可能导致夜间频繁醒来： 随着年龄增长深睡眠和浅睡眠质量均降低，会出现早醒现象； 缺乏维生素D与睡眠质量差有关； 睡前长时间浏览社交媒体、看剧、玩游戏，影响褪黑素分泌； 睡前进食会让大脑活跃，导致夜间多梦，容易醒来； 中午睡太久或睡得太早，作息被打乱，也可能导致频繁醒来或早醒。 决定睡眠的两个重要激素 睡得好不好，主要由身体里的两种激素决定，它们在调节人体昼夜以及“睡眠—觉醒”节律方面发挥着重要的作用。 1.褪黑素：催促入眠 白天的阳光抑制大脑的松果体，减少褪黑素的分泌；夜间松果体收到去甲肾上腺素信号，开始分泌褪黑素。 褪黑素夜间浓度比白天高3~10倍。一般在晚上9~10点分泌，凌晨2~4点达到峰值，第二天早上7~9点逐渐减少。 2.皮质醇：及时唤醒 早晨8点左右，皮质醇水平最高。到达上午的高点后，皮质醇水平会骤然下跌，最低点约在凌晨2点。 压力会导致皮质醇水平增加，这也就是为什么压力越大，越容易出现易醒或难以入睡的现象。因为身体想睡，但是大脑不想。 平时可通过以下三点来评估自己的睡眠质量： ①时间： 是否能在晚上10~11时开始陷入困顿状态，进而入睡。 ②时长： 每晚能否睡够7~8个小时再自然醒来。 ③感受： 醒来后精神充沛还是无精打采。 当其中任何一条不满足时，都需引起警惕。 怎么才能睡个“完整”觉 排除疾病因素后，试着调整生活方式，让自己一觉到天亮。 1. 尽量准时入睡 褪黑素的分泌具有昼夜节律性，调整入睡时间，建议上床时间别晚于23点，睡眠时间应该为躺在床上时间的90%以上。 2. 打造舒适卧室 睡眠环境要安静舒适，将卧室的窗帘换成遮光窗帘，睡前不要看电子设备，及时关灯。 3. 睡前少吃少动 睡前不要大量进食，也不要吃过于油腻或难以消化的食物；入睡前2小时不要做大量运动，可进行适当放松，如热水泡脚、听助眠音乐等。 白天可以过得充实一点，做些运动，让精力和体力都能够得到足够的消耗。 4. 练习腹式呼吸 吸气时主动将腹肌缓慢鼓起，呼气时再主动将腹肌缓慢地缩回，以此将呼吸频率降低，就会让人放松，焦虑也会减轻，有助于促进睡眠。 5. 躺下后别想太多 如果老是出现胡思乱想，盘点白天的“负面信息”，会导致无法入睡，即使睡着了也会影响整体睡眠质量。 6. 醒了别看时间 夜里醒来如果看到的是凌晨4点，很可能会计算距离起床还剩几小时，反而会增加压力。克服好奇心，干脆不看时钟和手机，床头闹钟最好选非夜光型。 7. 避免药物滥用 有些人只要睡不好，就滥用褪黑素、安眠药等，不仅对改善睡眠无益，还可能有其他副作用。 若长期因为早醒问题深受困扰，应及时寻求医生的帮助。 来源：生命时报 本期编辑：石磊、阮可欣 觉得好看，请点这里 ↓ ↓ ↓
武大通报图书馆事件调查复核情况,https://mp.weixin.qq.com/s/4TbE-A_nP7KDp-IDpPpifA,2025-09-23,近期，肖某瑫与杨某媛的矛盾纠纷引发社会关注。武汉大学组建调查复核专家组，实事求是、依法依规对肖某瑫纪律处分、杨某媛学位论文等进行全面调查复核，在此基础上认真开展处置工作。现将有关情况通报如下。 一、关于肖某瑫纪律处分事项的调查复核情况 关于肖某瑫纪律处分事项，学校组织专家组（其中校外专家3人，校内专家2人，组长由校外专家担任）运用资料审阅、访谈询问、实地勘验等方式方法开展了调查复核。审阅相关纸质材料、电子文档、音频、视频、图片等91套（份）；访谈当事人、委托代理人等相关人员21人；实地勘验关键场所，对照关键证据材料进行了细节验证。 2025年9月17日，湖北省武汉市中级人民法院就杨某媛诉肖某瑫性骚扰损害纠纷一案作出二审判决，决定维持一审判决（7月25日，湖北省武汉经济技术开发区人民法院一审判决驳回杨某媛的全部诉讼请求）。学校本着充分尊重司法判决的原则，结合调查复核情况，决定撤销肖某瑫记过处分。 二、关于杨某媛学位论文事项的调查复核情况 杨某媛硕士学位论文题目为《中印生育行为影响家庭暴力的经济学分析》。2024年4月，由学校送相关机构进行学术不端行为检测，论文总文字复制比为1.9%，符合所在学院“全文及各段落文字重合率小于10%，文献综述（或理论综述）部分文字重合率小于30%”的要求。4月，送3位校外专家进行“双盲”评审（隐去作者、导师与评审专家身份信息，双向匿名），3位专家均同意其答辩。5月，硕士学位论文答辩委员会5位专家投票建议授予杨某媛硕士学位；经济与管理学院学位评定分委员会表决同意授予杨某媛硕士学位。6月，学校学位评定委员会审议表决，同意授予杨某媛硕士学位。 舆情发生后，针对杨某媛学位论文问题，2025年8月，学校组织专家对杨某媛硕士学位论文进行调查复核，共分两个阶段进行。第一阶段，组织校内17位同行专家分为5个小组对网上质疑事项逐一梳理核实，并全面审读复核论文。第二阶段，在前期工作基础上组建专家组（共5人，其中校外专家3人，校内专家2人，组长由校外专家担任），综合运用档案调阅、论文审读、数据比对、复现验证等方式方法，从论文选题、工作程序、研究方法和结论、写作规范等方面对杨某媛硕士学位论文及学位授予情况进行重点核查。经核查，专家组认为杨某媛硕士学位论文选题具有一定新意，选取的计量方法基本合适，基准回归的结论与模型假设基本吻合；论文所运用的19万余条原始数据可通过比对检验；个别图表的复现结果与原文相比存在差异，但不影响论文主要结论；未发现抄袭、主观造假、篡改数据和编造结论等学术不端行为。同时，专家复核共发现杨某媛学位论文存在百余处不规范问题，主要集中在表述不规范、引用不规范、格式不规范、翻译不准确、分析不准确等方面。 2025年8月，学校召开学位评定委员会会议，根据调查复核情况，依据当时适用的《中华人民共和国学位条例》及武汉大学学位授予有关规定，决定维持授予其硕士学位的决议。 杨某媛学位论文“双盲”专家指出“论文的写作规范性方面还有较多问题”并建议其修改，答辩委员会也提出修改意见，但杨某媛本人只做了部分修改，导师未对该学位论文严格把关，经济与管理学院学位评定分委员会未对该学位论文进行严格审核，导致正式提交的硕士学位论文存在较多的不规范问题。 三、有关人员和单位问责情况 根据调查结果，依据《中国共产党纪律处分条例》《中国共产党问责条例》《研究生导师指导行为准则》《武汉大学学位评定委员会章程》等有关规定，学校党委决定对学生纠纷处置不到位、学生日常教育引导不深入、学生管理工作不细致，造成负面影响的党委学生工作部时任部长李某给予党内警告处分，对外国语言文学学院分管本科生教育管理的党委副书记刘某给予党内警告处分，对经济与管理学院时任分管研究生教育管理的党委副书记谢某维给予党内警告处分；对履行学生工作管理职责不到位的党委学生工作部、外国语言文学学院党委，责令作出书面检查并切实整改。对履行研究生培养第一责任人责任不到位的杨某媛导师郭某飞进行约谈并暂停研究生招生资格两年；对履行管理职责不到位的经济与管理学院分管研究生培养工作的副院长刘某青予以诫勉；对履行学位论文质量审核管理主体责任不到位的经济与管理学院学位评定分委员会，责令作出书面检查并切实整改；对履行研究生教育培养工作职责不到位的研究生院、经济与管理学院党委，责令作出书面检查并切实整改。 网传“杨某媛硕士学位论文被评为优秀学位论文”，经核查，武汉大学2024年未评选优秀硕士学位论文；网传“武汉大学已同意杨某媛修改硕士学位论文”，经核查，学校为开展论文复核，要求杨某媛提供论文原始数据和代码，并未涉及论文修改；网传肖某瑫“遭遇网暴致使其学业中断”，经核查，肖某瑫正常参加教育教学活动，学业并未中断。经与相关当事人核实，网传“武汉大学某校友发起校友联名信要求撤销处分、追责学术造假”“杨某媛舅舅系武汉大学某中科院院士”“面试时郭姓考官是杨某媛父亲的学生”“杨某媛与邓某某合作论文”等均为不实信息。经向属地有关部门了解，网传因肖某瑫遭遇网暴致使其“爷爷去世”“外公成植物人”均为不实信息。 武汉大学将深刻反思、汲取教训，举一反三、认真整改，切实强化学生教育引导，压实导师职责，完善学术治理体系，塑造严谨求实优良学风，全面提升人才培养质量和教育管理水平。 诚挚感谢社会各界对武汉大学的关心、监督和批评。 武汉大学 2025年9月20日 来源：武汉大学 本期编辑：石磊、阮可欣 觉得好看，请点这里 ↓ ↓ ↓
武汉中院：驳回杨某媛上诉，维持原判,https://mp.weixin.qq.com/s/qzzYOd-nq8fbelo0Ezia3g,2025-09-23,9月20日，武汉市中级人民法院网站发布通报： 湖北省武汉经济技术开发区人民法院对杨某媛诉肖某瑫性骚扰损害责任纠纷一案，于2025年7月25日作出一审判决：驳回杨某媛的全部诉讼请求。杨某媛不服该判决，向本院提起上诉。 本院经不公开开庭审理后认为，一审判决认定事实清楚，适用法律正确，应予维持。本院于2025年9月17日作出二审判决：驳回上诉，维持原判。 来源：武汉市中级人民法院 本期编辑：石磊、阮可欣 觉得好看，请点这里 ↓ ↓ ↓
多条蛇缠身，女子被咬了也不敢动！深井内苦撑54小时后……,https://mp.weixin.qq.com/s/NOVwguy4T9b2fZSFtHO3Xw,2025-09-23,近日 福建泉州晋江市安海消防救援站 接到晋江市瑞桐蓝天救援队的 紧急求助称 一名女子被困井中 救援过程中遇到困难 需要消防员救助 接到求助信息后 安海消防救援站紧急出动1车7人 在前往事发地点的途中得知 女子已被困废井50多个小时 情况十分紧急 被发现时，女子 身体泡在水中，双手紧 抓井壁。 据女子家属介绍 女子被找到时已经失踪两天 她双手紧紧抓住井壁 头露在水面上 不敢有大动作 生怕双手一滑就会掉下去 救援人员下井营救。 先前到场的救援队已经 为她 补充盐碘 保证体力 但由于井口太小 且携带装备不足 无法将女子从井内转移出来 消防员架设三脚架。 消防员到场后 立即搭设三脚架 现场人员合力将女子从井中拉出 由于在井中泡得太久 女子皮肤已发白、发皱 右臂和腹部有多处被咬痕迹 随后，她被紧急 送往医院救治 救援人员合力将女子向井外转移。 据报道，获救女子覃女士今年48岁，她在晋江灵源街道一树林散步时，不慎坠入了这口废弃水井。 “最难熬的时候，好几条蛇爬到身上，我一动也不敢动，被蛇咬了也不敢动。” 覃女士双手抓着井壁， 饿了、渴了就喝井水，就这样 坚持了54个小时，直到等来救援人员。 经医院检查后发现，覃女士双侧肋骨骨折，伴随轻微气胸，接受保守治疗就可以。 另外，落井一天后其右前臂曾被蛇咬伤，所幸经医生会诊，无明显的毒蛇咬伤症状，目前已无生命危险。 身体泡在水中、双手抓着井壁 一个人在绝境中顽强撑过了54小时 为勇敢的 覃女士 点赞 愿她早日康复 同时，也提醒大家 外出时一定要注意观察路况 看清每一步，谨防坠井 相关人员要在废弃或施工中的井边 设置围栏和明显的警示标语 那么，如果不慎坠井 该如何自救？ 一起来学习 ↓↓↓ 来源： 中 国消防综合福建消防、泉州消防、泉州晚报、东南早报 本期编辑：石磊、阮可欣 觉得好看，请点这里 ↓ ↓ ↓
夫妻俩均同意离婚，法院：不准！,https://mp.weixin.qq.com/s/lEVBh5YiglwVayHh5DAe4g,2025-09-23,近日 四川资阳市雁江区人民法院 依法审结一起离婚纠纷案 因夫妻双方未妥善解决 身患重疾的未成年子女治疗问题 法院对离婚的诉讼请求 不予支持 案情回顾 李某某与贺某某系夫妻关系。双方于2012年在资阳市雁江区民政局登记结婚。 婚后分别于2013年生育长女、2016年生育次女。 2024年2月4日，次女在四川大学华西医院住院治疗，诊断确诊为：双侧额叶-胼胝体巨大占位、双侧额部膜下积液， 2025年3月24日确诊为 颅内恶性肿瘤 。 2025年3月6日，李某某向法院提起离婚诉讼，诉请判决李某某与贺某某离婚，并各自抚养一个孩子，互不向对方支付抚养费。 贺某某同意解除婚姻关系，但要求两个婚生女均由其抚养，并要求李某某按收入的50%支付抚养费，并分配70%的共有财产。 法院判决 法院审理认为， 尽管双方都同意离婚，但双方在子女抚养及家庭财产分割问题上未能达成一致。 更关键的是，婚生次女身患恶疾，正遭受病痛折磨，急需父母与家庭给予共同关爱、支持和全力救治。 法院指出，在此艰难时刻，原被告双方应搁置争议，将精力聚焦于未成年子女的治疗，给予足够的关怀与安全感，为治疗和康复创造有利环境。 若此时准予离婚并分割财产，不仅可能使救治未成年子女的资金被不当分配，还会给孩子造成巨大冲击，不利于病情的治疗与康复。 因此， 从维护家庭稳定、保障未成年子女利益最大化及社会公序良俗角度考虑，在婚生次女病情未有效控制、治疗问题未妥善解决前，不应轻易解除婚姻关系。 故雁江区法院判决二人不准离婚。 李某某不服该判决上诉于资阳中院，资阳中院于2025年6月30日作出 维持原判 的二审判决。 法官说法 本案聚焦离婚纠纷与未成年子女权益保障的平衡。在未成年子女身患重疾的特殊情境下，本案裁判突破“双方同意离婚即准许离婚”的惯性裁判思维，深刻诠释 “未成年子女利益最大化” 原则 的司法适用。 法院不仅考量离婚对救治资金分配、未成年心理重建的现实冲击，更立足婚姻的社会属性—— “ 婚姻不仅是夫妻私权关系，更承载抚养子女、共克时艰的伦理责任。” 通过暂缓离婚，引导夫妻双方摒弃纷争，以协作守护患病未成年生存希望，既呼应《民法典》 “家庭应当树立优良家风” 的立法精神，也以司法温度传递价值： 当家庭遭遇重大困境，法律既守护个体权利，更倡导责任担当与伦理坚守， 筑牢未成年人权益保护与公序良俗的双重防线，为类似涉及未成年子女重大利益的离婚纠纷处理，提供兼顾法理人情的裁判示范。 来源： 资阳市雁江区人民法院 本期编辑：石磊、阮可欣 觉得好看，请点这里 ↓ ↓ ↓
来了！新闻早班车,https://mp.weixin.qq.com/s/CACkCJ-JxWzSn6IhA5nYkQ,2025-09-23,点击这里，查看更多精彩内容 要闻 习近平致信祝贺中国致公党成立100周年强调，广泛团结海外侨胞、归侨侨眷和留学人员，为强国建设、民族复兴伟业作出新的更大贡献。 9月19日晚，国家主席习近平同美国总统特朗普通电话。 《新时代党的治疆方略的成功实践》白皮书19日发布。 详讯 《新时代中国推进妇女全面发展的实践与成就》白皮书19日发布。 详讯 商务部等9部门发文提出，到2030年实现“百城万圈”目标，推动城市一刻钟便民生活圈建设扩围升级。 今年前8个月，全国制造业税收收入同比增长5%以上，占全部税收的比重超过30%。 民政部消息， 截至今年7月底， 我国已有31.9万家社区养老服务机构或设施。 1—8月，全国新设立外商投资企业42435家，同比增长14.8%。 当地时间19日，执行“和谐使命-2025”任务的中国海军“丝路方舟”号医院船抵达任务首站瑙鲁，开始为期7天的友好访问。 北京时间19日凌晨，联合国安理会在第10000次会议上，就10个非常任理事国提出的一份涉加沙停火决议草案进行表决。由于常任理事国美国再次一票否决，该决议草案未获通过。 社会 2024年， 全国地级及以上城市优良天数 比例比2020年上升2.4%。 8月，我国民航完成运输总周转量首次突破150亿吨公里，运输规模再创历史新高。 近三年，中国邮政快递进村业务量累计超100亿件，帮助农民销售农产品累计超550亿元。 国家药监局今年已批准56款创新药，其中18款为生物制品，包括首个干细胞治疗产品、首个血友病基因治疗产品等，且多款为“全球首发”。 19日，2025“空军航空开放活动·长春航空展”在吉林长春开幕。 电影《731》18日在全球首映，首映日观影人次达914万，截至19日下午，票房突破5亿元。 山东泰安“入室抢婴案”19日一审宣判，4名被告人最高被判死缓。 详讯 翟欣欣涉敲诈勒索案19日一审宣判， 翟欣欣 被判处有期徒刑12年，并被处罚金人民币10万元等。 我国科学家发现白垩纪兽脚类恐龙最快奔跑行迹，速度可达45km/h，为深入了解中型兽脚类恐龙的奔跑能力提供最新的实证。 广西大明山保护区发现真菌新种——大明山暗盘菌。 政策 上海明确，持上海市居住证满3年并在上海工作生活的购房人，在上海新购住房且属家庭首套的，暂免征收房产税。 山西放宽退役军人进中小学任教条件，将退役军人参加教师招聘考试的年龄放宽到40岁。 山东支持海参原、良种场保种与育种能力提升，将开展相应种质资源的收集保存、鉴定评价和开发利用，支持新建或改造提升保种、育种设施，单个项目最高补助500万元。 今日天气 　　福建南部、广东中东部、江西南部以及浙江南部、台湾岛西部、重庆中部偏东、辽宁东南部等地有大雨或暴雨，其中，广东中东部、福建东南部等地的部分地区有大暴雨，局地有特大暴雨。 早安中国 　　每个清晨，遇见大美中国。 　　云南省玉溪市江川区星云湖畔，一大片粉黛乱子草争相竞放。夏末至深秋是粉黛乱子草的盛花期，微风拂过，轻盈的花穗如同粉色云雾一般随风翻涌。漫步于观光小径，仿佛置身粉色海洋，令人心旷神怡。江川区欢迎您！ 　　有些好习惯，比如健身、学习一项新技能，也许短期看不到效果，但长期坚持定会有所收益。默默积累，总有一天会由量变到质变。这些事会给你带来想象不到的幸福感，甚至会悄无声息改变你的人生。早安！ 本期编辑：朱田恬，实习生：甘雨欣、 向诗雨 ｜主播：韦礼义 觉得好看，请点这里 ↓ ↓ ↓
习近平同美国总统特朗普通电话（详细报道）,https://mp.weixin.qq.com/s/KOygPE4d3zYAqZ9-qTpCYQ,2025-09-23,9月19日晚，国家主席习近平同美国总统特朗普通电话，就当前中美关系和共同关心的问题坦诚深入交换意见，就下阶段中美关系稳定发展作出战略指引。通话是务实、积极、建设性的。 习近平指出，中美两国在二战中是并肩战斗的盟友。前不久中方隆重举行纪念中国人民抗日战争暨世界反法西斯战争胜利80周年活动，邀请了当年美国飞虎队成员遗属登上天安门城楼观看阅兵仪式。中国人民不会忘记美国等反法西斯同盟国向中国抗战提供的宝贵支持。我们应在缅怀先烈、铭记历史基础上，珍爱和平，开创未来。 习近平强调，中美关系十分重要。中美完全可以相互成就、共同繁荣，造福两国、惠及世界。要实现这个愿景，双方都要相向而行、付出努力，实现相互尊重、和平共处、合作共赢。双方团队最近的磋商体现了平等、尊重和互惠的精神，可继续妥善处理两国关系中的突出问题，争取实现双赢的结果。美方应避免采取单方面贸易限制措施，防止冲击双方通过多轮磋商取得的成果。中方在TikTok问题上的立场是清楚的，中国政府尊重企业意愿，乐见企业在符合市场规则基础上做好商业谈判，达成符合中国法律法规、利益平衡的解决方案。希望美方为中国企业到美国投资提供开放、公平、非歧视的营商环境。 特朗普表示，中国纪念抗战胜利80周年阅兵仪式非常精彩。美中关系是世界上最重要的双边关系，两国合作可以做成很多有利于世界和平稳定的大事，美方希望同中方保持长期、良好的伟大关系。美方希望促进两国经贸合作，将支持双方团队磋商，妥善解决TikTok问题。美方愿同中方一道努力维护世界和平。 来源：人民日报客户端 本期编辑：刘杰、方梓祎 觉得好看，请点这里 ↓ ↓ ↓
【夜读】早睡早起的人生，到底有多赚？,https://mp.weixin.qq.com/s/t2HXCaX--Zs4obwqQztctA,2025-09-23,早睡早起，收获健康 　　有位网友分享自己的经历：她坚持五点半起床晨跑后，身体和心情越来越好。其实，早睡早起看似是一件小事，却可以改变一个人的身体状况和精神面貌。 　　晚上不熬夜，早睡一会儿，你就会拥有一个完全不同的早晨。清晨，拉开窗帘，感受温暖的晨光，身体也逐渐清醒过来。好好吃个早餐，人吃饱了，心踏实了，一整天都会充满活力。 　　早睡不是提前“投降”，而是给身体按下重启键；早起不是刻意吃苦，而是让身体循着太阳的轨迹舒展。我们的身体需要在规律的作息里，积蓄不断向前的能量。 早睡早起，心态积极 　　早睡早起不仅让你的身体更好，还能为你带来积极的心态。当别人还在被闹钟惊醒后匆匆忙忙赶地铁，你已经做好早饭，读了几页喜欢的书，甚至为当天要处理的难题想好了思路。这种“管理时间”的感觉，会让一整天都带着从容的底气。 　　这种积极，不是打鸡血式的亢奋，而是一种掌控生活的平和。从容的心态以及随之而来的健康状态，是我们成功路上的基石。你可以尽情享受属于自己的时光，心无旁骛地投入到生活中去。 　　如果感觉到精力不足，不妨试着改变自己的作息，早睡早起。当一个人情绪稳定、心态平和，一切都会跟着变积极。 早睡早起，掌握人生 　　看过一句话：“观察一个人如何度过清晨，就能知道他如何度过一生。”早睡早起赋予我们的，是对人生的主导权。当我们把熬夜换成早睡，把赖床换成早起，其实是在向生活递交一份主动的答卷：我要亲手规划自己的时间，而不是被欲望和惰性牵着走。 　　当每个早起的清晨都成为习惯，你会发现那些曾经困扰你的迷茫、焦虑、拖延，都在规律的作息里渐渐消解。这不是说早睡早起能解决所有问题，而是当我们学会与时间友好相处，就掌握了打开人生更多可能性的钥匙。 　　愿你养成早睡早起的习惯，不辜负每一天的阳光，不错过每一次的成长。那些看似平淡无奇的日复一日，终将在某一刻，让你看到坚持的意义。 来源： 人民日报夜读  |  主播：赵文龙 本期编辑：郑薛飞腾，实习生：赵盈乔、陈皓迪 觉得好看，请点这里 ↓ ↓ ↓
女子误踩“化骨水”去世，危化品管理必须“上紧弦”,https://mp.weixin.qq.com/s/Ivx8TJ-TKqvz5Gn7K4zvLg,2025-09-23,近日，杭州女子误踩“化骨水”不幸身亡，引发广泛关注。9月18日下午，杭州市公安局余杭区分局发布最新通报。 警方通报指出，涂某某在事发区域垦荒种菜，途经废墟时踩破一只装有氢氟酸的塑料桶，脚部接触液体后出现剧烈灼痛，经抢救无效不幸身亡。该桶为艾某2015年搬离原居住平房时所遗弃。目前，涉案人员已被控制，案件正在进一步侦办中。 这起事件不仅对涂女士的家庭是巨大悲剧，更对危化品管理带来深刻警示。 氢氟酸俗称“化骨水”，名列《危险化学品目录》。 本该严格管控的危化品，涉案人员是从何种途径获取？使用后为何可以随意遗弃？在长达10年时间里缘何无人问津？还有多少危化品正“潜伏”在居民身边？ 这些问号都指向公共安全链条上的薄弱环节，需要一一厘清。 危化品管理事关重大，丝毫马虎不得，否则很可能危及公共安全，威胁居民生命。 从生产到储存，再到经营、运输、使用，以及废弃后的处置等，安全生产上的每一个链条都不能掉链子，每一个环节都必须“上紧弦”。 实际上，我国《安全生产法》《危险化学品安全管理条例》等法规对危化品的生产、储存、使用等都有明确规定。 但法律法规的生命在于执行。目前来看，对这批氢氟酸的处置显然并未严格遵循执行。若空地、荒地沦为“被遗忘的角落”，若危化品管理频频失守，再严密的法律条文也难免落空。 相关监管部门仍需进一步找准薄弱环节，排查风险隐患，切实提升管理水平。 不光是杭州，各地和相关企业均需从这起事件中吸取教训，举一反三，对风险隐患早发现、早处置，不留盲区死角。 无论相关部门还是企业主体，对安全生产规律特点、重点环节安全管控、危险化学品事故的处置与救援等内容，须做到心中有数、手中有术，确保责任落实到位。有关部门在加强宣传教育的同时，还应当实现各部门之间的信息共享，加强监管，加大违法成本。而对于相关从业人员，更需要加强管理，提高其风险防范意识，责任不能减，底线不能破。唯有功夫下在平时，才能真正筑牢安全生产防线。 值得一提的是，就在本月，危险化学品安全法草案二审稿提请十四届全国人大常委会第十七次会议审议。危险化学品安全法（草案二次审议稿）正在征求意见。我们有理由相信，随着法律日益健全，对危化品的治理也将迈入更高层次。 城市治理容不得“被遗忘的角落”，公共安全经不起“出了事再醒悟”。 每个环节都拧紧责任螺丝，积极履职、主动作为，排查隐患，消除危险，“化骨水”等危化品才不会出现在居民脚下。让制度长牙、让监管带电，让法治之网覆盖每一寸土地，公共安全才更有保证。 来源：人民日报客户端，作者：秦风，海报：王宇峰 本期编辑：刘杰、方梓祎 转发提醒！ ↓ ↓ ↓
习近平同美国总统特朗普通电话,https://mp.weixin.qq.com/s/3naNnkjEgxLzgpwcLcU7GQ,2025-09-23,9月19日晚，国家主席习近平同美国总统特朗普通电话。 来源：人民日报客户端 本期编辑：刘杰、方梓祎 觉得好看，请点这里 ↓ ↓ ↓
上海优化调整个人住房房产税试点政策,https://mp.weixin.qq.com/s/pbUbps95wGMyICCvd8X_YQ,2025-09-23,上海市财政局日前发布《关于优化调整本市个人住房房产税试点有关政策的通知》，通知明确， 持上海市居住证满3年并在上海工作生活的购房人，在上海新购住房且属家庭首套的，暂免征收房产税。 为更好满足居民刚性住房需求和多样化改善性住房需求，促进上海市房地产市场平稳健康发展，对上海市个人住房房产税试点有关政策优化调整如下： 一、持有上海市居住证并在上海市工作生活的符合国家和上海市有关规定引进的高层次人才、重点产业紧缺急需人才，和持有上海市居住证满3年并在上海市工作生活的购房人： （一）在上海市新购住房，且该住房属于家庭第一套住房的，暂免征收房产税。 （二）在上海市新购且属于家庭第二套及以上住房的，合并计算的家庭全部住房面积（指住房建筑面积，下同）人均不超过60平方米（即免税住房面积，含60平方米）的，新购的住房暂免征收房产税；人均超过60平方米的，对属新购住房超出部分的面积，按暂行办法的规定计算征收房产税。 二、持有上海市居住证但不满3年的购房人，其上述住房先按暂行办法的规定计算征收房产税，待持有上海市居住证满3年并在上海市工作生活的，其符合第一条规定的免税住房和面积在上海市居住证持证期间已征收的房产税，可予退还。 三、以上政策 自2025年1月1日起执行。 购房人已购应税住房符合上述暂免征收规定的，可向应税住房所在地税务机关申报，并重新办理房产税纳税信息的申报、认定， 对所属期在2025年1月1日以后多征收的税款可予退还。 来源：上海市财政局网站 本期编辑：刘杰、方梓祎 转发周知！ ↓ ↓ ↓
洗完衣服后的这个动作，可能引发多种疾病,https://mp.weixin.qq.com/s/WkFRLfslShFd4xalJXvPww,2025-09-23,要说使用频率最高的家用电器，洗衣机一定榜上有名。 但如果使用或者保养不当，洗衣机也会成为“细菌培养皿”，一些不明原因的皮肤过敏、咳嗽、鼻炎可能都和它有关。 01 洗衣机是怎么变脏的？ 洗衣机能清洗衣物，但自身也常常藏污纳垢。 一项北京家用全自动洗衣机的微生物污染状况调查发现，洗衣机洗涤水样中存在17种细菌。 上海市疾控中心曾抽查了128台使用半年以上的洗衣机，结果显示，洗衣机洗涤桶内槽中的霉菌检出率为60.2%，细菌总数检出率为81.3%，总大肠菌群检出率高达100%，有54.7%的洗衣机同时含有以上三种菌类。 那么，是什么原因导致洗衣机越来越脏呢？ 洗衣机洗涤筒和外筒之间有间隙，内筒壁有许多进出水的小孔。 洗涤时，绒毛、碎屑等污渍，会通过小孔附着在夹层及排水系统部件中。 日积月累加上环境潮湿，细菌滋生较快， 洗涤时通过水附着在衣物上，可能引发多种疾病。 此外，洗衣机进水管处长期有水，细菌和霉菌会在潮湿的管壁上大量生长，也容易通过水流进入洗衣机，污染内环境。 每次使用后，洗衣机内筒都会有少量积水， 很多人取出洗完的衣服， 顺手就关上了洗衣机盖，甚至用布罩上，不利于水分蒸发，易 滋生细菌。 02 洗衣机不干净 可能引发哪些疾病？ 洗衣机一旦 滋生 细菌、霉菌，不但洗不干净衣服，还会增加某些疾病的患病风险。 皮肤过敏 衣服洗涤剂中的游离物、衣物上的灰尘等易残留在洗衣机夹层中，形成水垢和污渍，成为细菌的温床。 细菌残留在衣物上，会引发皮肤瘙痒或过敏现象，免疫力低下的小孩、老人尤其要当心。 霉菌性疾病 霉菌也是重要的过敏原，能形成网状的菌丝体，产生大量孢子。霉菌孢子体积小，在空气中容易飞散， 有些人会出现眼睛、皮肤发红发痒、鼻塞、咳嗽等情况。 除了皮肤病， 还会诱发呼吸系统疾病，如咳嗽、哮喘、过敏性肺炎、鼻炎、霉菌性肺炎等。 股癣、脚气 洗衣机水的温度一般在20摄氏度左右，是真菌繁殖适宜的温度，而且洗衣粉里有蛋白酶，使洗衣机非常有利于真菌生长。 比如， 感染红色毛癣菌会导致股癣、脚气。 类似的还有白色念珠菌， 在身体免疫功能下降或局部菌群失调等特定的情况下会致病，造成霉菌性阴道炎。 03 保养洗衣机的正确方法 为了避免洗衣机变成“脏衣机”，日常使用要注意以下几点。 用完要通风干燥 洗完衣服后要马上晾晒，及时排空洗衣机中的水，顶部开门的波轮洗衣机可用干抹布将里面的水擦干，侧开门的滚筒洗衣机还要把镶嵌在门口垫圈中的水擦干。 每次用完洗衣机，建议通风30分钟至1小时后再盖上，炎热潮湿的季节要延长通风时间。 进水管和排水管也要及时清洗和去除残留污水。 定期清洁 建议定期清洗洗衣机 ， 在换季或洗衣频繁的季节，适当增加频次；每年可以拆机清理一次，从根本上洗刷掉机器上的脏东西。 注意选择洗衣机专用洗涤剂， 不要选择酸碱性较强的洗涤剂，以免降低洗衣机使用寿命。另外， 不要忘记清洗 过滤网 和过滤盒 。 保证放置平稳 洗衣机放置在不平坦的地方，不但会发出噪音，还会发生位移甚至损坏，影响工作效率和使用寿命。 如果噪音较大，可用双手按住洗衣机对角线上的两个角来检查底脚，调节平衡。洗衣服时，也要注意衣物放置适量、均匀，避免机身晃动，清洗不净。 把握好力度、时间 很多人认为洗衣力度越大，清洁效能就越好，习惯将转速提至最高。其实，洗衣力度太大反而会破坏衣物纤维，使用适当的转速就足够去除污垢了。 同样，洗涤衣物的时间过长，不等于一定能去除顽固的污渍，反而伤衣物，可先浸泡，然后用清洁剂洗局部污渍。 来源：生命时报微信，受访专家： 中国家用电器研究院健康家电分析测试中心主任 鲁建国 本期编辑：刘杰、方梓祎 分享 给家人朋友！ ↓ ↓ ↓
太 震 撼 ！别 说 话 ，看 图 🤩,https://mp.weixin.qq.com/s/u_z4wChu0kFryIUZbg-qIA,2025-09-23,9月19日上午 2025空军航空开放活动 和长春航空展正式开幕 没能去现场？ 一组高清大图带你过足眼瘾 ↓ ↓ ↓ 战鹰振翅，翱翔九天 点赞！收藏！ 来源：人民日报客户端，记者：朱笑 熺 本期编辑：刘杰、方梓祎 转发！分享高清壁纸 ↓ ↓ ↓
武汉大学党委书记调整,https://mp.weixin.qq.com/s/q7EBqP5vxTmgTNL31QXp9A,2025-09-23,朱孔军同志任武汉大学党委书记 日前，中央批准：朱孔军同志任武汉大学党委书记，不再担任中山大学党委书记职务；黄泰岩同志不再担任武汉大学党委书记职务。9月19日，武汉大学召开教师干部会议。中央组织部副部长张光军同志到会宣布中央决定并讲话，教育部副部长、党组成员熊四皓同志，湖北省委常委、组织部部长何良军同志出席会议并讲话。武汉大学校长张平文同志主持会议。 中央组织部、教育部、湖北省有关部门负责同志，武汉大学领导班子成员、部分退出领导班子的老同志、教授代表、部门和院系主要负责同志、教职工代表等参加会议。 朱孔军同志简历 朱孔军，1967年8月出生，在职研究生，法学博士，中共党员，研究员。曾任华南师范大学党委书记，广东省委教育工委书记，省教育厅党组书记、厅长，中山大学党委书记（副部长级）。 来源：微言教育 本期编辑：刘杰、方梓祎 觉得好看，请点这里 ↓ ↓ ↓
“东风-5C烧饼，吸引范围覆盖全网！”,https://mp.weixin.qq.com/s/2xfRf1ycj2SjDAcFWVVjMQ,2025-09-23,近日， 河南郑州 一位卖创意烧饼的 小伙 走红了 东风-5C、辽宁舰、 歼-35…… 各种造型的烧饼令人眼花缭乱  网友看后纷纷表示 “东风-5C版烧饼 吸引范围覆盖全网！” 视频来源：中新网 摊主小伙被网友称为 小杨同学 去年，小杨 从 华北水利水电大学 硕士毕业后 工作了一段时间辞职 小杨 “赋闲” 在家期间 父亲要卖掉闲置的烧饼烤炉机 小杨心想，“要不我来试试” 于是就把烧饼做成了 游戏里的武器装备形状 拿到学校门口售卖 一开始，生意并不好 直到有一次，一个路过的小朋友说 “你要是能做出 AUG步枪 （游戏中的装备） 我就买你的烧饼” 小朋友随口一句话 小杨放在了心上 赶紧回家查什么是“AUG” 他照着网上图片的样子 做出了几把枪形的烧饼 第二天，他带着一筐 “军火”造型的烧饼来到学校门口 小朋友们一哄而上 几分钟烧饼就全被抢光了 小朋友们拿着“武器” 不光“打”得过瘾，还能垫垫肚子 小杨的烧饼摊也渐渐成为了 男孩子们的“军火库” 随着小杨的烧饼摊火起来 越来越多的小朋友 提出了更多造型的烧饼 小杨也开始接受定制烧饼 “老板，我 预定的 Hello Kitty呢 ？” “我想要个宝剑造型的！” …… 只要能做的，小杨都会尽力尝试 烧饼种类也越来越丰富 除了最开始的“军火”生意 小杨也推出了“大国重器”系列烧饼 如辽宁舰、山东舰、歼-20等 “辽宁舰”上还不忘摆上“舰载机” 🤣 “ 前不久看完九三阅兵后 我就上新了 东风-5C 造型的烧饼 很快就被抢断货了 小朋友们都很骄傲” 另外，还有各种文物造型的烧饼 如兵马俑、四羊方尊、三星堆面具等 卖烧饼的同时 小杨也会向小朋友们 科普一些相关的知识 就这样，小杨的烧饼摊也延伸出了 更多不同的意义 小杨做烧饼没有模具 全靠一把美工刀手工雕刻 他还巧妙地把学土木培养的 空间想象力、结构思维 都用在了这小小的烧饼雕刻上 手工打造出独一无二的“艺术品” 为此，小杨每天都要花费半天的时间 构思烧饼造型 由于精力有限 他每天只制作30多个烧饼 保证当天制作，当天售完 常常有人买不到 小杨也就搞起了“限购” “优先满足小朋友 每人限购一个，不支持代购” 虽然小杨的烧饼供不应求 但考虑到小朋友的零花钱有限 他把烧饼统一定价为1元/个 天气热了 小杨就做些水果烧饼 ↓↓↓ 期末了，他就烤一些 “三好学生证”发给孩子们以示奖励 ↓↓↓ 久而久之 小杨和孩子们打成了一片 很多孩子一放学 就跑到他的烧饼摊找他聊天 小杨稍微迟到个一两分钟 他的摊位就会被小朋友们 围得“水泄不通” 小朋友也没把小杨当外人 经常给小杨投喂各种零食饮料 有的帮他吆喝生意 现在，小杨的烧饼摊前每天都排起长龙 甚至还有不少成年人求定制 但小杨还是限量供应 唯独多了一条新规 “做给孩子的烧饼 大人只能在未成年人陪伴下购买” 小杨也将制作售卖烧饼的过程 发布到网上 他靠运营自媒体拥有了一定的收入 对于网上有人质疑 说他不务正业 浪费研究生学历 小杨表示，“学历只是一部分 每个人都有很多可能性 找到自己热爱的赛道就好 ” 对于未来， 小杨说 他会持续创新烧饼造型 努力给孩子们 留下一段美好的童年回忆 来源：央视新闻、大象新闻、大河报 本期编辑：胡程远、王若彤 给小杨点赞！ ↓ ↓ ↓
微信存储一下少了10G！亲测有效,https://mp.weixin.qq.com/s/mfoEx5umzNnQARXnBT8dgQ,2025-09-23,　　近日，“微信存储太占空间、用下面这个办法一下子能让手机储存少10个G”，冲进热搜。 存储激增的核心原因 　　1. 聊天记录长期堆积   　　因为微信的聊天记录仅存储在用户本地的设备上，很多朋友常年不清理聊天记录，逐步累积，就会占用越来越多的空间。 　　2. 自动下载未关闭   　　默认开启的“自动下载”功能会将群聊/频道的所有媒体文件保存到本地，长期积累导致空间被无效占用。 　　3. 缓存数据滚雪球效应 　　朋友圈浏览、小程序运行等产生的临时缓存未被定期清理，尤其视频号、网页插件等模块的缓存可达数GB。 这样操作，立即释放10G+空间 　　第一步：清理缓存与原文件（安全高效） 　　1. 基础缓存清理 　　路径：微信 → 我 → 设置 → 通用 → 存储空间 → 清理缓存 → 临时文件（小程序垃圾、预览图等）可 直接清除，不影响聊天记录。 　　2. 新版“原图/原视频清理”（2025年功能） 　　路径：存储空间 → 缓存 → 去清理  → 分别点击  “已接收的原图/原视频” 及 “已发出的原图/原视频”  → 选择  “按文件大小排序”  → 批量删除群聊大文件（如50MB+视频） → 清理后文件转为普通画质缩略图。 　　第二步：精准管理聊天记录 　　1. 按空间占用降序清理 　　路径：存储空间 → 聊天记录 → 管理  →  勾选“图片、视频、文件” （保留文字消息） → 优先清理大于 100MB的群聊 。 　　2. 时间筛选法 　　路径：存储空间 → 聊天记录 → 管理 → 从排序中选择 “从旧到新” 排序 → 批量删除过期工作群文件、旧视频等。 　　第三步：关闭自动下载（从源头减负） 　　路径： 设置 → 通用 → 照片、视频、文件和通话 → 关闭  “自动下载” → 同步关闭  “照片”和“视频”保存到相册 的开关。 　　第四步：处理特殊异常情况 　　·“其他数据”占用过大 → 切换曾登录此设备的其他微信号，重复清理步骤。 　　·清理进度卡顿→ 重启手机，确保电量大于20%后重试。 长期维护策略 频率 操作 预估释放空间 每周 清理缓存及小程序缓存 1至5GB 每月 检查原图/大文件并按大小排序删除 3至10GB 每季度 深度筛选老旧聊天记录（1年以上） 5至15GB 换机前 备份后卸载重装微信 彻底重置空间 关键注意事项 　　1. 备份优先原则 　　清理前通过电脑微信备份与恢复功能保存核心数据（支持按联系人选择）。 　　2. 防误删技巧 　　 重要文件长按 → 多选保存至手机相册或云盘。 　　3. 硬件瓶颈应对 　　若手机内存为128GB且微信常年大于50GB，建议升级256GB+存储。 　　4. 认知误区澄清   　　❌ “删除好友可释放空间”：实际空间占用来自聊天记录文件，与好友状态无关。   　　❌ “重复文件自动合并”：微信不识别重复内容，需手动清理。 用户实践效果参考 　　·清理群聊原视频： 单次释放18.2GB 　　·关闭自动下载后： 相册冗余文件减少80% 　　·定期维护： 每月稳定腾出5至10GB 来源：都市现场综合 本期编辑：胡程远、王若彤 觉得好看，请点这里 ↓ ↓ ↓
美国再次一票否决！,https://mp.weixin.qq.com/s/DMzfgucIjQMNi9pz6HUEnQ,2025-09-23,当地时间9月18日下午，北京时间今天（9月19日）凌晨，联合国安理会在第10000次会议上，就10个非常任理事国提出的一份涉加沙停火决议草案进行表决。 由于常任理事国美国再次一票否决，该决议草案未获通过。 表决结果为14票赞成，美国一票否决 。 这一草案要求在加沙立即无条件实行永久停火； 安理会要求立即、有尊严、无条件释放被巴勒斯坦伊斯兰抵抗运动（哈马斯）和其他团体扣押的所有被扣押人员； 要求以色列政府立即无条件取消对人道主义援助进入加沙的所有限制，确保安全、不受阻碍地向需要此类援助的加沙民众大批量分发援助物资，并且确保全面恢复所有基本服务。 中国常驻联合国代表傅聪表示， 中方对表决结果感到非常失望。 傅聪说，加沙冲突延宕已近两年，造成前所未有的人道灾难。安理会一次次试图作出努力，却一次次被美国强行阻拦。 傅聪说，武力打不出和平，暴力换不来安全。延长战事只会造成更多死亡和仇恨。以色列必须立即停止在加沙的军事行动，停止任何加剧局势紧张的危险举动。 中方希望美国同国际社会相向而行，秉持公正负责任立场，切实为实现停火作出积极努力。 傅聪表示，国际社会维护公道正义的努力不会停止。下周第80届联大将举行一般性辩论和落实“两国方案”高级别会议，中方希望有关国家倾听国际社会的强烈呼声，作出对生命负责、对历史负责的正确决定。中方将继续同国际社会共同努力，推动平息加沙战火、缓解人道灾难、落实“两国方案”，最终实现巴勒斯坦问题的全面、公正、持久解决。 来源：央视新闻、@CCTV国际时讯 本期编辑：胡程远、王若彤 持续关注！ ↓ ↓ ↓
676分上北大考古系的钟芳蓉，有新消息！,https://mp.weixin.qq.com/s/IyKNy5AwS3liD_XwVDEi2Q,2025-09-23,“ 我们来的责任都是 保护、研究、弘扬 但是这个精神不能丢呀 那么你们呢 接上来继续做 ” 60多年前 一位从北大毕业的南方女孩 义无反顾的来到敦煌 1963年的樊锦诗（敦煌研究院供图） 60多年后 一位同样院校相同年华的女孩 沿着前辈的足迹再次西行 接过了他们手中的接力棒 她叫钟芳蓉 偶像就是 被誉为“ 敦煌女儿 ”的樊锦诗 以前可能是自然奇迹 现在也有人类的奇迹 2020年夏天，媒体的聚光灯 对准了这位来自湖南的女孩 钟芳蓉 她高分上了北京大学 让考古闪耀出青春的光芒  去年夏天（2024年） 钟芳蓉选择奔赴理想 到敦煌研究院考古研究所 开启职业生涯 回想刚到敦煌的时候 她在采访中说 “ 看到 沙漠的时候觉得 很荒凉 但是看到绿洲的时候 又感觉这是 一个奇迹 以前可能是自然奇迹 现在也有人类的奇迹 回想樊老师当时是怀抱着怎样的心情 就是跨过那么长那么长的路线 来到这么偏远的地方 ……” 只要进到洞窟里 什么烦心事都消失了 1962年，24岁的樊锦诗第一次踏足敦煌 那时，她正在北京大学历史系 攻读考古学专业 申请前往敦煌文物研究所实习  樊锦诗被当时的情形深深震撼了 在采访中，樊锦诗 回忆起初到敦煌工作时的环境 “我还没来的时候想得很好 这个敦煌研究院那个画多漂亮 一想这个单位一定是窗明几净 谁知道一看是这样子 住的是土房子 用的是土凳子、土桌子 还有煤油灯 没有自来水 喝的水是又咸又苦…… ” “不过，只要进到洞窟里 什么烦心事都消失了…… 我已经感觉自己是 长在敦煌这棵大树上的枝条 …… 我离不开敦煌 敦煌也需要我 ” 开展石窟考古研究 配合危崖加固工程 参加窟前遗址发掘清理工作…… 四季轮转，数十年来 樊锦诗走遍了大大小小735个洞窟 为保护好这座“东方艺术宝库” 和时光进行着争分夺秒的“战斗” 她带领团队日复一日地不断修复、抢救 才让雄奇多姿的雕像 瑰丽华美的壁画至今仍那般 栩栩如生、动人心弦 挥洒心血数十年 如今，年近九旬的樊锦诗步履不停 只要与莫高窟有关的一切 在她心里都是头等大事 “ 我们把希望要放在年轻人身上 我们也年轻过呀 …… 每个人都有好的精神状态 她要能热爱这个事业” 打着手电 一直待到把自己想记的都记完 今年6月 有媒体记者联系上了钟芳蓉的父亲 他说，女儿在敦煌过得很好 很喜欢这份工作 据北京大学考古文博学院团委 学生会平台今年3月发布的 “优秀毕业生问答” 钟芳蓉应邀谈到 目前自己还处于学习阶段 “每天主要做的事情还是学习 像之前在学校一样 上课，听讲座，看书 还有跟老师上洞窟实地考察学习 分配到的工作任务 主要围绕洞窟的记录与调查展开” 如今，对于当前的工作状态 她说，“我是可以自己打着手电 想看哪里看哪里 想记什么就记什么 一直待到把自己想记的都记完 ” “就是感觉时代在发展 非常感谢国家给我们这样的机会 非常感谢一代代莫高窟人 在这里筚路蓝缕 为我们创造了这么好的条件 ”   从文物保护到文化传承 从文化自信到文明复兴 一个甲子的传承 反映的是无数中国文物保护工作者 的精神图谱 这无疑是对历史最好的 继承和礼敬！ 来源：共青团中央综合新甘肃客户端、甘肃青年等 本期编辑：胡程远、王若彤 觉得好看，请点这里 ↓ ↓ ↓
一毫克即可致命？厨房里这些东西千万别“节省”！,https://mp.weixin.qq.com/s/b1roJSfWJH2bUmUtzzRtVQ,2025-09-23,来源：央视网（作者：刘莹 赵修宁 绘图： 是子雯不是蚊子） 本期编辑：胡程远、王若彤 觉得好看，请点这里 ↓ ↓ ↓
翟欣欣涉敲诈勒索案，一审宣判！,https://mp.weixin.qq.com/s/QNygDhK3sPLu2mPo12Clyw,2025-09-23,据北京海淀法院消息，2025年9月19日，北京市海淀区人民法院对被告人翟某某涉嫌犯敲诈勒索罪刑事附带民事诉讼一案依法公开宣判，以敲诈勒索罪判处翟某某有期徒刑十二年，并处罚金人民币十万元，判决翟某某赔偿附带民事诉讼原告人魏某某等人经济损失共计人民币7万余元。 经审理查明：2017年3月，被告人翟某某与被害人苏某某确定恋爱关系。同年5月，二人购买海南省房产一处，总价319万余元，苏某某支付购房首付款199万余元。同年6月7日，二人登记结婚。7月至9月间，翟某某提出离婚，以举报苏某某及其经营的公司相要挟，索要精神损失费1000万元，并要求海南房产归其所有。7月18日，苏某某被迫支付翟某某660万元，后将海南房产的购买人变更为翟某某。翟某某获得上述财物后，仍多次威胁苏某某，索要剩余钱款，2017年9月7日，苏某某坠楼身亡。翟某某已退赔全部违法所得。 经审查，附带民事诉讼原告人魏某某等人因被害人苏某某死亡而造成的丧葬费、交通费等经济损失共计人民币7万余元。 法院经审理认为：被告人翟某某的行为构成敲诈勒索罪，数额特别巨大。在案证据显示，翟某某与苏某某婚姻关系仅存续42天，二人无夫妻共同财产，翟某某索取的系苏某某个人财产。翟某某不存在离婚时申请补偿、损害赔偿的民事请求权基础，为索取财物实施了敲诈勒索行为。法院综合考虑翟某某犯罪的性质、情节、社会危害程度等，依法予以量刑。附带民事诉讼原告人魏某某等人所主张的赔偿请求符合法律规定，法院均予以支持。 公诉人、附带民事诉讼原告人及其委托诉讼代理人、被告人、辩护人到庭参加宣判。 来源：人民日报客户端，记者：魏哲哲 本期编辑：胡程远、王若彤
4名被告人最高获死缓！山东“入室抢婴案”宣判,https://mp.weixin.qq.com/s/BanvtkRPiDFSiepsE6uydA,2025-09-23,据泰安中院微信公众号消息，山东泰安“入室抢婴案”今天（19日）一审宣判，4名被告人最高被判死缓。 来源：泰安中院 本期编辑：胡程远、王若彤 依法严惩！ ↓ ↓ ↓
痛心！“小喜乐”离世，他才出生237天...,https://mp.weixin.qq.com/s/KaHAM-CqZM83duHhDmi_vA,2025-09-23,9月12日下午4时48分 浙大儿院重症监护室 随着心电监护仪的绿线 慢慢拉成直线 出生237天的小喜乐（化名） 离开了人间 “他真的特别爱笑” 这是几乎所有医护人员的印象 这个今年1月18日才来人间的宝宝 虽然多数日子在病床上度过 但生命终点 他留下了最暖的礼物—— 爸妈决定把他的遗体捐给杭州医学院 供儿童疾病研究 小喜乐生前特别爱笑 “本来想捐器官 让他换种方式活着” 小喜乐妈妈是护士 比谁都懂器官捐献的意义 可孩子病重太久 器官衰竭 这个愿望没能实现 夫妻俩垂泪说 “我们深知医学的局限性 就算救不了当下 也要给后来的孩子留希望” 小喜乐生病后吸着氧气躺在妈妈怀中 浙大儿院CICU主任施珊珊介绍 孩子得的是肺静脉狭窄 在外院做完手术没有好转 多次病危送来医院 后来呼吸衰竭、肺出血 医务人员拼尽全力，还是没留住 肺静脉 是肺部“净化”完的血液回心脏的通道 一旦变窄甚至堵死 就像水流被卡在半路 肺部淤血、肺动脉高压跟着来 宝宝会呼吸急促、吃奶呛咳、反复肺炎 严重时心衰 这种病在婴幼儿中不算常见 却很凶险 手术是主要办法 但血管太细 术后容易再狭窄 不少孩子要多次治疗 预后因人而异 正因如此 每一份研究标本都像“钥匙” 可能解开疾病密码 让以后患有此类疾病的患儿 获得新生的希望 9月16日 杭州医学院举行了 简单而庄重的遗体告别仪式 没有喧嚣，只有敬意 妈妈写给小喜乐的信 小喜乐成了一名“大体老师” 这个仅仅来人间237天的小天使 将用小小的身体 为更多孩子带去希望 来源： 浙江新闻综合潮新闻（记者：杨茜 通讯员：祝姚玲 曹燕芳）、浙大儿院 本期编辑：胡程远、王若彤 小喜乐，一路走好↓ ↓ ↓
长期炎症会“唤醒”癌细胞！这份抗炎指南每个人都该看看,https://mp.weixin.qq.com/s/kglTDxFg1EpQIp4jJSB_5A,2025-09-23,　　持续性疲劳、全身疼痛酸痛、皮肤发红湿疹、经常腹泻或 便秘……这些生活中很常见的表现，可能是长期慢性炎症的表现。 　　长期慢性炎症（也被称为 “沉默的炎症”）之所以危险，正是因为它一般不会出现 像 急性炎症那样红、肿、热、痛的剧烈症状，而是以一种更隐蔽、更系统性的方式侵蚀健康。 近日，一项最新研究发现： 长期炎症会 “唤醒”休眠的癌细胞。 长期炎症会“唤醒”癌细胞 　　很多癌症患者经过手术，原发的癌症切除干净后，仍会在几个月或几年后出现复发，这通常是由潜伏在其他器官的休眠癌细胞被“唤醒”所导致的。 　　2025年9月，中国科学院、麻省理工学院的研究人员在《美国国家科学院院刊》上刊发的一项最新研究发现： 炎症可以唤醒远端转移的休眠癌细胞，从而引发癌症转移和复发。 　　研究人员 利用小鼠进行 了 实验： 首先在实验小鼠身上模拟了乳腺癌发生和向肺部转移的过程，并发现一些癌细胞会进入 “休眠状态”——就像进入了深度睡眠一样，这些 癌 细胞既不分裂增长，也无法形成新的肿瘤病灶。 研究截图 　　当研究人员在 小鼠 肺部 诱发 炎症后，这些原本 “睡着”的癌细胞竟被“唤醒”了。更重要的是，苏醒后的癌细胞自身也发生了明显变化： 它们从原本不活跃的状态转变成一种准备行动的状态，重新获得了分裂和形成转移瘤的能力。 长期炎症很可能会拖成癌 　　国际癌症研究中心曾表示：世界上1/6的癌症由细菌、病毒感染引起，这些感染便是俗称的炎症。 它通过持续损伤正常细胞、促进异常增殖并破坏机体正常的修复机制，最终诱发癌细胞的形成与扩增。 　　浙江医院肿瘤科主任医师江皓在2022年发布的一篇文章指出，慢性低度炎症不仅会造成细胞与组织的持续损伤，还会引起DNA损伤和突变，从而显著增加癌变风险。 　　从炎症进展为癌症的过程，常被称作“炎症—癌变链”。2015年发表于《第二军医大学学报》的“饮食营养与炎症—癌症危险性的关系”研究指出， 体 内炎症环境是多种癌症发生的重要危险因素，许多癌症都源于慢性炎症背景。 例如： ⚠️ 吸烟→ 气管炎 → 肺癌 ⚠️ 胃炎→ 胃癌 ⚠️ 慢性溃疡性结肠炎→ 结肠癌 ⚠️ 慢性肝炎→ 肝癌 这份抗炎指南 每个人都该看看 　　抗炎并不需要昂贵的保健品，它恰恰源于生活中吃、喝、运动、睡眠和心情这五个最基本却又最重要的方面。 ✅优选抗炎食物，避开促炎饮食 　　多吃天然彩色蔬果： 比如蓝莓、西兰花、胡萝卜、番茄等，它们富含抗氧化剂和多酚类物质，能有效对抗炎症。 　　多选择健康脂肪： Omega-3 脂肪酸是天然的抗炎高手，常见于深海鱼（如三文鱼）、亚麻籽、核桃中。 　　多用天然香辛料调味： 姜、蒜、肉桂、咖喱等天然香料含有抗炎成分，美味又健康。 　　减少促炎食物摄入 ： 少吃 高 糖零食、油炸食品、精制碳水（蛋糕 / 高糖面包）和过度加工肉类 ， 它们会加剧体内炎症反应。 ✅ 保证充足饮水，选择抗炎饮品 　　多喝白水或茶： 水有助于代谢废物， 绿茶中的茶多酚具良好抗炎特性 。 　　适量饮用咖啡： 黑咖啡富含抗氧化物质，但应避免加入过多糖和奶油。 　　少喝含糖饮料： 奶茶、果汁饮料等含大量添加糖，会促进炎症发生。 ✅ 保持规律运动，避免久坐 　　中等强度运动： 如快走、游泳、骑自行车， 每 周 150 分钟左右，能有效降低炎症指标。 　　加入力量训练： 增强肌肉不仅能改善代谢，也有助于控制炎症。 　　避免长期久坐： 每隔一小时起身活动一下，降低久坐带来的炎症风险。 ✅ 保证优质睡眠与 充足的休息 　　每晚 7-8 小时睡眠： 睡眠不足会升高皮质醇和炎症因子水平。 　　尽量保持规律作息： 固定时间入睡和起床，帮助身体建立健康的生物节律。 来源：健康时报 本期编辑：胡程远、王若彤 觉得好看，请点这里 ↓ ↓ ↓
来了！新闻早班车,https://mp.weixin.qq.com/s/aX9g8ZL7KW-ikB-1pAqnFA,2025-09-23,点击这里，查看更多精彩内容 要闻 今年是九一八事变爆发94周年。9月18日上午，勿忘九一八撞钟鸣警仪式在辽宁沈阳举行。 8月，我国规模以上装备制造业增加值同比增长8.1%，主要产品产销两旺，有力推动工业经济平稳运行。 数据显示，2024年全社会研发投入超3.6万亿元，较2020年增长48%；研发人员总量世界第一。 1至8月，邮政行业寄递业务量累计完成1399.2亿件，同比增长15.5%。 农业农村部农情调度显示，目前全国秋粮收获进度过一成。 国家能源局数据显示，截至8月底，我国电动汽车充电基础设施总数达到1734.8万个，比去年同期增长53.5%。 截至今年8月底，国开行“十四五”以来累计发放超过6万亿元基础设施中长期贷款，全力支持基础设施重点项目建设。 1至8月，全国边检机关累计查验出入境人员4.6亿人次，同比上升14.9%。 商务部18日表示，关于TikTok问题，中方立场是一贯的，反对将科技和经贸问题政治化、工具化、武器化，绝不会以牺牲原则立场、企业利益和国际公平正义为代价，寻求达成任何协议。 当地时间17日，美联储决定将联邦基金利率目标区间下调25个基点，至4.00%-4.25%之间。 社会 今年第17号台风“米娜” 将于今天 下午至晚上在广东惠来至台山一带沿海登陆，登陆后向偏西方向移动，强度逐渐减弱。 截至目前，我国已建成约460万个5G基站。 公安部消息，近年来，共有6.8万名境外涉诈犯罪嫌疑人成功归案。 10起打击整治网络违法犯罪典型案例日前公布，涉及用AI编造网络谣言、“开盒”网暴检察官等。 详讯 17日，郑州市市场监管局依法对携程旅行网运营主体进行行政约谈。 东北抗日联军的创建者和主要领导人之一赵尚志将军牺牲的时间确认：1942年2月12日7时。 18日，黑龙江省档案馆依法首次向社会公布“侵华日军强征及奴役中国劳工”专题档案，共计62件。 杭州警方通报女子误踩氢氟酸中毒身亡调查情况：涉案人员已被控制。 详讯 18日，全国最大的“线性菲涅尔”光热综合能源示范项目——三峡集团哈密百万千瓦“光热+光伏”项目实现全容量并网发电。 我国科研团队成功研发出新型氢负离子原型电池，相关成果发表在权威学术期刊《自然》上。 政策 国家卫健委、财政部18日印发《育儿补贴制度管理规范（试行）》，明确育儿补贴的申领资格，精简申领材料，优化申领程序，以线上申领为主。 《旅居车辆 安全标志和信息符号》国家标准日前发布，要求旅居车辆在关键区域张贴醒目提示标志，用直观方式帮助使用者规避风险等。 北京明确，凡在京参保的企业职工，基本养老保险、失业保险、工伤保险、职工基本医疗保险（含生育）的月缴费基数上限为35811元，下限为7162元。 今日天气 　　西藏东南部、辽东半岛、四川东部和南部、重庆西部和北部、陕西南部、山西南部、河北南部、山东南部、河南大部、安徽北部、江苏北部、浙江南部、福建南部、广东东部等地有中到大雨，其中，四川盆地东北部、河南中东部、山东南部、苏皖北部、福建东南部、广东东部等地的部分地区有暴雨或大暴雨，广东东部沿海局地特大暴雨。 早安中国 　　每个清晨，遇见大美中国。 　　四川平武县龙安镇，一棵棵紫薇树花开正盛，紫红的花朵缀满枝头。紫薇花期绵长，从夏天一直绽放到秋天。树冠茂密，花团锦簇，微风吹过，散发出淡淡的幽香。红墙黛瓦下，花朵更显柔美，形成“红墙黛瓦映紫花”的独特景致。龙安镇欢迎您！        没有信手拈来的幸福，也没有不劳而获的成功。把每件简单的事做好就是不简单，把每件平凡的事做好就是不平凡。专注于当下的生活，用心做好每一件事，你会离理想的生活越来越近。新的一天，早安！ 本期编辑：朱田恬，实习生： 陈皓迪、 杨佳凝 ｜主播：韦礼义 觉得好看，请点这里 ↓ ↓ ↓
【夜读】“能量低”的时候，立刻去做这5件事,https://mp.weixin.qq.com/s/c7JlIyue5ovMTetoMJ7epA,2025-09-23,　　生活中，或许你也曾有过“低能量”时刻：觉得浑身提不起劲，只想躺着一动不动，仿佛耗尽了“电量”。如果此刻你处于这种“能量告急”的状态，请立即去做这5件事。 让身体先动起来 　　能量低的时候，我们常常会想着窝在原地不动，但越是这样，越容易陷入疲惫的循环。不如试着让身体先迈出第一步：不用去跑几公里，也不用做复杂的运动，只是起身在房间里走几圈，伸个懒腰让肩膀放松，或者到楼下慢慢散步，感受风拂过脸颊的触感、脚踩在地面的踏实。 　　身体的轻微活动，就像给停滞的能量按下启动键。当你专注于呼吸的起伏、肢体的舒展，那些杂乱的思绪会慢慢沉淀，紧绷的神经也会逐渐放松。不用刻意追求运动效果，只是让身体动起来，和自己的节奏慢慢磨合，能量会在不知不觉中悄悄回流。 去做一件小事 　　能量低的时候，不妨找一件能让你专注的小事：比如拼一幅拼图，专注于每一块碎片的位置；又或者只是整理书桌，把资料、书籍归置整齐。 　　无需在意这些小事是否完美完成，只是通过这个过程去尝试一点点集中你的注意力。 当你沉浸在做事的过程里，那些让人疲惫的烦恼就会被暂时忘记。爱好就像一束阳光，能给低落的心情带来一丝暖意，让能量得到滋长。 允许自己暂时休息 　　能量低时，我们很容易陷入自责陷阱：觉得自己还是不够好，不够坚定。其实，就像手机需要充电，人的能量也有“续航极限”，暂时休息不是偷懒，而是给能量“充电”的必要过程。 　　不用强迫自己必须完成多少事，也不用焦虑休息会耽误进度。允许自己暂时停下来，接受此刻的“没力气”，等休息够了，心里的能量会慢慢重新聚集，再出发时反而更有力量。 将情绪表达出来 　　有时，一些让我们不开心的情绪会像一团乱麻，憋在心里越缠越紧，让疲惫感加重。其实，你不用强迫自己乐观坚强，试着把“我好累”“我有点难过”说出口；也可以写在笔记本上，不用在意措辞，只是把心里的想法如实记录；如果愿意，也可以和信任的人轻轻抱怨一句“今天状态不太好”。 　　情绪需要出口，你把心里的感受表达出来，就像为自己打开了一扇窗，让积压的疲惫慢慢散出去。不用害怕传递负能量，真诚的表达能够得到他人的谅解，也能让你卸下心里的重量。 做正向思维小练习 　　能量低时，思绪很容易被负面想法包围，觉得自己什么都做不好。这时，不用强硬地与负面想法对抗，可以试着做一点正向思维的小练习，回想今天发生的一件温暖小事，可能是吃到了喜欢的食物，可能是听到了一句温暖的话，可能是顺利完成了一件小事。 　　你还可以对自己说几句温柔的话：“今天虽然没做太多事，但那件很难的事已经开了一个好头”“累了就休息，没关系”。正向暗示，就像给心里播下一颗颗种子，慢慢会长出力量，驱散负面情绪的阴霾，让能量一点点回归。 　　能量低从来不是过错，而是生活给我们的提醒，它告诉我们该适时地关心自己。不用急着追赶别人的脚步，也不用强迫自己立刻恢复状态。按照自己的节奏，慢慢做这几件事，让心慢慢回暖，让能量慢慢回归。 来源：人民日报夜读综合｜主播：赵文龙 本期编辑：郑薛飞腾，实习生：余典 觉得好看，请点这里↓ ↓ ↓
香港发生黄金大劫案！港媒：警方已拘捕7人,https://mp.weixin.qq.com/s/lCVgt2eMaBRLPsxiEBIL2w,2025-09-23,据《大公报》等港媒9月18日报道，香港红磡发生黄金大劫案，10名男子于17日凌晨5时30分闯入一间珠宝打金工场，劫走价值约5700万港元的黄金及3万港元现金。匪徒抢劫后赶走工厂内职员等人并锁门离开。据香港星岛头条网、大公文汇网最新消息，据了解，警方经调查后已拘捕7名涉案人士。 报道称，事发现场是红磡鹤园东街1号富恒工业大厦4楼一间黄金及珠宝首饰加工工场。17日上午11时许，警方接获一名47岁的女职员报案称，凌晨5时30分许，她与5名友人在上址休息和吃饭期间，突然有10名男子闯入工场，喝叫“打劫”，并将在场人士押入房间。匪徒迅速在工场专门存放黄金的房间内掠去总值约5700万港元、重约65公斤的金条、金砖及金粉，并撬开工场内保险箱，劫走约3万港元现金。 匪徒得手后，将包括女职员在内的所有在场者赶离工场，并用铁链锁上工场大门后，迅速逃走。遇劫的女职员及友人等留在门外，女职员随即致电通知公司老板，工场负责人到场点算损失后，于当天上午11时许报警。 警方接报迅速到场，封锁并勘验现场，同时调取工场、工业大厦及周边公共区域的监控展开调查。经初步调查，案件列作抢劫案，损失仍在点算中。案件由西九龙重案组接手跟进，全力追缉涉案男子归案。 报道称，香港以往发生过多宗类似的黄金大劫案。翻查资料显示，2024年1月30日，落马洲一名男子驾客货车运送价值约400万港元的8块金条时，被刀匪拦截及抢劫，车辆与金条失踪，警方事后拘捕4名涉案男子，金条下落不明。2016年11月22日，一名运输工人驾车载着总值逾7000万港元的258条金条，运往粉岭的一个打金工场，行至粉岭安全街遭3名刀匪喷射胡椒液体，劫走其中81条，总值约2268万港元，警方通缉5名贼人及两部涉案车辆归案。 来源： 环球网/尹艳辉 本期编辑：刘杰、方梓祎 关注！ ↓ ↓ ↓
警惕清洁剂中隐藏的“化骨水”！你家可能也有→,https://mp.weixin.qq.com/s/ag9-K4a4nF7gAF2QXb81ug,2025-09-23,近日，一起 危险化学品 氢氟酸 致死事故 将氢氟酸推向公众视野。 9月9日， 浙江杭州 的涂女士外出时，不慎踩中废弃的化学品氢氟酸， 当场便无法行走 。 涂女士 送医后被确诊氢氟酸中毒， 相继出现心脏衰竭、呼吸停跳等危重症状，最终不幸离世。 目前， 涉案人员已被控制，案件正在进一步侦办中 。 氢氟酸等 危险的化学品看似离我们很遥远，其实就“隐藏”在日常生活中。 怎样防范风险？ 一旦接触到危险的化学品，如何进行院前急救？ 生活中常见 这些清洁剂或含“化骨水” 氢氟酸是氟化氢 （HF） 的水溶液，是一种危险的 高 毒性 化学品 。根据《 化学品分类和标签规范 》， 氢氟酸属于“急性毒性”危害级别中的类别1，即毒性最高，皮肤接触会致命。 氢氟酸听起来有点陌生，但由于它能溶解氧化物，所以 不少人家中常备的清洁剂里都会添加这种成分 ，比如 玻璃清洗剂、瓷砖清洁剂、“三无”清洁剂 等，会添加 氢氟酸，来增强去污效果 。 武汉市第三医院皮肤创面修复中心医生曾静表示，自己接诊的氢氟酸灼伤病患也并不少。 今年1月3日，福建泉州的钟先生在清理陶瓷上的陶瓷花纸时，虽然已戴上两层工业布手套，并用棉签蘸取氢氟酸，但因未使用专业的橡胶手套，且蘸取量较大， 氢氟酸渗透进了布手套，造成手指灼伤 。 图源：新闻晨报 注意家中化学品的隐形风险 除了 氢氟酸，生活中的这些化学品也暗藏风险，你家可能也有： 打火机 打火机所使用的燃料都是可燃性气体，经加压后充入封闭气箱，一旦 受热就会迅速膨胀， 极易点燃、爆炸 。 ⚠️使用注意 ：高温天，不要将打火机放在车内，也不要放在阳光直射的地方，最好存放在阴凉处 ，以防受热爆炸；不要让打火机受到 挤压和撞击 。 酒精 酒精蒸气与空气混合可能引起爆炸，遇明火、高热也能引起 燃烧爆炸 。 ⚠️使用注意 ：家中的酒精，一定要存放在阴凉、通风的地方；要远离火种、热源，避免阳光直射；使用酒精消毒时，应避开火源。 杀虫剂 杀虫剂内的 丙烷、丁烷 成分与空气混合后易形成爆炸性混合物，遇 明火、火花或高温 易爆炸。喷雾杀虫剂瓶内有压力， 外力撞击或摩擦起热 也易引发 爆炸 。 ⚠️使用注意 ：避开明火，储存时远离高温和暴晒；避免与电蚊拍一起使用。 含氯消毒剂 含氯消毒剂（如84消毒液、漂白粉）用于日常消毒和衣物漂白，过量吸入损伤呼吸道， 与酸性物质混合会产生有毒氯气 ，导致 化学性肺炎甚至窒息 。 ⚠️ 使用注意 ：按照使用说明稀释使用；避免与酸性物质（如洁厕灵等）一起混合使用。 管道疏通剂 强酸强碱类化学品（硫酸、盐酸、氢氧化钠）存在于洁厕灵、管道疏通剂中， 具有强腐蚀性 ，可致 皮肤灼伤、组织坏死及呼吸道损伤 。 ⚠️使用注意 ：佩戴护目镜、手套、口罩、面罩，穿防护服，尽可能避免皮肤和黏膜暴露；管道疏通剂成分不一，不可混合使用；使用过程中切勿凑近观察。 外出时注意识别 危险货物运输车 外出时，经常能看见危险货物运输车辆，车型通常为 罐车和厢式货 车 两种，车辆的醒目位置都有 “ 危险品”标识 。 常见的危险品标志。 驾驶人若在路上遇到这些车辆，应注意以下几点： 保持车距 ，减速慢行，避免追尾； 超车前打好转向灯示意超车，并与其保持安全的横向间距； 若暂时无法超车，应 留意其运输的危化品种类 ，一旦出现意外，能立即有针对性的自救； 停车休息时，不要在危化品车辆旁长时间逗留，更 不要在车辆附近吸烟 。 一旦接触化学品 如何进行院前急救？ 广州市红十字会医院烧伤整形科主任医师李孝建建议，无论接触哪种危险化学品，都可遵循 “先自救、快就医、讲清楚” 的原则，最大限度降低伤害。 若皮肤接触到化学品 ：应 立即脱去 被污染的衣物、鞋袜、手套等，避免化学品持续作用。用大量流水冲洗接触部位， 冲洗时间至少15分钟 ，冲洗后立即就医； 若化学品为 粉末状 ：应先轻扫粉末再冲洗，避免摩擦加重损伤； 若 吸入化学品气体 ：要立即脱离污染环境，转移至通风良好处。若出现咳嗽、呼吸困难、头晕等症状，应立即坐下或躺下，避免剧烈活动，及时就医； 若 误食化学品 ：切勿强行催吐或自行随意进食饮水，应尽快就医。 就医时， 尽可能说明接触的化学品 名称、浓度、接触途径 （皮肤、眼部、吸入、误食）、 接触时间以及已采取的自救措施 ，以便医生快速制定救治方案，为抢救赢得时间。 重要提醒 ： 危化品并非只存在于化工厂、实验室，日常用品中也有潜在危险源，务必提高警惕，掌握正确的急救知识。 来源：央视新闻综合国家应急广播、北京应急 本期编辑：刘杰、方梓祎 转发周知 ↓ ↓ ↓
太帅了！🤩震撼+1+1+1+1+1+……,https://mp.weixin.qq.com/s/7GVv_AhABcWF4t_WWm7KEg,2025-09-23,2025年空军航空开放活动 倒计时   1   天 人民空军新质作战力量 空对空（A2A）视觉影像大片 重磅来袭！ 该片首次采用8K电影机 对运-20、歼-20、歼-16等战机 进行正向视角空对空（A2A）摄影 呈现三型战机空中加油 战术机动、大机群编队等 超高清独家画面 一组高清大图 感受中国战机的力与美 ↓ ↓↓ 铁翼展长空，炫舞天地间 一起点赞！ 来源：人民空军、央视军事 本期编辑：刘杰、方梓祎 转发收藏！↓ ↓ ↓
太帅了！🤩震撼+1+1+1+1+1+……,https://mp.weixin.qq.com/s/7GVv_AhABcWF4t_WWm7KEg,2025-09-23,2025年空军航空开放活动 倒计时   1   天 人民空军新质作战力量 空对空（A2A）视觉影像大片 重磅来袭！ 该片首次采用8K电影机 对运-20、歼-20、歼-16等战机 进行正向视角空对空（A2A）摄影 呈现三型战机空中加油 战术机动、大机群编队等 超高清独家画面 一组高清大图 感受中国战机的力与美 ↓ ↓↓ 铁翼展长空，炫舞天地间 一起点赞！ 来源：人民空军、央视军事 本期编辑：刘杰、方梓祎 转发收藏！↓ ↓ ↓
女子误踩氢氟酸后去世，警方通报！,https://mp.weixin.qq.com/s/MMmtE1c3hTCBnTWB3u6d0w,2025-09-23,9月18日下午，杭州市公安局余杭区分局发布关于“女子误触氢氟酸不幸身亡一事”的最新调查情况通报。全文如下： 针对余杭区一女子涂某某(女，1974年出生，江西人，暂住余杭闲林街道，与丈夫共同经营食品店)误触氢氟酸不幸身亡一事，经公安机关调查侦查，有关情况通报如下: 2025年9月9日18时28分，分局接群众报警称，涂某某在闲林街道星洲翠谷小区南侧山坡踩到疑似化学品，目前正在医院救治。接警后分局立即指令闲林派出所出警，并联动相关部门赶赴现场处置。 经查，9月9日上午，涂某某陪同两位女性朋友在事发区域垦荒种菜，其间涂某某在经过废墟时踩破一只白色方形塑料桶，脚部接触桶内液体(氢氟酸)后出现剧烈灼痛。同行人员取水为其冲洗后将其送至涂某某丈夫经营的食品店，后由其丈夫送医救治。 现场勘查发现， 在废墟处另有两个同类型塑料桶(一桶满装、一桶剩半桶，均密封)和一外包装纸箱残片(上有生产企业名称和生产许可证编号)。经调查，该废墟处原建有一平房，艾某发(男，1938年出生，湖北人)于2013年至2015年期间曾在该空置平房居住，该三桶氢氟酸系其从事外墙清洗工作的儿子艾某槟(男，1973年出生)放置，2015年搬离时遗弃。 目前，涉案人员已被控制，案件正在进一步侦办中。 来源：人民日报客户端，记者：刘军国 本期编辑：刘杰、方梓祎 关注！ ↓ ↓ ↓
谈到台湾问题，中国国防部长发声！,https://mp.weixin.qq.com/s/HJlwmLOiFv9JTgUxzQisVg,2025-09-23,9月18日，第十二届北京香山论坛在北京国际会议中心开幕。国防部长董军出席论坛并作主旨发言。 谈到台湾问题时，董军表示，台湾回归中国，是战后国际秩序的重要组成部分， 台湾属于中国的历史和法理事实不容置疑。中国人民解放军始终是捍卫祖国统一的无坚不摧的强大力量，绝不允许任何“台独”分裂图谋得逞，我们随时准备挫败任何外部武力干涉。 董军在发言中指出，今年是中国人民抗日战争暨世界反法西斯战争胜利80周年。 在铭记历史、共创未来的重要时刻，我们要秉持正确二战史观，坚定捍卫历史正义，凝聚最广泛共识。 中国军队愿同各方一道，捍卫主权平等，守护战后秩序，支撑多边主义，维护共同利益，共同推动改革完善全球治理体系。我们要践行守护和平的正道，倡导和平理念、当好和平压舱石、发展和平友谊，为世界长治久安提供正能量。 董军表示，身处充满挑战的时代，合作是最好的选择。中国军队将同各方以实际行动共筑安全屏障，持续深化军事互信，加强多边协作，提升合作质效，完善合作机制，为维护世界和平、构建人类命运共同体作出新的更大贡献。 本届论坛主题为“共护国际秩序、共促和平发展”，100余个国家、地区和国际组织官方代表及专家学者和各国观察员等1800余名嘉宾出席。 来源： 央视军事、 国防部发布 本期编辑：刘杰、方梓祎 祖国必须统一，也必然统一！ ↓ ↓ ↓
为什么有的人手上青筋暴起？这些地方出现青筋，一定要小心,https://mp.weixin.qq.com/s/b_AQzjTxQNwTD2831zTb8Q,2025-09-23,关于青筋，网上经常有流言称：手臂冒青筋代表内脏有毛病、体内淤滞......读完让人不由担心起自己的身体是不是出了问题。 其实， 在大多数情况下， 皮肤冒出青筋是正常且健康的。 01 所谓的“青筋”到底是什么？ 青筋，其实就是我们 皮肤下的静脉血管 。它们的主要任务是把身体各个部位的血液输送回心脏。相比动脉，静脉的血管壁更薄，位置更浅，这让它们更容易被观察到。 为什么这些静脉在皮肤下看起来是青色的，而不是红色呢？ 这主要与 光的穿透深度、反射特性和人眼的色彩感知机制 有关。 蓝光相比红光穿透皮肤的深度较浅，因此在血管深度上 ，蓝光的反射受到的影响较小，而红光由于穿透更深，被去氧血红蛋白大量吸收，反射减少得更多。这种反射差异使静脉看起来偏蓝，蓝色与少量绿色就呈现青色。 模拟短波长（450nm，蓝光）、中波长（550nm，绿光）和长波长（633nm，红光）穿过皮肤后从静脉区域反射的强度变化。 根据视网膜色彩感知理论，人眼通过对比血管区域和周围组织的反射光比例感知颜色。由于红光反射的减少更显著，人眼最终将静脉感知为青色。 静脉区域与周围区域在不同波长光反射强度上的差异。 静脉的深度和直径也有影响：越深和越大的血管越能增强这种蓝色感知。 总之， 静脉呈现青色是光学特性与视觉感知的共同作用结果 。 02 为什么有的人青筋凸起 十分明显？ 你有没有注意到过这样一个现象，有的人手看起来光滑细腻，而有些人手背上的“青筋”则异常突出。 这种差异与身体的多个因素有关。 1.体脂的厚度 如果一个 人皮下脂肪较少，比如体型瘦削或者经常健身的人，静脉血 管会更容易被看到。尤其是在运动后，血液循环加快，静脉血流增多，血管会短时间内明显凸起。而那些皮下脂肪较厚的人，脂肪层就像一层“隔板”，让静脉不容易显露出来。 2.年龄 年轻人的皮肤弹性好，紧致而有厚度，即便血管稍微凸起也不明显。但随着年龄增长，皮肤逐渐松弛、变薄，静脉失去遮挡，显得更为突出。 至于哪种更健康，单纯看“青筋多少”是无法判断的，还是需要结合整体的身体状态来判断。 03 这几类青筋异常凸起要留意 大多数情况下，青筋显现是正常的生理现象，我们不需要担心。但是有的也可能是身体发出的求助信号，我们可以根据青筋的部位、形态和伴随症状，及时判断是否存在潜在的健康问题。 1.下肢青筋凸起 如果发现 下肢青筋凸起 ，特别是久站或久坐后，腿部静脉血管显得格外明显，每一节还粗细不均，甚至伴有酸胀感或乏力， 可能是 静脉曲张 的征兆 。应尽快到血管外科就诊，排除慢性静脉疾病，长时间得不到改善可能导致下肢水肿、溃疡甚至血栓。 2.局部青筋显现 另一种需要注意的是下肢突然疼痛、肿胀或皮肤发热之后，出现的 局部青筋显现 ，尤其是只发生在一侧，这 可能是 急性深静脉血栓形成 的表现 ；或者在某侧下肢突然疼痛、肿胀或皮肤发热之后6个月， 再次出现该侧下肢青筋显现 ，伴有沉重、胀痛、皮肤瘙痒、色素沉着、湿疹等， 要考虑 慢性深静脉血栓形成 的可能 ，甚至有的人会在这个时间出现腹部青筋凸起。这些表现都应该尽快 到血管外科就诊 。 3.腹部青筋凸起 不过，如果是 腹部青筋凸起 更常见的原因是因为门静脉和下腔静脉这两大静脉系统被压迫， 常见于 肝硬化、腹水、下腔静脉血栓 等 情况。 4.颈部青筋持续显现 此外， 颈部青筋突然持续显现 ， 可能与 右心衰竭、上腔静脉综合征 有关 ，前者通常伴有下肢水肿和呼吸困难，后者通常伴有上肢和颜面部水肿。 总的来说，如果发现异常凸起的青筋伴随疼痛、肿胀、皮肤变化等症状，应尽早就医检查，避免延误治疗时机。健康的青筋是“安静”的，而任何“不安静”的表现都值得警惕。 来源：科普中国，作者： 蒋永源  第三军医大学内科硕士，审核： 黄盘冰 江苏南通苏锡通科技产业园区人民医院 内科主任，策划：王梦如 本期编辑：石磊、方梓祎 转发周知 ↓ ↓ ↓
携程被约谈,https://mp.weixin.qq.com/s/1mCqqX-utuEsR5bzLq84Lg,2025-09-23,据“郑州市场监管”微信公众号消息， 2025年9月17日，郑州市市场监管局依法对携程旅行网运营主体进行行政约谈。 经调查核实，该平台违反《中华人民共和国电子商务法》第三十五条及《网络反不正当竞争暂行规定》第二十四条的规定， 存在利用服务协议、交易规则和技术手段对平台内经营者的交易及交易价格进行不合理限制的问题。 郑州市市场监管局已于2025年9月4日依法向其下达《责令改正通知书》。本次约谈旨在督促企业全面整改、规范运营，切实维护公平竞争市场秩序，保障平台内经营者合法权益。 会议要求，携程旅行网要高度重视此次行政约谈， 严格按照时限完成整改。 企业要在规定期限内完成合同条款修订、调价工具优化等整改任务，并建立健全长效合规机制，加强内部监管和问责，杜绝类似问题再次发生，确保依法合规开展经营活动。 会议强调，公平竞争是市场经济的核心。互联网平台企业应进一步增强法治意识，主动接受监管： 一要建立健全常态化法律法规学习机制，不断提升中高层管理人员及一线运营人员的合规经营能力，积极配合市场监管部门工作； 二要坚守诚信原则， 彻底纠正各类不合理限制行为，充分尊重商户自主经营权，针对“强制开通、无法退出”等问题进行彻底整改， 重塑以用户和商户为中心的服务理念； 三要切实保障平台内经营者合法权益， 严禁利用技术手段变相操控价格、限制交易，真正尊重商户自主定价权， 积极构建开放、公平、透明的平台环境。 郑州市市场监管局将持续跟踪整改进展，依法开展验收检查，督促企业全面落实主体责任，共同维护公平有序、健康发展的网络市场秩序。 来源：郑州市场监管 本期编辑：石磊、王若彤 觉得好看，请点这里 ↓ ↓ ↓
中方倡议：共同建立国际反诈联盟,https://mp.weixin.qq.com/s/cXzY881fPlllb7nsu5PmVg,2025-09-23,　　9月18日， 全球公共安全合作论坛（连云港）2025年大会打击跨国犯罪形势与对策分论坛 在江苏省连云港市举办， 来自30个国家和地区的警务部门负责人和代表，国际刑警组织、联合国毒品和犯罪问题办公室、澜沧江—湄公河综合执法安全合作中心等国际组织官员，以及中国公安机关、公安院校的民警代表、专家学者约100人参会。 分论坛由中国刑事警察学院主办。 　　本次分论坛以“携手打击跨国犯罪，共同维护全球公共安全”为主题。中国公安部有关负责人介绍了在构建人类命运共同体理念引领下，中方携手各方打击跨国电信网络诈骗犯罪取得的积极进展，特别是 近年来中方先后与西班牙、阿联酋、缅甸、印度尼西亚、菲律宾、老挝、泰国、柬埔寨等国开展执法安全合作，共有6.8万名境外涉诈犯罪嫌疑人成功归案。 中方指出，当前刑事犯罪结构发生重大变化，传统犯罪加快向网上蔓延变异，以电信网络诈骗为代表的新型犯罪已成为世界公害和全球性打击治理难题。各国执法部门应进一步强化国际执法合作、完善办案协作机制、健全全球打击治理体系。 中方倡议相关国家和地区共同建立国际打击电信网络诈骗联盟 ， 推动各方和国际社会携手应对电信网络诈骗犯罪治理问题，在更深程度加强理念互融、在更高层次实现交流合作、在更广层面推动防范治理，构建相互协同、普遍参与的全球打击治理电信网络诈骗犯罪新格局。 　　分论坛期间，与会各方充分交流打击跨国犯罪的现状、经验及举措，特别是围绕“全球电信网络诈骗犯罪形势”“电信网络诈骗犯罪打防对策”“深化国际执法安全合作、共同打击跨国犯罪”“建立国际打击电信网络诈骗联盟”等议题深入交换了意见。在此基础上，分论坛发出了《联合打击治理电信网络诈骗犯罪倡议书》，得到了与会嘉宾的积极响应。 来源：人民日报客户端，记者：张天培 本期编辑：石磊、王若彤 觉得好看，请点这里 ↓ ↓ ↓
登上《自然》！DeepSeek-R1训练方法发布,https://mp.weixin.qq.com/s/J_7G_Dont0Cmlxsv9ow5xA,2025-09-23,DeepSeek-AI 团队 梁文锋及其同事 17日在《自然》杂志上发表了 开源人工智能（AI）模型DeepSeek-R1所采用的大规模推理模型训练方法。研究表明， 大语言模型（LLM）的推理能力可通过纯强化学 习 来提升，从而减少增强性能所需的人类输入工作量。 训练出的模型在数学、编程竞赛和STEM领域研究生水平问题等任务上，比传统训练的LLM表现更好。 DeepSeek-R1包含一个在人类监督下的深入训练阶段，以优化推理过程。梁文锋团队报告称，该模型使用了强化学 习 而非人类示例来开发推理步骤，减少了训练成本和复杂性。DeepSeek-R1在被展示优质的问题解决案例后，会获得一个模板来产生推理过程，即这一模型通过解决问题获得奖励，从而强化学 习 效果。团队总结说， 未来研究可以聚焦优化奖励过程，以确保推理和任务结果更可靠。 在评估AI表现的数学基准测试中，DeepSeek-R1-Zero和DeepSeek-R1得分分别为77.9%和79.8%，在编程竞赛及研究生水平的生物学、物理和化学问题上同样表现优异。 来源： 科技日报， 记者：张梦然 本期编辑：石磊、王若彤 觉得好看，请点这里 ↓ ↓ ↓
痛心！胡国涛不幸去世，年仅17岁……,https://mp.weixin.qq.com/s/Y6YNKn1mI3mnaQIDurA8_Q,2025-09-23,9月8日，湖北省咸宁市咸安区委政法委 召开见义勇为通报表扬会 将见义勇为行为确认证书 郑重交到胡国涛家属手中 对胡国涛舍己救人的英勇事迹 予以高度肯定 向其亲属表示崇高敬意 8月15日 即将年满18岁的胡国涛 在咸宁为解救落水男童 将生命永远定格在 舍己救人的英勇瞬间 　　胡国涛的母亲是湖北咸宁人，后嫁到浙江仙居。胡国涛此次来到咸宁，正是利用暑假时间探亲。 　　8月15日11时许，咸安区马桥镇严洲村殷家畈段的淦河支流处，一名10岁男童不慎落入河中。 　　危急时刻，胡国涛没有丝毫犹豫，纵身跃入河水中，朝着落水男童方向奋力游去。 　　一同施救的还有45岁的方伟。最终，方伟拼至体力透支，在岸边人协助下，将落水男童救上岸；而胡国涛身陷深水区，手脚已不听使唤。 　　岸边人急忙寻找树枝等工具想要将胡国涛拉上岸。顾不上危险的胡国涛小姨，套上朋友递来的小孩游泳圈下河去救援，但不会游泳的她始终无法靠近胡国涛，胡国涛最终因体力不支沉入水中。 　　事发后，马桥镇政府、马桥派出所、消防部门和蓝天救援队组织人员展开搜救。 当日15时30分许，潜水员终于在水下约6米处找到胡国涛。此时，他已失去生命体征，年轻的心跳永远停止了。 　　“这份恩情，我们全家一辈子都不会忘记，会教孩子永远记得这位英雄哥哥。” 事发当日，被救男童家属专程向胡国涛亲属送上锦旗和手写感谢信。 锦旗上，“舍己救人 英勇无畏”八个大字格外醒目。 　　感谢信中深情写道：“他平凡的身影，绽放出震撼人心的光芒。没有人知道，其实他也只学过简单的游泳技巧，没有救生衣、没有救生圈，那一刻他的眼里只看到，一个比他更年幼的生命需要援救……” 　　据了解，胡国涛阳光开朗，热爱运动，品学兼优，今夏已收到大学录取通知书。在胡国涛母亲的抖音号上，仅存的三条视频满是儿子风华正茂的照片，承载着这位母亲对儿子的不舍和怀念。 “勇者无畏，善者无私” “优秀的孩子！人民的英雄！” “孩子，一路走好” 视频下 数百条网友评论致敬缅怀 胡国涛，一路走好！ 来源： 湖北日报（记者：夏中华，通讯员：周阳）、咸宁日报 本期编辑：石磊、王若彤 致敬，一路走好 ↓ ↓ ↓
微信重大功能上线，网友：终于可以发了,https://mp.weixin.qq.com/s/5hPxsNopREmZUsWPnaSb9w,2025-09-23,　　9月16日，不少网友表示微信聊天可发实况图了。 　　微信客服介绍，此功能暂时仅支持iOS客户端，客户端版本号要求8.0.61及以上（ 安卓/鸿蒙正在适配 ）；聊天中从相册选择实况照片发送，默认实况为关闭状态，发送照片时点击进入大图预览页面可手动开启单个照片的实况开关。好友浏览点开大图后需点击左下角的“ 实况 ”按钮查看完整效果，同时支持将实况照片保存到手机系统相册。 　　此外，iPhone 6s、6s Plus、SE等机型暂不支持该功能。 　　客服还表示，该功能正逐步上线中，请关注后续功能更新。 微信已上线公众号“智能回复” 　　此前，微信派11日表示，微信上线公众号“智能回复”功能 。 　　第一步，开启分身。在公众号 PC 端后台“互动管理”内点击“自动回复”，即可开启“智能回复”。 　　“智能回复” 将自动学习你的历史文章信息、回复语言风格等， 完成后就能作为“数字分身”回复后台私信。你还能通过 添加知识库、编写 Prompt 等方式， 把“数字分身”变成你想要的模样。该能力由腾讯混元大模型提供技术支持。目前已向个人创作者全量开放。 　　比如，读者忘记某期内容，分身直接茫茫文海秒挖出 。 　　再比如，想聊个免费秒回的天，分身也能 7*24 小时在线陪聊 。 你还希望微信上新什么功能？ 来源：经济日报、九派新闻、微信派 本期编辑：石磊、王若彤 觉得好看，请点这里 ↓ ↓ ↓
重磅！任仲平来了,https://mp.weixin.qq.com/s/FNd_IskAIW3eNUJqd6zfJg,2025-09-23,　　《人民日报》今日推出任仲平文章《 中华民族伟大复兴势不可挡 》， 文章指出， 历史车轮滚滚向前。所当乘者势也，不可失者时也。 今天，强国建设、民族复兴伟业已经展开壮美画卷并呈现出无比光明的前景，我们比历史上任何时期都更接近、更有信心和能力实现中华民族伟大复兴的目标。 （一） 　　铭记历史的重要日子，必是历史铭记的重要时刻。 　　2025年9月3日，习近平总书记庄严宣示：“中华民族伟大复兴势不可挡！人类和平与发展的崇高事业必将胜利！” 　　思想如炬，精神不朽：一场盛大阅兵仪式，是中国日新月异的写照，亦是开创崭新未来的宣告。 　　新时代新征程，中华民族伟大复兴何以势不可挡？ 　　察势者智，驭势者赢。 　　“领导干部要胸怀两个大局，一个是中华民族伟大复兴的战略全局，一个是世界百年未有之大变局，这是我们谋划工作的基本出发点。” 　　从两个大局看，这是历史规律所示—— 　　习近平总书记深刻指出：“一八四〇年鸦片战争后，中华民族也经历了数百年不遇的大变局，从那以后我国形势江河日下，中华民族陷入几乎亡国灭种的深渊！现在则完全不同了，中华民族伟大复兴展现出前所未有的光明前景。古人讲，三十年河东，三十年河西，其实说的就是历史规律。” 　　中国的发展离不开世界，世界的发展也需要中国。中华民族伟大复兴，是造成世界百年未有之大变局的重要原因；世界面临百年未有之大变局，给中华民族伟大复兴带来重大机遇。 　　8月30日，习近平主席在会见来华出席上合组织天津峰会的联合国秘书长古特雷斯时强调，“在世界百年变局中，中国提供了稳定性和确定性。我们将继续以中国新发展为世界提供新机遇”。 　　天安门城楼见证，习近平总书记两次重要宣示—— 　　在庆祝中国共产党成立100周年大会上，指出“实现中华民族伟大复兴进入了不可逆转的历史进程”； 　　在纪念中国人民抗日战争暨世界反法西斯战争胜利80周年大会上，强调“中华民族伟大复兴势不可挡”。 　　从“不可逆转”到“势不可挡”，中华民族伟大复兴是历史大势所趋，是中国共产党初心使命所系。 　　“时与势在我们一边，这是我们定力和底气所在，也是我们的决心和信心所在。” （二） 　　势不可挡，势在“最大优势”——党的领导是实现中华民族伟大复兴的根本保证。 　　中国人民之所以能够扭转近代以后的历史命运，社会主义中国之所以巍然屹立于世界东方，实现中华民族伟大复兴之所以进入不可逆转的历史进程，最根本的是有中国共产党的坚强领导，这是复兴大势不可阻挡的根本所在。 　　党的奋斗历程昭示复兴大势—— 　　在中华民族内忧外患、社会危机空前深重的背景下，中国共产党应运而生，“从此，中国人民开始从精神上由被动转为主动，中华民族开始艰难地但不可逆转地走向伟大复兴。” 　　上海黄浦江畔。1868年建成上海第一座公园，入口却竖起“华人与狗不得入内”的牌子，那是中华民族的屈辱历史。如今，这里早已是这座人民城市的开放场地。黄浦江两岸，一侧是焕新的百年外滩“万国建筑博览群”，一侧是高楼林立的现代化“陆家嘴金融城”…… 　　北京东交民巷。从1901年9月到1949年2月，这里见证从“禁止中国百姓居住，禁止中国军警穿行”到“入城部队必须经过”，“国中之国”的日子一去不复返。从1949年10月到2025年9月，这里见证从“飞机飞两遍”到“飞机展示不完”，今日中国拥有保卫人民和平生活的强大能力。 　　从一派衰败凋零的景象到一派欣欣向荣的气象，中国共产党领导人民取得了新民主主义革命、社会主义革命和建设、改革开放和社会主义现代化建设的伟大胜利，开创了中国特色社会主义新时代，中华民族迎来了从站起来、富起来到强起来的伟大飞跃，中华民族伟大复兴的历史进程不可逆转！ 　　放眼中华文明5000多年历史，没有哪一种政治力量能像中国共产党这样深刻地、历史性地推动中华民族发展进程。历史雄辩地证明，中国共产党是中国人民和中华民族的主心骨，是领航复兴伟业的中流砥柱。 　　思想之光照亮复兴之路—— 　　“中国共产党为什么能，中国特色社会主义为什么好，归根到底是马克思主义行，是中国化时代化的马克思主义行。” 　　上海的发展变迁，是一个生动缩影。 　　2007年5月，时任上海市委书记的习近平同志在上海市第九次党代会所作报告中明确提出，开创上海社会主义现代化国际大都市建设的新局面。 　　2019年11月，习近平总书记在上海考察时，首次提出“人民城市人民建，人民城市为人民”重要理念。 　　新时代以来，从勇担建设“五个中心”的重要使命，到“加快建成具有全球影响力的科技创新高地”，再到深入践行人民城市理念、发展全过程人民民主……上海日益成为具有世界影响力的社会主义现代化国际大都市，去年地区生产总值超过5万亿元。 　　城市是现代化的重要载体，是观察复兴大势的重要窗口。 　　经历了世界历史上规模最大、速度最快的城镇化进程，我国城市发展正从大规模增量扩张阶段转向存量提质增效为主的阶段。截至2024年底，我国常住人口城镇化率达到67%。 　　2015年12月、2025年7月，党中央两次召开中央城市工作会议。 　　从“一个尊重、五个统筹”到“一个优化、六个建设”，从“走出一条中国特色城市发展道路”到“走出一条中国特色城市现代化新路子”……习近平总书记现代化人民城市理论为我国城市发展擘画宏伟蓝图、指明实践路径，实现了马克思主义城市理论在新时代的原创性突破。 　　向历史回望，我们党之所以能够领导人民完成中国其他政治力量不可能完成的艰巨任务，根本就在于掌握了马克思主义科学理论，并不断结合新的实际推进理论创新，使党掌握了强大的真理力量。 　　“概括提出并深入阐述中国式现代化理论，是党的二十大的一个重大理论创新，是科学社会主义的最新重大成果。”习近平新时代中国特色社会主义思想不断回答中国之问、世界之问、人民之问、时代之问，为实现中华民族伟大复兴提供了科学指引和行动指南。 　　天下将兴，其积必有源。 　　从石库门到天安门，从兴业路到复兴路，党领导人民在坚持“两个结合”中，书写了中华民族几千年历史上最恢宏的史诗，绘就了中华民族伟大复兴的壮阔画卷。 　　一个真理颠扑不破：没有中国共产党，就没有新中国，就没有中华民族伟大复兴。 　　一个结论分外明晰：“两个确立”对新时代党和国家事业发展、对推进中华民族伟大复兴历史进程具有决定性意义。 　　大鹏一日同风起，扶摇直上九万里。 （三） 　　势不可挡，势在“康庄大道”——中国式现代化是全面推进强国建设、民族复兴伟业的唯一正确道路。 　　从“一辆拖拉机都不能造”到“工业门类最齐全的国家”，从“现代化的迟到国”到“世界现代化的增长极”，用几十年时间走完了西方发达国家几百年走过的工业化历程，中国为什么能？ 　　习近平总书记指出，“中国式现代化，是我们为如何唤醒‘睡狮’、实现民族复兴这个重大历史课题所给出的答案”。 　　党的十八大以来，我们党带领人民书写了“两大奇迹”新篇章，成功推进和拓展了中国式现代化。历史和现实充分证明，中国式现代化是强国建设、民族复兴的康庄大道，是复兴大势不可阻挡的牢固基础。 　　战略支撑赢得战略主动，中国式现代化走得对、走得通—— 　　正确运用战略和策略，是我们党创造辉煌历史、成就千秋伟业的成功秘诀。追梦逐梦向复兴，必须胸怀“国之大者”，增强战略思维能力。 　　“两个饭碗”，见证居安思危、未雨绸缪的底线思维。 　　“只有把牢粮食安全主动权，才能把稳强国复兴主动权。”牢固树立大农业观、大食物观，以农业科技现代化为支撑，我国粮食生产实现“21连丰”……新时代中国实现了“中国人的饭碗主要装中国粮”的历史性变革，夯实了稳大局、应变局、开新局的“压舱石”。 　　“能源的饭碗必须端在自己手里。”建起全球最大、发展最快的可再生能源体系，建成全球最大、最完整的新能源产业链，成为全球能耗强度降低最快的国家之一……新时代中国找到“顺应能源大势之道”，为经济社会发展提供了有力支撑。 　　“发展规划”，彰显统筹兼顾、整体推进的系统观念。 　　针对中国正在进行“十五五”规划编制工作，外媒发表题为《中国2025：世界见证规划的力量》的文章，表示“世界正在见证一项集国家规划、科技创新和缩小区域发展差距于一体的发展战略的展开”“中国模式正在塑造21世纪”。 　　科学制定和接续实施五年规划，是中国特色社会主义一个重要政治优势。从“一五”到“十四五”，一以贯之的主题是把我国建设成为社会主义现代化国家。一个又一个五年规划（计划）像“时间的刻刀”，把积贫积弱的农业国雕刻成世界第二大经济体。 　　“两步走”的战略安排，“五位一体”总体布局和“四个全面”战略布局，科教兴国战略、人才强国战略、乡村振兴战略等一系列重大战略……我们党在战略上不断完善，把战略的坚定性和策略的灵活性结合起来，推进中国式现代化拥有坚实战略支撑。 　　保持历史耐心，增强历史主动，坚持全国一盘棋，一张蓝图绘到底。这正是以“中国之制”推进“中国之治”的秘诀。 　　实践创新赢得发展主动，中国式现代化走得稳、走得好—— 　　8年时间，近1亿农村贫困人口彻底摆脱绝对贫困，堪称“人类减贫史上的奇迹”，深刻表明“弱鸟是可以先飞、高飞的。中国可以成功，其他发展中国家同样可以成功”。 　　完成脱贫攻坚、全面建成小康社会的历史任务，这是彪炳中华民族发展史册的历史性胜利，对世界具有深远影响。 　　今年8月，《关于推进绿色低碳转型加强全国碳市场建设的意见》公布。加快建设全国统一的碳市场，为实现“双碳”目标、建设美丽中国提供重要支撑。 　　新时代生态文明建设成就举世瞩目，实现由重点整治到系统治理、由被动应对到主动作为、由全球环境治理参与者到引领者、由实践探索到科学理论指导“四个重大转变”，成为新时代党和国家事业取得历史性成就、发生历史性变革的显著标志。 　　………… 　　新时代的伟大成就和变革，开辟了中国式现代化的广阔前景，为全面建成社会主义现代化强国、实现中华民族伟大复兴奠定了更加坚实的基础。 　　“我们的现代化既是最难的，也是最伟大的。”难就难在“最艰巨最繁重的任务仍然在农村”；难就难在让14亿多人口整体迈入现代化，其艰巨性和复杂性前所未有。 　　前无古人的伟大事业，是充满光荣和梦想的远征，更是无比广阔的时代舞台。 　　回望过往的奋斗路，“我们已经走出一条光明大道”。眺望前方的奋进路，必将“赢得更加伟大的胜利和荣光”。 （四） 　　势不可挡，势在“磅礴伟力”——亿万人民汇聚起推进中国式现代化的强大合力。 　　如朝日，喷薄欲出；如大潮，奔涌浩荡。 　　习近平总书记深刻指出：“中国人民经历了太多太多的磨难，付出了太多太多的牺牲，进行了太多太多的拼搏。现在，中国人民和中华民族在历史进程中积累的强大能量已经充分爆发出来了，为实现中华民族伟大复兴提供了势不可挡的磅礴力量。” 　　中华民族一家亲，同心共筑中国梦，这是全体中华儿女的共同心愿，也是全国各族人民的共同目标。中华民族共同体，正是我们把握复兴大势不可阻挡的一个重要维度。 　　这是“休戚与共、荣辱与共、生死与共、命运与共”的民族凝聚力—— 　　“看着北斗星走不迷路，跟着共产党走会幸福。”西藏自治区成立60年来，创造了“短短几十年、跨越上千年”的人间奇迹。62.8万建档立卡贫困人口全部脱贫，全区人均预期寿命从2010年的68.17岁提高到目前的72.5岁……新时代以来，西藏步入发展最好、变化最大、各族群众得实惠最多的历史时期。 　　“电灯亮了，心里也亮堂了！”新疆和田地区于田县，群众用上了稳定电。从“点灯靠油”到“用电无忧”，从“孤网运行”到“西电东送”，万里银线跨天山，见证增进民生福祉，驱动乡村全面振兴，串起民族团结深情。 　　一切为民者，民向往之。“中国人民对美好生活的向往，是中国发展最大内生动力，是一个必然的历史趋势，谁想阻挡这个历史趋势，中国人民不会答应，也根本阻挡不了。” 　　新时代以来，从“一个都不能少”的全面小康，到“一个都不能掉队”的共同富裕，再到建成世界上规模最大的教育体系、社会保障体系、医疗卫生体系……为人民谋幸福，初心如磐；让现代化建设成果更多更公平惠及全体人民，矢志不移。 　　共建中华民族共同体，56个民族像石榴籽一样紧紧抱在一起，拧成一股绳，铆足一股劲，凝聚起奋勇前行的不竭动力。 　　这是“共同团结奋斗、共同繁荣发展”的民族向心力—— 　　宁夏吴忠红寺堡区，从过去“苦瘠甲天下”的西海固，到如今产业兴旺、生活幸福、环境优美的生态新城，荒漠戈壁上“长出”奇迹。 　　西藏林芝嘎拉村，曾因交通闭塞、生态恶化而深陷贫困。广东省援藏工作队引入“景区带村”模式，打造“桃花源”、擦亮“桃花村”。 　　从人民群众用小车推出淮海战役的胜利，到数万群众在悬崖峭壁间修成“人工天河”红旗渠，再到小岗村村民按下红手印拉开农村改革的大幕……人民是历史的创造者。各民族共同团结进步、共同繁荣发展，正是中华民族的生命所在、力量所在、希望所在。 　　在这片辽阔、美丽、富饶的土地上，各族人民都有一个共同家园，就是中国；都有一个共同梦想，就是实现中华民族伟大复兴！新征程上，每一个人都是主角，每一份付出都弥足珍贵，每一束光芒都熠熠生辉。 　　这是“不惧风雨、守望相助，直面挑战、攻坚克难”的民族创造力—— 　　大国重器，砥定乾坤。胜利日阅兵仪式中，所有受阅武器装备都是国产现役主战装备。有国际人士感慨“那场面仿佛来自未来”，有外媒评价中国的实力令人“印象深刻”。 　　创新引领发展，科技成就未来。 　　近代史上，我国落后挨打的根子之一就是科技落后。今天，以新质生产力强劲支撑高质量发展，加快实现高水平科技自立自强，中国人民把国家发展进步的命运牢牢掌握在自己手中。 　　“十四五”时期，我国经济总量连续跨越110万亿元、120万亿元、130万亿元三大台阶，综合国力显著增强。 　　对这一成就，西班牙《公众》日报网站文章评论认为：“最令人瞩目的不仅是经济数据，更是中国在短时间内通过以人民为中心的社会主义模式取得这些成就，打破了‘只有资本主义才能引领进步’的迷思。中国令经济发展成果持续反哺劳动者，而这种反哺又推动社会不断发展、劳动者素质持续提升，进而形成了更强的经济动力。” 　　拥有中国特色社会主义制度优势，浸润自强不息的基因，凝结迎难而上的品质，增强“平视世界”的自信……放眼中华大地，民族精神的大厦巍然耸立，中国人的志气、骨气、底气空前增强，全民族创新创造活力充分涌流。 　　“各民族大团结的中国一定是无往而不胜的，一定是有着光明未来的，我们的第二个百年奋斗目标必然会胜利实现，中华民族伟大复兴必然会到来。”这是历史的结论，也是未来的昭示。 （五） 　　势不可挡，势在“世界潮流”——站在历史正确一边，携手迈向人类命运共同体。 　　9月1日，习近平主席在“上海合作组织+”会议上发表重要讲话强调，中方愿同各国一道，推动构建更加公正合理的全球治理体系，携手迈向人类命运共同体。 　　世界进入新的动荡变革期，“中治西乱”对比鲜明。习近平主席指出：“‘全球南方’群体性崛起，是世界大变局的鲜明标志。” 　　人类生活在同一星球，应当同舟共济、和睦相处。引领和平、发展、合作、共赢的时代潮流，中国式现代化开辟的是人类迈向现代化的新道路，开创的是人类文明新形态，这是复兴大势不可阻挡的关键所在。 　　从“和平共处五项原则的历史答案”到“构建人类命运共同体这个时代答案”，中国共产党坚持胸怀天下，把为人类作出新的更大贡献作为自己的使命。“以人民之心为心、以天下之利为利”，这一重要论断是中国引领世界潮流的价值内核。 　　以中国智慧把准航向—— 　　世界怎么了，人类向何处去？大时代呼唤大智慧、大格局、大担当。 　　2013年3月在莫斯科国际关系学院面向世界提出“命运共同体”理念，2015年9月在纽约联合国总部系统阐述打造人类命运共同体“五位一体”总体路径，2017年1月在联合国日内瓦总部提出建设“五个世界”的总体布局…… 　　构建人类命运共同体，深刻回答了“建设一个什么样的世界、如何建设这个世界”的重大课题，在历史的关键当口把握了世界发展大势，凝聚了国际社会共识。 　　为了各国人民美好生活，提出全球发展倡议，着眼于解决发展不平衡问题，推动国际社会走共同发展之路，重振联合国2030年可持续发展议程。 　　为了促进世界安危与共，提出全球安全倡议，倡导践行共同、综合、合作、可持续的安全观，推动走出一条对话而不对抗、结伴而不结盟、共赢而非零和的新型安全之路。 　　为了不同文明和合共生，提出全球文明倡议，促进各国人民相知相亲、各种文明包容互鉴，推动建设美美与共的世界文明百花园。 　　当前，世界百年变局加速演进，人类又一次站在十字路口，面临和平还是战争、对话还是对抗、共赢还是零和的抉择。习近平主席在上合组织天津峰会上郑重提出全球治理倡议，“就是要会同所有志同道合国家，坚定捍卫联合国宪章宗旨和原则，推动建设更加公正合理的全球治理体系。” 　　以落实四大全球倡议为战略引领，以高质量共建“一带一路”为实践平台……构建人类命运共同体成为引领时代前进的光辉旗帜，有力推动世界走向和平、安全、繁荣、进步的光明前景。 　　以中国行动凝聚合力—— 　　推动构建人类命运共同体，中国既是倡导者也是行动派。 　　今年5月，国际调解院落户中国香港，为和平解决国际争端提供新平台。33个国家现场签署公约，成为创始成员国。 　　中老铁路，使老挝从“陆锁国”变为“陆联国”；秘鲁钱凯港，成为“新时代的印加古道”新起点……高质量共建“一带一路”，筑就共同发展的机遇之路、繁荣之路。 　　从自贸试验区扩容，到海南自由贸易港扬帆，从外资准入负面清单不断缩减，到进博会、服贸会、广交会、消博会拥抱八方来客……中国坚定奉行互利共赢的开放战略，为促进全球互联互通、构建开放型世界经济注入新动力。 　　与天下同利者，天下持之。 　　和“扩张型”“收割型”国家不同，中国既发展自身又造福世界，被称为“赋能型大国”。 　　乌兹别克斯坦总统米尔济约耶夫在乌文版《摆脱贫困》序言中感慨，该书“时隔30多年仍对国家社会治理具有重要指导意义”；智利总统博里奇随身携带西班牙文版《习近平谈治国理政》第四卷，请习近平主席签名留念……中国式现代化道路，拓展了发展中国家走向现代化的途径，为人类对更好社会制度的探索提供了中国方案。 　　联合国秘书长古特雷斯认为：“中国的和平发展是人类历史上的崇高事业，有利于全人类的和平和进步。” 　　千秋胜负在于理。立己达人，天下归心。 （六） 　　历史车轮滚滚向前。所当乘者势也，不可失者时也。 　　“我们对时间的理解，是以百年、千年为计”“中国共产党立志于中华民族千秋伟业”……对时间的信念中，镌刻着新时代中国共产党人的历史自觉和历史担当。 　　到2035年，基本实现社会主义现代化；到本世纪中叶，把我国建设成为综合国力和国际影响力领先的社会主义现代化强国。今天，强国建设、民族复兴伟业已经展开壮美画卷并呈现出无比光明的前景，我们比历史上任何时期都更接近、更有信心和能力实现中华民族伟大复兴的目标。 　　有以习近平同志为核心的党中央坚强领导，有习近平新时代中国特色社会主义思想科学指引，有中国特色社会主义制度显著优势，有亿万中国人民团结奋斗——向前进，我们信心十足、底气十足、力量十足。 　　“十五五”时期是基本实现社会主义现代化夯实基础、全面发力的关键时期，我国发展环境面临深刻复杂变化，战略机遇和风险挑战并存、不确定难预料因素增多——向前进，我们要保持战略定力，增强必胜信心。 　　这一幕，已被历史铭记： 　　2022年10月，党的二十大闭幕不到一周，习近平总书记带领二十届中共中央政治局常委专程前往延安，宣示新一届中央领导集体赓续红色血脉、传承奋斗精神，在新的赶考之路上向历史和人民交出新的优异答卷的坚定信念。 　　党的二十大确立了全面建成社会主义现代化强国、实现第二个百年奋斗目标，以中国式现代化全面推进中华民族伟大复兴的中心任务。14亿多中国人民踏上新征程，向着新的奋斗目标，出发！前进！ 　　这一刻，也必将载入史册： 　　2025年9月3日，从空中俯瞰气象恢宏的天安门广场，“众”字造型观礼台蔚为壮观，象征着在中国共产党领导下中国人民万众一心、众志成城，风雨无阻向前进。 　　中国共产党的先驱李大钊指出：“黄金时代，不在我们背后，乃在我们面前；不在过去，乃在将来。” 　　向着中华民族伟大复兴的光辉彼岸奋勇前进，习近平总书记话语铿锵—— 　　“中国式现代化是走和平发展道路的现代化，中国永远是世界的和平力量、稳定力量、进步力量。” 　　“创造了五千多年辉煌文明的中华民族，必将在新时代新征程上创造出新的更大辉煌，必将为人类和平和发展的崇高事业作出新的更大贡献！” 来源： 《人民日报》（2025年09月18日 第01版） 本期编辑：石磊、王若彤 觉得好看，请点这里 ↓ ↓ ↓
美联储宣布降息,https://mp.weixin.qq.com/s/DvzRBN_XLq8r9n83sbwnEA,2025-09-23,当地时间9月17日，美联储最新的联邦公开市场委员会（FOMC）货币政策会议纪要显示， 美联储决定 将联邦基金利率目标区间下调25个基点，至4.00%-4.25%之间 。 这是美联储自2024年12月以来的首次降息。 9月17日，美联储主席鲍威尔在华盛顿出席记者会 。 新华社记者 胡友松 摄 尽管美国通胀率有所上升，并维持在略高的水平，但近几个月新增就业远低于预期让美联储终于采取降息措施。 近期指标显示，美国上半年经济活动增长放缓，就业增长放缓。经济前景的不确定性依然存在，就业下行风险上升。 据悉，联邦公开市场委员会是以11比1的投票结果通过降息25个基点决定的。刚刚就职的美联储理事、目前仍担任白宫经济顾问委员会主席的斯蒂芬·米兰是唯一持不同意见者，他主张降息50个基点。 美联储预测显示，到年底将再降息50个基点，未来两年每年再降息25个基点 。 美国总统特朗普自今年1月上任以来持续施压美联储降息。 来源： 央视新闻，记者：刘旭 本期编辑：石磊、王若彤 关注！ ↓ ↓ ↓
九一八，勿忘！勿忘，九一八！,https://mp.weixin.qq.com/s/ZdzHWMYzRkG_jSGGRMSu7A,2025-09-23,九一八 一个全体中国人刻骨铭心的日子 1931年9月18日 日军自爆南满铁路柳条湖段 反诬中国军队所为 随后炮轰北大营 震惊中外的九一八事变爆发 日本军国主义自此开始了 长达14年的侵华战争 为什么不能忘记这一天？ 今天，我们讲3个故事 一个蓝布包  1931年9月 巩天民才30岁出头 他从学徒一路摸爬滚打 此时已是沈阳的一名银行家 九一八事变后 巩天民亲眼见到日军 荷枪实弹阔步沈阳街头 如入无人之境 他愤慨心痛至极 随即印发传单 呼吁 工商界 “不受日寇愚弄 我们有祖国，不是亡国奴” 当时，巩天民和沈阳的一批知识分子 组成了“抗日爱国小组” 成员有9人 巩天民、 刘仲明、 邵信普 毕天民、张查理、李宝实 于光元、刘仲宜、张韵泠 他们中有银行家、金融家 也有医学家和教育家 不久，抗日爱国小组听说 国联将派李顿调查团到中国 调查“九一八”真相 召开紧急会议后 大家一致认为 应该立刻收集日本侵略中国 及制造伪满洲国罪行的铁证 对手无寸铁的他们来说 取证是相当危险的 每聚会一次 他们必“各饮苦水一杯 以励卧薪尝胆之志” 每次出门，巩天民都会向妻子交代 “如果我回不来，不要去找我！” 为了拍摄关东军司令部门口的公告 毕天民趴在对面商铺的房顶上 苦苦等待 等到一辆汽车恰巧经过司令部门口 毕天民借助汽车发动机的嘈杂声 迅速按下快门 刘仲明使用过的相机。沈阳“九•一八”历史博物馆 比告示更难“取证”的是 日军直接发给 伪满洲国政府的“内部”文件 巩天民就利用社会身份 秘密联络相关人员 偷取伪满财政厅 机密文件 抗日爱国小组成员的夫人们 也加入了进来 在整理资料、翻译证据的教堂中 每当有日伪特务突然闯入 夫人们便弹奏起事先约定 好的曲目 大家便装作在此处打牌、聚会 巩天民夫人使用过的雅马哈风琴。 最终，抗日爱国小组成功搜集到 几百份珍贵材料 形成了一份300多页的 详实的英汉双语汇编文件 根据国际法庭的法律原则 提供材料者必须在文件上签字 否则没有法律效应 而签下真名则意味着 日军随时可能找到他们 这无异于在“生死簿”上签名 9位君子毫不犹豫 郑重签下名字 张查理的夫人宫菱波 还特意赶做了一个蓝缎子外皮 并绣上了红字“TRUTH”（真相） 当时，调查团被日军严密监视 抗日爱国小组无法提交证据 几经辗转 他们找到了 爱尔兰友人倪斐德 请他代为转交 倪斐德激动地说 “我若因此而死 我是为一件伟大的事业而死” 后来，在《国联调查团报告书》中 有这样一段话 “本团在中国东北沈阳时 曾见到了一些大学教授、教育家 银行家、医学家等人士的明确意见 及各种真凭实据的具体材料 证明了沈阳事变是无因而至 而‘满洲国’的建立 亦非出自东北人民的自由意愿 也不是民族自决” 1933年 国联通过了调查团报告书 指出日本发动的事变是侵略中国的行为 日本宣布退出国联 并开展报复行动 抗日爱国小组中的8人被捕入狱 巩天民经受了40多天的严刑拷打 仍未泄露任何秘密 “沈阳九君子”雕像。李娜 摄 后来，沈阳人尊称 抗日爱国小组的9位成员 “沈阳九君子” TRUTH 资料的最后部分 沈阳九君子写着这样一段话：  “中国人自然要当中国人 并且永远当中国人” 一顿没吃到的饺子 1932年 杨占有也刚30多岁 家住抚顺平顶山 那一年的八月十五中秋节 月亮特别亮 杨占有全家24口人 都住在一起 八月十六中午 杨占有家煮好了饺子 正准备吃的时候 忽然来了一群日本兵 挨门挨户用刺刀把村民们赶出来 说要给村民们照相 日本兵用脚踢，用枪托撞 拼命赶着人群向前走 杨占有回头一看 家里的房子已经被点着了 熊熊烈火，烧红了半边天 日军将村民们赶到草坪上 杨占有一家紧挨在一起坐着 他前面不远的地方 架了两个“带脚的东西” 上面各蒙一块三角布 大家都以为是照相机 纷纷议论着 嘈杂声中 日本兵把架子上的三角布揭开 杨占有这才看清 那根本不是照相机 而是机关枪！ “ 突突突突 ……” 杨占有还没反应过来 一排子弹射了过来 杨占有的亲人们倒了下去 尸首就压在他身上 “ 机关枪一个劲地嚎叫 震耳欲聋 从南到北，从北到南 来回疯狂地扫射 一簇簇的人群倒下去” 平顶山惨案现场遗存子弹头。 机关枪扫射后 日军又用刺刀一个个刺 杨占有因为被压在最底下 逃过一劫 一直到太阳落山 日本兵才离开 杨占有推开身上的尸首 试图看清周围发生了什么 很多年后 他这样形容这地狱般的场景： “我的眼睛被血迷住 我费了好大劲，才把眼睛张开 睁眼一看，黑压压一大片 东倒一个，西倒一个 全是尸首 有的脑袋崩裂，有的胸膛开花 有的丢了臂，有的断了腿 有的身受几十处重伤，血肉模糊 看不出人样来 有的在作绝命前的惨叫 有的在发出低微的呻吟声 还有各种各样没法形容的惨状 叫人目不忍睹 再往远处一看 整个平顶山堡子全烧光了 只剩下一点余火还在燃烧 整个草坪被鲜血染红了 成了一片血海 阵阵晚风卷着又咸又腥的血腥味 夹杂着机枪射击后的烟硝味扑鼻而过 令人痛感分外凄凉 ” 平顶山惨案现场出土的长命锁。 这一天 日军杀害了包括 杨家18口人在内的 3000多名无辜村民 并焚尸灭迹 纵火 焚毁800多间房屋 这一事件被称为 “平顶山惨案” 十五的月亮十六圆 八月十六，月亮依然很圆 可杨占有家煮好的那顿饺子 却再也没人能吃到 一个转系决定 1931年9月 钱伟长以中文和历史 两个一百分的成绩 考入清华大学 当时他准备学习 自己擅长的文科 刚入学几天 九一八事变爆发 钱伟长得知消息后 跟同学来到了圆明园 看着眼前的凄凉景象 他当场痛哭 废墟上 一位清华学长正在演讲 说中国近百年以来总是挨打 就是因为科学技术落后 没有飞机大炮 “我听了以后就火了 没飞机大炮，我们自己造 我下决心要学造飞机大炮” 钱伟长决定转进物理系 当时，钱伟长的物理、化学、英文 三科成绩加一起只有25分 想要学习物理简直是天方夜谭 清华大学物理系主任吴有训 在钱伟长的软磨硬泡下 终于松口 “一年中普通化学、普通物理 高等数学这三门课 你要能考70分，先让你试读” 为了能达到转系要求 钱伟长废寝忘食地学习 一年后，他进入物理系 1935年 钱伟长从清华大学物理系顺利毕业 钱伟长的清华大学毕业照。 94年过去 这是他们后来的故事 1978年，巩天民去世 家人在整理遗物的时候 才发现巩天民是一名共产党员 他于1925年秘密加入中国共产党 1927年转入地下工作 当时，巩天民是以一名共产党员的身份 组织大家搜集罪证的 后来，“九君子”的后人一直在寻找 当年那个蓝布包 2008年 巩天民的孙女 巩捷 终于在日内瓦联合国欧洲总部图书馆 看到了那个尘封了 76年的蓝色布袋 值得一提的是 帮助提交文件的 倪斐德 被迫于1942年离开了中国 上世纪80年代 他的孙子追随着他的故事 来到中国工作、定居 和一位中国女士喜结连理 并重新和“九君子”后人建立了联系 2025年9月 巩天民的孙子巩辛 光荣地代爷爷领取了 “中国人民抗日战争胜利80周年”纪念章 人民日报记者 林帆 摄 1951年4月5日 抚顺人民决定修建 “平顶山殉难同胞纪念碑” “平顶山惨案”幸存者于1996年 向日本法院提起诉讼 要求日本给予赔偿并谢罪 日本东京地方法院受理此案 2002年驳回原告要求 但认定了平顶山惨案 确系日本军队所为 此后原告继续上诉 直到2006年 日本最高法院驳回诉讼 长达十年的诉讼至此结束 幸存者们最终没能等来道歉 后来，钱伟长最终实现了 “科学救国”的抱负 他是中国近代力学的奠基人之一 与钱学森、钱三强 并称“三钱” 钱伟长与钱学森合作 创办了中国科学院力学研究所 和自动化研究所 这两个举措为 我国“两弹一星” 的研制 输送了大量的科研人才   钱伟长曾说 “我没有专业 国家需要就是我的专业” 2010年7月30日 钱伟长与世长辞 享年98岁 足以告慰钱老的是 如今，我们已经有 许多许多非常先进的 “飞机大炮”了 而且都是自己造的！ 人民日报记者 林渊 摄 九一八 这个用鲜血凝成的数字 镌刻着中华民族的切肤之痛 九一八，勿忘！ 为了那些惨死在枪口下的乡亲 为了那些流离失所的孩子 为了3500万伤亡的同胞 勿忘，九一八！ 为了那些改变自己志向 只为救国图强的青年 为了那些手无寸铁 仍要揭露真相的人们 为了那些 奋战在白山黑水 从未屈服的战士 94年过去 付出巨大牺牲的中国人民 将坚定不移 捍卫用鲜血和生命写下的历史 九一八 不敢忘，不能忘！ 来源：人民日报微信（作者：李娜），参考资料：《真相：永不褪色的国家记忆》《真相：揭开九一八事变真相的历史故事》《文史资料选辑（第四辑）》 、 沈阳“九•一八”历 史博物馆、 抚顺平顶山惨案纪念馆、 人 民网辽宁频道、 CCTV国家记 忆、新华网等，AI技术支持：可灵AI（创作者：吴暇） 本期编辑：李娜 林帆 实习生：洪舒云 铭记历史，吾辈自强↓ ↓ ↓
来了！新闻早班车,https://mp.weixin.qq.com/s/rabZECO8Sa25LrEx8JiybQ,2025-09-23,点击这里，查看更多精彩内容 要闻 中国人民抗日战争暨世界反法西斯战争胜利80周年纪念活动总结会议17日上午在京举行。中共中央总书记、国家主席、中央军委主席习近平在人民大会堂亲切接见纪念活动筹办工作各方面代表，向他们表示感谢和问候，对他们的辛勤付出和出色成绩给予充分肯定，勉励大家奋发进取、再立新功。 中华人民共和国成立76周年庆祝活动天安门广场及长安街沿线花卉布置方案日前公布。整体布置将于9月25日亮相。 “十四五”以来，中央企业的研发经费年均增长约6.5%，连续三年超过1万亿元，去年达到1.1万亿元。 数据显示，8月份，全国一般公共预算收入1.24万亿元，同比增长2%，延续增长态势。 17日，工信部就《智能网联汽车 组合驾驶辅助系统安全要求》强制性国家标准向社会公开征求意见。 国家文物局消息，2025年暑期全国博物馆接待观众3.04亿人次，同比增长2.6%。 商务部发布公告，决定成立汽车流通、药品流通等5个行业标准化技术委员会。 国家外汇管理局日前发布通知，明确为符合条件的境外人士在境内购房提供付款便利。 第22届中国—东盟博览会、中国—东盟商务与投资峰会17日在广西南宁开幕。 世界气象组织发布最新公报指出 ，地球的臭氧层正在恢复，2024年的臭氧层空洞比近年来要小。 社会 中央气象台发布预警，17日20时至18日20时，青海东部、西藏北部、甘肃河西将有5~6级风，阵风7~8级。 今年1至8月，全国铁路发送旅客32亿人次，同比增长6.7%，创历史同期新高。 中国自行车协会消息，目前我国自行车社会保有量超过2亿辆，电动自行车社会保有量约3.8亿辆。 北京大学党委常委、副校长任羽中涉嫌严重违纪违法，主动投案，目前正接受中央纪委国家监委纪律审查和监察调查。 截至8月底，全国离境退税商店已超过1万家，是2024年底的3倍 。 近日，人类首次“看见”的黑洞——位于室女座M87星系中心的超大质量黑洞最新“身份照”公布。 电影《731》首日（18日）预售票房突破1亿元，这是今年春节档后首部首日预售票房破亿影片。 17日，我国首个采用海水二次循环冷却技术的广东廉江核电项目，顺利完成超大型高位集水海水冷却塔主体结构施工，全面进入设备安装与系统调试阶段。 据连云港海事局消息，9月18日10时至14时，黄海南部部分海域进行实弹射击，禁止驶入。 近日，浙江慈溪一名女子不慎落水，民警俞涛、岑利校纵身一跃跳入河中，成功将女子救起。 政策 北京印发结核病防治规划，落实学校新生入学、教职员工入职和年度常规体检结核病筛查制度，对于来自疫情高发地区的学生，每年至少开展一次胸部X线检查。 上海出台规定，明确对严重影响业主或房屋使用人采光的树木（住宅楼南面居室冬至日满窗日照的连续有效时间低于1.5小时/日），按规定的程序开展修剪或迁移。 吉林印发通知，鼓励按需投入符合准入条件的小型化、高品质旅游包车，不断满足小团游群体的小批量、高频次出行需求。  今日天气 　　西北地区东部、华北南部、黄淮西部、江汉东部、江南北部、西南地区东部和南部、华南南部和海南岛等地部分地区有中到大雨，其中，陕西中南部、河南西部、四川盆地中东部、重庆西部、云南东北部等地部分地区有暴雨或大暴雨 。 早安中国 　　今年是九一八事变爆发94周年。1931年9月18日，日本帝国主义悍然发动震惊中外的九一八事变，中华民族开启了长达14年的浴血奋战，以巨大牺牲取得近代以来反抗外敌入侵的第一次完全胜利。今天，中华民族迎来了从站起来、富起来到强起来的伟大飞跃。一个繁荣富强的新中国已经巍然屹立在世界的东方。 跑马拉松时，一开始速度多快、力气多足都不能说明什么，能跑到终点的永远只有一种人，就是没有停止奔跑的人。半途而废往往是最令人遗憾的失败， 坚持不懈才是通往成功的钥匙 。早安！ 本期编辑：郑薛飞腾 ，实习生：洪舒云、 朱雨恬 ｜主播： 韦礼义 觉得好看，请点这里 ↓ ↓ ↓
每个中国人，铭记这一天！,https://mp.weixin.qq.com/s/OUGTqFnxn1iHPQlzSDSgog,2025-09-23,1931年9月18日 九一八事变爆发 这个日子 是中国人民抗日战争的起点 更是所有中国人心中的痛 94年过去 古老中国早已凤凰涅槃、浴火重生 勿忘国耻、铭记历史 砥砺前进、吾辈自强 来源：人民日报微博，策划制作： 安然、张世悬、时雪、肖彤 本期编辑：胡程远、陈子涵 铭记！自强！ ↓ ↓ ↓
穿警服直播带货，“嘎子哥”被行拘！,https://mp.weixin.qq.com/s/eHxSpAk7rfQNAKEkTHZx_g,2025-09-23,演员“嘎子哥”谢 某某 在9月10日的网络直播中穿警服带货并骂人一事持续引发关注。 今日（17日）， 云南临沧市耿马傣族佤族自治县公安局发布警情通报，通报内容如下： 近日，接群众举报称：“有人穿警服直播带货，请警方调查处理”。接报后，公安机关迅速开展调查工作。 经查，谢某某（男，36岁，河北雄县人）在拍摄电影休息期间，身着带有明显警用标志的服装直播带货，造成不良社会影响。根据《中华人民共和国人民警察法》第三十六条规定， 依法对谢某某处以行政拘留7日。 警方提示：人民警察的警用标志、制式服装、警械、证件为人民警察专用，其他个人和组织不得持有和使用。网络空间不是“法外之地”，请广大网民文明上网、依法上网，共建清朗网络空间。 来源：耿马警事 本期编辑：胡程远、陈子涵 关注！ ↓ ↓ ↓
【夜读】“比较，是偷走幸福的小偷”,https://mp.weixin.qq.com/s/AvxsOSeUAFm_ZQvFAX10fw,2025-09-23,今天是周三 人民日报夜读 “周三加油站” 如约而至   每个周三晚上 我们会用漫画的方式 治愈你、温暖你 为你加油鼓劲 今晚的 “周三加油站” 分享给 最近有点压力的你 01 打开社交媒体 我们的目光总是 不自觉地被他人的生活吸引 羡慕着别人拥有的东西   然而，我们看到的往往只是 他人的 “高光时刻” 却没看到他们背后的艰辛和烦恼   与其让无谓的攀比偷走你的幸福 不如将目光投向 “ 具体 ” 的生活中 阅读、运动、 学习一项新技能 ...... 这些点滴行动 都会让幸福变得可知可感   比较，是偷走幸福的小偷 当你停止仰望别人的星空 才会发现自己的灯火 同样温暖而明亮 02 “你的注意力在哪，能量就在哪” 当你将目光从外界收回 开始专注自己的内心 把时间用在提升自己上 就会创造出属于你的奇迹   成长是持续的过程 当你不断变得更好 自然能够吸引越来越多美好的人和事 保持耐心，专注沉淀 当一个人学会专注自己的成长 人生就有了更多的可能 03 在自我提升的道路上 如果把目标定得太高 就可能会让人 望而却步 丧失行动力 比如要登很高的山 不必一口气登上去 可以试着把目标细化到每一小步中去 把每天读书 1 小时 改为每天读 5 页书 把每天运动 1 小时 改为每天做 10 个俯卧撑 你会在日积月累中 看到不一样的自己 人生最好的时刻 永远是当下 认真走好脚下的每一段路 尽最大努力，不辜负眼前的时光 最适合行动的时间 就是现在 ！ 来源：人民日报夜读、小红书@蛋黄与我｜ 作者：蛋黄与我，不完美也没关系，希望在成长路上能陪伴你一步一步慢慢地走下去，治愈小故事持续更新中 本期编辑：王若彤，实习生：甘雨欣 觉得好看，请点这里↓ ↓ ↓
经常喝茶与经常喝咖啡的人，谁更年轻？答案出乎意料,https://mp.weixin.qq.com/s/nraHpRb60VElgIe_0xCWVA,2025-09-23,如今，不少人把喝茶或喝咖啡当做一种生活习惯。越来越多的研究证实， 日常喝茶、喝咖啡确实对身体有诸多好处 。那么经常喝茶与经常喝咖啡的人，谁会更年轻？谁更有健康优势？一起来看。 01 经常喝茶VS经常喝咖啡， 谁更年轻？ 2024年，北京协和医学院的研究人员发表在《美容皮肤病学杂志》上的一项研究发现： 经常喝咖啡的人，能够有效降低面部皮肤衰老的风险 。 研究纳入超过1.6万名参与者，年龄大部分在45-65岁之间，并收集他们面部皮肤老化的数据。研究综合分析了喝茶、喝咖啡、喝酒精饮料、喝含糖饮料这4种饮品的饮用和面部皮肤老化之间的因果关系。 研究发现， 在4种饮料中，咖啡能够显著降低面部皮肤衰老的风险： 咖啡摄入可以降低约15%的面部衰老概率 。其余3种饮料未显示出与面部皮肤衰老之间明确的关联。 换句话说， 经常饮用咖啡的人，其面部皮肤衰老的风险更低、看起来会更年轻 。其实，《国际皮肤病学杂志》2014年也发表过一项类似研究发现：咖啡的摄入，可以使皮肤免受光老化，并减少色素斑沉着。研究人员推测，其原因在于咖啡中含有绿原酸等多酚物质。 02 爱喝咖啡又爱喝茶的人赚到了 那么，是不是喝咖啡的好处超过了喝茶？并非如此，越来越多的研究发现： 既喜欢喝咖啡又喜欢喝茶的人，健康收益最大 。 1.中风与痴呆的风险低 2021年，天津医科大学研究团队发表在《公共科学图书馆·医学》（PLOS Medicine）上的一项研究发现： 不论是喝咖啡还是喝茶，都可以降低患痴呆症和中风的风险，既喝茶又喝咖啡效果更好 。 这项研究纳入了超过36万名参与者，他们年龄均在50-74岁之间。分析发现：每天喝2-3杯咖啡或3-5杯茶，或 组合饮用4-6杯咖啡和茶的人中风或痴呆的发生率最低。   研究人员认为， 咖啡中含有咖啡因、酚类物质以及其他具有潜在有益健康作用的生物活性化合物； 茶中含有咖啡因、儿茶素多酚和类黄酮，这些物质具有神经保护作用 ，可能与降低中风和痴呆风险的潜在机制有关。 2. 糖尿病的死亡风险低 2020年，日本研究人员发表在《BMJ开放式糖尿病研究与护理》的一研究发现， 每天既喝绿茶又喝咖啡或许能够帮助糖尿病患者延长寿命，改善生活。 每天喝4杯以上绿茶以及2杯以上咖啡的糖尿病患者，5年内的死亡风险降低了63% 。 这项研究纳入了4923名糖尿病患者，随访中位时间是5.3年。研究发现：与不喝绿茶和咖啡的人相比，喝绿茶或咖啡的人全因死亡率较低， 两种饮料都喝的人全因死亡率最低 。 研究人员表示，这与绿茶中含有 酚类 化合物、茶氨酸和咖啡因等许多有益的物质有关，它们具有抗氧化、抗炎和抗突变的作用；另外，咖啡中也含有酚类化合物以及咖啡因等多种生物活性成分，通过抗氧化和抗炎等多种机制对健康产生影响。 03 健康喝茶喝咖啡，记住3点 原来，咖啡与茶强强联手才是“王道”。不过想要健康喝茶喝咖啡，还得记住以下3点： 1. 适量饮用 这是因为，二者都喝的情况下，咖啡因的总体摄入量会有所增加，所以建议大家适量饮用。根据以往研究建议，咖啡因每天摄入210-400毫克为宜，所以 咖啡每天1-3杯即可 。成年人一日 饮茶12克左右，分3-4次冲泡为宜 。 2. 尽量白天喝 咖啡因 在人体内需要8-10小时左右才能被完全代谢掉，因此建议不要在晚上喝咖啡，会影响睡眠质量， 最好在下午3点之前饮用 。对于睡眠不好的人，更建议在上午喝。 3. 注意控糖 建议喝自己冲泡的茶（绿茶、红茶、乌龙茶等），咖啡也建议喝无糖或少糖的黑咖啡或者拿铁咖啡。 尽量不要选择含有大量糖的奶茶、水果茶，以及含有大量糖浆的咖啡。 过量的 糖 摄入会导致肥胖等，同时增加多种慢性疾病风险。 来源：健康时报微信 本期编辑：胡程远、陈子涵 觉得好看，请点这里 ↓ ↓ ↓
地球臭氧层正在恢复,https://mp.weixin.qq.com/s/3RonSRFHsOkJ_h2iVxxWGQ,2025-09-23,9月16日是保护臭氧层国际日。世界气象组织最新发布的公报表示， 地球的臭氧层正在恢复 ，2024年的臭氧层空洞比近年来要小 。公报称，2024年观测到的臭氧消耗水平较低，部分原因是自然因素导致的逐年波动，但是，这一长期的积极趋势反映了国际社会一致行动的成功。 图为2025年3月29日拍摄的秋季南极罗斯海的冰。新华社记者 黄韬铭 摄 公报称，与前几年相比，2024年全球大部分地区的平流层臭氧总覆盖率较高。2024年，南极臭氧空洞的深度低于1990-2020年的平均水平，面积也比2020-2023年期间小。 公报指出，迄今为止，《关于消耗臭氧层物质的蒙特利尔议定书》已使超过99%的受限消耗臭氧层物质的生产和消费被淘汰，这些物质曾用于空调、消防泡沫、发胶等。因此， 臭氧层有望在本世纪中叶恢复到20世纪80年代的水平，从而显著降低因过度紫外线照射而导致的皮肤癌、白内障和生态系统损害的风险。 来源：央视新闻、新华社 本期编辑：胡程远、陈子涵 觉得好看，请点这里 ↓ ↓ ↓
职工医保账户余额可以转账了！如何开通→,https://mp.weixin.qq.com/s/ajV7jYlok1v4XGAhP7I-ag,2025-09-23,注意啦 医保个人账户不光能自己用 还能给家人“钱包转账” 具体是怎么回事？ 一起来看看！ （提醒： 转之前看一下要去的医院目前能不能用医保钱包！） 医保钱包是什么？ 医保钱包是医保部门为参保人开通的资金账户，与个人医保码相关联。 参保人可通过医保钱包转账功能，将医保个人账户资金转账至近亲属的医保钱包，用于就医购药结算，实现近亲属之间（含跨省）医保个人账户共济使用。 个人账户资金跨省家庭共济 以往医保个人账户只实现了省内共济，如果参保人和家人不在同一个省份参保，是无法实现共济的。 当前，如果参保人参加职工医保，且个人账户上有富余资金，即便参与共济的家人在外地，只要家人在当地参加基本医保，参保人就可以使用医保钱包向家人转账，实现个人账户资金跨省共济使用。 医保钱包开立流程 1. 打开“国家医保服务平台”，若是显示未登录，点击未登录按钮登录即可（如果是首次登录，点击立即注册），若是已登录，忽略此步骤。 2. 在“国家医保服务平台”首页，点击“医保钱包”，进入之后会显示医保钱包待开通信息，确认“使用医保钱包”界面。 3. 点击“确认使用医保钱包”，显示使用地和手机号信息，确认信息之后，点击“立即确认使用”，即完成医保钱包开立。 4. “使用医保钱包”界面返回成功之后，点击完成显示如下。 医保钱包转账 1. 在“医保钱包”之前的界面，点击“医保钱包转账申请”，填写被转账人基本信息，填写完成之后，点击提交，等待返回信息。 2. 授权人转账成功后，被转账人可在自己的医保钱包界面查询医保钱包余额及转账记录。 重要提醒 1. 每个医保钱包账户单日限额三笔转账，每笔转账金额不超过2000元，每日22:00—次日6:00不能进行转账。 2. 医保钱包转账时，若被转账医保钱包账户未开立，则如下图所示。 3. 若被转账人未及时接收转账，则转账金额将在次日6:00退回转账人账户内。 来源：国家医保局、中国医疗保险 本期编辑：胡程远、陈子涵 转发！周知！ ↓ ↓ ↓
北大副校长任羽中被查！,https://mp.weixin.qq.com/s/K_vzQHLAr6E8I0NCj-zdQg,2025-09-23,北京大学党委常委、副校长任羽中涉嫌严重违纪违法，主动投案，目前正接受中央纪委国家监委纪律审查和监察调查。 来源：中央纪委国家监委网站 本期编辑：胡程远、陈子涵 觉得好看，请点这里 ↓ ↓ ↓
今日全球首映式！《731》导演发声,https://mp.weixin.qq.com/s/xRpEuHQqQy4AKdW_t9E0Ag,2025-09-23,今天（9月17日）， 以侵华日军第七三一部队为题材的电影《731》， 在哈尔滨举行全球首映式 ， 将于9月18日正式上映。 据网络平台数据，《731》预售总票房破亿， 成春节档后首部预售票房（不含点映）破亿电影 。 据了解，《731》公映时长为125分钟，9月18日9:00起 片。 国内多地影院的排片表显示，《731》 首场放映时间定在了当天上午9点18分 ，并注有“警钟长鸣”的标识。 多家影院工作人员表示，尽管影片9点就可以放映，但9点18分这一时间点更有意义，也是特意安排的“警钟长鸣”特殊场次。 网络售票平台显示，除了“警钟长鸣”特殊场，还有 “铭记历史”“勿忘国耻”“吾辈自强”等特殊场次 。 《731》上映在即，该片导演赵林山在 接受媒体采访时表示， 在6年的跨国取证过程当中，在所有历史和细节缝隙当中发现， 谎言才更可怕 。“电影中健康换取自由、天皇亲善、食物宝贵等词（谎言），都是通过我们在史料当中发现了这样的端倪，我们觉得这些仅仅是一个端倪，才形成了这样的历史悲剧。” 他说， “在人类历史上是一个至暗时刻。” 对于为什么选择当下这个时间节点推出电影《731》，以及希望通过电影传递什么信息，赵林山表示，通过电影更想凝聚社会力量，达成社会共识， “对于731的史实挖掘和史实追证 仅仅是一个开端 ，通过揭露这样的罪行希望团结更多热爱和平的人士，将这段历史能够形成全世界、全民族、全人类的记忆”。 赵林山称： “我们以铭记之名回望历史，不是为了揭开疼痛的伤疤，而是要让和平的光照耀在人类文明的征途上。” 铭记历史 吾辈自强 来源： 中国青年报综合央视新闻、九派新闻、极目新闻等 本期编辑：刘杰、阮可欣 铭记历史！ ↓ ↓ ↓
太荒诞！三名大学生用自来水诈骗60余万元,https://mp.weixin.qq.com/s/VmH6m7-aXj-CdoQFOuNU6g,2025-09-23,“催情水”“无色无味”“短暂失忆” …… 他们在短视频评论区 引流揽客 结果“催情药”是自来水 “三唑仑”变维C片 这一场荒诞诈骗犯罪 背后的不法卖家 竟是一群18岁出头的年轻人 3名大学生 以自来水、维生素片、口香糖 为原料 炮制出一场横跨数省的骗局 　　2024年8月，蒋某在短视频平台上一条涉“听话水”的视频下留言“真的假的”，很快就收到陌生人私信，对方发来一份名为2024爆款产品介绍的文件。在这份文件中，“催情水”“三唑仑”等被标注为爆款，用法用量、起效时间也都详细列明，承诺保密发货、货到付款。 　　出于好奇，蒋某下了一单，几天后收到两个装有无色无味液体的化妆品分装瓶。 “我试了一下，完全没有效果，这才知道自己被骗了。” 但蒋某自知自己的购买行为不妥，被骗后便没再联系卖方，也没有报警。 　　2024年9月26日，湖南长沙市公安局望城分局接到线索反映，长沙市望城区某学院附近疑似有人以快递形式贩卖毒品。经查，公安机关发现所谓的毒品是经过简易包装后的自来水、维生素片和口香糖，而卖家竟是就读于该学院的三名大二学生。 　　“我们认为买这种东西的人知道自己的动机见不得光，不会报警的。” 彼时，刘某刚刚年满18周岁，达到了通过物流公司保密发货的年龄，一番评估后他觉得此事风险小、收益大，是个不错的商机。 　　刘某通过短视频“自学”了一整套行骗流程，在宿舍捣鼓了几个月后，引起室友向某的好奇，听到可以挣钱，两人一拍即合，又拉来室友伍某，想着一起把“生意”做大。 　　刘某负责统筹，向某和伍某则主要负责包装发货，三人分工有序，生意做得“有声有色”。 直至2024年9月案发，被公安机关认定的犯罪数额已达60余万元。 　　“以三名大学生之力很难达到这样的犯罪规模。” 望城区人民检察院接到线索后，立即依法介入。检察官在阅卷时发现疑点：三名大学生在短期内完成数十万元交易，快递单显示发货地址却涉及多省。 　　该院向公安机关提出引导侦查意见：固定微信聊天记录、交易流水等电子证据，重点筛查“引流—接单—发货”的资金流向；梳理快递面单信息，反向追踪上游人员。 　　经查，侦查人员在刘某手机里发现其与胡某的长期联系记录。胡某团伙专门在短视频平台用“液体”“白色药片”等隐晦词汇引流，将客户“甩单”给刘某等多个“发货点”。 随后，胡某等7名上游人员（均另案处理）在海南、广东等地相继落网。 　　2025年3月，案件被移送至望城区人民检察院审查起诉。检察机关认为，刘某等人主观上具有诈骗故意，客观上通过虚构药效、伪造产品介绍骗取财物，遂以涉嫌诈骗罪提起公诉。 　　经法院审理，6月16日， 刘某被判处有期徒刑十年二个月，并处罚金20.3万元；向某被判处有期徒刑三年六个月，并处罚金7万元；伍某被判处有期徒刑三年，缓刑四年，并处罚金5万元。 来源：检察日报，记者：张吟丰 吴雨虹 黄驰宇 本期编辑：刘杰、阮可欣 觉得好看，请点这里 ↓ ↓ ↓
中国人民抗日战争暨世界反法西斯战争胜利80周年纪念活动总结会议在京举行,https://mp.weixin.qq.com/s/mKkiz7h46vf6HrCi_ojw5Q,2025-09-23,中国人民抗日战争暨世界反法西斯战争胜利80周年纪念活动总结会议在京举行 习近平亲切接见纪念活动筹办工作各方面代表 会议传达习近平关于纪念活动的重要讲话 对学习贯彻讲话精神作出部署 蔡奇参加接见并在总结会议上讲话 中国人民抗日战争暨世界反法西斯战争胜利80周年纪念活动总结会议17日上午在京举行。中共中央总书记、国家主席、中央军委主席习近平在人民大会堂亲切接见纪念活动筹办工作各方面代表，向他们表示感谢和问候，对他们的辛勤付出和出色成绩给予充分肯定，勉励大家奋发进取、再立新功。 中共中央政治局常委、纪念活动领导小组组长蔡奇参加接见并在总结会议上讲话。 17日上午，人民大会堂北大厅气氛热烈。10时许，习近平等来到这里，全场响起热烈掌声。习近平等同大家亲切握手，并合影留念。 日前，习近平主持召开中央政治局常委会会议，专门听取纪念活动总结报告并发表重要讲话。习近平强调，纪念中国人民抗日战争暨世界反法西斯战争胜利80周年活动，是一次庄严隆重、大气磅礴、震撼人心、激励奋进的抗战纪念盛典，进一步弘扬了伟大抗战精神，进一步坚定了全面推进强国建设、民族复兴伟业的信念信心，进一步展示了推动构建人类命运共同体的责任担当。 习近平指出，纪念活动领导小组及其各工作机构坚决贯彻落实党中央决策部署，始终坚持高标准严要求，以务实和精细的作风推进工作，出色完成了党中央交办的政治任务。 习近平强调，要充分用好纪念活动激发的强大正能量，持续用好纪念活动这本生动的爱国主义教材，把活动激发出的自信心、自豪感、精气神运用好发扬好，同贯彻落实党中央各项决策部署结合起来，同应对各种风险挑战结合起来，转化为做好改革发展稳定各项工作的强大动力。要坚持正确抗战史观、二战史观，坚定历史自信，从中国共产党领导全民族众志成城英勇抗战的伟大胜利中汲取智慧和力量，坚定站在历史正确一边，把握历史主动，在以史为鉴中不断开创未来。要讲好中国抗战故事、和平发展故事，向世界表明中国是战后国际秩序的坚定维护者，展示我们致力于构建人类命运共同体的负责任大国形象。要认真总结筹办纪念活动的经验做法，不断丰富完善大党大国典礼制度。 会议传达了习近平在中央政治局常委会会议上的重要讲话。 会议指出，习近平总书记的重要讲话深刻阐述纪念活动的重要意义，充分肯定组织筹办工作，对用好活动成果等提出明确要求，我们要认真学习领会，抓好贯彻落实。纪念活动取得圆满成功，根本在于以习近平同志为核心的党中央坚强领导，在于各地区各部门各单位、社会各界和人民群众大力支持。要深入学习贯彻习近平总书记重要讲话精神，拓展深化纪念活动重要成果，扎实办好后续纪念活动，加强宣传教育，引导广大干部群众进一步把思想和行动统一到党中央精神上来，把纪念活动激发出的爱党爱国热情转化为推进中国式现代化的强大动力。 纪念活动领导小组副组长王毅、尹力、李书磊、张又侠、王小洪、吴政隆和刘振立参加活动。纪念活动领导小组成员，各工作机构和有关方面负责同志以及工作人员、受阅部队官兵、安保一线执勤人员、演职人员、志愿者、服务保障人员、媒体记者代表等参加活动。 来源：新华社 本期编辑：刘杰、阮可欣 觉得好看，请点这里 ↓ ↓ ↓
҈  暴 ҈雨 ҈ 、 ҈大 ҈暴 ҈雨 ҈，要来了！,https://mp.weixin.qq.com/s/IT7F5cjnXq3xI3S9RkhpOQ,2025-09-23,中央气象台9月17日10时继续发布暴雨黄色预警： 预计，9月17日14时至18日14时，四川盆地中东部和南部、重庆西部和北部、陕西南部、湖北西北部、河南西南部、贵州西北部、云南东北部以及江苏南部、浙江北部、上海南部、西藏东南部、广西南部、广东西南部、海南岛等地部分地区有大到暴雨，其中，四川盆地中北部、重庆西部等地部分地区有大暴雨（100～240毫米）。上述部分地区伴有短时强降水（最大小时降雨量20～50毫米，局地可超过70毫米），局地有雷暴大风等强对流天气。 防御指南： 1、政府及相关部门按照职责做好防暴雨工作； 2、交通管理部门应当根据路况在强降雨路段采取交通管制措施，在积水路段实行交通引导； 3、切断低洼地带有危险的室外电源，暂停在空旷地方的户外作业，转移危险地带人员和危房居民到安全场所避雨； 4、检查城市、农田、鱼塘排水系统，采取必要的排涝措施。 中央气象台 9 月 17 日 06 时 继续 发布大风蓝色预警： 预计， 9月17日08时至18日08时 ，新疆北部、甘肃河西、西藏北部、内蒙古中部等地部分地区有5~6级风，阵风7~8级 ； 渤海、渤海海峡、黄海大部海域将有7~8级、阵风9级的大风，其中黄海中西部的部分海域风力可达9级、阵风10~11级，南海东北部部分海域、巴士海峡将有7~8级、阵风9级的大风。 防御指南： 1、中央气象台、中国海上搜救中心提醒受大风影响海域航行、作业的船舶，注意航行安全； 2、森林、草场、城区防火部门做好防火准备，机场、铁路、公路等交通管理部门应采取措施保障交通安全； 3、停止高空、水上户外作业和游乐活动，加固或妥善安置围板、棚架广告牌、简易设施等易被大风吹动的搭建物； 4、 行人与车辆不要在高大建筑物、广告牌 等临时建筑物 ， 或树的下方停留。 来源：中央气象台 本期编辑：刘杰、阮可欣 转发提醒！ ↓ ↓ ↓
今天，祝你生日快乐！,https://mp.weixin.qq.com/s/sDhH--oBbd2kAEkuu4wbhg,2025-09-23,75年前的今天 1950年9月17日 新中国第一支空降兵部队 空军陆战第一旅 宣告成立 75年来 空降兵部队 从无到有、从小到大、从弱到强 一路走来， 热血无畏 英雄的空降兵 一直战斗在 祖国和人民最需要的地方 在战火硝烟历经洗礼 空降兵部队 前身诞生于黄麻起义 新中国成立后 1950年9月17日 在河南开封组建空军陆战第一旅 中国空降兵从此诞生 自组建以来 先后有17000余名烈士 献出了自己宝贵的生命 一代代空降兵人 高扬上甘岭黄继光英雄战旗 不忘初心，牢记使命 用青春、热血乃至生命 奉献崇高事业 镌刻大写忠诚 在新的征程上续写新的荣光 在生死关头磨砺淬炼 空降兵部队 从诞生起，不断创造“奇迹” 组建仅11天，62名官兵从天而降 不到半年便完成普及跳伞 迅速实现由陆军向空降兵整体转型 从最初“背伞的步兵” 到多种力量复合组成的“空中集团军” 再到如今成建制、成体系 转型升级的“空中合成部队” 逐渐发展成为由20多个专业兵种组成 适应现代战争体系的“合成飞行军” 发生翻天覆地的变化 面临生死考验 空降兵部队从不畏惧 地动山摇之际 他们如神兵天降撕裂阴霾 汹涌的洪流中 他们以身躯铸就坚固堤坝 国际赛场上 他们用拼搏写下铿锵传奇 抗疫最前沿 他们以逆行诠释使命担当 英雄血脉 早已融入这支部队的灵魂 崇高精神 持续激励代代官兵奋勇向前 在实战演训中检验成效 迈入新时代 空降兵部队紧跟军委战略步伐 紧贴战区联合作战 和空军现代化实战要求 先后完成各类实战演训任务 在装备、战法等方面 取得一系列重大突破 2017年 在“国际军事比赛” 空降排项目的赛场 一举夺得12项课目中的11个第一 同年7月 空降兵战车方队 全新亮相朱日和沙场阅兵 2019年 新中国成立70周年阅兵 空降兵战车方队 首次编入陆上作战模块 昭示着空降兵逐步成为 现代联合作战中的“尖刀利刃” 今年的9月3日 以新型履带系列空降战车编成的 空降突击方队亮相 纪念中国人民抗日战争暨 世界反法西斯战争胜利80周年阅兵 在红色基因中赓续血脉 经历了黄麻起义的硝烟 红军长征的洗礼 在抗击侵略、争取解放、维护和平的战场上 浴血奋战、屡建战功 涌现出“特级英雄”黄继光 “一级英雄”邱少云 等英模人物 和“模范空降兵连” “上甘岭特功八连” “黄麻起义红三连” “常胜模范连”等先进集体 砺兵沙场向打赢 迎着新时代的东风 空降兵部队 瞄准 现代化信息化战场要求 从严从难扎实苦练 坚持不懈大抓实战化军事训练 坚持建强打仗型党委班子 全面加强练兵备战 ，提高空降作战能力 努力建设一支强大的现代化空降兵部队 七十五载蓝天征程，谱写铁血荣光 七十五载征途如虹，制胜万里长空 一路走来 中国空降兵始终在 党和人民最需要的关键时刻 奋勇当先 始终坚定不移地为强军事业保驾护航 他们牢记使命、珍视荣誉 传承发扬光荣传统 磨砺血性胆魄 刻苦锤炼过硬本领 全力锻造敢打必胜的空中尖刀 继续为党和人民建立新功 向着建设世界一流空降兵的目标加速前进！ 英雄的空降兵，生日快乐！ 来源：我们的天空（ 作者：陈思 图片：王武锋 王彬 宣世豪 李旭洋 左礼响 徐家旺 王宝强 吕文海 许洋 刘冰冰 刘东祥 胡振凯）、人民日报微博 （ 马可 黄鹏飞 黄琴） 本期编辑：刘杰、阮可欣 点赞！祝贺！ ↓ ↓ ↓
任平文章来了！,https://mp.weixin.qq.com/s/vfnRDRAh-01uBuk-4m9pzA,2025-09-23,以人民之心为心、以天下之利为利 ——从四大全球倡议看和平与发展 任 平 （一） 　　当今世界，和平与发展是各国人民的共同期盼，和平赤字、发展赤字、安全赤字、治理赤字有增无减。 　　在8月31日至9月1日举行的上合组织天津峰会上，习近平主席郑重提出全球治理倡议，旨在推动各国携手行动，构建更加公正合理的全球治理体系。这是继全球发展倡议、全球安全倡议、全球文明倡议之后，新时代中国向世界贡献的又一重要公共产品，为动荡不安的世界注入稳定性和确定性。 　　从和平共处五项原则的“历史答案”，到构建人类命运共同体的“时代答案”，中国共产党始终以人类前途为怀、以人民福祉为念，把为人类作出新的更大贡献作为自己的使命。 　　在纪念中国人民抗日战争暨世界反法西斯战争胜利80周年大会上，习近平总书记庄严宣示：“中国人民坚定站在历史正确一边、站在人类文明进步一边，坚持走和平发展道路，与各国人民携手构建人类命运共同体。” 　　中国式现代化是走和平发展道路的现代化，中国永远是世界的和平力量、稳定力量、进步力量。 　　走人间正道，干正义事业。 （二） 　　合作共赢是时代发展潮流。只有坚持合作共赢，才能促进全球可持续发展。 　　贫困是动荡的根源，发展是破解各种难题、实现人民幸福的关键。当前，全球发展进程遭受冲击，世界开放指数不断下滑，单边主义、保护主义加剧。今年6月，世界银行将2025年全球经济增长预期下调至2.3%。 　　从历史长周期把握大势，抵制各种开历史倒车的行为，推动普惠包容的经济全球化，才能强化全球发展动能，增进各国人民福祉。 　　世界呼唤开放合作、互利共赢，中国为全球发展注入确定性—— 　　面对复杂的外部环境，中国坚定不移办好自己的事，坚定不移扩大高水平对外开放，不断以中国新发展为世界提供新机遇。 　　搭建进博会、消博会、广交会、服贸会、链博会等平台，给予所有同中国建交的最不发达国家100%税目产品零关税待遇，扩大对最不发达国家单边开放……中国开放的大门越开越大。 　　在老挝，中资公司助力当地开发古树茶产品，茶产业带动百姓脱贫致富；在布基纳法索，中国杂交水稻技术传入后，当地粮食产量大幅提高，基本实现大米“零进口”…… 　　高质量共建“一带一路”，累计带动超4000万人摆脱贫困。今年前8个月，我国对共建“一带一路”国家进出口达15.3万亿元，同比增长5.4%。 　　各国人民向往美好生活，中国提出并推动落实全球发展倡议—— 　　经历千辛万苦，付出巨大牺牲，大多从殖民主义的历史泥淖中走出来，新兴市场国家和发展中国家更加懂得发展繁荣的宝贵。 　　全球发展倡议，着眼于解决发展不平衡问题，推动国际社会走共同发展之路，重振联合国2030年可持续发展议程。 　　目前，已有80多个国家加入“全球发展倡议之友小组”，70多个国家、地区和国际组织加入全球发展促进中心网络，全球发展项目库累计项目总数超过1100个，全球发展倡议已动员近200亿美元发展资金…… 　　从中非携手推进现代化十大伙伴行动，到中国支持全球发展的八项行动，再到中拉携手启动五大工程，中国始终是“全球南方”的一员，也是支持全球发展事业的行动派和实干家。 　　“中国追求的不是独善其身的现代化，愿同各国一道，实现和平发展、互利合作、共同繁荣的世界现代化”。 （三） 　　和合共生是各国正确相处之道。只有坚持和合共生，才能促进世界安危与共、维护世界和平安宁。 　　世界动荡不安，“和平正四面受敌”。经济与和平研究所发布的“2025年全球和平指数”显示，59场国家间冲突正在发生，创下二战结束以来的最高纪录，全球和平状况处于该指数创立以来的最低水平。 　　习近平主席强调：“安全是发展的前提，人类是不可分割的安全共同体。”实现世界持久和平，让每一个国家享有和平稳定的外部环境，让每一个国家的人民都能安居乐业，这是共同愿景，更应成为普遍行动。 　　世界迫切需要和平，中国始终做世界和平的建设者—— 　　和衷共济、和合共生是中华民族的历史基因。中国坚持以开放的姿态与各国同心协力，以合作促发展、以合作促安全，携手建设一个持久和平、普遍安全的世界。 　　就乌克兰危机、巴以冲突、阿富汗问题等发布立场文件，同巴西等部分全球南方国家成立乌克兰危机“和平之友”小组，成功促成沙特和伊朗和解，推动巴勒斯坦内部和解，提出并同地区国家一道加快落实“非洲之角和平发展构想”； 　　打造北京香山论坛、中非和平安全论坛、中拉高级防务论坛等国际安全交流对话平台，在维和、反恐、气候变化、防灾减灾、打击跨国犯罪等领域深化国际合作； 　　………… 　　各国安全利益平等，任何国家的正当合理安全关切都应得到重视和妥善解决。中国积极推进国际和平事业，不断汇聚国际社会应对全球安全挑战的共识与合力。 　　各国人民渴望安宁，中国提出并推动落实全球安全倡议—— 　　人类生活在同一星球，应当同舟共济、和睦相处。在国与国相互依存的今天，追求自身所谓绝对安全、独享安全是行不通的。 　　全球安全倡议，倡导践行共同、综合、合作、可持续的安全观，正是要推动走出一条对话而不对抗、结伴而不结盟、共赢而非零和的新型安全之路。 　　被评价为“捍卫全人类共同价值的有力武器”“具有远见和智慧”……目前，全球安全倡议已得到130多个国家和国际地区组织的支持，明确写入140多份中外双多边文件，在维护地区稳定等多个领域取得重要收获。 　　崇正义、尚和平。 　　中国没有称王称霸的基因，是唯一将和平发展写入宪法和执政党党章、上升为国家意志的大国。中国实现现代化是世界和平力量的增长，是国际正义力量的壮大。 （四） 　　交流互鉴是文明发展的本质要求。坚持包容互鉴，才能推动人类文明取得新进步。 　　“战争起源于人之思想”。环顾世界，一些人试图以“文明冲突论”“种族优越论”“制度对抗论”等制造偏见仇恨，挑动意识形态对抗，加剧世界面临的分裂对立风险。 　　“要以开放包容的胸襟，绘就推动构建人类命运共同体的文明画卷。”习近平主席的重要论述，揭示了赓续人类文明薪火的努力方向。 　　人类文明进步呼唤平等尊重、对话包容，中国坚持文明交流互鉴—— 　　世界上有200多个国家和地区、2500多个民族和多种宗教，多姿多彩是人类文明的本色。正是因为各国历史、文化、制度不尽相同，才需要交流互鉴、取长补短、共同进步。 　　从“霓裳羽衣”的浪漫想象到“三兔共耳”的文化形象……千年敦煌，东西方文化交汇枢纽，世界文明长河中的一颗璀璨明珠。 　　当汤显祖与莎士比亚在浙江文学馆“牵手”，当华夏曾楚艺术闪耀于美国旧金山……不同文明跨越山海，在交流中碰撞出绚丽火花。 　　………… 　　中华文明是在同其他文明不断交流互鉴中形成的开放体系，在兼收并蓄中历久弥新。中国式现代化创造的是人类文明新形态，为世界文明发展贡献独特智慧。 　　不同文明需要和平共处、求同存异，中国提出并推动落实全球文明倡议—— 　　和而不同是人类文明传播和发展的规律。全球文明倡议，旨在促进各国人民相知相亲、各种文明包容互鉴，推动建设美美与共的世界文明百花园。 　　2024年6月，第七十八届联合国大会协商一致通过中国提出的设立文明对话国际日决议。决议充分体现全球文明倡议的核心要义，并决定将6月10日设立为文明对话国际日； 　　“开展‘儒伊文明对话’合作，携手打造两国乃至地区层面文明交流平台。”今年6月，马来西亚首都吉隆坡，“儒伊文明对话会”为深化全球南方合作和促进世界和平发展注入正能量； 　　………… 　　中国愿同各国一道，秉持平等、互鉴、对话、包容的文明观，弘扬全人类共同价值，为人类文明进步、世界和平发展注入新的动力。 （五） 　　公平正义是各国人民追求的崇高目标，是持久安全之基。只有坚持公平正义，才能推动公正合理的国际秩序。 　　“没有公道正义，强权政治就会横行无忌”。80年前，联合国应运而生，全球治理掀开新的一页。80年后的今天，世界进入新的动荡变革期，全球治理走到新的十字路口。 　　加强全球治理是国际社会共享发展机遇、应对全球性挑战的正确选择。世界要公道，不要霸道。世界上的事要由各国商量着办，不能谁的胳膊粗、嗓门大，谁就说了算。全球治理倡议顺应各国人民普遍愿望，符合当今世界紧迫需求，正逢其时、指引方向、彰显担当。 　　世界呼唤公平正义，中国坚持主持公道、伸张正义—— 　　应对全球性挑战，必须坚持共商共建共享的全球治理观，坚持国际规则由各国共同书写、共同维护。 　　推进国际法治领域创新，中国会同32个国家建立国际调解院，为高效和平解决国际争端提供新选择新途径新平台。 　　做大做强全球南方合作平台，引领“大金砖合作”高质量发展，将上海合作组织打造为幅员最广、人口最多的区域性国际组织，提出全球南方开放包容合作倡议，宣布支持全球南方合作八项举措。 　　………… 　　中国坚定维护国际关系基本准则，坚持说公道话、办公道事，倡导平等有序的世界多极化，反对一切形式的霸权主义和强权政治。 　　各国人民渴望公道正义，中国提出并推动落实全球治理倡议—— 　　多边主义是世界和平与发展的重要依靠。践行真正的多边主义，就是要坚定维护以联合国为核心的国际体系、以国际法为基础的国际秩序、以联合国宪章宗旨和原则为基础的国际关系基本准则。 　　改革完善全球治理，主权平等是首要前提、国际法治是根本保障、多边主义是基本路径、以人为本是价值取向、行动导向是重要原则，共同指向就是坚定支持联合国在国际事务中发挥核心作用，推动各国依托联合国等多边机制，参与全球治理体系改革与建设。 　　9月5日，第七十九届联合国大会高票通过中国主提的“联合国同上海合作组织的合作”决议，包括上合组织所有成员国在内的近40国参与共提。 　　各方认为“当今世界急需更加有效的治理理念和治理体系”“习近平主席提出的全球治理倡议顺应时代大势，将为应对全球性挑战、完善全球治理发挥重要作用”。 　　联合国秘书长古特雷斯认为：“中国为维护国际法、确保国际法治作出重要贡献，成为捍卫多边主义的基石。” 　　勇担大义，笃行大道。 　　构建人类命运共同体、践行四大全球倡议、共建“一带一路”，中国致力于同各国一道推动世界走向和平、安全、繁荣、进步的光明前景。 　　“以人民之心为心、以天下之利为利”。 来源：《人民日报》（2025年09月17日 第 01  版） 本期编辑：刘杰、阮可欣 觉得好看，请点这里 ↓ ↓ ↓
M87黑洞，最新消息！,https://mp.weixin.qq.com/s/vPwy7wEVdymXal8dwz0keA,2025-09-23,人类首次“看见”的黑洞，“身份照”又上新！ 记者从中国科学院上海天文台获悉，人类首次“看见”的那个黑洞——位于室女座M87星系中心的超大质量黑洞，“身份照”又上新了！ M87黑洞最新“身份照”。（事件视界望远镜合作组织供图） 事件视界望远镜（EHT）合作组织9月16日发布了M87星系中心超大质量黑洞的最新图像和研究成果，并正式发表在国际学术期刊《天文学与天体物理学》。 M87黑洞距离地球5500万光年，质量约为太阳的65亿倍，首张“身份照”于2017年拍摄，2019年发布。2018年和2021年，科学家又对其进行了拍摄，持续深入研究。 此次上新的“身份照”是基于这3次拍摄所取得的最新研究成果。 科学家们通过对比分析2017年、2018年和2021年的观测数据， 揭示了M87黑洞附近偏振辐射随时间的演化，还首次发现了连接黑洞环状结构与喷流底部的延伸辐射迹象。 M87黑洞3张“身份照”对比图。（事件视界望远镜合作组织供图 ） 通过分析M87黑洞3张“身份照”，可以得到其附近磁场分布：2017年由里向外呈逆时针方向，2018年与2017年基本一致，而2021年磁场分布则反转成顺时针方向。这种磁场方向随时间变化的累积效应，表明M87黑洞及其周边环境处于持续演化状态。 科学家们认为，偏振旋转方向的明显变化，可能源于内部磁结构与外部效应（如法拉第屏）的共同作用。偏振的演化反映出黑洞周围湍动不止的环境，其中磁场在物质如何落入黑洞以及如何向外释放能量方面发挥着关键作用。 类似M87这样蕴含超大能量的喷流，通过调节恒星形成和大尺度上的能量分配，在星系演化中发挥着至关重要作用。这种强大的喷流，能产生包括伽马射线和中微子在内的全电磁波辐射，为研究宇宙极端现象的形成机制提供了一个独特的“实验室”。此次最新发现，为破解该谜题提供了至关重要的一块“拼图”。 事件视界望远镜由全球射电望远镜联合组网。2021年该组织新增两台望远镜——美国亚利桑那州的基特峰望远镜和法国NOEMA阵列，从而显著提升了观测灵敏度和成像清晰度。此外格陵兰望远镜和詹姆斯·克拉克·麦克斯韦望远镜的性能升级，也进一步提高了数据质量。 科学是永无止境的，它是一个永恒之谜。在伟大梦想的支持下，人类对浩瀚星空探索的脚步，将永不停歇。 来源：新华社， 记者：张建松 本期编辑：刘杰、阮可欣 觉得好看，请点这里 ↓ ↓ ↓
生死25分钟！这双膝盖，太心疼了……,https://mp.weixin.qq.com/s/2xkOI2NcJYpQuWtk2Vbv6Q,2025-09-23,近日 一段杭州临平热心村民 救援心脏骤停男子的视频 火出圈了 网络上发出不久便冲上热搜 吸引众多网友点赞关注 有人脸色惨白晕倒路边 一村民主动上前伸出援手 　　这一幕发生在杭州市临平区崇贤街道四维村。 　　9月5日晚，独山新苑一超市门口突然传来带着哭腔的呼救声，一个穿白色T恤的男子脸色苍白，四肢瘫软倒在妻子怀中。四周围拢了一圈热心群众，大家虽然心急救人，却一时不知所措。 　　这时，村民莫海鹏刚好路过， 听到呼救 声，他便第一时间冲进人群 ， 只见一男子脸色苍白，一旁的妻子满脸焦急、手足无措。在上前查看后，发现该男子几乎没有心跳，两人当即将该名男子平放在地，莫海鹏迅速跪在男子身旁，一边进行心肺复苏，一边向其妻子询问男子是否饮酒，是否有高血压、高血糖等关键信息。 　　心肺复苏体力 消耗 很大，不一会儿，莫海鹏就大汗淋漓。然而9分钟过去了，昏迷男子无一丝反应。男子的妻子情绪崩溃大哭，莫海鹏只能一边抢救一边安抚她：“不要慌，现在还在抢救中，你尝试叫你老公的名字，试着唤醒他！” 跪地抢救25分钟唤醒昏迷者 男子双膝严重淤血，又青又紫 　　没想到奇迹真的发生了， 在莫海鹏抢救男子的第10分钟，男子的头部和腹部突然微微动了一下 ， 这给莫海鹏很大的鼓舞， 一旁的家属也激动万分。 然而惊喜转瞬即逝，男子又再次陷入昏迷。莫海鹏并没有放弃，他持续为男子实施心肺复苏，每一秒都仿佛在与死神赛跑。 直到第25分钟，终于出现了转机，男子的眼睛半睁，嘴里发出微弱的呻吟声，心跳也逐渐恢复。 现场所有人悬着的心，在这一刻终于稍稍放下。 　　在莫海鹏奋力抢救的过程中，有热心市民拨打了120急救电话，其间，120急救人员始终与现场市民通话指导。120急救车在接警10多分钟后赶到现场开展急救，莫海鹏才停下急救动作。 　　看着男子被抬上救护车， 莫海鹏如释重负，等站起来才发现，膝盖因长时间跪地早已严重淤血，又青又紫。 　　回忆起当时的场景莫海鹏仍心有余悸： “我当时满脑子想的都是如何抓住‘黄金四分钟’的急救窗口，把人救回来，根本顾不上身体的疼痛。” 曾自学中西医 “能挽救一条生命心里十分欣慰” 　　莫海鹏并非医务人员，但急救操作却很专业，原来他曾经自学过中西医。 　　莫海鹏说他从小便怀揣着从医的梦想，虽然大学时阴差阳错读了机械专业，但凭借对医学的热爱，他大学自学了中西医，虽没有从事相关工作，但这些知识已在多个危急时刻派上用场。“做了大概半个小时的急救，挽救了一条生命，我心里感到十分欣慰！”莫海鹏说。 　　最终经确认，该名男子在救护车上恢复了意识，经诊断是由于中暑导致的心脏骤停，经过治疗男子身体状态已好转，目前已经出院。 为善良热心的莫海鹏 点赞！ 来源：杭州发布微信公众号综合杭州日报、临平发布 本期编辑：刘杰、阮可欣 为莫海鹏点赞！ ↓ ↓ ↓
冲上热搜！赶紧查查你的支付宝，有人不知不觉被扣不少钱,https://mp.weixin.qq.com/s/iWXNRZCg3fwDlFiGuisAqg,2025-09-23,在大数据时代 每个人都是数据的提供者和使用者 在便利生活的同时 也暗含个人信息泄漏风险 你知道自己在使用App、小程序时 点击“同意授权”后 提供了多少个人信息吗？ 多年来 你又随手“授权”了多少第三方机构？ 在有意无意间开通的免密支付 又“偷”走了你多少钱？ 　　今天， “支付宝账号解除授权” 的话题冲上微博热搜，引起热议。一位网友建议大家打开支付宝，查看“个人信息授权管理”，称有望不到头的“惊喜”，同时呼吁顺便查下“免密支付/自动扣款”。 “最早的2015年，一共171条。” “列表长到不见底……难怪一天到晚被骚扰电话袭击。” “11点半看到热搜，删了快一小时才删完。” …… 很多网友照做后， 感慨万千 还有不少网友查了 “免密支付/自动扣款” 瞬间炸锅 　　有人体验发现，自己不知不觉授权了 121项 ，其中最早的是2015年底授权的，授权内容包括姓名、手机号及证件号码等敏感信息；最近的是今年8月底授权的，授权内容为获取姓名、身份证号等身份信息…… 　　百余项授权中，部分授权内容是获取昵称和头像，但也有不少会涉及姓名、身份证号、手机号码等敏感信息， 甚至很多软件、平台毫无印象，都不知道是干什么用的…… 　　原以为去年年初才检查过的“免密支付/自动扣款”不会有什么问题，没想到一查，竟然又新增了15个项目签约了“免密支付/自动扣款”服务，包括付款码免密支付、乘车码支付、自动还款、打车软件、定期扣款投资理财、外卖软件、视频会员等， 甚至不知何时开通了某视频会员自动续费，7月1日被扣了238元会员年费…… 对此 消费者可定期检查和管理 “账号授权”和“免密支付/自动扣款” 查看具体步骤为 👇 「打开支付宝」—「搜索框」—「输入：支付宝安全中心」—「账号授权」 及时解除不必要的“授权” 关闭不需要的“扣费” 此外 针对“自动扣费”的情况 江苏消保委发布过消费提示 提醒广大消费者 要谨慎开通自动扣款功能 　　除生活场景中高频率出现的小额公共服务外，对各种会员、出行、游戏等的自动扣款（免密支付），消费者在开通时要多权衡利弊，特别要留意首月（次）优惠后自动续费的约定。 　　同时，定期清理微信支付和支付宝的免密授权、自动续费功能。 　　此外，要养成定期核查账单的良好习惯，把银行、微信、支付宝、电信、水电气等账单逐一查对，看看是否有异常扣费，如果有异常扣费，要分析原因，及时进行处置，以免侵权行为长时间发生，自己还不知情。 你开通“自动扣款”功能了吗？ 来源：广州日报综合支付宝、长江日报、新浪微博、无锡发布 本期编辑：刘杰、阮可欣 转发提醒↓ ↓ ↓
来了！新闻早班车,https://mp.weixin.qq.com/s/BNKpGVmslgNC94IAtPvduQ,2025-09-23,点击这里，查看更多精彩内容 要闻 “十四五”时期，我国粮食产量迈上新台阶。目前，人均粮食占有量达到500公斤，做到了谷物基本自给、口粮绝对安全。 商务部等9部门提出19条举措扩大服务消费，包括探索中小学春秋假、加大消费信贷支持等。 国家网信办拟细化未成年人用户数量巨大的网络平台服务提供者认定标准，向社会公开征求意见。 详讯 16日，我国在酒泉卫星发射中心使用长征二号丙运载火箭/远征一号S上面级，成功将卫星互联网技术试验卫星发射升空。 生态环境部消息，我国已累计淘汰约62.8万吨消耗臭氧层物质，占发展中国家淘汰量的一半以上。  16日，中国海警依法对位黄岩岛领海非法活动的多艘菲律宾公务船采取管制措施。 海军两艘现役主战军舰将于国庆节前夕在青岛向公众开放。 详讯 外交部敦促美方、日方正视地区国家呼声，纠正错误做法，尽快撤走“堤丰”中导系统。 世界知识产权组织发布2025年全球创新指数，中国首次跻身前十。 联合国调查委员会16日发布报告，认定以色列在加沙地带犯下种族灭绝罪行。 社会 16日至18日，华西、黄淮等地有强降雨，国家防总针对山东、四川启动防汛四级应急响应。 北京长安街主题花坛换装迎国庆，和平鸽将首次“飞上”“祝福祖国”大花篮。 中国人民银行定于19日发行新疆维吾尔自治区成立70周年金银纪念币一套。 16日，今年为期4个半月的伏季休渔期结束，东海全面开渔。 河北廊坊中院一审公开宣判中央宣传部原副部长张建春受贿案，判处张建春有期徒刑十四年。 藏粤直流输电工程16日启动建设，2029年全面投运后，每年可向粤港澳大湾区输送超430亿千瓦时电能，100%为清洁能源。 截至15日，港珠澳大桥开通以来总客流超9000万人次，车辆超1868万辆次。 世界遗产地普洱景迈山10月1日起试行免费预约入园。 云南威信一老人不慎坠入15米深溶洞，刚入警20天的民警张杰系上绳子下洞救人，有序指挥地面人员合力将老人救出。 政策 《国务院办公厅关于进一步加强旅游市场综合监管的通知》日前发布，围绕依法落实旅游市场监管责任等提出了16条具体举措。 10月1日起，贵州省实施境外游客购物离境退税政策。 浙江出台若干措施促进健康消费，明确自费疫苗费用可由职工基本医保个人账户历年结余资金支付。 今日天气 四川盆地中东部和南部、甘肃中部、陕西南部、湖北北部、河南南部、山东中南部、苏皖北部以及广西南部、海南岛等地部分地区有大到暴雨，其中，山东半岛南部、江苏北部、四川盆地东北部和南部等地部分地区有大暴雨。 早安中国 每个清晨，遇见大美中国。 广西南宁，背靠大西南，面向北部湾，属于典型的亚热带季风气候。这里阳光充足，雨量充沛，夏长冬短，气候温和，素有“中国绿城”的美誉。恰逢第22届中国—东盟博览会召开，南宁积极融入和服务新发展格局，大力畅通开放通道，打造中国与东盟各国经贸合作、交流沟通、会晤磋商的“南宁渠道”。南宁欢迎您！ 成长，是厚积薄发的过程。别让犹豫阻挡前行的脚步，今天的你比昨天更努力一点，梦想就会离你更近一点。有目标就大胆去追，有计划就尽力去做，最适合行动的时间，就是现在。新的一天，早安。 本期编辑：陈子涵 ，实习生：余典、赵梦媛 ｜主播： 韦礼义 觉得好看，请点这里 ↓ ↓ ↓
睡觉前千万别做这件事，伤身又伤心！,https://mp.weixin.qq.com/s/EoWWUpf_L3Q4WqUOyciYvw,2025-09-23,有句俗话说，夫妻没有隔夜仇。但很多人都有这样的体验：夫妻之间或家人之间，睡前吵架，醒来后非但不会和好，反而还更容易记仇。 这究竟 是为什么，应该如何避免？一起来看—— 01 夜晚，情绪的催化剂 研究表明， 人的情绪会在一天内有多次波动，尤其是在夜晚时分 。 换句话说，晚上人们更容易多想。这也是很多作家习惯在夜晚写作的原因。 实际上，这都是人体内的激素作祟 。 人体存在昼夜节律的现象，也就是生物钟，根据外界环境的不同，自身也会进行调节。 白天时，血清素含量较高，人的情绪相对正面，而到了晚上， 为了助于睡眠，人体会分泌褪黑激素，血清素的分泌水平则会降低，情绪就会转为相对消极 。 像很多抑郁症患者，体内血清素的分泌都比较少。 如果是在上午或者下午吵架，可能双方都会就事论事，目标一致，让事情得到解决。但到了晚上，双方都本能地多想，于是这个架吵着吵着就会远离重点。这就不仅仅是简单的吵架了。 当然， 还有一点现实的考量。等你带着情绪吵完架，能听你倾诉的人大多已经睡着或者睡意朦胧了，根本不能帮你排忧解难。 只能自己忍着，越憋越难受。 即使有人是夜猫子，也会在昼夜节律规律的支配下变得感性，可能无法理性地帮你分析问题，而是侧面上推波助澜。 总之，夜晚吵架，对情绪的影响绝对是远远高于其他时刻的。 02 睡眠，让火药桶升级 有人会疑问，前一天上午，家人交代你去做某件重要的事，虽然答应了下来，但转头就会忘记。可为何吵架这件事，睡过一觉反而记得牢呢？ 其实，是睡眠起到了催化剂的作用。研究表明， 睡过一觉，短期记忆就会转变为长期记忆。 这和睡前背单词记得牢有着相似的原理： 倒摄抑制。 白天吵完架，人们往往还会做其他事，吵架的细节和当时的情绪就会被淡化，可晚上吵完架再睡觉，这点并不难忘却的记忆就会被强化，此后不断地跳出来。 简单来说， 后来的记忆会不断干扰先前的记忆。距离睡觉越近发生的事情，会记得越清晰。 这里要特别提示一点： 睡前记仇，比记住其他事，要容易得多。 这是由于带着情绪入睡，负面情感会让大脑的杏仁体、纹状体失控扭曲，简而言之，就是让你越睡越生气。 这也就意味着，如果遇到开心的事，睡一觉可能记牢程度加一倍，遇到不开心的事，记牢程度就会翻几番。 03 睡前吵架，危害很大 除了容易记仇，睡前吵架对人身体也有许多危害。 情绪受到剧烈波动，会使人的心跳频率加快，呼吸变得急促，短时间内难以入睡。 一项研究发现，睡前没能谈拢的伙伴睡眠时间都在6小时48分以下，反之，睡眠时间都超过了7小时。 如果总是睡前吵架，长此以往，患上关节炎、心血管疾病甚至阿兹海默症的概率将增加10% 。 为了身心健康，调节情绪显然十分重要。 04 避免 睡前吵架，不妨这样做 1.睡前几个小时里，尽量不谈比较敏感或者双方存在争议的话题。 对于上班族而言，能多睡一会儿就是最大的心愿了，不但能消除当天的疲惫，也能有精神开始新一天的工作。 一个良好的睡眠，往往需要睡觉前几个小时都保持稳定的情绪。 否则，不但要谈的事情没解决，两人的休息和工作也会受到影响。 2.问题谈不拢，就暂时先放下。 很多人在晚上讨论问题，其实是因为白天太忙，抽不出空来。 此时就要谨记一点，夜晚情绪波动明显，讨论问题很可能是暂时得不出结果的，一旦有了火药味，就要及时止住，把这个话题先放一放，不然只会愈演愈烈。 3.时刻谨记就事论事，不上升到互相攻击。 吵架往往是由一些导火索引起，比如讨论事情时一句有歧义的话。 其实，对于两人而言，讨论出结果才是主要目的，胜负并不重要。如果意识到伤害到了对方，大可以选择承认错误，这不代表你在问题的观点上出错，只是为你刚刚没有控制住的言语而道歉。 说不定，对方看到你的态度，自己也会有所反思，让事情的讨论得到圆满的解决。 夜深了 祝你心安、晚安 来源：科普中国， 作者：李米 科普创作者，审核：詹丽璇 广州医科大学附属脑科医院神经内科教授、中华医学会神经病学分会生化学组委员、中国研究型医院学会神经科学专业委员会委员、中国老年医学学会脑血管病分会委员 本期编辑：石磊、王若彤 转发周知！ ↓ ↓ ↓
【夜读】情绪稳定，从接纳情绪不稳定开始,https://mp.weixin.qq.com/s/cKc6yOTXYM83E1qp0rCflg,2025-09-23,情绪稳定 不等于没有情绪 　　生活里，我们常常会把“情绪稳定”误以为是“没有情绪”，仿佛只有始终温和、从不生气、不落泪的人，才是情绪管理的“优等生”。可仔细想想，人非草木，不可能完全没有情绪。情绪，就像我们身体里的“晴雨表”，如实反映着我们对生活的感知。 　　强行要求自己“没有情绪”，就像给心灵套上枷锁，表面看似平静，内里却积压着未被看见的感受。真正的情绪稳定，从来不是屏蔽情绪，而是允许自己坦诚地感受每一种情绪，然后带着这些真实的感受，依然坚定地往前走。 要接纳情绪 先理解情绪 　　很多时候，我们抗拒情绪不稳定，是因为看不清那些情绪背后的心意。就像突然袭来的焦虑，我们会下意识排斥，可越是对抗，焦虑感反而像藤蔓般缠绕得更紧。其实，每一种情绪的出现都不是毫无缘由，它们更像是内心发出的信号，提醒我们关注被忽略的需求。 　　或许焦虑背后，是对“做好事情”的期待；或许烦躁深处，是对“被理解”的渴望；或许难过之下，是对“失去”的不舍……理解情绪，就像给内心一场温柔的安抚，当我们懂得它为何而来，就不会被它轻易裹挟，反而能在情绪中读懂自己，找到与自己和解的方式。 真正的情绪管理 是实现情绪自由 　　提到情绪管理，很多人会觉得是“控制情绪”，是强迫自己不发脾气、不难过，可这样的“控制”往往是暂时的，积压的情绪总会在某个时刻以更激烈的方式爆发。 　　真正的情绪管理，从来不是压抑情绪，而是面对情绪时有选择权，实现“情绪自由”：愤怒时，不会任由怒火冲昏头脑，而是能清醒地表达感受；难过时，不会沉溺于悲伤无法自拔，而是能给自己时间平复；焦虑时，不会被担忧困住脚步，而是能带着这份不安依然行动。 　　情绪就像天空中的云朵，会来，也会走。接纳它们的存在，理解它们的心意，慢慢你会发现，你会带着情绪，把生活过得温暖而有力量。 　　愿你今夜与情绪温柔相处，醒来时，又能带着勇气拥抱新的一天。晚安。 来源：人民日报夜读综合｜主播：赵文龙 本期编辑：郑薛飞腾，实习生：洪舒云 觉得好看，请点这里↓ ↓ ↓
探索中小学春秋假、加大消费信贷支持……9部门发文,https://mp.weixin.qq.com/s/9-g-oThWlFA8eY_NloPr6A,2025-09-23,近日，商务部等9部门联合印发 《关于扩大服务消费的若干政策措施》 ， 提出五方面19条举措， 更大力度提振消费、扩大内需，促进民生改善和消费转型升级，积极培育服务消费新的增长点，为推动经济高质量发展提供有力支撑。 1.培育服务消费促进平台 （一）实施服务消费提质惠民行动。印发《服务消费提质惠民行动工作方案》，从加强政策支持、搭建平台载体、扩大对外开放、强化标准引领、优化消费环境等方面提出工作举措。持续深化“购在中国”品牌打造， 开展“服务消费季”系列促消费活动， 围绕贴近群众生活、需求潜力大、带动作用强的重点领域开展服务消费促进活动，培育服务消费品牌，打造服务消费热点。 （商务部牵头） （二）开展消费新业态新模式新场景试点城市建设。积极发展首发经济，推动创新和丰富服务消费场景， 支持优质消费资源与知名IP跨界合作， 打造一批商旅文体健融合的消费新场景，培育一批新型消费龙头企业。 （财政部、商务部按职责分工负责） 2.丰富高品质服务供给 （三）扩大服务业高水平对外开放。推动互联网、文化等领域有序开放，扩大电信、医疗、教育等领域开放试点。加快推进服务业扩大开放综合试点示范。支持将更多服务消费领域纳入《鼓励外商投资产业目录》，提供差异化服务供给。 （中央宣传部、国家发展改革委、教育部、工业和信息化部、商务部、文化和旅游部、国家卫生健康委按职责分工负责） （四）统筹利用现有资金渠道，支持推出一批文学、艺术、影视、动漫等领域精品创作，充分利用已有场馆，打造一批辐射带动作用强的剧场、博物馆、美术馆、科技馆，培育一批群众性文化活动和赛事品牌，优化文化产品和服务供给。支持世界文化遗产、文博场馆、非遗机构、历史文化名城，挖掘传统文化IP市场价值，打造服务消费新场景。支持有条件的地方以优质演艺、动漫、游戏、影视作品等线上流量带动线下场景创新。 （党委宣传、财政、商务、文化和旅游、广电、文物主管部门按职责分工负责） （五） 结合实际、因地制宜延长热门文博场馆、景区营业时间，优化预约方式，鼓励推行免预约。 支持文博场馆创新办展方式，其收益可按规定用于绩效激励，根据工作成效合理核定绩效工资总量。鼓励文博单位开放馆藏资源，与社会力量合作开发文创、数字产品，推动市场化方式举办的各类文化展览进商场、进社区、进公园。 （财政、人力资源社会保障、商务、文化和旅游、文物主管部门按职责分工负责） （六） 鼓励引进国外优秀体育赛事，支持地方举办大众体育赛事， 打造一批具有较高知名度的精品赛事、职业联赛以及具有自主知识产权的体育竞赛表演品牌。持续开展“跟着赛事去旅行”“体育赛事进景区、进街区、进商圈”“乐享精彩赛事 寻味中华美食”等活动，发挥体育赛事和相关活动带动效应。 （商务、文化和旅游、体育主管部门按职责分工负责） （七）培育多元化教育和培训市场。规范发展文化艺术、科技、体育类非学科教育培训，完善许可条件，符合条件的线上、线下非学科类培训机构可依法依规申请行政许可。鼓励相关机构以市场化为导向开展职业技能培训，完善培训评价机制。有序发展社区学院、市民夜校、老年培训，提供优质技能培训、文化艺术培训，鼓励有条件的地方提供免费或低租金场地设施。 （教育、科技、民政、人力资源社会保障、体育主管部门按职责分工负责） （八）加快推进长期护理保险制度建设，扩大长期护理保险制度覆盖面。加强对养老护理、家政服务、长期照护等领域从业人员培养培训，落实有关支持政策。开展家政服务职业技能专项培训行动，完善以职业能力为导向的家政服务职业评价体系，引导家政企业开展岗前培训、企业新型学徒制培训、技师培训等。 （教育、财政、民政、人力资源社会保障、商务、医保主管部门，工会、妇联按职责分工负责） （九）有条件的地方可结合实际对普惠托育机构给予场地支持和适当运营补助。 支持有条件的幼儿园招收2—3岁幼儿，发展社区嵌入式托育、家庭托育点，鼓励用人单位提供托育服务， 并按相关规定给予政策支持。 （发展改革、教育、财政、卫生健康主管部门，工会按职责分工负责） （十） 放宽中高端医疗、休闲度假等领域市场准入，减少限制性措施，吸引更多外商投资、民营资本进入， 增加优质服务供给。 （商务部、文化和旅游部、国家卫生健康委按职责分工负责） 3.激发服务消费新增量 （十一）吸引更多境外人员入境消费。有序扩大单方面免签国家范围，优化完善区域性入境免签政策，持续优化外国人来华签证政策和通讯、住宿、支付等便利化措施， 为更多符合条件的人员签发5年多次签证。 加强我国文旅资源国际宣传推广，发挥美食、中医药、文物古迹等传统文化资源优势，鼓励旅行社、在线旅游平台推出若干适合外国人的特色旅游线路。加强“留学中国”品牌建设，吸引外国优秀学生来华学习。培育面向国际的医疗、会展等市场。 （商务部牵头，外交部、教育部、工业和信息化部、文化和旅游部、国家卫生健康委、中国人民银行、国家移民局、国家文物局、国家中医药局按职责分工负责） （十二）拓展数字服务消费，鼓励电商平台创新线上线下融合的数字服务消费场景，支持生活服务企业数字化转型和推广运营。开展“人工智能+消费”典型应用案例推荐，持续打造信息消费新产品新场景新热点。 （商务、工业和信息化主管部门按职责分工负责） （十三）优化学生假期安排，完善配套政策。在放假总天数和教学时间总量保持不变的情况下，鼓励有条件的地方结合气候条件、生产安排、职工带薪休假制度落实等因素，科学调整每学年的教学和放假时间， 探索设置中小学春秋假，相应缩短寒暑假时间，增加旅游出行等服务消费时间。 （教育、人力资源社会保障主管部门按职责分工负责） 4.加强财政金融支持 （十四）统筹利用中央预算内投资、地方政府专项债券等各类资金渠道， 支持符合条件的文化、旅游、养老、托育、体育等服务设施建设。 （国家发展改革委、财政部按职责分工负责） （十五）支持服务贸易创新发展引导基金按市场化原则投资符合条件的服务消费企业，引导社会资本加大对服务消费相关领域投资。 （财政部、商务部按职责分工负责） （十六）综合运用货币信贷等政策工具，支持金融机构扩大服务消费领域信贷投放，加大对服务消费领域经营主体信贷投放力度，合理确定贷款利率水平，可持续支持服务消费。支持金融机构针对服务消费经营主体特点和融资需求，创新开发特色金融产品和服务。鼓励金融机构加强对多元化服务消费场景、集聚区和相关重点项目建设支持。 （中国人民银行、金融监管总局按职责分工负责） （十七） 加大消费信贷支持力度。 支持地方通过新设或纳入现有风险补偿专项资金等方式，分担消费信贷风险，开展重点领域消费贷款贴息，引导金融机构和商家合作开发适合服务消费特点的产品和服务，形成“政府补贴+金融支持+商家优惠”组合拳。 （财政部、商务部、中国人民银行、金融监管总局按职责分工负责） （十八） 聚焦与居民日常生活密切相关的服务消费领域，对服务业经营主体给予财政贴息支持， 推动降低经营主体融资成本，激发服务消费市场活力。 （财政部、商务部、中国人民银行等部门按职责分工负责） 5.健全统计监测制度 （十九）优化服务消费统计方法。加快推进分地区服务零售额测算工作，客观反映分地区服务消费发展情况。创新统计监测方法，鼓励有条件的地方利用大数据等信息技术手段开展服务消费监测分析。 （国家统计局、商务部按职责分工负责） 来源：中国政府网、央视新闻 本期编辑：石磊、王若彤 觉得好看，请点这里 ↓ ↓ ↓
北部战区海军重磅发布！,https://mp.weixin.qq.com/s/t_q-c96lcqy9vmIWm2R4CQ,2025-09-23,今年是中国人民抗日战争 暨世界反法西斯战争胜利80周年 为传承和弘扬伟大抗战精神 扎实开展全民国防教育月活动 北部战区海军定于近期 位 山东省青岛市奥帆中心码头 组织舰艇开放活动 现将有关安排公告如下 时间安排 9月24日（周三）至28日（周日） 08 : 30—11 : 30 14 : 00—17 : 30 地址：青岛市市南区奥帆路1号 预约方式 此次活动 免费预约 可搜索“北海舰队”微信公众号 点击进入“舰艇参观”程序 按提示进行网上预约登记 预约程序将于 9月17日正式上线运行 17日、18日、19日 12 : 00各放票1次 19日15 : 00关闭预约通道 线上预约采取实名制 所有预约人员 均以第二代居民身份证信息为准 人员信息核验约需2个工作日 审核通过后 按预约时间 持身份证原件经闸机识别 进入码头参观 为满足更多群众的参观需求 每人限预约参观1次 舰艇介绍 海军西宁舰 是我国自行研制建造的 052D型导弹驱逐舰 舷号117 2014年8月下水 2017年1月服役 隶属于北部战区海军 ▲海军西宁舰 芜湖舰 是我国自行研制建造的 054A型导弹护卫舰 舷号539 2016年8月下水 2017年6月服役 隶属于北部战区海军 ▲海军芜湖舰 温馨提示 　　1、参观期间，请自觉接受身份核验和安全检查，不得携带易燃易爆违禁品、危险品、宠物以及大件行李箱包登舰。 　　2、参观期间，请勿倚靠栏杆、坐靠码头设施，不得随意触碰舰艇设备，确保自身安全。 　　3、请自觉保持衣着整洁、得体，穿戴奇装异服者谢绝进入码头参观。 　　4、舰艇内部通道不得摄录像。 　　5、参观期间，请自觉排队等候，保持良好秩序。 　　6、因现场人流量较大，不建议孕妇、行动不便的老人以及五岁以下儿童前往参观。 　　7、如遇各类突发事件或等候区内人员密度较大时，请听从现场工作人员指挥。 　　8、 开放场地 不提供对外停车服务，建议乘坐公共交通工具前往参观。 　　公交：乘210路、225路、402路公交车到青岛奥帆中心站下车，步行约400米到达；地铁：乘2号线至燕儿岛路站（C口），步行约1400米到达。 　　9、参观截止时间前1小时入口闸机通道关闭，请合理安排出行时间。 还等什么 快来“舰”面吧 来源：北海舰队 本期编辑：石磊、王若彤 觉得好看，请点这里 ↓ ↓ ↓
明天，《731》全球首映式！,https://mp.weixin.qq.com/s/0BuDsfRTeXT-o5NcBn8tUQ,2025-09-23,"明天，《731》全球首映式！                                             ,     ,     ,    "
现场画面！中国海警对菲侵权船只实施管制,https://mp.weixin.qq.com/s/QdLXNNvl3gdfvs2QM0lPVg,2025-09-23,中国海警局新闻发言人就菲公务船侵闯黄岩岛领海发表谈话 中国海警局新闻发言人 甘羽表示 ， 9月16日，菲律宾组 织 10余艘公务船，不顾中方一再劝阻和警告，执意非法侵闯中国黄岩岛领海，中国海警依法对菲船只实施管制并予以驱离。其间， 菲 3014号公务船危险机动、故意冲撞中方正常执法的海警船，危及中方船只和人员安全，中国海警依法采取管控措施 ，现场操作专业规范、正当合法 。黄岩岛是中国固有领土。菲方行为严重侵犯中方主权，严重违反中国法律和国际法相关规定，我们正告菲方立即停止侵权行径。中国海警将依法在黄岩岛海域开展维权执法活动，坚决维护国家领土主权和海洋权益。 △中国海警依法对菲侵权船只管制现场画面 来源：中国海警 本期编辑：石磊、王若彤 觉得好看，请点这里 ↓ ↓ ↓
获刑14年！张建春受贿案一审宣判,https://mp.weixin.qq.com/s/Z2JvQmMS22BTLc60Cd_zMg,2025-09-23,2025 年 9 月 16 日 ， 河北省廊坊 市中级人民法院一审公开宣判 中央宣传部原副部长张建春 受贿案 ， 对 被告人 张建春 以受贿罪 判处 有期徒刑十四年，并处罚金人民币四百万元 ；对 张建春 受贿所得及孳息依法 予以追缴 ，上缴国库 。 经审理查明： 2004年至2024年，被告人张建春利用担任中央组织部干部一局任免处正处级调研员、副处长、处长，干部一局副巡视员、副局长，北京市委组织部副部长、常务副部长，中央组织部干部一局局长，中央组织部部务委员兼干部一局局长，中央组织部副部长，中央宣传部副部长等职务上的便利以及职权 、 地位形成的便利条件，为 有关 单位和个人在项目推进、业务承揽、工作安排、职务调整等事项上提供帮助 ， 直接或 者 通过他人非法收受上述单位和 个人 给予的财物，共计价值 人民币 5506万 余 元 。 廊坊 市中级人民 法院 认为， 被告人 张建春 的行为构成受贿罪 ， 受贿数额特别巨大， 应依法惩处。 鉴于 其 到案后如实供述罪行，主动交代办案机关尚未掌握的部分受贿事实 ， 认罪悔罪 ， 积极退赃，赃款赃物已全部追缴， 具有法定、酌定从轻处罚情节，依法可对其从轻处罚。 法庭遂作出上述判决。 据悉， 廊坊市 中级人民 法院 于 2025年 6 月 27 日公开开庭审理了该案。 庭审中，检察机关出示了相关证据，被告人 张建春 及其辩护人进行了质证，控辩双方在法庭的主持下充分发表了意见， 张建春 进行了最后陈述， 并当庭表示认罪悔罪。 人大代表、政协委员和各界群众 5 0 余人 旁听了庭审。 来源： 人民日报客户端，记者：魏哲哲 本期编辑：石磊、王若彤 觉得好看，请点这里 ↓ ↓ ↓
589092元善款，全额退还28689位网友！,https://mp.weixin.qq.com/s/CjGgdSoOb4QIHVrQ66ZmJA,2025-09-23,今年夏天 曾身患白血病的 安徽霍山学子金正林 以647分被湖南大学录取 全家人激动万分 妈妈胡奇卉说 儿子能顺利参加高考 本身就是一个奇迹 2019年夏天 14岁的金正林 接连收到两份“命运的通知” 全县中考第35名的成绩单 和急性白血病的确诊通知书 其实在中考之前 金正林就已出现了类似感冒的症状 中考结束后病情恶化 但始终查不出病因 直到2019年8月 才在上海检查出 金正林患上了急性白血病 由于是急性发作 金正林的状况不容乐观 但父母并未放弃 坚持四处求医 终于在安徽省儿童医院找到治疗希望 但高昂的治疗费用成了巨大阻碍 家里积蓄几乎已经花光 胡奇卉想到了向社会求助 那天，她拿着手机 一个人在走廊上哭了很久 然后根据操作指引 在网上发起了筹款 图源：当事人账号 发起筹款后 胡奇卉就进病房看望孩子了 大概过了两个小时 她打开手机，发现筹款已结束 “第一反应是不是操作失误” 胡奇卉说 403333元，两个小时就筹满了 在爱心人士的帮助下 金正林的治疗顺利进行 2020年，父母带着金正林 前往河北的一家医院 准备移植造血干细胞 等待配型过程中 费用让本就拮据的家庭雪上加霜 在向亲戚借了一部分钱后 2020年8月，胡奇卉再次上网求助 这一次，依然是在很短的时间里 就筹集到了足够的善款 最终，配型成功了 金正林很快完成了移植手术 2022年9月重返校园 随着金正林身体逐渐康复 一家人的生活也逐渐步入正轨 两次众筹 28689位好心人 共捐款589092元 虽然已经过去了好几年 但胡奇卉对这组数字记得很清楚 一家人坚持认为 儿子已经康复 必须退回当年的爱心善款 如今，金正林的父亲 回到原来的工厂上班 母亲 胡奇卉 则摆摊卖包子 胡奇卉做包子非常麻利 这是她陪孩子四处治疗时 在一家早餐店打工学来的 每天凌晨3点起床做准备 早晨5点多出摊 一直卖到上午10点 然后回到家里操持家务 下午再给一些顾客送生包子 胡奇卉不怕辛苦 就想着能早一天把债还掉 在亲戚朋友的帮助下 2024年11月 金正林 一家 将 筹集的 589092元 全部退还给了当时的众筹平台 28689位捐赠人 收到了“返回的爱心” 胡奇卉还在个人账号发布短视频 感谢每一位爱心人士 “你们的恩情 我们一家人永远铭记于心” 现在，金正林 一家 还积极参与公益活动 希望能够用自己的方式 帮助更多需要帮助的人 这几年 胡奇卉献了20多次血 还和孩子爸爸一起 登记了人体器官捐献 目前 金正林已到湖南大学报到 此前医院复查显示 他已临床脱离白血病 可以正常生活 报到的当天 胡奇卉发朋友圈说 “纵有万般不舍 也要放你自由翱翔 愿你在大学里遇良师，遇良友 自强自律，不负韶华，不负自己 不负所有关心你的人！ ” 来源：央视新闻 （ID：cctvnewscenter） 综合《24小时·遇见你》， 记者：刘军、邵鑫扬、孙晓璐、张可欣 本期编辑：胡程远、阮可欣 觉得好看，请点这里 ↓ ↓ ↓
女子散步踩到氢氟酸后去世，官方通报,https://mp.weixin.qq.com/s/wkyQ-DG1qc9ciY9U2fteqw,2025-09-23,　　9月15日，浙江省杭州市余杭闲林街道办事处发布情况通报： 　　2025年9月9日，涂某某（女，52岁）在进入闲林中路附近空地时， 不慎接触废弃氢氟酸中毒 ，送医后经抢救无效于2025年9月14日凌晨不幸身亡。 　　公安机关在接警后第一时间介入调查；生态环境部门已按规范完成现场无害化处置；街道正在全力推进善后处置工作。 　　目前，事发原因正在进一步调查中。对涂某某的不幸离世，我们深表痛心和惋惜，向当事人家属表示深切慰问。 氢氟酸有多危险？ 　　氢氟酸是氟化氢气体的水溶液，无色透明，有刺激性气味，具有极强的腐蚀性，能够腐蚀金属、玻璃和含硅的物体。 　　氢氟酸会对人体造成极大危害。 　　局部破坏： 氢氟酸通过皮肤后，可溶解细胞膜，腐蚀皮下组织，进一步侵蚀骨骼，严重可导致骨坏死。 　　全身中毒： 氢氟酸进入人体后，氟离子与血钙结合，使血钙降低，引发肌肉痉挛、手足抽搐、心律失常甚至心脏骤停，此外，还会影响肝、肾等器官，导致肝肾功能衰竭。 这几类高危人群需注意 　　氢氟酸听起来陌生，但其实不少人家中常备的清洁剂就可能含有这种成分，例如一些用于清洁瓷砖表面的清洁剂，会添加氢氟酸来增强去污效果。 　　从事这些职业的高危人群，经常跟氢氟酸“打交道”，要特别注意： 实验室操作员 电子厂蚀刻工人 玻璃雕刻师 空调维修工 珠宝首饰加工企业倒模工人 　　在日常生活当中，咱们可以做好这五个防护措施，尽可能避免氢氟酸带来的危险： 1.戴好防化手套（丁基橡胶材质）   2.佩戴护目镜及面罩 3.穿好防酸围裙 4.配备紧急冲淋装置 5.准备氢氟酸急救包 　　如遇到类似强酸烧伤，在有水源的情况下应使用大量清水冲洗，时间至少20-30分钟，然后根据情况可用2%-5%的氢氧化镁或肥皂水处理创面（禁止未经过冲洗直接使用酸碱中和的方式进行处理），之后仍需用大量清水冲洗，以除去剩余的中和溶液。无水源冲洗污染物时，应使用干毛巾或纱布将其拭去，随后立即就医。 来源：央视网综合九派新闻、看余杭app、潇湘晨报、新华社 本期编辑：胡程远、阮可欣 提高警惕，注意安全 ↓ ↓ ↓
中国海警发声！,https://mp.weixin.qq.com/s/nSEYCqY6j4ZJ2kiBCb9BZQ,2025-09-23,中国海警局新闻发言人发表谈话 中国海警局新闻发言人甘羽表示， 9月 16 日，菲律宾组织 10余艘公务船从不同方向非法侵闯中国黄岩岛领海，中国海警依法对菲船采取喊话警告、航路管制、水炮喷射等管制措施。10时许，菲3014号公务船无视中方多次严正警告，以不专业、危险方式，故意冲撞中方正常执法的海警船。菲方 蓄意侵权挑衅 行径性质恶劣，发生擦碰的责任完全在菲方。 来源：中国海警 本期编辑：胡程远、阮可欣 觉得好看，请点这里 ↓ ↓ ↓
刘慈欣人民日报撰文,https://mp.weixin.qq.com/s/DCEwcY8wm0ql5VzseaLkDg,2025-09-23,“ 《三体》在海外产生影响力，与中国的现代化进程密切相关。 ” 9月16日，科幻作家刘慈欣在人民日报撰文，他表示， 正是这样一个伟大的进程，让中国成为一个充满未来感的国家，也让中国的科幻小说在世界上受到关注 。以下为全文—— 大时代推动是《三体》成功的最深层原因 ——回望《三体》海外传播10年路 三体问题是物理学中一个著名的问题，它设想一个极简的宇宙，只有三个有质量的质点，在相互的引力作用下运动。对这样一个极简宇宙，人类现在的物理学和数学都不能够预测它的运行状态。现实中极其复杂宏大的宇宙，又蕴含着多少未知的奥秘？这件事给我带来巨大的震撼。我进而想象在现实的宇宙中存在一个由三颗恒星构成的星系，想象自己是星系的目击者，看着三颗恒星在太空中做着无规则、难以预测的三体运动，这就是《三体》构思最初的来源。 开始只是一个很短的故事，但多年来像一株植物那样在我的脑海中渐渐成长，最后形成了全面描述人类与外星文明战争的长篇小说三部曲。三部曲最初的书名叫《地球往事》。在科幻小说创作中，我一直在努力使远离现实的科幻想象具有现实主义的真实质感。在《三体》中也能看到这样的努力，想淡化甚至去除科幻文学中的传奇因素，用现实主义的表现方式构建一部厚重的具有强烈真实感的未来历史。以那时狂妄的想法，是要写出科幻版的《战争与和平》。但这个努力并不成功，现实主义的表现方式不足以支撑起科幻的想象世界，到最后，《三体》还是成为一部充满传奇色彩的科幻小说，《地球往事》的书名也放弃了。 《三体》签售会现场刘慈欣为书迷小朋友签名。 中新社发 赵梦阳 摄 《三体》10年前开始在海外出版，最先是英文版。感谢《三体》的中方代理中国教育图书进出口有限公司和原著的中文出版方科幻世界杂志社，是他们的卓越努力使三部曲的海外出版成为现实。现在看来，出版过程中的各种决策和选择，无论是国外出版社的选择还是宣发方式，都是正确和具有远见的。这无疑是中国文学海外出版一个典型的成功案例。 但即使如此，作为作者，同时也作为一名熟知中国科幻艰辛曲折百年历史的科幻迷，对于《三体》在海外所经历的一切，总有一种不真实的感觉。套用一位天文学家形容恒星的话：如果这事不是确实发生了，本来可以很容易证明它不可能发生的。 对于《三体》在海外出版取得成功的原因，最常见的看法是：这部小说让外部世界从科幻的角度了解中国，这个角度是前所未有的。但我认为这个看法是不准确的，正如一位美国学者所指出的，如果仅仅是出于了解中国的兴趣，《三体》不可能在英语世界产生这样的影响力，更不可能拥有如此数量的读者群。 《三体》在海外的成功是许多复杂因素（包括偶然的机遇）共同作用的结果，其原因我们至今都难以找到确切的答案。但我想它可能与科幻文学所具有的两个重要的特点有关。 首先，科幻文学本身就是世界性的文学 ，在科幻小说中，人类是作为一个整体出现的，国家和种族的区别并不重要，他们共同的身份就是地球人类。同时，科幻小说中所描述的危机和挑战，也将是人类所共同面对的，它所描绘的美好未来，也是全人类共同憧憬的。所以，科幻文学是最能够跨越文化和种族，引起全人类共鸣的文学体裁。具体到《三体》，它所描述的人类与外星文明接触的题材，正是全人类所面对的一个问题，与通常的印象相反，这是一个很现实的问题。外星文明是人类所面临的最大不确定性，它可能永远不会出现，也可能在明天就降临，而后者一旦发生，将彻底颠覆人类所面对的现实和命运。人类与外星文明的接触是科幻文学最重要的题材，但多年以来，以美国科幻为主的世界科幻文学中的外星科幻，其中人类与外星文明的接触大多发生在遥远的未来，接触的场景也大多在遥远的太空，而与现实较近的外星科幻，如特德·姜的《你一生的故事》等，也只是局限于有限的场景和领域中。像《三体》这样全景式描绘在紧接现实的未来中发生的外星文明降临的科幻小说，近年来还是比较少见的，在读者中引起广泛兴趣也是可以理解的。 科幻文学还有另一个重要的特点。科幻小说要产生大的影响力，除了作品本身的内容外，还因为它们来自高速发展的先进国家 ，这点与现实主义文学有很大的不同。科幻文学诞生在19世纪初如日中天的英国，20世纪初科幻的中心又转移到高速发展的美国。今天，《三体》在海外产生影响力，与中国的现代化进程密切相关，正是这样一个伟大的进程，让中国成为一个充满未来感的国家，也让中国的科幻小说在世界上受到关注。 大时代的推动应该是《三体》取得成功最深层的原因。 除了上述因素，还有一点需要考虑：新世纪以来，世界科幻文学发生了深刻的变化，科幻小说由年轻的文学体裁渐渐走向成熟，同时也在失去青春的活力。那种仰望星空、开拓新世界的激情在冷却，科幻小说的视野渐渐由星空收回，转向人类自身，更多地关注现实的问题，如种族歧视、性别冲突、环境问题、生物科技对人的异化等，科幻小说的黄金时代也就此结束。这种趋势在中国科幻中也有呈现，并且获得了一个名称：科幻现实主义。但从读者方面，在美国，近年来畅销的科幻小说仍然是黄金时代模式的作品，如安迪·威尔的《火星救援》《挽救计划》、詹姆斯·科里的“苍穹浩瀚”系列等。这表明科幻黄金时代的纲领仍然具有强大的生命力和号召力。而《三体》正是在这样的纲领下创作的科幻小说，它在让广大科幻读者怀旧的同时，也带来新的想象世界，我想这应该是《三体》在海外读者中产生影响的重要原因。 《三体》的海外传播，给中国文化走出去带来一些启示。 随着国力增强，中国文化必然对世界产生越来越大的影响，但产生这种影响的不会是传统文化的重复再现，而是面向未来的新文化。 期待中国科幻文学能够有更多的优秀作品在海外传播，向世界展示不断进步的中国对星空和未来的想象。 来源： 《人民日报》（ 2025年09月16日  第20版） 作者：刘慈欣 本期编辑：胡程远、阮可欣 觉得好看，请点这里 ↓ ↓ ↓
事关纯牛奶，今起全面禁用！,https://mp.weixin.qq.com/s/3iQA5jmRXxN70UVSGaJUvQ,2025-09-23,　　农业农村部消息， 自今天（9月16日）起， 生产灭菌乳，即常温纯牛奶，只能以生乳为唯一原料，禁止使用复原乳。 　　复原乳是指先把牛奶干燥制成乳粉，再加水还原成液体的牛奶。从营养角度看，添加了复原乳的牛奶经历了多次热加工，一些对热敏感的营养成分例如免疫球蛋白、活性酶、乳铁蛋白、活性钙等容易在加工过程中被破坏。 某品牌纯牛奶配料表 　　9月16日，《食品安全国家标准 灭菌乳》（GB 25190-2010）（简称《标准》）正式实施。 此次灭 菌乳国 家标准的修改，主要包含三个核心变化： 　　禁止使用复原乳成为本次修改的最大亮点。 修订后的《标准》明确要求，灭菌乳必须使用生牛（羊）乳为原料，不得用复原乳加工制备。这意味着市场上标注为“灭菌乳”的产品，其原料只能是直接从奶牛、羊身上挤出的生乳，不能再使用奶粉兑水还原而成的复原乳。 　　严格限定生牛（羊）乳为原料确保了产品的原生品质。 《标准》规定灭菌乳应以生牛（羊）乳为唯一原料，不得添加其他原料。这一规定从源头上保证了灭菌乳的纯正性，国产纯牛奶更“纯”了。 　　标识规范更加严格提升了产品信息的透明度。 修订后的《标准》要求企业在产品包装上如实标注原料信息，让消费者能够清晰了解产品真实属性，避免因信息不透明而产生的误导。 　　这三项修改将对整个奶业高质量发展有深远影响，有利于提升灭菌乳产品的整体质量和品质。 来源：北京新闻综合央视新闻、中国三农发布 本期编辑：胡程远、阮可欣 觉得好看，请点这里 ↓ ↓ ↓
全红婵入学了，院长是苏炳添！,https://mp.weixin.qq.com/s/GofiR6yYPwUsXInr_ofy8A,2025-09-23,“暨南大学，我来了！” 近日，中国跳水运动员全红婵 来到位于广东广州市的 暨南大学报到 成为一名大一新生 她还带来了一份特别的礼物 13日，全红婵来到暨南大学体育学院 办理了报到手续 并领取了学生证和新生大礼包等 现场，她拿着“忠信笃敬” 和“983大学”的KT板 拍下了在暨南园的第一张留影 （“983大学”指苏炳添在东京奥运会上 创造的9秒83男子100米亚洲纪录） 据暨南大学招生网站此前公示 全红婵就读于 体育学院 运动训练专业 该学院院 长是中国短跑名将苏炳添 苏炳添透露 针对全红婵这类特别优秀的运动员 学院将采取新型培养模式 拟成立“二沙精英班” 专门进行指导学习 当晚，暨南大学体育学院 举行了迎新活动 全红婵现场送给学院 一件亲笔签名的巴黎奥运会出场服 苏炳添代表学院接受捐赠 还与全红婵合影留念 在社交平台上 网友们纷纷为全红婵送上祝福 在新学期，同样以新生身份 到广州高校报到的 还有巴黎奥运会 跳水女子单人和双人3米板 “双金得主” 国际级运动健将陈艺文 “这是我的华南理工学生卡 怪好看的！” 手持崭新的学生卡 现身华南理工大学 办理体育专业硕士研究生报到手续的 陈艺文语气中难掩兴奋 距离十五运会开幕仅剩两个月 作为广东籍运动员 陈艺文当前的重心是赛事备战 报到当日 陈艺文便计划与她的研究生导师 华工体育学院院长樊莲香教授深入交流 并参与其召集的新学期第一次组会 结束组会后 陈艺文跟着导师参观了华工校园 完备的体育场地和设施 特别是环境一流的游泳馆让她印象深刻 谈及退役后的规划 陈艺文有着明确的目标 “很喜欢这里的校园环境 希望能在华工留校授课 把自己的专业技术和成长经验 传授给大学生 ” “训练累的时候 上课能让我抽离出来 获得不一样的状态 在另一个领域提升自己 反而更能解压 ” 这种“体育+学业”的双重成长 正是她希望传递给 更多年轻运动员的经验 从奥运领奖台到高校校园 两位跳水冠军 正以新身份开启人生新程 未来 她们将在大学课堂 实现自我成长与突破 祝福全红婵、陈艺文 继续勇敢发光 来源：广州共青团综合央视新闻、人民网、广州天河发布、羊城晚报、暨南大学、全运广州 等 本期编辑：胡程远、阮可欣 觉得好看，请点这里 ↓ ↓ ↓
能藏93个孩子！车辆盲区有多可怕？,https://mp.weixin.qq.com/s/6Fxy8ESuD470Zaa0mVYiOg,2025-09-23,一辆SUV车型的视野盲区 到底有多大？ 日前 山东莱西市公安局交通管理大队 交警 做了一项测试 SUV车型的盲区内 竟然能藏下93个孩子！ 什么是车辆盲区？ 　　测试中，交警 让老师坐进一辆SUV警车的驾驶位上，并 引导93个孩子分别蹲在车辆四周的盲区内。通过环顾车辆周围和观察后视镜，车上的 老师 竟连一个孩子也没有发现。 　　所谓车辆盲区，就是驾驶人位于正常驾驶的位置，其视线被车体所遮挡不能够直接观察到的那部分区域。一旦进入车辆盲区，在车辆启动、转弯瞬间，行人、非机动车极易被“吞噬”。 　　不同车型视野盲区有所区别， 以普通家庭轿车为例，车头正前方，也就是车辆引擎盖前面是驾驶员的视野盲区， 驾驶员的身高不一样，视觉盲区也不一样的，车身、座椅高度、车头长度等都会影响车头的视野盲区。 　　每辆车子都有用来防止汽车碰撞变形的立柱，前挡风玻璃两侧的斜柱叫A柱，前后门中间的立柱叫B柱，这也会造成驾驶员视野盲区。尤其是A柱盲区， 每当汽车转弯或进入弯道前，驾驶员的视野会被A柱部分遮挡，汽车越大，盲区也越大。 　　由于车辆的后视镜只能看到车身两侧，没有办法看到车尾的情况，所以车尾的盲区比较大。 另外， 车辆行驶时，盲区比静止时更大。 父亲在车辆盲区 起步转弯时撞伤自家孩子 　　据统计，全球每年由机动车盲区所引发的交通事故多达50万起，其中多数事故受害者是儿童。 　　在陕西西安， 一辆白色SUV在起步右转时，不慎碰倒碾轧车前一名不到2岁的男童。事后肇事司机张某马上报警，而他开车轧伤的却是自家孩子。万幸的是，经送医治疗后并无生命危险。 　　经调查，张某驾驶机动车起步行驶时， 未仔细观察车辆周围情况，未发现蹲坐在道路中间玩耍的孩子 ，是导致这起事故的原因。 针对车辆盲区 司机和行人要注意些什么？ 　　交警强调， 驾驶员 一定要 养成 在上车之前绕车观察一周的习惯 。这样既可以有效发现车辆盲区里的障碍物，也可以观察车辆本身的状态，比如轮胎是否漏气等。 另外 ， 驾驶员在车辆转弯时，尽量前后移动身体 ，这样可以看清A柱盲区内的状态。 　　SU V车型比一般的轿车车身高，盲 区范围也更大，儿童进入车辆盲区或是蹲在车旁玩耍，很容易引发交通事故。 而 加长、加宽的货 车，视觉盲区更大。 货车车辆盲区示意图 交警 提醒 　　家长平日里 一定要反复告诉孩子 不 要 在车辆周围玩 耍 ， 外出时也 不 要让孩子离开 自己的视线 。 遇到 大货车时，不管是成人还是儿童，离它们 越远越好。 来源：央视新闻 本期编辑：胡程远、阮可欣 觉得好看，请点这里 ↓ ↓ ↓
来了！新闻早班车,https://mp.weixin.qq.com/s/m4s0hsN-dlSvbeSeRV-pDg,2025-09-23,点击这里，查看更多精彩内容 要闻 9 月16日出版的第18期《求是》杂志将发表中共中央总书记、国家主席、中央军委主席习近平的重要文章《纵深推进全国统一大市场建设》 。 国家统计局数据显示，8月份，全国规模以上工业增加值同比增长5.2%，环比增长0.37% 。 统计数据显示，1—8月份，我国制造业民间投资同比增长4.2%。 国铁集团消息，国庆中秋假期期间，全国铁路预计发送旅客2.19亿人次 。 2025中国企业500强发布，共有15家企业的营业收入超过万亿元。 详讯 15日，我国自主研制的天龙三号大型液体运载火箭在山东海阳东方航天港海上平台完成一级动力系统试车 。 今年1—8月，中亚班列开行9626列，再创历史同期新高，发送货物75.1万标箱，同比分别增长22.7%、31.1% 。 近日，经初步调查，英伟达公司违反反垄断法，市场监管总局依法决定实施进一步调查 。 美国要求多国对华加征关税，我外交部回应：如中方正当利益受损，必坚决反制 。 社会 水利部和中国气象局15日联合发布黄色山洪灾害气象预警：预计15日20时至9月16日20时，四川中部、陕西西南部、甘肃南部局地发生山洪灾害可能性较大 。 国家医保局消息，目前，我国已完成血管介入支架、人工器官、植入式心脏节律管理器等7类医保医用耗材的分类优化工作 。 近期，国家发改委、工信部、商务部、市场监管总局等四部门专题研究做好遏制“天价”月饼工作 。 金融监管总局、公安部联合发布第一批金融领域“黑灰产”违法犯罪典型案例。 详讯 WTT1000+冠军榜日前更新，孙颖莎、王楚钦分别占据女单和男单榜首 。 14日，中国女子曲棍球队在2025年女子曲棍球亚洲杯决赛中以4∶1战胜印度队，时隔16年重夺亚洲杯冠军 。 15日，国家文物局召开发布会，认定青海省玛多县尕日塘秦刻石为秦代石刻 。 截至9月14日，北京口岸今年出入境人员数量突破1500万人次，同比增长约18% 。 山东青岛一货车在高速路上侧翻，路过的王举涛第一个停车救援，随后在现场众人协助下，将被困驾驶室的司机成功救出 。 政策 市场监管总局公开征求意见，拟对重点液态食品道路散装运输实施准入许可与全程联单管理，严防运输污染风险 。 浙江出台促文旅消费若干措施，明确积极发展“谷子经济”，培育国货“潮品”等新消费增长点 。 云南激励企业加大研发经费投入，同一企业可以同时叠加申报不同种类的补助，单户企业年度补助金额最高不超过200万元 。 今日天气 四川盆地西部、甘肃南部以及河南中东部、山东南部、江苏北部等地的部分地区有大到暴雨，其中，四川盆地西南部等地部分地区有大暴雨 。 早安中国 　　每个清晨，遇见大美中国。 新疆阿勒泰市阿苇滩镇，秋日里蓑羽鹤如约而至。鸟儿展翅轻舞，追逐嬉戏，灵动的身影飞舞在天地间，构成一幅绝美生态画卷。阿勒泰市欢迎您 ！ 出色的人不一定天赋异禀，但做事情一定踏实认真。舍得花力气去填平坑洼，未来的道路才可能平坦畅通。当你不辜负时间，时间才不会辜负你。新的一天，早安 ！ 本期编辑：林帆 ，实习生：余典 、 王琢玉 ｜主播：蓝艳 觉得好看，请点这里 ↓ ↓ ↓
中美马德里经贸会谈成果公布,https://mp.weixin.qq.com/s/zuzj8mvaVpldp4Lrl72Fmg,2025-09-23,中国商务部国际贸易谈判代表兼副部长李成钢15日说，过去两天，中美双方在西班牙马德里举行会谈。双方积极落实中美两国元首通话重要共识，充分发挥中美经贸磋商机制作用，在相互尊重、平等协商的基础上，就TikTok等双方关注的经贸问题进行了坦诚、深入、建设性的沟通。 李成钢说，关于TikTok问题，中国一贯反对将科技和经贸问题政治化、工具化、武器化，绝不会以牺牲原则立场、企业利益和国际公平正义为代价，寻求达成任何协议。中方将坚决维护国家利益和中资企业合法权益，依法依规开展技术出口审批。同时，中国政府充分尊重企业意愿，支持企业在符合市场原则基础上，开展平等商业谈判。 李成钢说，本次会谈，双方围绕TikTok及中方有关关切进行了坦诚、深入交流，就以合作方式妥善解决TikTok相关问题，减少投资障碍，促进有关经贸合作等达成了基本框架共识。 来源：人民日报客户端，记者： 韩硕、颜欢、范剑青 本期编辑：石磊、陈子涵 觉得好看，请点这里 ↓ ↓ ↓
【夜读】摆脱内耗，从建立主体性开始,https://mp.weixin.qq.com/s/3zLVaza_K7-NEasKM7_Oaw,2025-09-23,你是否有过这样的经历：为了不让别人失望，硬着头皮答应一件为难的事；害怕听到负面评价，迟迟不敢接受某项挑战……假如你是一个容易内耗的人，一定知道这些内心纠结的时刻有多么辛苦。   想要摆脱内耗，可以从建立自己的主体性开始 。 拥有主体性，意味着你能够尊重自己的内心，积极掌握生活的主动权，并为自己的未来负责。 遇事转念想一想 把 “我不能”换成“我可以 ” 当一件难而正确的事情需要你去做，你的第一反应会是什么？可能有人态度消极，觉得自己能力不够，而有的人却能脱口而出：“没关系，我可以试一试！” 其实，每个人的潜力都是无限的。 若是 一味否定自己，你 就会失去很多机会；当你 能够相信自己， 事情才 可能 向好的局面转变。   主体性离不开自我肯定的勇气，别让 “我不能” 的念头阻碍了脚下的路， 多用 “我可以” 的信念支撑自己再 多走几步。久而久之，你自会抵达更远的未来。 尊重自己的内心 敢于拒绝不合理请求 有些人会因为拒绝他人的请求，而陷入不必要的内耗，甚至会为了迎合他人，忽略自己的真实想法，对一些不合理要求照单全收。 这种下意识“讨好”他人的做法，是主体性较弱的表现。因为在行动前，你考虑的不是自己的想法和能力，而是他人对自己的看法。   很多时候， 拒绝 并不代表 冷漠，而是对自己边界的一种守护。 对于自己做不到 的事， 你可以 明确 表态 ； 对于令你 为难的要求， 也不妨开诚布公 。   摆脱下意识讨好他人的关键，在于你要尊重自己内心的真实想法，敢于 拒绝不合理的要求 ， 把宝贵精力都放在重要的地方 。 靠近给你能量的人 也努力让自己发光 建立自己的主体性，也需要他人的支持和帮助。他人合理真诚的意见要虚心接纳，但如果一个人总是否定你，或是不 断在小事 上 “打压”你 ，让你对 自己产生怀疑，那么他并不是真心为你好。   而那些能够欣赏你、鼓励你，愿意支持你成长、发掘你潜力的人，会帮你解答心中的困惑，给予你振作的力量；会与你分享宝贵的经验，帮助你持续提升自己。   从今天起，去靠近能带给你能量的人，也要努力让自己成为一个闪闪发光的人，既温暖自己，也照耀别人。 哪怕只是微小进步 也请毫不吝 惜 赞美自己 许多人总是盯着自己的不足，忽略努力带来的变化。今天多读了几页书，多运动了10分钟，或是提前完成了一项任务，这些看似微小的进步，都值得被你看见和赞美。 当你在一件件小事中累积了许多小小的成功，你就会惊喜地发现“原来我还可以这么厉害”，从而感受到自信带来的强大力量。 当然，建立主体性并非一劳永 逸， 你也会不断经历一些挫折甚至失败 。但是当你不断探索 ，逐渐找到适合自己的那条路，你就有机会遇见更好的自己。 推荐阅读 三人伪装“外卖员”“钓鱼佬”窃取军事秘密，到案后坦言…… 来源：人民日报夜读，综合央视新闻、人物等｜主播：赵文龙 本期编辑：方梓祎，实习生：洪舒云 觉得好看，请点这里↓ ↓ ↓
吉鸿昌将军的重孙，参军入伍！,https://mp.weixin.qq.com/s/IJD_K2wd3brEdOcb4l6ETQ,2025-09-23,9月13日上午，河南省扶沟县在吉鸿昌将军纪念馆前举行新兵入伍欢送大会，百余名优秀青年身着崭新军装踏上军旅征程。 吉鸿昌将军后人吉家良 也在这批新兵之列。 母亲为吉家良佩戴大红花。 张千 摄 “作为英雄后人，继承太爷爷‘矢志不渝、舍身报国’的精神是我毕生的责任。”吉家良代表全体新兵发言时表示，“定将刻苦训练，绝不辜负家乡厚望。” 吉家良是吉鸿昌将军的重孙， 他的堂哥吉家坤也是一名军人。 2021年，大学毕业的吉家坤义无反顾参军入伍。临行前，爷爷拍了拍吉家坤的肩膀，语重心长地说：“你要代表吉氏家族，传承吉鸿昌将军爱国主义和革命英雄主义精神！” 吉家坤的曾伯祖父是抗日民族英雄吉鸿昌将军；爷爷吉丙元曾参加过抗美援朝战争，为保家卫国浴血奋战；父亲吉凤阳也曾投身军营，将全部青春献给国防事业。 9月3日， 吉家坤 作为空军方队的一员 ，踢着正步昂首走过天安门。 当天晚上，他在日记本上写道：“您浴血守卫的山河，您满心期盼的盛世，由我来守护！” 吉家坤。许洋摄 “恨不抗日死，留作今日羞。国破尚如此，我何惜此头？”吉鸿昌临刑前写下的这首就义诗 ，至今感染着无数中国人。 吉鸿昌，1895年生于河南省扶沟县。 1932年深秋，他在北平加入中国共产党。 吉鸿昌像。 吉鸿昌将军纪念馆供图 1934年，吉鸿昌参与组织中国人民反法西斯大同盟，被推为主任委员，秘密印刷《民族战旗》报，宣传抗日。当年11月9日，吉鸿昌在天津法租界被军统特务暗杀受伤，遭逮捕并引渡到北平军分会。 面对敌人的迫害逼供，吉鸿昌大义凛然地说：“我能够加入革命的队伍，能够成为共产党的一员，能够为我们党的主义，为人类的解放而奋斗，这正是我毕生的最大光荣。”“我为抗日而死，死得光明正大！”1934年11月24日，吉鸿昌被杀害于北平陆军监狱，时年39岁。 为纪念这位民族英雄，扶沟县将城区主干道命名为“鸿昌大道”和“将军路”，还成立了思政教育工作室 ，进一步挖掘红色资源，赓续红色血脉。 致敬英雄！ 致敬传承！ 来源：人民日报（记者： 张文豪、 李龙伊 ）、中国军网（记者：曹蒙洁）、河南日报（记者：徐东坡、董阳果）、中原国防 本期编辑：石磊、陈子涵 觉得好看，请点这里 ↓ ↓ ↓
三人伪装“外卖员”“钓鱼佬”窃取军事秘密，到案后坦言……,https://mp.weixin.qq.com/s/0fQ2dc0ZZOUpNd0GcpSEmA,2025-09-23,
北京市级机关搬迁基本完成！,https://mp.weixin.qq.com/s/qhGb9Wk8qvKdKybSuuH00g,2025-09-23,“十四五”规划收官之际，北京亮出经济社会发展成绩单。今天上午举行的首都“十四五”规划高质量收官系列主题新闻发布会第一场上，北京市发改委主任杨秀玲介绍，京津冀三省市通力合作，协同发展取得显著成效。其中，北京城市副中心发展从有序拉开城市框架向全面提升功能品质坚定迈进， 市级机关搬迁基本完成 。 “十四五”时期， 北京疏解非首都功能坚定有序 ，城乡建设用地累计减量150平方公里，退出一般制造业企业超3000家，用疏解的“减法”换取了经济结构和空间布局优化的“加法”。 新“两翼”发力齐飞： 北京以分内之事支持雄安新区建设 ，“三校一院”交钥匙项目全部开学、开诊，4000余家北京来源企业在雄安新区扎根创业； 城市副中心发展从有序拉开城市框架向全面提升功能品质坚定迈进，市级机关搬迁基本完成， 北京艺术中心、城市图书馆和大运河博物馆成为首都文化新地标，环球影城成为北京文旅新名片。 现代化首都都市圈生机勃勃， 京津冀主要城市1至1.5小时交通圈基本形成，区域内就诊可直接享受医保报销待遇、“一卡通行”全面实现 ，科技成果区域转化效率和比重不断提升，北京输出津冀技术合同成交额由2013年的70多亿元增长到2024年的840多亿元、年均增长25%，“六链五群”产业图谱编制落地，产业协作由“施工图”逐步变成“实景图”， 2024年三地GDP增速全部超过全国平均水平 ，引领高质量发展的动力源作用进一步显现。 来源：北京日报，记者：曹政 本期编辑：石磊、陈子涵 觉得好看，请点这里 ↓ ↓ ↓
放假通知来了！具体安排→,https://mp.weixin.qq.com/s/GyAzmPHIZnHV1Bp1hKGrwQ,2025-09-23,2025年 国庆中秋假期快要到来 哪天开始放假？ 假期火车票何时发售？ 一起来看 ↓↓ ↓ 这个假期打算自驾出行的朋友们 也请注意 10月1日至10月8日 所有收费公路 （含机场高速、收费桥梁和隧道） 免征小型客车通行费 10月9日0时起 恢复正常收费 来源：中国政府网、中国铁路、央视新闻 本期编辑：石磊、陈子涵 转发周知！ ↓ ↓ ↓
英伟达，被进一步调查！,https://mp.weixin.qq.com/s/WaqBwCZRVjn4tE72uIxo3w,2025-09-23,英伟达违反反垄断法 市场监管总局依法决定实施进一步调查 近日，经初步调查，英伟达公司违反《中华人民共和国反垄断法》和《市场监管总局关于附加限制性条件批准英伟达公司收购迈络思科技有限公司股权案反垄断审查决定的公告》，市场监管总局依法决定对其实施进一步调查。 来源：人民日报客户端 本期编辑：石磊、陈子涵 关注！ ↓ ↓ ↓
2025中国企业500强发布，15家年营收超万亿元！（附榜单）,https://mp.weixin.qq.com/s/ZkGutzxKN9xkFAp9-aM1VQ,2025-09-23,9月15日，中国企业联合会、中国企业家协会连续第24次向社会发布了“中国企业500强” （以下简称“企业500强”）榜单。这份榜单以2024年企业营业收入作为入围标准，呈现出以下主要特点。 规模总量保持增长。 企业500强营业收入达110.15万亿元，较上年500强有所增加。入围门槛实现23连升，达479.60亿元，提升5.79亿元。资产总额为460.85万亿元，增长7.46%。榜单中，千亿规模企业数量增至267家，有15家企业的营业收入超过万亿元。其中，国家电网营业收入超过3万亿元，即将突破4万亿元；中国石油、中国石化、中国建筑的营业收入超过2万亿元。 经济效益继续改善。 企业500强实现归属母公司所有者净利润总额为4.71万亿元，增长4.39%，收入净利润率为4.27%，提高0.17个百分点。 创新活力更加充沛。 研发强度创新高。企业500强共投入研发费用1.73万亿元；研发强度创下1.95%的新高，连续8年提升。创新成果产出质量继续提升，企业500强持有有效专利总数224.37万件，比上年增加21.40万件，增长10.54%。其中持有发明专利103.96万件，较上年企业500强增加15万件，增长了16.86%，发明专利数量连续6年保持增长。发明专利占全部专利的46.33%，比上年提高2.50个百分点，专利质量稳步提升。 产业结构持续优化。 先进制造业和现代服务业企业入围数量增加。企业500强有39家新入围或重新入围企业，其中汽车及零部件制造、物流及供应链企业增加最多，共有6家新入围企业。计算机通信设备及其他电子设备制造业、电信及互联网信息服务等行业多项指标领先，在研发费用、专利、标准等方面贡献突出。 发展协调性有所增强。 制造业、服务业和其他行业企业发展齐头并进。企业500强中，制造业、服务业和其他行业对营收总额增长的贡献分别为40.48%、40.29%和19.23%。 会上，同时发布了“2025中国跨国公司100大及跨国指数”、 “2025中国战略性新兴产业领军企业100强”、“2025中国大企业创新100强” 等各项榜单。 “2025中国企业500强”   榜单 来源：人民日报客户端，记者：刘志强 本期编辑：石磊、陈子涵 觉得好看，请点这里 ↓ ↓ ↓
今天起，走路姿势调整一下！,https://mp.weixin.qq.com/s/IUyByIInrZPF_Q0adlgT8A,2025-09-23,你是不是也这样：每天盯着手机计步，以为步数达标就是健康赢家？真相可能让你惊讶—— 只需稍微调整走路姿势，就能给身体带来意想不到的养生效果。 不管什么年龄，现在开始都不晚！ 01 走路姿势调整一下，膝盖更耐用 2025年8月，一项发表在《柳叶刀-风湿病学》上的研究发现，调整走路姿势， 走路时稍微“拐”一下脚（脚向内或向外偏5~10度），就能有效减轻膝盖疼痛、延缓膝关节损伤，并可能延缓骨关节炎进展 。 研究人员将参与者分为2组。 干预组： 走路时将脚向内或向外偏一点点（5~10度，非常细微的角度）； 对照组： 保持自然步态，仅接受安慰剂治疗。一年后，相较于对照组，干预组的效果显著： 膝盖疼痛缓解了： 疼痛感显著减轻，获得了与药物相当的疼痛缓解效果； 膝关节压力小了： 仪器测量发现，他们走路时膝盖承受的压力变小了； 软骨更加耐用了： 通过核磁共振（MRI）扫描发现，这组人的膝关节软骨健康标志物的退化速度更慢。这意味着，这个简单的方法可能直接延缓了关节炎的恶化进程。 研究人员指出，该方法简单易行、可持续，尤其适合中青年患者，有望为他们提供一种非药物、非手术的长期缓解方案。 一个微小的改变，长期坚持下来，就能像给膝盖上了“润滑油”一样，让它更耐用、更健康。但是要注意： 有骨关节疾病的人群，最好先咨询医生或物理治疗师的意见。 02 走路加个“小动作”，养生效果翻倍 1.试试快走：帮助延长寿命 2025年，一项发表在《运动与健康科学》上的研究发现， 每天快走一会儿，对延长寿命有帮助 。对不爱动的女性来说，每天增加快走10分钟或30分钟，预期寿命可延长0.9年和1.4年；男性效果更明显，分别延长1.4年和2.5年。 2.餐后快走：明显降低血压 2025年发表在《高血压杂志》上的一项研究提示， 这一习惯能显著改善夜间血压 ，夜间中心收缩压、中心增强压（反映动脉弹性的指标）、中心脉压均显著降低。 3.倒着行走：能够“激活”大脑 倒走不仅能挑战身体协调性，还能“激活”大脑。2019年《步态和姿势》刊发的一项研究发现， 倒走可以改善认知功能、本体感觉和空间意识 。倒走时，对非视觉信息的高度依赖可以激活大脑中与空间感知和运动规划相关的区域，从而提升认知功能和空间意识。 4.屈步走路：帮助降低血糖 中日友好医院骨科副主任医师陈星佐刊文介绍，有糖尿病的患者，可以多做屈步走，这个小动作对调控血糖很有帮助。 先向前迈出一大步，然后前腿弯曲，呈弓箭步，让大腿与地面平行，坚持一两秒钟，然后再往前走换另一条腿。 5.端臂健走：缓解颈肩不适 北京体育大学运动医学与康复学院副院长钱菁华刊文指出，进行端臂健走有助于缓解久坐者的颈椎病和肩周炎等带来的疼痛。 走路时双臂在腰前交叉，然后慢慢上抬至下颌，如同脱套头衫一样，而后伸直双臂，到达顶点位置后缓慢下放，并让肩膀充分放松。 6.陡坡行走：锻炼臀腿肌肉 变换步行环境可把走路变成全身运动。比如，在坡路环境行走，上坡行走时重心向前，核心和下肢集中用力，可有效锻炼腿部肌肉力量及紧致臀部肌肉。下坡行走时上身自然后仰，配合摆臂有助强化肩臂和胸部肌肉。 需要注意的是， 上坡行走时应以疾走为佳，下坡行走则应注重脚踏实地 ，各关节应自然施力以保证行走安全。 7.踮脚走路：促进气血循环 广西南宁市第二妇幼保健院中医科主治医师何剑豪刊文介绍，踮脚‌可以促进全身气血循环，‌达到强身健体的效果。‌ 建议踮起脚尖，每次走30~50步，稍稍休息一下，可以根据自己的身体状况再重复几组，速度以感觉舒适为宜。 03 最重要的一点：坚持 走路被誉为最简单的养生法。但许多人走了几天，就嫌无聊、没效果，放弃了。其实，走路养生的 核心是最简单的两个字：坚持 。 日行万步不如日日行。哪怕每天只走二十分钟，只要能持续，身体的气血循环、新陈代谢、身体指标就会悄然改善。 不要总想着“暴走”见效， 细水长流才是关键 。穿上鞋，出门，第二天继续。坚持，比什么都重要。 来源：健康时报微信 本期编辑：胡程远、阮可欣 觉得好看，请点这里 ↓ ↓ ↓
确认了！青海秦代石刻，鉴定为真,https://mp.weixin.qq.com/s/o3zTcLqfeqOqPKX3zNIqYg,2025-09-23,9月15日，国家文物局召开发布会，介绍青海省玛多县尕日塘秦刻石调查研究有关情况。 2025年6月8日，《光明日报》刊发了中国社会科学院考古研究所仝涛研究员《实证古代“昆仑”地理位置—青海黄河源发现秦始皇遣使“采药昆仑”石刻》一文，引发广泛关注与讨论。 国家文物局迅速安排中国文化遗产研究院、青海省文物考古研究院组建工作专班，调集石质文物保护、秦汉考古、古文字学和书法篆刻等领域专业人员集中科研攻关，两次赴现场调查，获取了石刻本体与赋存环境等科学数据，组织多学科专家两次召开论证会，多角度论证形成专家意见。 经审慎研究，认定为秦代石刻，定名为“尕日塘秦刻石”。 刻石基本信息 　　刻石位于青海省果洛藏族自治州玛多县扎陵湖乡卓让村，地处扎陵湖北岸尕日塘坡地2号陡坎左下方，距湖岸约200米，海拔4306米。文字刻凿壁面总长82厘米，最宽处33厘米，刻字区面积约0.16平方米，距地面约19厘米。 　　全文共12行36字，外加合文1字，共37字，文字风格属秦篆，保存较完整的文字信息为 “皇帝/使五/大夫臣□/將方□/采樂□/陯翳以/卅七年三月/己卯車到/此翳□/前□可/□百五十/里” 。 排除近期新刻可能 经6月13日、7月15日两次实地勘察，刻石与湖滨坡地共同形成了山体挡风、水域调节微气候的地质条件。经实验室分析，刻石岩性为石英砂岩，耐磨性高、抗风化能力强。 　　经高精度信息增强技术，刻石文字可见明显凿刻痕迹，采用平口工具刻制，符合时代特征。 　　经矿物和元素分析，排除利用现代合金工具凿刻的可能。 　　刻痕内部和刻石表面均含有风化次生矿物，经历了长期风化作用，排除了近期新刻可能。 尕日塘秦刻石高清渲染图 补史之缺，意义重大 “尕日塘秦刻石”是第四次全国文物普查重要成果，刻石与扎陵湖关联形成文化景观，整体保存基本完好，文字多数清晰可辨，因刻石中年月日俱全，不见于文献记载， 是我国目前已知唯一存于原址且海拔最高的秦代刻石，矗立河源，补史之缺，意义重大，具有重要的历史、艺术和科学价值。 来源：人民日报客户端（记者：王珏、何思琦） 本期编辑：胡程远、阮可欣 觉得好看，请点这里 ↓ ↓ ↓
“我是所长，给你特批！”,https://mp.weixin.qq.com/s/YUFIVTlbL-8ra8UcW5gRYQ,2025-09-23,“这个午觉是我睡得最舒服的！” 派出所大厅内 突然传来一阵呼噜声 一男子正躺在大厅内睡觉 什么情况？ 9月11日上午10时许 一位热心群众匆匆跑进 浙江金华东阳市公安局 歌山派出所服务大厅 说在省道嵊义线路边 看见树下躺着一个人 值班所长赵洪亮闻讯立即赶赴现场 果然发现一名成年男子 正躺在绿化带上呼呼大睡 一旁的非机动车道上 还停着一辆电动自行车 时近中午，天气酷热 公路上车流密集 场面十分危险 “师傅，醒一醒” 赵洪亮轻轻拍了拍男子的后背 对方顿时惊醒 看到眼前的民警 显得有些诧异 “您还好吗？是不是身体不舒服？ 需不需要送您去医院？” 赵洪亮关切地询问 男子连忙回应： “我没事，这就走” 说着双手撑地想要站起来 见他意识清醒 赵洪亮稍稍放心 但仍未完全消除疑虑 便嘱咐他往人行道上走 谁知男子刚迈开步子 便身形不稳、跌跌撞撞 “您暂时不能独自离开 先随我们去派出所休息一下再说” 赵洪亮一把扶住男子 同时调度警车和辅警支援 将人和车都带回了所里 喝下一瓶矿泉水后 赵洪亮安排男子 先在服务大厅的椅子上休息 “我能不能躺一下？” 男子有些不好意思地问 “行，你觉得累就躺下休息 我是所长，特批了 ” 赵洪亮笑着回答 谁知男子刚一躺下 呼噜声便响了起来 赵洪亮因需处理其他事务 特意嘱咐值班辅警留心照看 十一点半，食堂开饭 男子仍睡得正熟 赵洪亮特地请阿姨为他留好饭菜 到了十二点多 男子已睡了两个小时 赵洪亮再次将他唤醒 食堂阿姨也及时端来了热饭菜 休息充足的男子气色明显好转 体力恢复 食欲也好了起来 饭后，赵洪亮与他聊起了天 原来男子姓宋 重庆人，58岁 前一天晚上和当天上午 他连续在巍山镇扛水泥、拌混凝土 完工回家途中实在撑不住困意 于是在路边树下坐下休息 没想到竟睡着了 “真不好意思，给你们添麻烦了 午饭多少钱？” 老宋问道 “您人没事就好，饭钱免了 算我请您的” 赵洪亮说 “作为家里的顶梁柱 不怕辛苦干活是好事 但也要劳逸结合，保重身体” “是啊，今天中午这一觉 是我这几天睡得最踏实的一次” 老宋与民警、辅警一一告别 赵洪亮也跟出去 目送他骑车平稳离去 谁都不容易 谁都值得被善待 为民警点赞！ 来源：浙江公安、平安鼎、金华公安 本期编辑：胡程远、阮可欣 觉得好看，请点这里 ↓ ↓ ↓
快自查！厨房里有它，赶紧扔掉,https://mp.weixin.qq.com/s/qOrAjXBSxIP8OgXlbscZyg,2025-09-23,很多人家里的燃气灶上 都装了一个叫 “聚能环” 的 聚火防风装置 一些商家宣称其能 “聚拢火焰，节省燃气” 真的是这样吗？ 有没有安全隐患呢？ 网购平台上，燃气灶“聚能环”十分畅销 加装燃气聚能环 致一氧化碳中毒 近日，浙江杭州的张女士一家三口，在家中关闭门窗烤肉时，突感身体不适，一家人立即前往杭州市中医院就诊。经检查，三人均被诊断为 一氧化碳中毒 ，所幸就医及时，目前张女士一家人并无大碍。 后经煤气公司检测发现，张女士家的煤气并没有泄漏，真正的“凶手”竟是 灶具上安装 的聚 能环 。 杭州市中医院急诊科副主任卢军锋提醒，不少人在厨房做饭时，为留住室内冷气，都会下意识把门窗关得严严实实，却忽视了由此带来的安全隐患，尤其当燃气灶加装了聚能环时，更需警惕一氧化碳中毒的风险。 聚能环为何会致 一氧化碳浓度超标？ 一个小小的聚能环是如何“放倒”张女士一家三口的？ 北京市通州区 消防救 援局新闻宣传科副科长祁兴龙 介绍，“天然气燃烧，需要空气中的氧气助燃。而安装聚能环后，使得 燃气与空气的接触面积变小，将影响燃气正常燃烧 。没有充分燃烧的燃气，在使用过程中就会产生有毒的一氧化碳。” 有消防实验显示，燃气灶上加装聚能环后烧水，在家里通风不是很好的情况下，使用正常灶具， ppm（一氧化碳浓度）可能会达到5或者6，但加装聚能环后，ppm涨到了550以上 。 图源：中国消防 不仅如此，祁兴龙还介绍，一些灶具底部为玻璃面板，若加装聚能环，开火后会 导致玻璃面板受热不均 ，长此以往玻璃面板 将有碎裂、爆炸的风险 。 打假！聚能环不节能 一些商家宣称聚能环具有 防风、节能，减少热损失、提高热效率 的功能。真有这么神奇吗？ 消防员在燃气灶上架锅烧水，分别用加装和不加装聚能环的灶具做对比实验。 实验显示，加装了聚能环的燃气灶烧开一锅水需要3分钟左右， 未加装聚能环烧水用时反而更短 。 也就是说，这种“聚气、节能”的聚能环， 并没有一些商家宣称 的节 能效果 。 切勿擅自加装聚能环 针对加装聚能环引发的一氧化碳中毒、爆炸等安全隐患，祁兴龙建议 不要在燃气灶具上加装非原装类的“聚能环”类产品 。 国家《城镇燃气管理条例》和《燃气工程项目规范》对此也有明确的规定： 《城镇燃气管理条例》 第二十八条规定，燃气用户不得擅自安装、改装、拆除户内燃气设施和燃气计量装置。 《燃气工程项目规范》 要求，家庭用户不应私自在燃具上安装出厂产品以外的可能影响燃具性能的装置或附件。 再次提醒 切勿在灶具上加装聚能环 以防发生安全事故 日常做饭时 请保持空气流通 一旦出现头晕、恶心等不适 应立即关闭火源 转移到通风处 若情况严重 应第一时间拨打120求助 来源：国家应急广播综合中国消防、杭州市中医院等 本期编辑：胡程远、阮可欣 觉得好看，请点这里 ↓ ↓ ↓
骑车横穿马路被撞，交警的执法全网点赞！,https://mp.weixin.qq.com/s/09EyA-LN6EhmZTAftLs09Q,2025-09-23,近日在上海 发生了一起 自行车与小轿车相撞的交通事故 事故中，交警的执法获得全网赞扬 这是咋回事？ 骑车横穿马路撞上汽车 家属反问“车主无责吗?” 视频显示，一名女子骑自行车边转弯边横穿马路，与一辆慢速行驶的车辆发生碰撞，女子倒地受伤。 交警查看过现场后， 判定骑行女子负全责 。“这名女子骑自行车横穿马路， 机动车是在机动车道内正常行驶，而且车速很慢，这种情况下非机动车应该让机动车 。当时机动车已经刹车停下，是没有过错的。” 不料女子家属到来后，不服判决还质疑，“以前驾驶员多少都要带点责任的”。交警回应称，“ 人人都这样想，驾驶员还怎么开车？ 自行车横过机动车道，必须下车推行， 有违法行为的一方，就要承担事故的全部责任。 ” 《中华人民共和国道路交通安全法实施条例》第七十条规定：驾驶自行车、电动自行车、三轮车在路段上横过机动车道，应当下车推行，有人行横道或者行人过街设施的，应当从人行横道或者行人过街设施通过；没有人行横道、没有行人过街设施或者不便使用行人过街设施的，在确认安全后直行通过。 在评论区，许多网友为交警的执法点赞： 谁违规谁担责 道路行驶中，不少人因横穿马路、闯红灯等原因导致交通事故，却认为自己是“弱势群体”，要求别人承担责任。 据河北交警发布，2022年9月14日，河北石家庄一女子骑电动自行车闯红灯，在从左转待转车辆中间穿出时，与一辆正常通行的小车相撞导致受伤。 交警调查后认定，电动自行车驾驶人承担全部责任。但 其拒不接受这一结果，反而拿出手机一边拍摄，一边“理直气壮”地质问交警。交警结合监控画面对其进行了严厉的批评教育，并认定其承担全部责任。 2020年，广西柳州，一位老人骑自行车行驶至事发路口时，交通信号灯显示为红灯，自行车未按照红灯信号等候通行，强行穿过路口，撞上一辆小轿车。 根据《中华人民共和国道路交通安全法》相关规定，城中大队依法认定老人在此次事故中负全部责任。 再次提醒，上路出行 每个人都是交通的参与者 不能因为自己是行人 或者驾驶非机动车 就无视交通法规 来源：央视新闻 本期编辑：胡程远、阮可欣 觉得好看，请点这里 ↓ ↓ ↓
电影《731》最新消息，海报多了这四个字,https://mp.weixin.qq.com/s/0jTCNUnt2DwKdeHCuTYCRw,2025-09-23,9月14日 电影《731》发布最新海报 “全球上映”四个字，冲上热搜 9月18日当天 将在澳大利亚、新西兰上映 次日，美国、加拿大上映 据介绍 该片主要讲述了抗战胜利前夕 侵华日军为了扭转战局 在黑龙江哈尔滨平房区开展细菌战研究 屠戮百姓进行人体实验的故事 侵略者曾企图掩盖真相 但中国人民揭露历史的决心永不磨灭 灯塔专业版显示 截至9月14日 电影《731》预售票房已超6000万元 首日排片占比超94% 《731》宣布将于9月19日 正式登陆北美院线 该片英文名为 《 EVIL UNBOUND 》 直译为“罪行无界” 需要郑重提醒的是 《731》的海报和预告片都明确标注： 未满18周岁请谨慎选择观看！ 想带孩子一起观影的家长 请务必考虑周全 网友评论 《731》即将全球多地上映 让血色记忆成为全人类的警示 让和平的信念在全球回响 转发，铭记历史，奋勇前进！ 来源：中国青年报综合@七三一官方微博、@电影频道 等 本期编辑：胡程远、阮可欣 铭记历史，珍爱和平 ↓ ↓ ↓
一声巨响！43楼女子，被刑拘！,https://mp.weixin.qq.com/s/SuqdiEG3saGu7Pv95SQ_AA,2025-09-23,“我没有丢下这个行李箱的意思 我只是没拿住！” 李某狡辩 自己失手从高处掉下的行李箱 并未砸到人 怎么就被警方找上了门？ 据报道 近日 广东广州增城一小区内 一个行李箱突然“从天而降” 险些砸中正在楼下散步的人 该行李箱达20寸 若砸到行人后果不堪设想 在物业工作人员的协助下 警方将目标锁定为 住在43楼的李某 经询问，李某承认是自己的行李箱 并辩解当时与他人发生争执 失手将行李箱从阳台丢下 没有恶意 且未造成他人人身或财产的损害 认为自己没有触犯法律 然而本案中 李某在43楼抛掷的 行李箱达20寸 连同内容物重4.95Kg 且发生在住宅小区 对公共安全危害性大 属情节严重，涉嫌犯罪 目前， 李某已被警方依法刑事拘留 “头顶”大事，关乎生命 高空坠物 严重危害人民群众生命财产安全 它不是一种仅关乎道德的行为 更是违法犯罪 ↓↓↓ 高空抛物要承担怎样的法律责任？ 《中华人民共和国刑法》 第二百九十一条之二： 【高空抛物罪】从建筑物或者其他高空抛掷物品，情节严重的，处一年以下有期徒刑、拘役或者管制，并处或者单处罚金。 有前款行为，同时构成其他犯罪的，依照处罚较重的规定定罪处罚。 对于没有达到犯罪标准的高空抛物行为，依照《中华人民共和国治安管理处罚法》可依法给予警告、罚款或拘留等行政处罚。 《中华人民共和国民法典》 第一千二百五十四条：  禁止从建筑物中抛掷物品。从建筑物中抛掷物品或者从建筑物上坠落的物品造成他人损害的，由侵权人依法承担侵权责任；经调查难以确定具体侵权人的，除能够证明自己不是侵权人的外，由可能加害的建筑物使用人给予补偿。可能加害的建筑物使用人补偿后，有权向侵权人追偿。 物业服务企业等建筑物管理人应当采取必要的安全保障措施防止前款规定情形的发生；未采取必要的安全保障措施的，应当依法承担未履行安全保障义务的侵权责任。 发生本条第一款规定的情形的，公安等机关应当依法及时调查，查清责任人。 高空抛物的危害有多大？ 一图了解  ↓ 高空抛物、坠物 如此危险 我们该如何 防范“从天而降”的灾祸？ ↓↓↓ 加强安全意识 养成文明生活习惯 杜绝高空抛物行为 来源：中华人民共和国应急管理部 本期编辑：李娜、林帆 觉得好看，请点这里 ↓ ↓ ↓
南老，我们想您了！,https://mp.weixin.qq.com/s/D8GLvYjQr2vEcey541ffxg,2025-09-23,2017年的今天 “中国天眼”之父 南仁东 离开了我们 二十多个寒来暑往 8000多个日日夜夜 他用自己生命的近三分之一的时光 在世界天文史上 镌刻下新的中国高度 南老，我们 想您了！ 资料照片：南仁东 他作为高考理科状元 考入清华   1963 年 秋天 凭借优异成绩考得 吉林省理科状元的南仁东 成为 清华大学 无线电电子学系 的一名学生 本想修习建筑学的他 由此开启 电真空器件 和超高频技术领域 的学习   南仁东的清华大学学生证 南仁东的本科毕业证书 南仁东（右二）与同学在清华二校门前   与南仁东既是同班同学 也是至交好友的黄金生记得 不管多难的数理方程习题 南仁东总是最先答完 不管多复杂的机械制图 他都能“徒手画出漂亮的图形” 清华校史馆如今陈列着一套圆规 正是南仁东 1965 年参加学校绘图竞赛 获得一等奖时拿到的奖品 外语主修俄文的南仁东 为精进英文水平 常揣着英文词典默背 背会一页就撕下一页 持之以恒的知识积累 为他走向国际学术舞台打下基础    南仁东 1965 年参加清华大学绘图竞赛获得的奖品   南仁东在清华读书期间的课堂笔记首次公开。 清华大学供图   很多人不知道的是 青年时代的南仁东 性格活泼、多才多艺     他钟情绘画 喜欢给同学们画卡通像  他喜欢写诗 曾将近百首诗歌集结成册  他还热衷摄影 在宿舍搭起简易暗室洗照片  他长于体育 每天下午四点半 都从清华园跑到颐和园 寒来暑往，几乎不曾间断  近日，南仁东在清华大学期间的部分画作首次公开。这是南仁东手绘的清华大礼堂画作。清华大学供图 “别人都有自己的大设备 我们没有，我挺想试一试” 上世纪90年代初 中国最大的射电望远镜口径不到30米 和美国的射电望远镜相比 差距巨大 1994年 曾在日本担任客座教授的 南仁东 放弃了高于国内300倍的薪资 毅然回到中国 决心建一个 世界上最大的 单口径球面射电望远镜（FAST） 他说 “别人都有自己的大设备 我们没有 我挺想试一试” 就是为了这句话 年近半百的南仁东 开始了漫长的FAST工程选址工作 他拄着竹竿 喝浑水、吃冷干粮 冒着生命危险 几乎走遍了贵州所有的洼地 甚至有一次 他遇到了山洪 生死瞬间 他往嘴里塞了几颗救心丸 连滚带爬回到垭口 才得以保住性命 南仁东（左三）与工程技术人员在大窝凼施工现场检查施工进展。（2014年12月1日摄）。新华社发（中国科学院国家天文台供图） 11年 南仁东经历了常人无法想象的磨难 可他却没有一次向困难低头 在391个备选洼地里 终于选到了最适合FAST建设的台址 南仁东在大窝凼施工现场与工程技术人员讨论（2013年12月31日摄）。新华社发（中国科学院国家天文台供图） “中国天眼”有了建成的希望 南仁东还在兴奋地规划着、实践着 每一步的建设工作 可他的生命 却在慢慢走向倒计时 “如果有一点瑕疵 我们对不起国家” 这段影像 拍摄于南仁东罹患肺癌后 2015年 70岁的南仁东被确诊肺癌 手术结束后三个多月 放心不下“天眼”的他忍着病痛 义无反顾地返回施工现场 当时的南仁东声带受损 说话已经十分吃力了 可他依旧沙哑着声音 一字一顿地认真询问着、讲解着 南仁东（左二）在大窝凼施工现场指导反射面单元拼装工作（2015年11月25日摄）。新华社发（中国科学院国家天文台供图） 他说 “天眼”如果有一点瑕疵 我们对不起国家 这是一句 再简单不过的话 却让所有人泪流满面 2016年9月25日 FAST主体结构落成 尽管身体早已经不起折腾 他仍然从北京飞赴贵州 亲眼见证了自己耗费20多年心血的 这项浩大科学工程的顺利落成 2016年9月25日，南仁东在FAST工程落成启用仪式上。新华社记者 金立旺 摄 一切的一切 都在向他期待的方向一点点迈进 可他的生命 却走向了尽头 天上有颗“南仁东星”   2017 年 9 月 15 日 南仁东告别了人世 但他倾注心血铸就的观天巨眼 已稳稳立在黔南山坳   仅仅二十余天后的 10 月 10 日 FAST 首次捕捉到 来自宇宙深处的脉冲星信号 实现属于它的“零的突破” 这声跨越亿万光年的回响 是它献给世界的科学礼赞 亦是对南仁东毕生坚守的深沉告慰 探触星际旷野的 FAST   2018 年秋 国际天文学联合会 将第 79694 号小行星命名为 “南仁东星”   2025 年秋 八年级语文教材新增课文 《天上有颗“南仁东星”》 南仁东的“追星”足迹 将在一次次仰望与讲述中 被时时铭记   八年已过 今天，让我们再呼唤一声 “南老！” 也许会有星光从银河深处传来—— 那是他的回应 轻快、明亮 永不熄灭 来源：综合清华大学、新华网、CCTV国家记忆 本期编辑：李娜、林帆 缅怀，致敬 ↓ ↓ ↓
来了！新闻早班车,https://mp.weixin.qq.com/s/lRpqAdePHPZw8RcmCju2Rw,2025-09-23,点击这里，查看更多精彩内容 要闻 9月14日，国家主席习近平同瑞士联邦主席凯勒-祖特尔互致贺电，庆祝两国建交75周年。 9月14日，国家主席习近平同列支敦士登摄政王储阿洛伊斯互致贺电，庆祝两国建交75周年。 2025年夏粮旺季收购进入收尾阶段，全国各类粮食经营主体累计收购小麦超1亿吨，收购进展整体顺利。 近日，中国空间站内随天舟九号上行的“升级版”太空菜园迎来丰收，航天员收获到茁壮成长的生菜后，开启了新一轮的栽培。 《住房租赁条例》今天起施行，进一步规范住房租赁活动，遏制随意涨租、克扣押金、暴力驱赶等乱象。 教育部近日组织开展校园食品安全和学生营养改善计划专项资金检查。 2025年服贸会14日闭幕，本届会期共达成建筑、信息技术、金融等领域超900项成果。 当地时间9月14日下午，中美在西班牙马德里开始举行会谈。 9月12日至13日， 南部战区位南海海域进行例行巡航，正告菲方立即停止在南海挑起事端、升级紧张局势。 澳大利亚拟斥资250亿澳元打造核潜艇船坞。 社会 本周，一股实力强、影响范围广的冷空气将影响我国，北方多地气温将创今年立秋以来新低，南方高温也将消退。 在线旅游预订平台数据显示，国庆假期临近，国内机票搜索热度增长超三成。 电影《731》将在美国、加拿大、韩国等全球多地上映。 福特（中国）、福建奔驰、大众（中国）、奇瑞捷豹路虎、小鹏等公司日前发布召回计划，将召回共计157785辆汽车。 2025年国家统一法律职业资格客观题考试上周末举行，全国共有93万余人报名，成绩本周五公布。 国内单体规模最大陆上风电项目在内蒙古巴彦淖尔投入商业运行，预计每年可发电54.4亿度。 我国自主研发建造的最大海上浮式液化天然气装置在江苏南通出海交付，将前往非洲刚果（布）海域投入运营。 14日，在射击世界杯宁波站女子10米气步枪决赛中，中国16岁小将彭鑫露以255.3环打破世界纪录、世界青年纪录。 科研人员在西藏左贡发现高海拔地区已知树龄最长的野生葡萄树，树木高约8米，地围209厘米，树龄达416年。 14日，在海南万宁获救的海豚“万万”成功回归大海。“万万”为雄性点斑原海豚，今年6月在万宁附近海域意外搁浅。 政策 天津鼓励本市房屋建筑和市政基础设施项目积极选用建筑机器人及智能装备，如钢筋绑扎机器人、3D打印设备、轻型造楼机等。 浙江鼓励各地依托会展项目发展“票根经济”，推出餐饮、购物、文旅、演艺等特色服务优惠措施。 四川征求意见规范民办高校价格管理，拟规定若学校调整收费标准，在校往届学生实行就低原则。 今日天气 内蒙古中部、西藏南部、青海南部、甘肃南部、陕西北部、华北北部、黄淮南部、川西高原北部、重庆东南部、贵州东北部和西南部、云南西部和南部、广西南部、广东东南部沿海等地部分地区有中到大雨，其中，甘肃南部、河南南部、安徽北部等地部分地区有暴雨。 早安中国 　　每个清晨，遇见大美中国。 　　吉林长春神鹿峰，峰翠林苍，植被茂密。梅花鹿、山猪、七彩锦鸡等动物在这里栖息，还生长有桔梗、党参等数十类野生山药材。林海漫步，神清气爽。神鹿峰欢迎您！ 　　不用对自己过于苛刻，不完美本是生命的常态，那些小缺点、小遗憾，都是独特的印记。接纳自己的不擅长，也肯定自己的闪光点，真诚拥抱每一个当下的自己，此刻你选择接纳的每一个部分，都是对生命最真诚的回应。新的一天，愿你与自己温暖相处。早安！ 本期编辑：石磊、陈子涵 ，实习生： 余典 、 卢宥霖 ｜主播：蓝艳 觉得好看，请点这里 ↓ ↓ ↓
为什么熬夜之后，身体会变臭？,https://mp.weixin.qq.com/s/FUspoq-9CGJuN1S630siXQ,2025-09-23,另外还要注意 ： 1.睡姿也会影响人的口气。 如果有张嘴或打呼噜的睡觉习惯，由于气流经过口腔会带走大量水分，减少唾液，而唾液又有助于帮助口腔的清洁，因此口臭会更加明显。而那些由于熬夜而无处排放的氨，有时也会通过口腔排出身体，从而形成另一种口腔异味。 2. 除了熬夜，压力增大，饮食不规律，甚至心情低落等原因都会造成疲劳臭。 因此注意饮食健康，减少心理负担，让身体恢复到一个健康稳定的状态，身体的异味也会得到相应的减少。 当然，如果你发现这样的味道始终无法消除，那么及时就医检查才是最好的方法。 今晚，别熬夜！ 早点睡！ 来源：较高端人类、 科普中国，审核：孙轶飞 河北医科大学医学教育史研究室主任 中华医学会医史分会委员 本期编辑：李娜、林帆 觉得好看，请点这里 ↓ ↓ ↓
【夜读】扔掉这8样东西，日子会越过越好,https://mp.weixin.qq.com/s/bMDdettnaLt41KX1sH8DPw,2025-09-23,扔掉很久不穿的衣服 　　衣柜里那些几年没碰过的旧衣服，可能有着过往的回忆，却也挤占着当下的空间。与其让它们在角落蒙尘，不如认真挑选一番。成色尚好的可以捐赠给需要的人，让衣物继续传递温暖；款式经典的可以挂到二手平台，为它寻找新主人。当衣柜变得简洁，每次穿搭都是愉悦的选择，生活也随之有了新气象。 扔掉过期的药品 　　药箱里的过期药品，早已失去疗效，甚至可能会成为隐藏的安全隐患。整理药箱时，把过期药品仔细分拣出来，按照指引进行统一回收， 是为自己的健康负责的行为 。清空过期药品，给常用药腾出空间，看着整齐的药箱，心里也多了份踏实。 扔掉孩子不玩的旧玩具 　　随着孩子的成长，家里会渐渐留下一堆不玩的旧玩具。与其让它们落满灰尘，不如带着孩子一起整理，把完好的玩具送给有需要的小朋友，让玩具继续陪伴其他孩子成长。在这个过程中，既能让孩子学会分享，家里也会变得整洁。每一次整理，其实都是爱的传递。 扔掉无法修复的小物件 　　家里那些损坏后无法修复的小物件，比如失灵的闹钟、漏水的杯子，总想着“或许以后能用”，却一直闲置。不如好好与它们告别，将还有利用价值的部分拆解回收，其余的妥善丢弃。清空这些“无用之物”，桌面和抽屉变得宽敞，简单清爽的环境，能让人心情格外舒畅。 扔掉无用的借口 　　生活中，我们很容易为自己找借口：“今天太累了”“这事有点难”。这些借口像枷锁，困住我们前进的脚步。从现在起，扔掉那些无用的借口，直面问题。想做的事立刻行动，遇到困难坦然面对。当行动代替拖延，生活的掌控感会越来越强，日子也会朝着理想的方向稳步前进。 扔掉不好的习惯 　　熬夜、拖延、暴饮暴食…… 这些不好的习惯，会悄悄侵蚀我们的健康和生活。与其任由它们消耗自己，不如下定决心逐一改掉。每天早睡半小时，制定具体可行的计划，坚持健康饮食。改变或许很难，但每一次小小的进步，都在让生活变得更好。 扔掉对自我的设限 　　“我不行”“我做不到”，这些自我设限的想法，像无形的牢笼，让我们不敢尝试、不敢突破。其实，人的潜力远不止于此。扔掉对自我的设限，勇敢去挑战未知。尝试新的爱好，接受有难度的任务，每一次突破，都会发现新的自我。 扔掉心情的负累 　　生活中，我们难免会有烦恼、焦虑和委屈，与其把这些情绪积压在心里，不如学会及时清理。找朋友倾诉，去户外散心，或是通过运动释放压力……扔掉那些不愉快的记忆和焦虑的想法，让心灵回归平静。当心情变得轻松愉悦，看待世界的眼光也会更加温柔，日子自然充满欢声笑语。 来源：人民日报夜读综合 | 主播：赵文龙 本期编辑：郑薛飞腾，实习生： 甘雨欣 觉得好看，请点这里 ↓ ↓ ↓
中美在西班牙马德里开始举行会谈,https://mp.weixin.qq.com/s/WxWHUq2f_o6dAqhO1FrXvQ,2025-09-23,当地时间9月14日下午，中美在西班牙马德里开始举行会谈，双方将讨论美单边关税措施、滥用出口管制及TikTok等经贸问题。 过去几个月，在中美两国元首重要共识指引下，双方经贸团队在日内瓦、伦敦、斯德哥尔摩举行三次会谈，达成积极共识，为稳定双边经贸关系发挥了积极作用。 中国商务部发言人12日表示，中方敦促美方与中方相向而行，在相互尊重、平等协商的基础上，通过对话解决各自关切，找到解决问题的办法，为包括TikTok在内的中国企业在美持续运营提供开放、公平、公正和非歧视的营商环境，推动中美经贸关系稳定、健康、可持续发展。 中美经贸关系既对两国意义重大，也对世界经济稳定和发展有着重要影响。国际社会乐见中美磋商取得阶段性进展，期待双方在对话协商的轨道上继续前行，为维护国际经贸秩序注入正能量。 来源：人民日报客户端，记者： 韩硕  颜欢  范剑青 本期编辑：李娜、林帆 觉得好看，请点这里 ↓ ↓ ↓
10岁女孩的“挑战书”：“我走了，只给你们48小时破案！”,https://mp.weixin.qq.com/s/2ZMSeNpXhPYiqPh90urffQ,2025-09-23,
人民微评：预制菜讨论，在交锋中抵达共识,https://mp.weixin.qq.com/s/pWdiArfHIVp_mdI3lYDmfQ,2025-09-23,连日来，预制菜话题“搅动”舆论场。此事引发全民关注，不仅在于它关乎日常餐饮，还关乎消费者的知情权；不仅关乎某家企业，还关乎行业健康发展。 在纷扰一时的热议中，与其站队，不如站“对”：在“争锋”中凝聚共识，在热议中寻找治理良策。 如何更清晰界定预制菜标准？如何减少信息不对称？如何在便捷服务的同时确保餐饮品质？预制菜讨论中的3个如何，值得思考。 关于预制菜，信息需要更加透明，让消费者主动选择。预制菜的真正挑战不在于技术层面，而在于如何建立起消费者的信任纽带。餐饮业发展，终究要服务于人。餐饮业发展，既要追求高效便捷，更要满足公众吃得安心、吃得明白的刚需。这场讨论，要走向理性和建设性：以治理优化预制菜发展环境，推动企业行为规范与消费者的知情选择。赢取公众信赖，行业发展才能有美好未来。 来源：人民日报微博， 作者：秦风， 海报制作：林渊 胡润新 张世悬 本期编辑：李娜、林帆 觉得好看，请点这里 ↓ ↓ ↓
“睡前刷牙”是错的？这些误区，你中了几个？,https://mp.weixin.qq.com/s/fxX4rIjiy4Qlzr3kr2aUEw,2025-09-23,上床睡觉前刷个牙，好像已经成为很多人的一种共识。实际上，睡觉前并不是最佳的刷牙时间。什么时候刷牙最好？应该如何正确刷牙？一起来看。 01 建议饭后半小时刷牙 很多人喜欢等到睡觉前再去刷牙，但这个习惯对于入睡困难的人群来说并不友好。刷牙这个动作以及牙膏里的一些薄荷成分， 会刺激大脑使其变活跃，赶走好不容易积累起来的睡意 。 因此，建议大家别等到临睡才去刷牙， 最好在饭后半小时到1小时刷牙 ，这样可以营造进入夜晚的一种仪式感，让身心放松下来。注意睡前不再进食以及喝甜饮料。 02 这些错误的刷牙方式，你中招了吗？ 1.横向刷牙 长期横向拉锯式刷牙、刷牙用力过猛或者使用刷毛过硬的牙刷，都会 造成牙颈部的磨损 。 牙釉质是人体最坚硬的组织，但它在牙颈部位置的分布是最薄的，每天对薄弱区域猛攻，久而久之就会出问题。 2.刷牙时间过短 有人每次刷牙时间只有匆匆几十秒。其实，刷牙时间应保持在3分钟以上。 3.只刷牙不刷舌头 舌面上许多小的凸起乳头，高低不平，易成为藏匿病菌的温床。如不注意定期清洗，舌苔上的细菌便会悄悄在舌头细缝里“发展壮大”，并逐渐侵害到牙齿、牙龈、咽喉，引发口臭，严重者甚至会诱发口腔、呼吸道等疾病。 4.牙刷长期不更换 牙刷用久了就会“开花”，不仅藏污纳垢、细菌丛生，刷牙越刷越脏，还会损伤牙齿和牙龈。一般情况下， 建议每三个月更换牙刷 。 03 牙要 怎么刷，才最干净？ 好好刷牙是保持牙齿健康的第一步。正确刷牙方法为水平颤动拂刷法： 刷门牙外侧： 刷毛应与牙齿、牙龈成45度角，以画小圈的方式活动。 刷门牙内侧： 同样成45度角斜放上排牙齿向下，下排牙齿向上提拉轻刷。 刷牙齿咬合面： 将牙刷倾斜，与咬合面垂直，前后短距离颤动轻刷。 刷牙齿内侧面： 将牙刷竖起来，利用牙刷前端的刷毛沿牙缝上下以小圆弧刷动。 每次刷两到三颗牙，反复旋转、按摩8-10次，确保牙齿的内、外侧面咬合面都刷到；每天刷牙2-3次， 晚饭后那次尤其不能省 。 口腔健康的人群选择刷头较小、刷毛软硬适中的牙刷；牙周炎患者、老年人可购买软毛牙刷。清洁舌苔可用专门的刮舌器，也可用软毛牙刷清洗。 来源： 新华每日电讯综合自生命时报、 申工社 本期编辑：胡程远、陈子涵 觉得好看，请点这里 ↓ ↓ ↓
《731》，将在全球多地上映！,https://mp.weixin.qq.com/s/3eQVb5VqEYDhfEPZAvEZBA,2025-09-23,"《731》，将在全球多地上映！                                             ,     ,     ,    "
到底什么才是预制菜？6部门曾发文明确！,https://mp.weixin.qq.com/s/6SNwVBaiQxL7a1FX09mwGQ,2025-09-23,近日，“预制菜”话题备受消费者关注。到底什么是预制菜？ 事实上， 去年有关部门就发布过相关通知，明确了 预制菜的定义、 哪些食品不属于预制菜等。 什么是预制菜？ 2024年3月21日，市场监管总局等六部门联合出台《关于加强预制菜食品安全监管 促进产业高质量发展的通知》，其中明确： 预制菜也称预制菜肴， 是以一种或多种食用农产品及其制品为原料，使用或不使用调味料等辅料， 不添加防腐剂 ， 经工业 化预加工（如搅拌、腌制、滚揉、成型、炒、炸、烤、煮、蒸等）制成 ， 配以或不配以调味料包，符合产品标签标明的贮存、运输及销售条件， 加热或熟制 后 方可食用的预包装菜肴 。  哪些食品不属于预制菜？ 从菜肴属性看—— 仅经清洗、去皮、分切等简单加工未经烹制的净菜类食品 ，属于食用农产品，不属于预制菜。 速冻面米食品、方便食品、盒饭、盖浇饭、馒头、糕点、肉夹馍、面包、汉堡、三明治、比萨等主食类产品 不属于预制菜。 此外，连锁餐饮企业广泛应用中央厨房模式，其自行制作并向自有门店配送的净菜、半成品、成品菜肴，应当符合餐饮食品安全的法律法规和标准要求。 中央厨房制作的菜肴，不纳入预制菜范围。 预制菜定义中强调 “加热”或“熟制”后方可食用 —— 加热 是指将食品加热到可食用状态的过程，即针对已经预加工熟制的产品在食用前的简单复热。 熟制 是指经炒、炸、烤、煮、蒸等将食品熟制的过程，即在预加工阶段并未完全熟制，需要彻底熟制后方可食用。 不经加热或者熟制就可食用的即食食品及可直接食用的蔬菜（水果）沙拉等凉拌菜不属于预制菜。 如何加强预制菜食品安全监管？ 严格落实主体责任。督促预制菜生产经营企业按照《企业落实食品安全主体责任监督管理规定》要求，建立健全食品安全管理制度，加强食品生产经营风险管控， 严把原料质量关，依法查验食用农产品原料的承诺达标合格证等产品质量合格证明，严格食品添加剂使用。 加强生产许可管理。 修订完善相关食品生产许可审查细则，提高预制菜行业准入门槛。 各地市场监管部门要结合食品原料、工艺等因素对预制菜实施分类许可，严格许可审查和现场核查，严把预制菜生产许可关口。 加大监督检查力度。 重点检查预制菜生产经营企业进货查验、生产过程控制、贮藏运输等环节质量安全措施落实情况 ，对检查发现的问题，要责令整改到位，形成监管闭环。组织开展预制菜监督抽检和风险监测，严厉打击违法违规行为。 大力推广餐饮环节使用预制菜明示  《中华人民共和国消费者权益保护法》第八条规定， 消费者享有知悉其购买、使用的商品或者接受的服务的真实情况的权利。 目前消费者普遍关注餐饮环节预制菜使用情况，《通知》要求，各有关部门要统筹发展和安全，督促食品生产经营企业按照预制菜原辅料、加工工艺、产品范围、贮藏运输、食用方式等要求从事预制菜生产经营活动。 大力推广餐饮环节使用预制菜明示，保障消费者的知情权和选择权。 规定预制菜不添加防腐剂有何考虑？ 此前， 市场监管总局相关司局负责人 就《 通知》有关情况 答 记者 问时表示 —— 预制菜虽经过工业化预制，但仍属于菜肴范畴，消费者在菜肴烹制过程中一般不添加防腐剂，规定预制菜中不添加防腐剂更加符合消费者期待。 食品添加剂“非必要不添加”“在达到预期效果的前提下尽可能降低食品添加剂在食品中的使用量”已经逐步成为行业共识。 预制菜通过冷冻、冷藏等贮存条件和杀菌后处理工艺，无使用防腐剂技术必要性。 不添加防腐剂符合预制菜风险管控要求。预制菜在生产、贮存、运输、销售过程中，对环境、温度、湿度、光照等有较高要求，应当加强全链条食品安全风险管控，不同类别预制菜应严格符合相应的冷冻冷藏等条件要求，以保障食品安全。 来源：央视新闻 本期编辑：胡程远、陈子涵 觉得好看，请点这里 ↓ ↓ ↓
一往无前！大学新生星夜行军40里，超燃！,https://mp.weixin.qq.com/s/GzPm8jvYTc17Bevahg0JZQ,2025-09-23,这些天，多地高校的新生军训 正如火如荼地展开 一些大学在夜间 组织新生进行行军综合演练 锻炼意志力 铭刻坚定前行的青春印迹 清华大学 9月11日凌晨 清华大学 2025级新生 开启 40里夜间拉练 拉练前一晚 在教官的指导下 同学们有条不紊地 打好背包、穿好迷彩 前往操场集结 9月11日零点 各新生连队依次有序出发 路边一些市民 注视着列队经过的同学们 不时拍照留念 新生意气风发、斗志昂扬 步履不停、携手共进 行进途中 教官、辅导员、后勤人员 乐团的同学，还有学长学姐 一路同行，保驾护航 鼓励的音乐和关切的目光 让同学们的步伐更有力量 9月11日4:00 队伍在天光微明中凯旋 新生们成功完成了 这场意志与毅力的试练 浙江大学 9月4日晚 浙江大学 2025年学生军训师 6000余名学生迅速集结 开启行军综合演练 “ 出发！” 随着口令发出 同学们挺胸阔步，昂首前进 并肩携手，不惧疲惫 行军途中的补给点、鼓动点 为新生送上温暖的鼓励、提气的呐喊 行军过程中 还进行了 军事技能演练 “尖刀班”携带了武器配重 教官在一些点位施放了浓烟 同学们快速掩鼻穿越 这些模拟场景让同学们 拥有了更多实战化的体验 子夜时分 行军拉练进入尾声 经过这一场 磨炼体力与意志的长距离徒步 同学们更理解了 “千里之行，始于足下”的内涵 更懂得了要在热血的青春年华 坚定理想，勇担使命 上海交通大学 9月4日20时30分许 上海交通大学 2025级学生军训团 5000余名参训师生 在体育场有序集结 随后进行20公里夜间行军 由参训新生编组而成的军乐团 亮相出征仪式 《人民军队忠于党》 《团结友谊进行曲》 《我和我的祖国》 铿锵有力的旋律回荡体育场 同学们唱响 由人民日报 新媒体推出的 纪念抗战胜利80周年主题曲《不屈》 致敬那段永志不忘的抗战岁月 鼓舞阔步前行的步伐 英雄机器人、工程机器人 步兵机器人、哨兵机器人 交大学子设计组装的机器人 机械臂挥舞五星红旗 为即将出征的学弟学妹们鼓劲 拉练开始的口令发出 “前进！前进！前进！” 全体参训师生齐声呼喊 用脚步丈量交大校园 安全、医疗、物资补给…… 各保障组有序协调 为大家筑起坚实后盾 途中，同学们快速穿越浓雾地段 体会到了军事训练的紧张感 各营分别设立主题鼓动点 提振拉练士气 及至凯旋 同学们驻足主题喷绘前 签名或拍照 留下属于青春的珍贵瞬间 此外 北京理工大学、上海政法学院等高校 也在近期进行了 距离不等的新生夜间行军拉练 祝贺各高校新同学们 圆满完成军训夜间拉练 祝愿同学们 在未来的每一程山水 都能保持这份坚韧 以同样昂扬的姿态 步履不停，前进、再前进！ 来源：人民日报微信综合清华大学、浙江大学、上海交通大学等 本期编辑：胡程远、陈子涵 觉得好看，请点这里 ↓ ↓ ↓
义乌，这类商品爆火！全球订单涌来~,https://mp.weixin.qq.com/s/c6TKYptN7d66tA6-DCYKww,2025-09-23,距离2026年美加墨世界杯开幕还有9个月，作为“世界超市”的义乌已率先驶入世界杯经济“快车道”。 义乌海关的统计数据显示，今年前7个月，义乌体育用品及设备出口总额达67.8亿元，同比增长16.8%； 其中对美国、加拿大、墨西哥这三个世界杯主办国的出口额为18.8亿元，同比增长10%。 义乌商户加大产品创新 抢占先机 义乌国际商贸城体育用品专区里，来自约旦的商人霍萨姆称，美加墨世界杯是他们国家历史上首次参加世界杯，这也点燃了当地足球相关产品的消费。霍萨姆敏锐地捕捉到了这一点，所以提前来义乌进行选购。 不少经营户表示， 虽然离2026年美加墨世界杯开幕还有9个月，但早在今年五六月份，他们就陆续接到了相关订单 ，让原本属于销售淡季的夏天，也因为世界杯经济提前忙碌了起来。 随着世界杯订单增长，义乌商户敏锐把握不同国家和地区的市场需求，在产品设计创新、知识产权保护等方面下足功夫，希望抢占市场先机。 有商户专门设计了“世界杯”主题的球迷服画册，除了有传统强队的球迷服，还有东道主美国、加拿大、墨西哥的特色款式，并新增了儿童款、女性款。从今年年初开始， 一位经营户就着手布局球迷服的设计和外观专利申请，目前已在海外成功申请40多个款式的专利。 一位主要销售各类加油喇叭的经营户今年设计推出了多个新款，其中 可悬挂国旗的三节式喇叭很受欢迎 ，已经有大批产品出口至巴西。 在义乌国际商贸城一家销售手环的店铺里，外商拉姆专程前来采购。他说，多元化的产品和新颖的设计让他每年至少来义乌两到三次。明年的世界杯，他也打算提前来选购并下单备货。 迎接订单高峰期 义乌企业扩产提速 订单来了，为了按时交付，义乌的工厂正在扩大产线、优化流程，为之后的订单高峰提前做好准备。 在浙江义乌一家体育用品企业的生产车间里，工人们分工明确，有的专注于足球表面的印刷工作，有的忙着刷胶、缝线。公司负责人介绍说， 受美加墨世界杯带动，公司足球销量持续走高，目前月均产量超过10万个。 在另一家生产足球应援围巾的工厂里，工作人员表示，为了迎接世界杯的产能需求， 工厂去年就新增了20台有针织工艺的机器 。同时，工厂还提前与原材料供应商沟通，确保面料、丝线等原材料供应充足。 有商户表示，根据以往世界杯的销售经验，随着赛事的不断临近，客户会不断追加订单， 预计今年9月底到10月初还将迎来一波订单增长高峰 。 来源：央视新闻、央视财经 本期编辑：胡程远、陈子涵 觉得好看，请点这里 ↓ ↓ ↓
南部战区发声！,https://mp.weixin.qq.com/s/9coMpQXDy10Rc6LqJzV19w,2025-09-23,南部战区新闻发言人发表谈话 南部战区新闻发言人田军里空军大校表 示，9月12日至13日，中国人民解放军南部战区位南海海域进行例行巡航。菲律宾频繁拉拢域外国家组织所谓“联合巡航”，散播南海非法主张，破坏地区和平稳定。我们正告菲方立即停止在南海挑起事端、升级紧张局势，引入外部势力撑腰注定徒劳无益。战区部队持续保持高度戒备，坚决捍卫国家主权安全和南海地区和平稳定，任何滋事搅局的企图都不会得逞。 来源：南部战区 本期编辑：胡程远、陈子涵 觉得好看，请点这里 ↓ ↓ ↓
主动戍边×3！这个330宿舍，不一般！,https://mp.weixin.qq.com/s/5CGzlBkBf6PFX-OmVq4pdQ,2025-09-23,“我想好了，我要去戍边！” “我也要去！” “咱们宿舍必须整整齐齐的！ 我也去！”...... 中国人民解放军网络空间部队 信息工程大学某学院学员队 330宿舍 住着平均年龄不到23岁的 “三朵金花”—— 朱泳洁、 刘洪玲、 曾玉爱 她们于2024年提干入校 在朝夕相处中 树立起相同的理想信念—— 2025年毕业前夕 三人同时递交了 戍边申请书 以最坚定的笔触写下同一句话 “此身许国，山河为证！” 2022年 从西北农林科技大学毕业后 朱泳洁 选择参军入伍 穿上军装 成为家中第三代军人 她的外公李功明 曾是一名抗美援朝志愿军汽车兵 在“三八线”上冒着枪林弹雨 出色完成上级赋予的各项任务 她的父亲朱映婷 曾服役于贵州武警某支队 期间，多次参加抗洪抢险等任务 为党和人民的利益竭诚奉献 来到火热的军营 朱泳洁的那股拼劲格外引人注目 身负长辈的 殷切期望 朱泳洁刻苦训练跟上步伐 从入伍时的成绩垫底 到新兵结业时 多个训练课目步入优秀行列 2022年底 朱泳洁获评“ 四有 ”优秀士兵 她开心地向父亲分享喜悦 从军报国的信念也更加坚定 2024年6月 朱泳洁以优异成绩考入信息工程大学 在校期间，她认真学习，努力提升 在全校“宣讲之星”比赛中荣获第一名 以全优成绩通过 军事体育“特三级”考核 成为文武兼备的“硬核”女学员 今年7月 毕业综合评定排名第一的她 本可以选择 离家更近一些 却毫不犹豫地递交了戍边申请 主动要求来到雪域高原 她坚定地表示： “ 我愿于祖国壮美的边疆 接过前辈手中的接力棒 以界碑为伴，以使命为魂 用实际行动践行 新时代边防军人的忠诚誓言！ ” 作为 从 “卫国戍边英雄团长” 祁发宝所在团 走出来的战士 刘洪玲 比普通同龄人 更加懂得 “家国” 二字的重量 从“士兵”到“军官” 2024年6月 她以优异成绩通过提干考试 考入信息工程大学 求学期间 她身兼学习委员、班长、保密员等 处处以身作则， 矢志为战而学 刻苦学习专业知识 用理论知识不断武装提升自己 “作风硬、有血性、敢担当” 是身边同学对她的一致评价 去年年底 她获评学院党的创新理论“宣讲之星” 刘洪玲表示 “我深知，真正的边关绝非诗与远方！” 主动申请奔赴祖国边疆 是她在融汇 “血脉的传承”“熔炉的锻造” 与“向战而行的信念”后 对军人使命作出的 最庄重的回应！ 她在戍边申请中郑重地写道： “我愿 以苦为荣，以边为家 将青春的诗行写在巡逻路上 用生命筑起敌人望而生畏的屏障” 入伍之初 曾玉爱 被分配到 “八一勋章” 获得者 杜富国 所在部队服役 在那里，受到杜富国班长 以及旅队官兵们的熏陶 她深切体会到边防官兵 以生命丈量国境线的忠诚 领悟到 “脚下是前线，身后是祖国” 所承载的使命之重 从英雄部队提干入校 完成身份转变的她 没有停下前进的脚步 凭借着对军事训练的热爱和追求 她主动承担起队里军事体育组训工作 始终以高标准、严要求来约束自己 每一次训练 都认真对待、一丝不苟 面对其他同学，热心相助 与大家 同成长、共进步 在她的帮助下 队内训练热情愈发高涨 学员的身体素质有了质的提升 2024年年底 她更是以 全优 的成绩实现了 军事体育训练 “特三级”的梦想 成绩优异的 曾玉爱 毕业之际，面临选择时 坚定地听从自己内心的声音 “到边疆去 到祖国最需要的地方去!” 曾玉爱表示： “戍边是一项既光荣又艰巨的使命 它代表着奉献与牺牲 但我无怨无悔 因为我深爱着祖国的每一寸土地 我愿用青春和热血 为祖国的边防事业贡献力量” 同宿舍，共成长，齐绽放！ 同一个宿舍的 她们 既是并肩的 战友 又是情深的 姐妹 她们以彼此为榜样 相互帮扶， 互 相鼓励 330这间温馨的港湾 记录着她们的成长蜕变 见证了她们的别样绽放 守护家国、戍卫边疆 是她们的坚定选择 边关有我，山河无恙 是她们的铿锵誓言 “三朵金花”主动戍边 朱泳洁、刘洪玲、 曾玉爱 向你们致敬！ 来源：综合信息工程大学、西陆强军号 本期编辑：刘杰、阮可欣 点赞！致敬！↓↓ ↓ ↓
鸡蛋上最脏的东西，可能被你吃进去了！,https://mp.weixin.qq.com/s/cn6Hrx3SdyG7EkD0ciFdKw,2025-09-23,鸡蛋，作为厨房里的必备食材，价廉物美又营养丰富。 在购买鸡蛋时，我们会发现，有的鸡蛋表面上很干净，而有的却沾着鸡屎。大家都会很自然地避开带鸡屎的，挑选表面干净的鸡蛋。 可是，没有鸡屎的鸡蛋就真的干净吗？未必哦！  -1-   鸡蛋上看不见的致病菌  母鸡生蛋和排便都会经过“泄殖腔”，鸡蛋和鸡屎总是会相遇的。虽然没有鸡屎的鸡蛋看起来很干净，但却仍然可能会携带一些我们肉眼看不到的脏东西，那就是致病菌。 有调查显示，蛋壳表面的总细菌数量约达 150 万个，虽然这个数据听起来很吓人，但也不用太害怕。 其实细菌存在于环境中，我们人体每平方厘米也可能有一万至一百万个菌落，形成单位不等的细菌数量。 需要我们警惕的是鸡蛋中“最脏”的致病菌——包括金黄色葡萄球菌、大肠杆菌和沙门氏菌等。 蛋壳表面有较明显粪便和污物的能检测到沙门氏菌和大肠杆菌，且菌落数较多，蛋壳表面比较干净的检测到的多为大肠杆菌，菌落数较少。 曾有实验专门研究了表面被沙门氏菌污染的鸡蛋。 表面污染较轻的鸡蛋 （看起来干净的鸡蛋），需要一定的时间才会被微生物侵染到内容物， 一般在25℃下贮存3天，沙门氏菌便可穿过蛋壳及壳膜侵染蛋内容物； 表面污染较重的鸡蛋 ，微生物会在较短的时间内大量繁殖并侵入鸡蛋内部。  -2-   需要警惕的沙门氏菌  沙门氏菌是一种主要的食源性致病菌，常见于蛋类、肉类和生牛奶中。 沙门氏菌可能会在蛋壳形成之前由受感染的母鸡生殖组织污染鸡蛋，进而还会污染到鸡蛋的内部。 更可怕的是，沙门氏菌特别好养活 ， 耐盐、耐低温，可以在干燥环境中存活数周，在水中存活3周，在粪便中也能活2个月。而 被沙门氏菌感染后，轻则会引起腹痛、腹泻、恶心、呕吐、发热，严重可能会导致死亡。 我国的调查数据显示，在诸多食用鸡蛋导致的疾病中， 因食用沙门氏菌污染的鸡蛋而致病的比例可高达70%~80% ；由此可见，关于沙门氏菌，咱们一定要提高警惕，不能掉以轻心。  -3-   安全吃鸡蛋的建议  虽然鸡蛋中的沙门氏菌很危险，但并不难对付，吃鸡蛋的时候只要做到以下6点就能最大程度避开它的伤害。 鸡蛋要做全熟 把食物完全做熟，就是一种很有效的杀菌方法了。吃全熟的鸡蛋，就不用担心沙门氏菌了。 正确购买和保存鸡蛋 在超市中购买鸡蛋，要选择清洁和蛋壳完整的鸡蛋。鸡蛋壳上污染物较多的鸡蛋以及有裂纹的鸡蛋更容易被致病菌污染，最好别买。 买回家之后可放在阴凉干燥处保存，最好放在冰箱冷藏，并注意和蔬果、肉等分开存放，避免交叉污染。 一般情况下，买来的鸡蛋不需要清洗 ，这是因为鸡蛋外壳的表面也有一层保护膜，能够减少微生物进入鸡蛋内部，如果清洗过度会导致保护膜被破坏，即便再放入冰箱，鸡蛋也很容易变质。 但如果蛋壳表面有很多鸡粪和泥土等，可以清洗一下，清洗过的鸡蛋要在短时间内优先吃完。 并且需要注意，已经冷藏过的鸡蛋应继续保持在冷藏的温度，不要把之前冷藏的鸡蛋转移到室温下保存。因为温差的作用，会在蛋壳上形成水珠，可能有利于微生物进入蛋内，使鸡蛋容易变质。 保存时间不要太久 一次别买太多鸡蛋，少买勤买为佳，避免储存时间太久。 虽然鸡蛋的表面有一层保护膜，但随着鸡蛋存放时间越来越长，这层保护膜对鸡蛋的保护能力会越来越弱。并且，鸡蛋储存时间越长，其内部会更容易被沙门氏菌污染。 尽量不吃溏心蛋 溏心蛋往往是蛋清已经凝固质地较软，而蛋黄还处于液态可流动的状态。 这种状态下的蛋黄中心温度可能没有达到60℃以上，那就很难杀死沙门氏菌，可能会携带沙门氏菌和其他细菌，增加食物中毒的风险。 相比之下，还是全熟蛋的食用安全性较高。 如果实在爱吃溏心蛋，就选正规厂家生产的“可生食鸡蛋”，并按照说明保存和食用。 不要开水冲鸡蛋 从冰箱里拿出来的鸡蛋即使用开水冲，也不一定能达到杀死沙门氏菌的温度，而 且基本都是冲完搅一搅就喝了，所以时间上也几乎不能满足杀菌要求。这样的操作会增加食物中毒风险。 不建议吃毛鸡蛋 毛鸡蛋即死胎蛋， 可能含有寄生虫以及沙门氏菌、大肠杆菌、伤寒杆菌等致病菌，会增加食物中毒的风险。 总之，鸡蛋虽美味，但一定要注意食用的安全性。鸡蛋身上“最脏”的致病菌，虽然我们肉眼看不到，但却是危险的存在，万不可掉以轻心。 来源：科普中国，作者：注册营养师、中国营养学会会员，审核：阮光锋 科信食品与健康信息交流中心副主任、中华预防医学会健康传播分会委员，策划：符思佳 本期编辑：胡程远、陈子涵 转发提醒↓ ↓ ↓
来了！新闻早班车,https://mp.weixin.qq.com/s/etwS0DAWefS-95v_X3ugpQ,2025-09-23,点击这里，查看更多精彩内容 要闻 13 日，第十二批在韩中国人民志愿军烈士遗骸安葬仪式在辽宁沈阳抗美援朝烈士陵园举 行， 30 位志愿军英烈 魂归故里。 “ 十四五 ” 以来， 民生 领域财政投入占全国一般公共预算支出 70% 以上。 第三轮第四批中央生态环境保护督 察完成督察反 馈工作。 详讯 工信部等八部门近日联合 发文 ，提出今 年力争实现全年汽车销量 3230 万辆左右 ，同比增 长约 3% 。 今年前 8 个月， 我国中西部地区货物贸易进出口 5.31 万亿元，创历 史同期新高。 国家网信办发布《促进和规范电子单证应用规定（征求意见稿）》，向 社会公开征求 意见。 详讯 11 日， 中国人民银行与印度尼西亚央行共同启动双边交易本币结算（LCT）框架和二 维码互联 互通合作项目。 商务部决定自 2025 年 9 月 13 日起对原产于美国的进口相关模拟芯片进行 反倾销立案调查 。 联合国大会通过决议，支持关于和平解决巴勒斯坦问题及实 施 “ 两国方案 ” 的《纽约宣 言》。 美国犹他州和联邦调查局 12 日证实，涉嫌刺杀美国知名保守派活动 人士 查理 · 柯克的嫌疑人已被捕。 社会 中央气象台发布预警， 13 日 20 时至 14 日 20 时，东北地区、华北东北部、江南北部等地的部分地区将有 8 级 以 上雷暴大风或冰雹天气。 国家卫健委表示，目前，全国孕前检查率、产前筛查率、新生儿疾病筛查率 均保持在 9 0% 以上。 据网络平台数据，截至 13 日， 2025 年度全国电影票房（含预售）突破 400 亿元， 国产电影票房占比超 88.8% 。 12 日，中国水口 —越南驮隆国际性口岸 正式启用。 12 日，苏州港张家港港区至秘鲁钱凯港的南美西直达快航班轮航线正式投入运营 ，这是中国首条直达钱凯港的件杂 货班轮航线。 在 2025 年中国香港羽毛球公开赛 13 日的比赛中，国羽组合梁伟铿 / 王昶、 冯彦哲/黄东萍分别 晋级 男双、混双 决赛。 我国科学家开发出 “液滴打印”新技术，能够将超薄、易碎的“电子膜”精准贴附于复杂曲面 ，尤其是生物 组织表面。 近日，新疆玛纳斯国家湿地公园首次发现了国家二级保护动物 姬田鸡 。 1 2日，杭州海关向浙江省地质博物馆移交此前查获的 2366 件古 生物化石 。 江西上饶一名女子在交通事故中头部受伤，意识模糊。路过的大学生张文俊果断上前，利用所学急救技能展开近10分钟的施救，伤 者逐渐恢复 意识。 政策 河南出台措施支持住房消费，各地在原有政策基础上可将住房公积金个人 贷款额度 再上浮 10% 。 江苏出台 11 项举措推动乡镇敬老院改革发展，包括鼓励提高护理型床位比例， 增设认知障碍照护专 区等。 广西明确，公立医疗机构要控制特需医疗服务规模，特需门诊出诊单元数量不超过医疗机构出 诊单元总量的 10% 。 今日天气 内蒙古东北部、黑龙江中西部、吉林中部、辽宁中北部、江苏南部、安徽南部、浙江中北部、湖北南部、湖南北部、重庆东南部、贵州、云南中部和西部、新疆伊犁河谷及沿天山地区等地部分地区有中到大雨，其中，内蒙古东北部、黑龙江西北部、辽宁中部、湖南北部和西部、重庆东南部、贵州东北部和西南部、云南西部和南部等地部分地区有暴雨或大暴雨。 早安中国 每个清晨，遇见大美中国。 新疆民丰县尼雅湿地公园，坐落于昆仑山北麓，尼雅河穿园而过，孕育出红柳、胡杨、芦苇、香蒲等沙生植物，更成为鹅喉羚、普氏原羚、灰鹤、大天鹅等野生动物的家园。民丰县欢迎您！ 我们无法左右天气，但可以调整自己的心情，用积极乐观的态度，去期待和迎接新的一天。当烦恼来敲门，与其愁眉不展，不如淡然一笑，做个乐观积极的人，把生活过成想要的样子。周末，早安！ 本期编辑：方梓祎，实习生：洪舒云、 赵一丹 ｜主播：蓝艳 觉得好看，请点这里 ↓ ↓ ↓
【夜读】过度提醒，有时是一种打扰,https://mp.weixin.qq.com/s/Qb4x-JPpEnCO7HGhe8noaQ,2025-09-23,过度提醒会打乱节奏 生活中，总有人习惯性地给出提醒，出发点或许是好意，但过度的提醒却容易在无形中打乱对方的节奏 。 比 如，你正沉下心来处理一份文件，同事却每隔几分钟问一句：“进度怎么样了？”“能按时完成吗？” 原本顺畅的思路，就被生生打断 ；又比如孩子在写作业时， 家长站在旁边不停叮嘱：“ 这个字写歪了 ”“ 这个笔画顺序错了 ”，结果，本来做得挺好，却在一次次提醒中变得心浮气躁。 一个人做事时最需要的，是持续的专注从容。过度提醒，会让人产生一种“总有人在催”的紧张感，很难静下心去完成当下的工作。事情未必更快，心态却更容易浮躁 。 有时候，真正有效的关心 ，不在于不断提醒，而在于给予信任和空间。相信对方有能力安排好自己的节奏，在别人需要时再及时伸出援手，往往比一遍又一遍的叮嘱更让人踏实 。 让人感到不被信任 提醒一次，是关心，但过度的提醒，就可能让人感到不被信任。“ 你做饭放盐了吗？放了多少？ ”“ 你说你要准备考试，你看的资料对吗？ ”“ 你确定没问题？这个步骤真的对吗？ ”这些话听多了，会让人感觉自己总是在被怀疑。这种感觉，会在关系里慢慢滋生隔阂 。 每个人都希望自己的判断被尊重，自己的能力被看见。被信任的人，会觉得自己被尊重，会更主动地去完成一件事。相反，如果总是被提醒，就像时刻被盯着，容易让人心里不舒服 。 人与人之间最好的状态，是彼此理解和托付。提前提醒一些关键点，适度提醒对方注意事项，当然非常有必要，只是要注意把握好“度”，不要过分干涉他人的决定 。 破坏做事的内驱力 一个人愿意努力，不仅仅因为外部的要求，更因为内心的驱动。过度的提醒，会渐渐让人从“我想做”变成“别人要我做”。长此以往，做事就失去了内在驱动，只剩下被动完成的压力 。 想象你本来计划今晚去跑步，可被一次次地提醒：“不要晚上锻炼，早上去”“你才跑2公里啊？5公里才够吧”“你配速太慢了”“你就是太胖了，一定要坚持每天跑步”……本来是自己主动去做的事，却在这一次次的“好心提醒”后，泄了心气儿，就算开始跑步，也觉得是替别人完成任务，而不是自己想要去做 。 当事情被当作任务去应付时，效率就不会太高，也更容易感到疲惫。而当一个人出于自愿和热情去行动，往往会做得更认真，结果也更好 。 真正的激励，不是一次次的催促，而是让人感到自己被尊重。过度提醒给出的往往是压力，真正长久的力量，来自于内心的自觉和热情。学会把掌控权交还给对方，让他们用自己的方式去完成，才是对彼此最大的成全 。 来源：人民日报夜读，综合央视新闻、Knowyourself | 主播：赵文龙 本期编辑：林帆，实习生： 甘雨欣 觉得好看，请点这里↓ ↓ ↓
人民币，大消息！,https://mp.weixin.qq.com/s/xYrSmQVXYGe5uAD3vSEKEw,2025-09-23,9月11日，中国人民银行与印度尼西亚央行共同启动双边交易本币结算（LCT）框架和二维码互联互通合作项目。 中国和印尼两国央行行长共同宣布 LCT框架正式启用， 框架将本币结算范围拓展至国际收支全部项目，以进一步便利本币在双边贸易和投资中的使用。 同时， 中国—印尼跨境二维码互联互通项目正式启动双向试点运行。 该项目预计于2025年内正式全面投产，采用本币结算方式，是双方支付合作的重要进展。 在会上，中国人民银行行长潘功胜表示，建立双边交易本币结算框架和跨境支付二维码互联互通是中印尼双边金融合作的重要成果。潘功胜倡议两国继续深化在支付系统联通、本币使用、金融市场开放联通以及数字货币等领域的合作。 来源： 中国人民银行网站、 央视新闻客户端 本期编辑：刘杰、阮可欣 觉得好看，请点这里 ↓ ↓ ↓
商务部回应！,https://mp.weixin.qq.com/s/Bbejkxqm1aD-VS3T76PCxA,2025-09-23,商务部新闻发言人就美将我多家实体列入出口管制“实体清单”事答记者问 有记者问：我们注意到美东时间2025年9月12日，美商务部宣布将多家中国实体列入出口管制“实体清单”。请问中方对此有何评论？ 答：中方注意到，美国商务部泛化国家安全、滥用出口管制，对半导体、生物科技、航空航天、商贸物流等领域多家中国实体实施制裁。美方假借维护国际秩序和国家安全之名，行单边、霸凌主义之实，将一己私利凌驾于他国发展权利之上，打压遏制包括中国在内的各国企业，破坏其他国家之间正常的商业往来，严重扭曲全球市场，损害企业合法权益，破坏全球供应链产业链安全稳定，中方对此坚决反对。 9月14日起，中美双方将在西班牙举行经贸会谈。美方此时对中国企业实施制裁，意欲何为？中方敦促美方立即纠正错误做法，停止对中国企业的无理打压。中方将采取必要措施，坚决维护中国企业的合法权益。 来源：人民日报客户端 本期编辑：刘杰、阮可欣 觉得好看，请点这里 ↓ ↓ ↓
痛心！邵瑞走了，年仅34岁……,https://mp.weixin.qq.com/s/jW3VlAhO8_7dYte7IEDJmg,2025-09-23,9月11日上午 邵瑞追思会 在安徽省 蚌埠市怀远县举行 9月2日下午 这位怀远籍现役军人 在杭州市为解救落水妇女 献出了自己年仅34岁的生命 记者从告别仪式上获悉 邵瑞此次前往杭州 是利用休假时间探望妻子 9月2日13时15分许 杭州市临安区太湖源镇 临目村西坑溪的一处河道中 一名中年妇女落水并发出呼救 当时，邵瑞就在附近 他赶紧取下 装有手机等物品的包扔给妻子 见状，妻子急忙喊道： “我们再想想办法吧，太危险了！” 邵瑞却坚毅地回应： “老婆，再不救就来不及了！” 随后便纵身跳入湍急的河中 他拼尽全力 成功救起了落水群众 可自己却因体力耗尽 永远地离开了我们 经驻地公安干警紧急搜救 17时许 邵瑞的遗体被打捞上岸 英勇牺牲 9月3日 杭州市公安局临安分局 出具见义勇为行为确认书 认定邵瑞的行为属于见义勇为 邵瑞，1991年5月出生于怀远，2012年12月入伍，2018年6月入党。大学时期，他怀揣着保家卫国的热血梦想，毅然选择参军入伍。此后，凭借自身不懈的努力，自考进入军校深造，不断提升自己，为国防事业奉献力量。 长期以来，他默默坚守在海拔5000多米藏北阿里高原，那里环境恶劣，条件艰苦，但他从未有过一丝退缩，用青春和生命守护着祖国的边境安全。 在艰苦的环境中，邵瑞干出了骄人成绩，先后两次荣立三等功，多次被评为“四有”优秀个人。 邵瑞的离去，让家人悲痛万分，他与妻子结婚还不到一年。他的英勇事迹，在社会上引起了广泛的关注和深深的敬意。在9月7日的遗体告别仪式上，许多战友从各地赶来，送他最后一程。他们身着军装，整齐列队，向这位曾经并肩作战的好战友致以最崇高的军礼。 邵瑞同志一路走好 英雄不朽，精神永传！ 来源： 合肥晚报综合蚌埠日报、怀远县退役军人就业创业促进会 本期编辑：刘杰、阮可欣 致敬！一路走好 ↓ ↓ ↓
微信最新公告：或永久限制登录！,https://mp.weixin.qq.com/s/euhNUmp9r2EdZLGrI7Drew,2025-09-23,近日 微信安全中心发布 针对招募 “代聊工具人” 进行微信引流诈骗犯罪的 打击公告  微信安全中心最新提醒  　　微信安全中心根据用户投诉发现，不法分子在外部平台发布代聊招募信息。他们组织“代聊工具人”以找宠物、刮车、相亲等为由添加微信好友，再以“错加好友”为借口展开后续沟通。随后， 不法分子会逐步指导“代聊工具人”与潜在受害人聊天，并诱导潜在受害人下载外部App，进而实施跨境电商虚假投资、交友、租房等类型的诈骗。 相关案例 ↓↓↓ 　　微信安全中心再次强调，请广大用户切勿心存侥幸，参与帮助信息网络犯罪活动。上述行为一经发现核实，平台将依据国家相关法律法规以及《腾讯微信软件许可及服务协议》《微信个人账号使用规范》等平台规范， 视违规严重程度对相关账号进行阶梯式处理；多次违规者有可能永久限制登录 。 平台还将汇总相应证据线索，依法配合相关执法机关、司法机关处置。 微信安全中心提醒： 　　“代聊工具人”实质上是网络黑灰产为借助普通用户身份实施违法犯罪、规避监管追踪所设置的陷阱。若用户在明知对方从事犯罪活动的情况下，仍按其指引参与“代聊”操作，则构成明知故犯，需承担相应法律责任。 　　若在微信平台发现上述违规行为，可通过微信客户端或腾讯卫士进行投诉，核实投诉材料后微信安全中心会及时处理。也请广大用户注意保护个人信息，谨慎添加陌生好友，不轻信“错加好友”等话术，拒绝下载来路不明的外部App，守护自身财产安全。  警惕诈骗新手法   不做电诈“工具人”  　　此前，微信安全中心发布《工具人帮助犯罪研究报告》，从演变过程及作恶类型讲述“工具人”作案手法，希望通过手法科普，帮助大家识别相关套路，拒做电诈“工具人”。 　　平台在治理过程中，发现一些人易受利益诱惑，成为诈骗帮凶。下面梳理了一些常见诱导行为及工具人作恶特征，供大家了解并提前防范。 拒做“工具人”，谨防成为诈骗帮凶 1.对方以高薪噱头诱导你租售银行卡、电话卡、账号，不能做！ 2.对方以高薪噱头让你注册账号、注册店铺、实名认证，不能做！ 3.对方以兼职为由让你辅助解封、建群转让、充当群演，不能做！ 4.对方让你拉人进群、发布违规内容、寄送陌生快递，不能做！ 5.对方下单大额订单，让你去银行取钱再送到指定地点，不能做！ 6.对方以招聘为由线上面试，要求你提供银行卡号走账，不能做！ 7.对方让你去添加他人，再发送特定木马文件诱导打开，不能做！ 8.对方让你提供手机、对录线等设备支持，打指定电话，不能做！ 识别“工具人”作案特征，谨防被骗 1.加人话术：以熟人口吻、驿站、取快递、招聘、外卖等理由加好友。 2.交互特征：通过异体字符、带文字的图片、视频等方式进行聊天。 3.行为特征：有建群、拉人进群、群托响应、退群、频繁发红包等特征。 被骗后及时报警，并可通过平台举报 1.立即报警：第一时间拨打110紧急止付，保留证据到附近派出所做笔录。 2.银行投诉：若使用银行卡转账，选择次日到账的可在24小时内撤销转账。 3.平台举报：可选择“国家反诈中心”“腾讯卫士”等平台，提交诈骗证据举报。 来源： 广州日报综合 微信安全中心 本期编辑：刘杰、阮可欣 转发周知！ ↓ ↓ ↓
明天起，早餐调整一下,https://mp.weixin.qq.com/s/sBhlRJhYLricPjIRPALXVg,2025-09-23,一顿早餐，如何影响全天的血糖水平？近日，一项研究提出，相比高碳水化合物早餐，摄入低碳水化合物早餐的人，全天血糖更稳定。 哪些食物属于低碳水早餐？如何 科学搭配早餐？一起来看。 01 早餐换种碳水，血糖更稳 这项发表在《美国临床营养学杂志》上的研究，把参试者分为低碳水早餐组和高碳水早餐组。 两种早餐 热量都是450千卡 ，但营养成分大相径庭。 低碳水早餐组： 富含蛋白质和脂肪，如鸡蛋、奶酪和牛油果； 约8克碳水化合物、25克蛋白质和37克脂肪。 高碳水早餐组： 以燕麦、吐司、烤面包等为主； 约56克碳水化合物、20克蛋白质和15克脂肪。 相比高碳水化合物早餐， 摄入低碳水化合物早餐的人，全天血糖更稳定 ；餐后血糖峰值降低，血糖波动幅度更小，并且在一天中的其他时间里也倾向于摄入更少的热量。 02 早餐为何影响全天血糖？ 应急总医院内分泌科主任、主任医师王凯亮表示，早餐的重要性在于它打破了夜间禁食状态。 在8~12小时未进食的情况下， 胰岛素敏感性会暂时降低，这时若摄入高碳水食物，血糖就容易飙升。 对于糖友来说，这种飙升幅度更大且持续时间更长。而且，早餐后血糖上升过快还可能导致午餐前反应性低血糖，促使午餐的摄入量增加。 前述研究表明，一顿 富含优质蛋白、健康脂肪和膳食纤维的低碳水化合物早餐 ，能有效避免餐后血糖“过山车”，改善和维持全天的胰岛素敏感性。 这可能是因为，低碳水饮食本身就减少了血糖升高的来源，同时食物中的蛋白质和脂肪还可以延缓胃排空，减慢碳水分解吸收的速度。 另外，低碳水早餐中的高纤维食物还能提供持久的饱腹感，有助减少不当加餐和下一餐暴食。 03 一顿好早餐，4种食物不能少 我国人群的饮食模式很难达到严格意义上的“高脂低碳水”模式， 建议可以从早餐少吃主食开始，或用粗粮、杂粮替代。 可以采用“低碳水+高蛋白+健康脂肪”的组合来进行早餐搭配，比如1杯奶/豆浆+1份蔬菜+1个蛋+适量慢碳主食（玉米、南瓜等）的组合，这样既考虑了营养均衡，又注重血糖稳定。 《中国居民膳食指南（2022）》建议，早餐应包括谷薯类、蔬菜水果、动物性食物和奶豆坚果四类食物。 谷薯类食物 主要提供碳水化合物和能量，可以选择红薯、全麦馒头、杂粮饼、杂粮粥等。 肉蛋类 主要提供优质蛋白质、矿物质和脂溶性维生素。 可以选择水煮蛋、蒸蛋羹、煎蛋、炒蛋、荷包蛋等，少吃培根、香肠等加工肉制品。 奶豆坚果类 大豆和坚果富含优质蛋白质、必需脂肪酸和多种植物化学物；奶制品在提供优质蛋白质的同时，还是补钙的最佳来源。 可以喝牛奶、豆浆，也可以用豆腐干、豆腐丝等拌个凉菜。 坚果类可以当作早上的加餐吃，也可以放在杂粮粥里，或撒在蔬菜沙拉里增加香味和口感。 蔬菜水果类 主要提供维生素、矿物质、膳食纤维等。 蔬果类一般推荐拌个小凉菜或加入汤面米粉等食物中，果蔬汁也是不错的选择，不过要现榨现喝，以保证蔬果中抗氧化物质的活性。 此外，早餐要定时、定量，先吃蔬菜和蛋白质，最后吃主食，餐后30分钟散步更有助于血糖控制。 来源：生命时报微信 本期编辑：胡程远、郑薛飞腾 分享给家人朋友！ ↓ ↓ ↓
退伍回到家仅4个小时，他救下整栋楼……,https://mp.weixin.qq.com/s/4q3xk03mlpecBFGieR2c6Q,2025-09-23,9月4日晚9时许 “00后”小伙王謇睿 刚刚结束了两年的部队生活 风尘仆仆抵达在深圳的家 仅仅四个小时之后 这个23岁的年轻人 就成为整栋居民楼的英雄 深夜发现火情 他逆人流而上 9月5日凌晨，王謇睿和父母吃完宵夜回到位于深圳福田区梅富村4楼的家。 刚推开家门， 一股刺鼻的浓烟迎面扑来。他迅速判断烟雾来自三楼，第一时间拨打了119火警电话， 并护送家人安全撤离到楼下。 王謇睿一家租住的是一栋已有三十年楼龄的自建房，共十层，住户密集。“快给我几块湿毛巾！”他接过妈妈递给他的湿毛巾，折返上楼。 “着火了，大家别慌！赶紧用湿毛巾捂住口鼻，往楼下空旷的地方走！” 他沿着楼梯逐层向上，挨家挨户敲门呼喊。见到有邻居未做防护，他毫不犹豫地将自己的湿毛巾递出， 用衣服掩住口鼻继续向上排查。 在他的提醒和帮助下，整栋楼三十九户居民陆续安全转移。而王謇睿却没有停下脚步， 他再度返回三楼火场，与多名闻讯赶来的居民一起投入扑救，竭力控制火势蔓延，直到消防队员赶到现场， 才在指挥下有序撤离。 由于报警及时、疏散迅速，这场火灾在半小时内得到控制，未造成人员伤亡。 被救居民们纷纷对王謇睿表达了感激之情。 “在部队学到的不只是技能 更是一种刻在骨子里的责任感” 对王謇睿的举动，王爸爸觉得并不意外。 “我从小教育他要乐于助人、品格刚强。”当晚事出突然，王爸爸甚至没发现儿子上楼救火了。“烟雾很呛人，我们在楼下，忽然发现他不见了，他妈妈才告诉我，他上楼去救人了。” 王爸爸说，两年前，王謇睿从广东司法警官职业学院毕业后， 为了改善家里的经济情况，他尝试学习电商业务。 “我看他做了一个多月，觉得他年纪还小，希望他还是多锻炼，对他以后的成长有帮助。” 在王爸爸的鼓励下，王謇睿应征入伍， 到内蒙古当兵。这段经历，让王謇睿成长许多。 “下次遇到这样的事，我还是会冲上去的！” 在部队服役期间，王謇睿每周都会参与灭火、抗震、抗洪等应急训练。 这些日常训练不仅让他掌握了扎实的应急救援技能，更培养了他面对危险时沉着冷静、果断应对的性格。 发生火情的房间 火光之中 王謇睿逆行的背影 守护了整栋楼 居民的安全 推荐阅读 山河无恙，英雄安息！ 来源：广东共青团综合 青春深圳、 广东省 退役军人事务厅 、深圳市退役军人事务局、 羊城晚报 本期编辑：石磊、陈子涵 为 王謇睿点赞！ ↓ ↓ ↓
黄雨婷、潘展乐、汪顺等，记大功！,https://mp.weixin.qq.com/s/Eq27YwZ_adRrOIGHwo1ldQ,2025-09-23,9月12日，浙江省人民政府网站发布《关于奖励我省在第33届夏季奥运会上取得优异成绩个人的决定》。 在第33届夏季奥运会上，浙江省运动员顽强拼搏、奋勇争先，共获得8枚金牌、5枚银牌、7枚铜牌和4个第四名、5个第五名、4个第六名、3个第七名、3个第八名，金牌数列全国各省（区、市）第二，奖牌数列全国各省（区、市）第一，不仅创造了浙江省运动员参加夏季奥运会以来历史最好成绩，更为中国体育代表团取得夏季奥运会境外参赛历史最好成绩作出了重要贡献。 为奖励浙江省体育健儿优异表现，根据《事业单位工作人员奖励规定》等相关规定，经省政府常务会议审议通过，决定： 给予运动员黄雨婷、潘展乐、郑思维、黄雅琼、徐嘉余、季博文、王澜静、王昶、吴卿风、余依婷、柳雅欣、孔雅琪、汪顺，教练员葛宏砖、郑坤良、桑洋、王琳、蔡力、雷文斌、金韵、陶嵘、汪海波、陈慧佳、于诚 记大功奖励。 给予运动员费立纬、闫铮、陈雨菲、李冬崟、王楠、罗欢、叶诗文、万济圆，教练员黄和俭、夏煊泽、王建江、徐惊雷、魏巍、顾佳晴，管理人员林辉、赵伟军、王伟、谢建辉 记功奖励。 给予运动员周娅菲、谢震业、韩佳予、陆文博、曾莹莹，教练员钟林财，科研医务保障人员李静、刘功聚、周密、沈坚 嘉奖奖励。 推荐阅读 山河无恙，英雄安息！ 来源：人民日报客户端 本期编辑：石磊、陈子涵 觉得好看，请点这里 ↓ ↓ ↓
山河无恙，英雄安息！,https://mp.weixin.qq.com/s/XqEeQ2jWVLWLqTAVUgfA7Q,2025-09-23,9月13日上午 第十 二 批在韩中国人民志愿军 烈士遗骸安葬仪式 在沈阳抗美援朝烈士陵园举行 军乐队奏响《思念曲》 解放军仪仗司礼大队 礼兵 护送志愿军烈士棺椁 缓缓步入陵园纪念广场 全体人员向志愿军烈士三鞠躬 礼兵鸣枪12响 以鸣枪礼的最高礼节 表达对英烈最崇高的敬意 30位为保家卫国 英勇牺牲在异国他乡的 志愿军烈士英灵 阔别祖国70多年后 回到中华大地安息 祖国不会忘记 你们 人民不会忘记 你们 历史不会忘记 你们 山河无恙，英雄安息 中国人民志愿军烈士永垂不朽！ 来源： 人民日报客户端，记者：任彤彤、安博文、胡婧怡、辛阳，图片： 邱宇哲 摄 本期编辑：石磊、陈子涵 英雄安息！ ↓ ↓ ↓
“海底捞小便门案”判了，涉案者父母赔偿220万元,https://mp.weixin.qq.com/s/PycLpaLkvJPARBLb8sY3xw,2025-09-23,今年3月，一则海底捞火锅店内有人“向火锅小便”的短视频引发舆论广泛关注。而后，上海黄浦警方发布警情通报，对涉案的唐某（男，17岁）和吴某（男，17岁）作出了行政拘留处罚。 据悉，9月12日，法院对原告四川某餐饮管理集团有限公司（以下简称四川某餐饮公司）、上海某餐饮管理有限公司（以下简称上海某餐饮公司）与被告唐某、吴某及唐某父母、吴某父母名誉权纠纷、财产损害赔偿纠纷案作出一审宣判。 法院判决唐某及其父母，吴某及其父母在保护未成年人隐私的情况下，分别在指定报刊上向四川某餐饮公司、上海某餐饮公司赔礼道歉； 唐某父母、吴某父母赔偿上海某餐饮公司餐具损耗费和清洗消毒费13万元，赔偿四川某餐饮公司、上海某餐饮公司经营损失和商誉损失200万元及维权开支7万元，共计220万元 （唐某、吴某有个人财产的，从本人财产中支付赔偿费用，不足部分由唐某父母、吴某父母赔偿）。 海底捞“退一赔十”后 向侵权者索赔超2300万元 案情回顾： 2025年2月24日凌晨，唐某、吴某在某海底捞门店包间内用餐后，先后站上餐桌向火锅内小便，并相互拍摄视频。 2月27日，吴某将拍摄的视频发布在朋友圈，该视频随即经网络快速传播，引发广泛社会关注和公众舆论。 3月12日，海底捞火锅微博发布道歉声明，称将涉事门店内的餐具全部销毁换新，对整个门店深度消毒，并对事发时段到消毒这段时间内用餐的4109单客户全额退还餐费，进行订单付款10倍金额的现金补偿。 3月14日，四川某餐饮公司、上海某餐饮公司至上海市黄浦区人民法院起诉，诉请要求唐某、吴某某及其各自父母公开赔礼道歉，赔偿上海某餐饮公司餐具损耗费、清洗消毒费共计15万元，赔偿四川某餐饮公司、上海某餐饮公司经营损失、商誉 损失共计2300万元及维权开支10万元， 承担上海某餐饮公司支出的诉讼财产保全责任保险费0.93万元。 当事人及父母需赔礼道歉 并赔偿海底捞各类损失220万元 经审理，上海市黄浦区人民法院认为，唐某、吴某共同故意实施向火锅内小便的行为，在清楚知晓视频公开后可能产生的网络传播效应及负面社会影响的情况下，仍积极追求或放任相应视频公开传播，主观上均有过错，构成对财产以及以侮辱方式对名誉的共同侵权。侵权行为造成涉事包间内餐具及就餐环境污染，给公众造成强烈的观感不适，涉事门店采取全店餐具换新、整店清洗消毒的处理方式，并未超过必要限度，合理费用支出属于财产侵权损失。 法院认为，针对自事发起，至涉事门店完成餐具换新、清洗消毒期间的涉事门店堂食消费者，海底捞方面予以全额退款，既是对消费者的合理补偿，也是对自身受损商誉的补救，与侵权行为存在因果关系，属于合理损失范畴。但十倍价款补偿与侵权行为之间欠缺法律上的因果关系，属企业自主作出的商业决策，法院难予支持。侵权行为的负面影响具有持续性，短期内仍会造成企业经营收入减少，此亦属合理损失范畴。 法院认为，唐某、吴某虽系限制民事行为能力人，但综合案情，两人对自身行为的违法性和法律后果具备认知能力，知晓赔礼道歉的责任内容和法律意义，承担赔礼道歉责任并未超出其承受能力，反而能促使其充分反省，两人一起亦表示同意赔礼道歉。唐某、吴某各自父母对未成年人未尽到监护职责，导致两未成年人实施侵权行为。基于此，法院确定6被告承担赔礼道歉责任。经济损失赔偿方面，依法由监护人承担赔偿责任。 综上，上海市黄浦区人民法院依法判决唐某及其父母，吴某某及其父母 在保护未成年人隐私的情况下，分别在指定报刊上向四川某餐饮公司、上海某餐饮公司赔礼道歉； 唐某父母、吴某某父母赔偿上海某餐饮公司餐具损耗费和清洗消毒费13万元，赔偿四川某餐饮公司、上海某餐饮公司经营损失和商誉损失200万元及维权开支7万元，共计220万元（唐某、吴某某有个人财产的，从本人财产中支付赔偿费用，不足部分由唐某父母、吴某某父母赔偿）；驳回四川某餐饮公司、上海某餐饮公司其余诉讼请求。 未成年人参与社会活动 应尊重社会公德、遵守公共秩序 两位专家学者对该案的判决结果谈了看法。 上海财经大学法学院副院长、教授朱晓喆认为，从社会效果看，本案判决一方面告诫公众，监护人应承担对于未成年人的行为监督和价值观塑造的首要责任，而未成年人参与社会活动应尊重社会公德、遵守公共秩序，未成年人违法侵害他人权益将引发相应民事责任；另一方面也宣示，企业的正常经营活动是社会经济发展和繁荣的基础，法律应当保护企业免受非法的干扰和影响，任何侵害企业财产利益、商业声誉的行为都应受到法律的制约，司法裁判对于构建公平有序的法治化营商环境发挥着重要的保障和促进作用。 华东政法大学法律学院院长、教授金可可认为，两未成年人故意向原告火锅内小便并拍摄视频上传，致原告商誉受损，主观上分别具有故意、过失。综上，二人构成侵犯财产、商誉的共同侵权行为。而商誉属人格权，按《民法典》第995条可引发赔礼道歉责任。于此适用赔礼道歉，旨在恢复其商誉。判令未成年人赔礼道歉，有助于未成年人认识错误、矫其行止，发挥其教育惩戒功能，颇有必要。两未成年人的监护人未尽监护职责，依《民法典》第1188条承担赔偿及赔礼道歉责任。 来源：人民日报客户端，记者：巨云鹏 本期编辑：石磊、陈子涵 觉得好看，请点这里 ↓ ↓ ↓
巨疼！会传染！过度劳累、熬夜或引起这种病,https://mp.weixin.qq.com/s/K7TLFbAm3Jg2kkt7QFSkpw,2025-09-23,带状疱疹， 被称作最疼皮肤病，大约三分之一的人一生中至少会患一次带状疱疹。据统计，我国50岁以上人群每年新增带状疱疹病例约156万人。 -1- 带状疱疹发作的主因是 自身免疫力下降 带状疱疹是一种由 水痘-带状疱疹病毒 引发的感染性皮肤病，90%以上的成人体内都潜伏着此病毒。儿童时期感染该病毒后，首次发病通常会患水痘。在遭遇免疫系统的攻击后，病毒不会被完全清除，而是隐匿于背根神经节中。 当人体免疫力下降时，潜伏的病毒会伺机而动，沿着神经引发病变，导致神经发炎、坏死，从而引起疼痛。 专家表示， 50岁以上是带状疱疹的高发人群，但带状疱疹发病呈现年轻化趋势，青年人中也逐渐出现带状疱疹病例。 此外，糖尿病、慢性肾脏疾病、慢性阻塞性肺疾病等慢性病患者，罹患带状疱疹的风险增加24%到41%。自身免疫疾病患者，如类风湿关节炎、系统性红斑狼疮等，罹患带状疱疹的风险是一般人群的2.3到4倍。 -2- 带状疱疹病毒破坏神经 导致疼痛难忍 为何带状疱疹痛感那么强烈？皮肤表面的疱疹痊愈后，部分患者依旧疼痛难忍，甚至被疼痛困扰数年？ 专家解读，带状疱疹病毒主要感染负责人体痛觉的神经，破坏了负责疼的神经节这一关键结构，因此引发剧烈疼痛。绝大部分患者会将这种疼痛形容为刀割样、火烧样、针刺样、穿心般的疼痛。 随着疾病的好转，多数患者的疼痛会逐渐消退，但有不少患者因多种原因，最终出现顽固性带状疱疹后神经痛， 临床上甚至有患者疼痛长达40年。 -3- 出现疱疹前可识别 早期治疗可抑制发作 医生提醒， 在身体感觉疼痛但疱疹尚未出现时进行对症治疗，可大幅降低带状疱疹发生后遗神经痛的概率，部分患者甚至能够阻止带状疱疹发病。 专家表示，带状疱疹是由于一根神经受到破坏而造成疼痛， 其症状表现为单侧分布，最常见的分布区域是胸腰段，即胸背部、腰部，也可分布在单侧的头面部，但一定是单侧且不超过人体中线。 当出现单侧分布的疼痛时，就需要警惕是否患上了带状疱疹。 -4- 带状疱疹预防胜于治疗 接种疫苗一级预防 大多数带状疱疹患者可通过抗病毒等方法治愈，但该疾病最为棘手的是后遗神经痛，这种疼痛可能会持续很长时间，因此带状疱疹的预防至关重要，预防大于治疗。 专家介绍，预防带状疱疹，首先要保持健康的生活方式， 避免过度劳累、熬夜、着凉等，同时避免情绪大幅波动。这些因素都易导致免疫力下降，进而诱发带状疱疹。 目前，接种带状疱疹疫苗是一种较为成熟的预防方式，也被称为一级预防。 50岁以上人群接种带状疱疹疫苗后，带状疱疹发生率可降低90%以上。 -5- 关于带状疱疹 这些误区要注意 ■ 带状疱疹 的疱疹只长在腰上吗？ ❌ 带状疱疹病毒 可以在身体任何部位的神经节复制繁殖 ， 如头、颈、胸、腰、四肢， 腰部只是带状疱疹最常见的发病部位。 专家表示，除常见的皮肤型带状疱疹外，还有许多特殊类型，比如眼周、耳周的带状疱疹，还有一部分被称为播散型的带状疱疹。 比如： 眼周 的带状疱疹会影响角膜、眼球，轻度的会影响视力，重度的甚至会导致失明。 耳部 的带状疱疹会引发耳部剧烈疼痛，同时还会伴有面瘫，严重时会导致听力下降。 ■ 带状疱疹不会复发吗？ ❌ 专家提到，很多人认为带状疱疹是一种终身免疫性疾病，患一次后便不会再得。实际上，对于大部分人群确实如此，但有5%左右的人群一生中可能会第二次、第三次甚至第四次患病。这些人容易患带状疱疹主要有两个原因： 一是 本身患有自身免疫性疾病， 免疫功能低下； 二是部分人群 平时 生活不规律，经常熬夜，导致自身免疫功能下降， 容易引发带状疱疹的再次感染。 ■ 带状疱疹不会传染吗？ ❌ 专家称，目前研究认为 带状疱疹在发病前期、急性期具有一定的传染性， 所以家有老人和儿童需格外注意。一般到了带状疱疹后神经痛阶段，其传染性减少，甚至可以认为没有传染性。 来源：央视新闻综合《朝“问”健康》 本期编辑：石磊、陈子涵 转发周知！ ↓ ↓ ↓
严重财务造假！将强制退市！,https://mp.weixin.qq.com/s/HjKizMPo8-b7zjpkWoJoqA,2025-09-23,证监会严肃查处东方通严重财务造假案件 记者9月12日从中国证监会获悉，证监会近日对深交所创业板上市公司北京东方通科技股份有限公司（*ST东通）涉嫌定期报告等财务数据存在虚假记载作出行政处罚事先告知。 经查， *ST东通连续四年虚增收入和利润，违反证券法律法规。 证监会拟对上市公司罚款2.29亿元，对 7名责任人合计罚款4400万元，对实际控制人采取10年证券市场禁入。 *ST东通涉嫌触及重大违法强制退市情形，深交所将依法启动退市程序。 证监会表示，对于可能涉及的犯罪线索，将坚持应移尽移的工作原则，严格按照刑法、《最高人民检察院 公安部关于公安机关管辖的刑事案件立案追诉标准的规定（二）》的规定移送公安机关。 来源：新华社， 记者：刘羽佳、刘慧 本期编辑：石磊、陈子涵 关注！ ↓ ↓ ↓
我在群里喊妈妈，爸爸怎么端着两杯咖啡就出来了……,https://mp.weixin.qq.com/s/c2FizpxBR7HuJc6BCXcZXw,2025-09-23,“妈妈！” “妈！！！妈！！！！！！” （妈妈理理我！） …… 爸爸： “ ” （别急别急，先喝杯咖啡） 一名同学分享 自己在买裙子时 着急让妈妈帮忙挑选 于是在微信里大喊妈妈~ 然而妈妈没等到 爸爸已经“端着两杯咖啡” 闪亮登场 网友：“看文字好像听到语音了 ” “好可爱的一家人~” 大家与爸爸妈妈 总有很多有爱的对话日常 一起来看看吧~ “你的头像已被妈妈‘征用’” “谁懂？老妈强行‘征用’我的头像 还反说我抄袭” 网友：“没事没事 妈妈正叛逆期呢 ” “妈咪~母亲节到了 我想让你感受一下 被依赖的幸福~” 妈妈：“那我也去找我妈要钱” 除此之外 还有一些网友分享了 爸爸妈妈的“毒舌”语录 “不愧是亲爸妈 损我眼都不带眨的 ” “我过段时间就能买车了！” “两个轮的还用过段时间吗 ” （我，破防了……） “亲爱的爸爸妈妈 当你们看到这条信息时 我已经变成了一只雪豹……” 近日，有不少网友分享 自己给爸爸妈妈 发送“变成雪豹”的信息时 （一个网络热梗） 得到出乎意料的回应~ 妈妈： “不要和后面那个抽烟的玩” 网友：“妈妈好可爱啊！” “要记得 在你饿肚子的时候 一定要用尽最后一丝力气 去一个叫家的地方” 网友： “幸福的雪豹一家~” 还有同学意外收到了 妈妈认真回复的长文 “等你看够了这轮日出 记得把‘雪豹的勇敢’、‘心里的温柔’ 都揣好回家  妈妈给你炖着你爱吃的土豆 听你讲那些高原上的故事” “没事，想你了……” 还记得大一初次离家时 妈妈时常发来消息 “在干嘛？” …… “没事 想你，突然想你” （被妈妈的话击中了 ） 有网友出于好奇 在聊天记录搜索了 “在干嘛”三个字 结果看到了来自妈妈的 三百多条“在干嘛” 短短三个字 背后却藏着许多欲言又止的牵挂 无论我们走到何方 妈妈的牵挂 总像一根风筝线 牵引着家的方向 无意间的一句“我想……” 爸爸妈妈都牢牢记在心上 嘴上说不要惯着我的爸爸妈妈 却给我塞了更多的零食 幸福大概就是 一直被爸爸妈妈 无条件地宠爱着 “考试尽力就好了 从没要求你做满分小孩呀~” 无论如何 “你永远都是爸爸妈妈的骄傲” “在做‘宝宝’的年纪 一定要快乐地学习 快乐地生活~” 无论做什么决定 爸爸妈妈都是最坚强的后盾 不论你是正在求学 还是已经进入职场 你会遇见很多的人和事 真正开启属于自己的天地 但不要忘记 有一个叫家的地方 无论何时都对你敞开温暖的怀抱 爸爸妈妈正在 努力走进 长大了的你的世界 只希望看到你过得开心幸福 所以请试着主动与爸爸妈妈分享 你的日常故事吧~ 他们一定会很爱听 大家与爸爸妈妈 有什么样的有爱日常呢？ 来源：学校共青团 本期编辑：胡程远、郑薛飞腾 觉得好看，请点这里 ↓ ↓ ↓
"微信推出""后悔药""！网友：救了命了",https://mp.weixin.qq.com/s/YwNbvTrpbzhJYz_bOnf19w,2025-09-23,"近日 微信团队发布了 安卓 微信8.0.63内测版本 这是继iOS版本后的 一次重要更新 这次更新看似""小修小补"" 实际带来了几个 实用且有趣的功能变化  删除聊天可撤销：  微信的""后悔药""  在此前iOS微信8.0.61版本中 上线了""删除聊天可撤销""功能 现在安卓版也跟进了！ 在微信主页左滑 删除与好友的聊天对话后 底部会立刻弹出 ""已删除与'×××'的聊天"" 的提示 若在 5秒内 点击右侧的""撤销""按钮 即可恢复该聊天记录 此外，微信还上线了 另一个更大的""后悔药"" 在删除联系人时， 新增了""删除联系人同时清除聊天记录""的选项 （默认不勾选） 。 如果未勾选，即使删除好友也能保留与对方的聊天记录。 删除后对方不会收到通知，你仍然可以给对方发送消息，并且对方能正常接收。如果想重新加回对方， 直接点击顶部的 ""对方还不是你的朋友""选项，即可悄无声息地添加回来，无需额外验证，且聊天记录完整存在 。 这对于误删好友、吵架后想和好，或单纯想清理列表但保留记录的用户来说，非常实用。  微信账号超1年未登录   可能被回收  此前 话题 #人去世了微信朋友圈会消失吗 # 冲上热搜 微信官方表示，若用户 长时间未登录微信账号（通常超过1年） ，系统可能会自动回收该账号。 回收时间会根据使用情况综合判定。 被回收的微信账号中， 所有内容（包括朋友圈记录、聊天记录、头像、微信号等）都会被清空且无法恢复。 微信建议用户： 1. 定期登录账号 （至少一年一次） 以维持其活跃状态； 2.将聊天记录中的图片、文件等 重要内容备份至手机或电脑本地 ，以免因特殊情形导致数据丢失； 3. 绑定手机或邮箱 ，避免账号无法找回。  好友资料页面回退  此前版本中将“朋友权限” 整合至“朋友资料”里 现在又独立展示了 回归了最初的状态  ""我关注的公众号""页面变化  增加了 “最近更新”和“最近关注” 两个分类标签，并且已星标的账号会被置顶显示，方便用户快速找到想看的公众号。 目前这些新功能大多还处于 灰度测试阶段 ，意味着并非所有用户都能立即体验到。如果你还没有这些功能，请耐心等待官方逐步推送。 来源：中国新闻网、新闻坊 本期编辑：石磊、陈子涵 觉得好看，请点这里 ↓ ↓ ↓"
来了！新闻早班车,https://mp.weixin.qq.com/s/RxcUklFi0d9XeeBIe6H6Hg,2025-09-23,点击这里，查看更多精彩内容 要闻 国家主席习近平9月12日签署第五十一号、第五十二号、第五十三号、第五十四号、第五十五号、第五十六号、第五十七号主席令。 详情 日前，国务院办公厅印发修编后的《“三北”工程总体规划》。 12日起，《大型网络平台设立个人信息保护监督委员会规定（征求意见稿）》向社会公开征求意见。 《电力装备行业稳增长工作方案（2025—2026年）》12日发布，鼓励能源开发企业、装备制造企业、金融机构组团出海。 国家发改委近日印发行动方案提出，2027年，全国新型储能装机规模要达到1.8亿千瓦以上，带动项目直接投资约2500亿元。 财政部消息，今年，国家财政安排1000亿元发放育儿补贴、200亿元逐步推行免费学前教育。 12日，第十二批30位在韩中国人民志愿军烈士遗骸及相关遗物由中国空军运-20专机接运回国。 日前，我国第3艘航空母舰福建舰通过台湾海峡，赴南海相关海域开展科研试验和训练任务。 商务部新闻发言人就中美在西班牙举行会谈事表示，双方将讨论美单边关税措施、滥用出口管制及TikTok等经贸问题。 东部战区新闻发言人就美、英军舰过航台湾海峡表示，战区部队时刻保持高度戒备，坚决捍卫国家主权安全和地区和平稳定。 12日，巴基斯坦首都伊斯兰堡与伊朗首都德黑兰之间停飞了60年的航班重新恢复。 社会 中央气象台发布预警，12日20时至13日20时，内蒙古中部、河北北部、山西中部等地的部分地区将有10级以上雷暴大风。 近日，教育部公示《2025—2028学年面向中小学生的全国性竞赛活动名单》，共47项竞赛。 详情 12日，国家体育总局发布14条“2025年国庆假期户外运动精品线路”。 12日，我国在文昌航天发射场成功组织实施长征十号系列运载火箭第二次系留点火试验，按计划完成了全部预定系留点火试验。 全球首个超稠油开采塔式光热替代示范工程项目在新疆投产，每年可替代天然气近392万立方米。 12日，海底捞“小便门”相关纠纷案一审宣判，涉案者父母赔偿220万元。 详情 12日，浙江省启动生态保护修复产业专项基金，这也是自然资源部批复同意的全国首个省级生态保护修复专项基金。 12 日， 2025 武汉网球公开赛揭晓首批单打正赛入围名单 ，郑钦文和王欣瑜直接入围正赛。 俄罗斯北极与南极科学研究所新闻处当地时间11日通报称，世界最大冰山A23a再次发生大规模断裂，面积单次缩减近20%。 近日，正在某海域执行任务的东部战区海军某护卫舰支队济宁舰，发现并成功救起1名落水群众。 政策 天津印发通知，对符合要求的毕业生发放一次性求职补贴3000元。 湖南出台措施，要求公务人员进行省内一般性公务活动自行解决用餐，确需协助安排的，必须通过“湘办通”扫码支付，实行“同餐同价”。 广西印发通知，对符合条件的智能产品产业化项目，给予不超过总投入的25%、最高500万元的资金补助。 今日天气 　　内蒙古东北部、江淮西部、江汉大部、江南北部、西南地区东部和南部等地部分地区有中到大雨，其中，湖北西南部、湖南西北部、重庆东南部、贵州东北部和西部、四川南部、云南北部等地部分地区有暴雨，局地大暴雨 。 早安中国 　　每个清晨，遇见大美中国。 　　陕西汉中市汉江湿地公园，芦苇随风轻舞，泛起绒绒白浪。这里栖息着朱鹮等保护鸟类，银杏、红豆杉等保护植物茁壮生长。游客们纷至沓来，观赏拍照，留住这秋日限定的美好。汉中市欢迎您！ 无论做什么事，都不可能一蹴而就。阅读书籍，没有立竿见影的好处，却会给你广阔的视野；培养好习惯，过程并不容易，却能让你持久获益。别因为短期看不到回报就拒绝努力，当下的每一点付出，都会在未来助你成为更耀眼的自己。早安！ 本期编辑：郑薛飞腾，实习生：甘雨欣 、王若渝 ｜主播：蓝艳 觉得好看，请点这里 ↓ ↓ ↓
英雄，请安息！,https://mp.weixin.qq.com/s/nxZd5BWKU-y5bEShZ_CRTg,2025-09-23,今天 第十二批在韩中国人民志愿军 烈士遗骸安葬仪式将举行 山川同念，家国永怀 祖国不会忘记 人民不会忘记 英雄请安息！致敬！ 来源：人民日报微博，策划制作： 陈露、赵丹彤、黄琴 本期编辑：胡程远、郑薛飞腾 致敬志愿军英烈！ ↓ ↓ ↓
东部战区发声！,https://mp.weixin.qq.com/s/Y58WS1xECli-EzTEuCjOKg,2025-09-23,东部战区新闻发言人就美、英军舰过航台湾海峡发表谈话 　　东部战区新闻发言人施毅陆军大校表示，9月12日，美“希金斯”号驱逐舰、英“里士满”号护卫舰过航台湾海峡并滋扰挑衅。中国人民解放军东部战区组织海空兵力对其过航行动全程跟监警戒，有效应对处置。美方、英方行径传递错误信号，破坏台海和平稳定。战区部队时刻保持高度戒备，坚决捍卫国家主权安全和地区和平稳定。 来源：人民日报客户端 本期编辑：胡程远、郑薛飞腾 关注！ ↓ ↓ ↓
中美将就TikTok等问题会谈,https://mp.weixin.qq.com/s/lZ78lgRI2FLwI7X2z6R5fQ,2025-09-23,商务部新闻发言人就TikTok问题答记者问 有记者问：据中美发布的有关消息，双方将于9月14日在西班牙举行会谈，并将谈及TikTok问题，请问商务部可否就此提供进一步的信息？ 答：对于TikTok问题，中方的立场是明确的、一贯的。中方维护本国企业正当合法权益的决心坚定不移，将依法依规审批TikTok问题。中国政府高度重视数据隐私与安全，从来没有也不会要求企业或个人以违反当地法律的方式，为中国政府采集或提供位于外国境内的数据。 近日，经双方商定，中美团队将就TikTok等问题举行会谈。中方敦促美方与中方相向而行，在相互尊重、平等协商的基础上，通过对话解决各自关切，找到解决问题的办法，为包括TikTok在内的中国企业在美持续运营提供开放、公平、公正和非歧视的营商环境，推动中美经贸关系稳定、健康、可持续发展。 来源：商务部网站 本期编辑：胡程远、郑薛飞腾 觉得好看，请点这里 ↓ ↓ ↓
【夜读】真正的高情商，是拥有闲谈力,https://mp.weixin.qq.com/s/lYfJPvntPdedK9PmfqMXaA,2025-09-23,懂得闲谈的人，会让人相处舒服 不少人认为，闲谈不过是用无聊的八卦来消磨时光罢了。但实际上，闲谈并非随意聊天，而是以轻松的话语调节氛围，让自己和他人都能感到舒服。 人与人之间的熟络，有时靠几句简单的问候，就能开启有效的社交。如果你一开口，就能令人如沐春风，不管走到哪里都会受欢迎。 高质量的闲谈，是智慧的迸发，是情商的展现，更是心灵的贴近。当你既能真诚表达自己的想法，又能兼顾别人的感受，人际关系会变得更加融洽美好。 不恰当的3种闲谈方式 1、把“故意抬杠”当“能言善辩” 现实中，有些人很爱抬“杠”：得理时，不饶人；无理时，瞎胡闹。 让人无奈的是，他们并不觉得自己在抬杠，反而觉得自己能言善辩。 真正高情商的人，知道即使自己有理，也会给别人留有余地。少杠两句，存住了感情，也留下了体面。 2、把“尖酸刻薄”当“幽默风趣” 幽默，是建立在尊重的基础上，让彼此都感到舒适。把尖酸刻薄当幽默风趣，轻则扫人兴，重则伤人心，也会让关系走到尽头。 与人相交时，不要乱开玩笑，多考虑别人的感受。只有这样，才不会让彼此陷入难堪的境地，才能拥有好的人际关系。 3、把“指手画脚”当“热心肠”   “己所不欲，勿施于人”，而“己所欲，也勿施于人”是一种更高级的修养。 你可以不理解别人的生活，但不必评头论足；你可以不认可他人的选择，但不能多加干涉。 当你学会尊重别人，别人才会敬重你。 送你10条实用的闲谈技巧 1、学会倾听 人们对于能够听自己把话说完的人，怀有更高的安全感与信任感。不轻易打断对方说话，全部听完后再作回应。 2、肯定对方 面对懂得自己内心感受的人，人们更容易卸下防备、敞开心扉。先表达认可，再阐述想法，可以避免不必要的冲突。 3、建立第一印象 面带笑容地主动开口、有礼貌地打招呼、真诚地问候对方，闲谈往往容易自然而然展开。 4、有意识地接收信息 善于闲谈的人，脑子里都有丰富的“素材库”。及时关注有趣的信息，你了解得越多，与人沟通的话题就越多，闲谈也就开展得越顺利。 5、适时转换话题 一场恰到好处的闲谈，应当使双方都感到愉悦、乐于表达。当对方在某件事上喋喋不休时，适时转换一下话题，谈话才不会冗长无趣。 6、避免情绪化 与人交流，最忌讳情绪化，会令对方无所适从。闲谈中尽可能保持微笑，以理性抑制无礼、烦躁等消极情绪。 7、表现幽默 幽默是推动人际关系的有效手段，可以缓解紧张或无聊的气氛。讲话时，偶尔穿插一些有趣的话题，大家笑得越开心，对你的印象也就越深刻。 8、谈话简洁 短小精悍的标语容易快速抓住人心，闲谈也是如此。你说得越简洁，对方就越容易理解，也能避免给对方造成负担。 9、掌控节奏 语速太快，容易使对方莫名地紧张或焦躁起来。学会控制语速，留给别人反应的时间，这种说话节奏才更令人舒服。 10、给予丰富反应 谈话中总是面无表情的人，会让对方失去表达的自信，不愿再继续交谈。以丰富的表情、积极的语气回应，传达出自己在倾听的信号，可以提升彼此闲谈的频率。 来源：人民论坛网综合 每晚一卷书、洞见等  | 主播： 赵文龙 本期编辑：刘杰、冯昌泰 ，实习生： 洪舒云 觉得好看，请点这里 ↓ ↓ ↓
商务部新闻发言人就中美在西班牙举行会谈事答记者问,https://mp.weixin.qq.com/s/QHROzywbU0BYh4lq-3J69Q,2025-09-23,有记者问：美方消息称，美国财长贝森特近日将在西班牙马德里与国务院副总理何立峰举行会谈，请问商务部可否确认该消息？ 答：经中美双方商定，中共中央政治局委员、国务院副总理何立峰将于9月14日至17日率团赴西班牙与美方举行会谈。双方将讨论美单边关税措施、滥用出口管制及TikTok等经贸问题。 来源：商务部网站 本期编辑：胡程远、郑薛飞腾 觉得好看，请点这里 ↓ ↓ ↓
两三个就满足一天的“维D”，钾比香蕉高，还富含锌、硒！错过它太可惜！,https://mp.weixin.qq.com/s/-Q6WQtCF2a_uTxzN__2a4Q,2025-09-23,提起双孢蘑菇，很多人可能会觉得有些陌生，但如果说“白蘑菇”或者“口蘑”，那就很熟悉了。 圆滚滚、白胖胖的口蘑，可做汤，可烤制 ，它的营养十分突出。 01 口蘑有哪些营养？ 膳食纤维丰富 口蘑热量较低，每100克新鲜口蘑的脂肪含量低至0.1克，热量只有26千卡，这热量和西蓝花类似。并且，每百克口蘑还含有1.5克不溶性膳食纤维，是大白菜的1.6倍，有助于增强饱腹感，控制食欲。 补锌“超级明星” 每100克新鲜口蘑的锌含量高达6.6毫克。 根据《中国居民膳食营养素参考摄入量》，成年男性每日对锌的推荐摄入量为12毫克，女性为8.5毫克。这意味着， 吃100克新鲜口蘑（约5个），几乎就能满足一般成年女性全天锌需求量的78%，或者男性全天锌需求量的近一半。 锌对维持免疫力、促进生长发育、保护皮肤健康和味觉功能都至关重要，口蘑无疑是植物界中补充锌元素的“超级明星”。 补硒“小能手” 口蘑是硒的良好食物来源，每100克新鲜口蘑的硒含量为6.99微克。 硒属于一种人体必需的微量元素，是人体内多种抗氧化酶的关键组成部分，对于维持甲状腺功能和增强免疫力非常有益。 补钾“潜力股” 每100克新鲜口蘑的钾含量为307毫克，这个数值 超过了以高钾著称的香蕉（256毫克/100克） 。 钾在维持人体细胞内外渗透压、酸碱平衡以及神经肌肉正常功能方面都很重要。充足的钾摄入有助于对抗钠的升压效应，这对需要控血压的人群很友好。 不仅如此，口蘑还富含一种抗氧化剂：麦角硫因（人体无法自行合成，必须从食物中获取）。有数据显示，双孢蘑菇的麦角硫因含量为0.08~1.21mg/g，比大多猴头菇、红平菇、真姬菇、羊肚菌、草菇，以及部分牛肝菌、灵芝等都高。 02 晒过太阳的口蘑，竟多了这种营养 我们都知道，晒太阳能帮助人体合成维生素D，神奇的是：蘑菇也能！ 这是因为，蘑菇细胞壁中 富含一种叫做麦角甾醇的物质，是维生素D的前体。 当口蘑接受阳光或人工紫外线（特别是UV-B波段）照射时，麦角甾醇会吸收紫外线的能量，其分子结构发生转化，生成维生素D₂（麦角钙化醇）。并且， 这个转化过程的效率还很高 。 2011年一项发表在《农业与食品化学》上的研究，比较了暴露在阳光下（照射时间为2.5小时，时间为中午）的口蘑成分变化与商业紫外线（UV）光处理后发生的变化。结果显示： 一份84克（5个中等大小的平菇）口蘑将提供25微克（UV-B处理）和23微克（日光照射）的维生素D。 这是什么概念？根据《中国居民膳食营养素参考摄入量（2023版）》，一般成年人每日推荐的维生素D摄入量为10微克。这意味着， 吃2~3个经过日光照射2.5小时的双孢蘑菇就能基本满足每天的维生素D需求了。 另有研究发现：处理后的蘑菇维生素D₂在4℃和室温下储存8天期间稳定性保持不变，表明 维生素D₂没有降解 。 对于素食者或饮食结构单一的人群来说，通过阳光照射的口蘑来补充维生素D，是个值得推荐的途径。 03 要想口蘑鲜，推荐这样烹饪 要想解锁口蘑的鲜味，不仅要挑好，还得选对烹调方式。 如何挑选好口蘑？ 首先挑选菌盖圆润、厚实、边缘向内卷曲的口蘑。菌柄短而粗壮，整体呈洁白色或淡乳白色。其次，手感紧实有弹性，不发黏。 口蘑轻微变色发黄是正常现象，不影响食用和风味。0~4℃是口蘑的最佳贮藏温度，买来后要及时放冰箱冷藏。 口蘑怎么做最好吃？ 口蘑的鲜味，源自多种呈味物质的协同作用。最主要的是游离氨基酸和呈味核苷酸。 水煮、清蒸、爆炒、烧烤……口蘑似乎怎么做都好吃。而福建农林大学的一项研究系统比较了蒸、煮、烤三种方式对双孢蘑菇风味的影响，结果显示 ：煮口蘑的甜味最为突出，烤制口蘑在鲜味上表现最佳 。 所以， 想要吃最“鲜”的口蘑，建议采用烤的方式 。做法很简单，口蘑洗干净后，掰掉中间的杆，凹槽朝上放入空气炸锅，180℃烤10分钟，直到蘑菇变软，汁水渗出。也可以进行DIY创意，在中间的凹槽里放入鸡蛋液、虾滑、蒜蓉等。 如果你偏爱口蘑煮汤，建议在煮制过程中添加少量盐，有利于食用菌风味物质的释放，能让口蘑汤味道更鲜。 来源：科普中国微信 本期编辑：胡程远、郑薛飞腾 觉得好看，请点这里 ↓ ↓ ↓
习近平签署第五十一号至第五十七号主席令,https://mp.weixin.qq.com/s/w_2etXxgFraEx3qWNvf9Eg,2025-09-23,国家主席习近平9月12日签署第五十一号、第五十二号、第五十三号、第五十四号、第五十五号、第五十六号、第五十七号主席令。 第五十一号主席令说，《中华人民共和国原子能法》已由中华人民共和国第十四届全国人民代表大会常务委员会第十七次会议于2025年9月12日通过，现予公布，自2026年1月15日起施行。 第五十二号主席令说，《中华人民共和国突发公共卫生事件应对法》已由中华人民共和国第十四届全国人民代表大会常务委员会第十七次会议于2025年9月12日通过，现予公布，自2025年11月1日起施行。 第五十三号主席令说，《中华人民共和国国家公园法》已由中华人民共和国第十四届全国人民代表大会常务委员会第十七次会议于2025年9月12日通过，现予公布，自2026年1月1日起施行。 第五十四号主席令说，《中华人民共和国仲裁法》已由中华人民共和国第十四届全国人民代表大会常务委员会第十七次会议于2025年9月12日修订通过，现予公布，自2026年3月1日起施行。 第五十五号主席令说，《中华人民共和国法治宣传教育法》已由中华人民共和国第十四届全国人民代表大会常务委员会第十七次会议于2025年9月12日通过，现予公布，自2025年11月1日起施行。 第五十六号主席令说，《全国人民代表大会常务委员会关于修改〈中华人民共和国食品安全法〉的决定》已由中华人民共和国第十四届全国人民代表大会常务委员会第十七次会议于2025年9月12日通过，现予公布，自2025年12月1日起施行。 第五十七号主席令说，根据中华人民共和国第十四届全国人民代表大会常务委员会第十七次会议于2025年9月12日的决定： 免去潘岳的国家民族事务委员会主任职务； 任命陈瑞峰为国家民族事务委员会主任。 来源：央视新闻 本期编辑：胡程远、郑薛飞腾 觉得好看，请点这里 ↓ ↓ ↓
成功营救！这次是军舰,https://mp.weixin.qq.com/s/LcE4T9l9w1G8L8LXh0iITw,2025-09-23,“左舷30度，距离3链 发现落水人员！” 近日，正在某海域执行任务的 东部战区海军某护卫舰支队济宁舰 发现并成功救起1名落水群众 当日6时45分 济宁舰瞭望更孙士珺 突然发现舰艏左舷不远有落水人员 面对突发情况 他第一时间上报指挥员 并持续关注落水人员位置 时间就是生命 济宁舰迅速发布救生部署 并同步做好后期转运救治准备 官兵闻令而动、依案执行 吊放小艇前出 进行海上救生作业 医疗救护组备便 6时57分 小艇吊放入水 向落水人员高速机动 救援官兵抓住时机 利用救生撑杆将其成功救起 将落水群众救起后 官兵询问其是否有其他同伴落水 在得知没有其他落水者后 小艇迅即返回 返回济宁舰后 医疗救护组立即对其进行救治 军医发现由于长时间落水 落水群众已出现失温症状 意识模糊，体力不支 官兵立即拿出干净衣物 和被褥为其保持体温 同时采取其他救治措施 随后，济宁舰协同海警 将落水群众转运至 舟山市普陀区人民医院进行进一步检查 截至目前 这名落水群众已痊愈出院 济宁舰 离别之际 获救的落水群众 紧紧握着官兵的手表示感谢 “还好遇到了你们，感谢海军！” 来源：人民海军（作者：倪致远、董羿圻、任伟、周扬） 本期编辑：胡程远、郑薛飞腾 点赞！感谢海军！ ↓ ↓ ↓
47项！中小学生竞赛“白名单”公示,https://mp.weixin.qq.com/s/IqzYvy-B79bNiFzdJF_EgQ,2025-09-23,11日， 教育 部官 网公示了 《 2025—2028学年面向中小学生的全国性竞赛活动名单》 （ 俗称“白名单” ），共 47项竞赛 。 和此前教育部发布的《 2022—2025学年面向中小学生的全国性竞赛活动名单 》相比， 今年的新名单中包括五大学科竞赛在内的31项竞赛活动得以保留； “全国中小学信息技术创新与实践大赛”等13项活动被取消； 同时新增了“全国青少年人工智能大赛”在内的16项科学素养、人文素养、艺术体育类竞赛活动。 取消活动的具体名单如下： 新增活动的具体名单如下： 教育部官网 公示内容显示，47项竞赛举办时间原则上为 2025年9月至2028年8月 ，在此期间每学年举办不得超过1次，累计不超过3次。公示期为 2025年9月11日至17日 。 来源：央视新闻、教育部官网、中国教育报 本期编辑：胡程远、郑薛飞腾 转发！周知！ ↓ ↓ ↓
福建舰通过台湾海峡，外交部回应！,https://mp.weixin.qq.com/s/qS8WXnE2B7lPbacH-60RrQ,2025-09-23,9月12日，外交部发言人林剑主持例行记者会。有记者就福建舰通过台湾海峡相关问题提问。 林剑表示，中国海军日前发布了相关的信息，我国第3艘航空母舰福建舰通过台湾海峡，赴南海相关海域开展科研试验和训练任务。这次的跨区试验训练，是航母建造过程中的正常安排，不针对任何的特定目标。 “我要指出的是，中国军舰在有关海域的活动完全符合中国的国内法和国际法。”林剑表示。 来源：人民日报客户端，记者： 李欣怡 本期编辑：胡程远、郑薛飞腾 觉得好看，请点这里 ↓ ↓ ↓
财政部：今年安排1000亿元发放育儿补贴,https://mp.weixin.qq.com/s/2qYQR-gAfZi8iS_aVk4RMQ,2025-09-23,今天（9月12日）下午，国务院新闻办公室举行“高质量完成‘十四五’规划”系列主题新闻发布会。发布会上，财政部部长蓝佛安介绍，“十四五”时期，国家财政的民生导向更加鲜明，中国式现代化建设成果更多更公平惠及全体人民。 财政部部长蓝佛安介绍，国家财政账本里，分量最重、成色最足的始终是民生。 “十四五”时期，全国一般公共预算安排教育支出20.5万亿元，社会保障和就业支出19.6万亿元，卫生健康支出10.6万亿元，住房保障支出4万亿元，加上其他领域支出， 财政民生投入近100万亿元 。 今年，国家财政安排1000亿元发放育儿补贴、200亿元逐步推行免费学前教育，积极回应人民群众关切。 可以说，不论是繁华都市还是偏远乡村，从咿呀学语的孩童到耄耋之年的老人，都能享受到越来越多、越来越好的民生保障。 来 源：人民日报客户端 本期 编辑 ：胡程远、郑薛飞腾 觉得好看，请点这里 ↓ ↓ ↓
英雄回家！这十个细节，太戳了,https://mp.weixin.qq.com/s/QCzFwZXQvClHJ7WGXWevnQ,2025-09-23,青山忠骨，英雄回家 9月12日 第十二批在韩志愿军烈士遗骸归国 祖国和人民用最崇敬的方式 接迎英雄回家 每一个细节 都是对烈士的致敬 细节一 志愿军烈 士遗骸棺 椁覆盖国旗 中方在仁川国际机场举行庄严悼念仪式 中国驻韩国大使为志愿军烈士棺椁 一一覆盖国旗 全体人员行三鞠躬礼 国旗为盖，军机为驾 山河已无恙，英雄归故乡 肖航 摄 细节二 运-20机组人员擦拭棺椁 烈士棺椁安放到机舱后 运-20机组人员认真擦拭棺椁 并致以崇高军礼 王鸿飞 摄 细节三 运-20机舱广播致敬志愿军英烈 “异国埋忠骨，山河盼英魂。70多年前，中国人民志愿军先烈抛洒热血、以身许国，谱写了雄壮史诗，铸就了不朽丰碑。各位先烈，祖国没有忘记你们，人民没有忘记你们，历史没有忘记你们。今天，我们承载着祖国和人民的期盼，承载着亲人与战友的思念，接迎英雄回家。向英雄致敬！” 细节四 歼 - 2 0为烈士护 航 飞机进入我领空后 空军4架歼-20伴飞护航 “跨江50”与“凯旋” 组成五机编队 以空军独有的礼仪 迎接志愿军烈士英灵回家 “跨江50，凯旋四机长空列阵，奉命为您护航，向英烈致敬！” “跨江50收到，凯旋四机护卫同行！” “先烈拼尽热血、保家卫国。今天，请您听一听我们的威龙呼啸、看一看咱们的锦绣河山，敬礼！” “此刻我们与英雄同在，担当使命、护我中华！” 细节五 塔台与运-20机组对话听到泪目 飞机降落沈阳 桃仙国际机场前 编队同塔台通话细节公开 “跨江50，感谢护送英雄返回故土，念我忠烈，忘死舍生！慷慨赴义，气贯如虹！今我盛世，告慰英灵！祖国人民以崇高敬意接迎忠烈回家！” “我是跨江50，感谢塔台指挥保障。青山浩荡，长风万里！英烈精神光耀千秋、永垂不朽！” 细节六 最高礼遇接英雄 运-20专机降落沈阳桃仙国际机场后 机场以“过水门”最高礼遇 为志愿军烈士“接风洗尘” 四架执行伴飞任务的歼-20 以超低空通场飞行 向英烈们致以最深切的缅怀 细节七 志愿军老兵双手颤抖擦眼泪 志愿军烈士遗骸迎回仪式上 一位志愿军老兵泪流满面 细节八 礼兵护送烈士棺椁轻声缓行 搬运烈士遗骸棺椁的礼兵 按序下机，对棺椁进行整理 通常情况下齐步行进的步频 是每分钟约120步 为了让步伐更有庄重感 礼兵特意将步速 调整为每分钟80步 每一步起落节奏一致 无声的礼步诉说着 深切的敬仰和思念 细节九 再次坐上军用卡车 迎回仪式现场 奏唱中华人民共和国国歌 向志愿军烈士三鞠躬 仪式结束后 礼兵护送志愿军烈士遗骸棺椁 登 上军用卡车 70多年前 中国人民志愿军中的很多人 乘坐军用卡车 跨过鸭绿江保家卫 国 如今，英烈们再一次 坐上了祖国的军用卡车 细节十 沈阳满城点亮“中国红” 英雄城市等待英雄 沈阳全城点亮大屏 以崇高礼遇迎接英雄归来 整座城市 以一片炽烈的“中国红” 照亮英雄的回家路 沈阳青年大街沿线上缅怀英烈的户外大屏。新华社记者 武江民 摄 去时少年身 回来英雄魂 今年是中国人民志愿军 抗美援朝出国作战75周年 也是迎回 在韩中国人民志愿军烈士遗骸的 第12年 这些年来 我们从未忘记他们 陆续接迎12批 1011位 在韩志愿军忠烈回家 每一批烈士遗骸回家之路 都承载着国家对英雄的崇高敬意 和亿万人民的深切缅怀 致敬英雄 来源：人民日报微信，综合中国新闻网、央视新闻、解放军报，海报： 马可、张宇、谷琛、胡润新、李晨奥 本期编辑：石磊、方梓祎 向英雄致敬！ ↓ ↓ ↓
英雄归来！,https://mp.weixin.qq.com/s/pYhzbjdeqN0MQOhMS2hI-Q,2025-09-23,12日上午 接运第十二批在韩志愿军烈士遗骸的 运-20专机 抵达沈阳桃仙国际机场 阔别祖国七十余载 30 位志愿军烈士遗骸 及 267 件相关遗物 终于重归故土 运-20进入中国领空后 4架歼-20伴飞护航 运-20呼号 “跨江50” 以纪念志愿军前辈在1950年 雄赳赳，气昂昂 跨过鸭绿江 4架护航歼-20呼号 “凯旋” 寓意战机护卫英烈凯旋 飞行过程中 “跨江50” 与 “凯旋” 的空空对话 听着听着就泪目了…… 歼-20长机：跨江50，凯旋四机长空列阵，奉命为您护航，向英烈致敬！ 运-20飞行员：跨江50收到，凯旋四机护卫同行！ 歼-20长机：先烈拼尽热血、保家卫国。今天，请您听一听我们的威龙呼啸、看一看咱们的锦绣河山，敬礼！ 运-20飞行员：此刻我们与英雄同在，担当使命、护我中华！ 运-20专机降落后 沈阳桃仙国际机场 以“过水门”最高礼遇 为英雄们“接风洗尘” 祖国没有忘记你们 人民没有忘记你们 历史没有忘记你们 最可爱的人啊 欢迎回家！ 来源：人民日报客户端（记者：安博文）、央视军事 本期编辑：石磊、方梓祎 向英雄致敬！ ↓ ↓ ↓
千念，牵念！,https://mp.weixin.qq.com/s/lX2twF6AumrbZ3_F85JmVA,2025-09-23,9月12日上午，搭载30位在韩中国人民志愿军烈士遗骸的运-20进入我国领空。空军4架歼-20伴飞护航。至此，已有1011位志愿军烈士遗骸归国。 千位英雄，亿万份挂念！ 来源：人民日报客户端，海报：马可、张宇、谷琛、胡润新、李晨奥 本期编辑：石磊、方梓祎 千念，牵念 ！ ↓ ↓ ↓
登上运-20专机！英雄回家！,https://mp.weixin.qq.com/s/kn7fWM6YOXd8YL93OqQPcA,2025-09-23,9月12日‍‍‍‍上午 韩国仁川国际机场 韩方 向 中方 移交 30 位志愿军烈士遗骸 及 267 件相关遗物 中国人民解放军 仪仗司礼大队礼兵 护送英烈遗骸棺椁 登上空军“运-20”专机 启程回国 接迎英雄回家！ 向英雄致敬！ 来源：人民日报客户端（记者：安博文，图片： 肖航、 王鸿飞 ）、 中国驻韩国大使馆 本期编辑：石磊、方梓祎 向英雄致敬！ ↓ ↓ ↓
福建舰最新消息！,https://mp.weixin.qq.com/s/BasF4d6ayiLt_t1T37uPuA,2025-09-23,据海军新闻发言人冷国伟海军大校介绍，日前，我国第3艘航空母舰福建舰通过台湾海峡，赴南海相关海域开展科研试验和训练任务。这次组织福建舰跨区试验训练，是航母建造过程中的正常安排，不针对任何特定目标。 来源：人民海军 本期编辑：石磊、方梓祎 关注！ ↓ ↓ ↓
“骨胶水”来了，断骨黏合只需3分钟！,https://mp.weixin.qq.com/s/2jcXPEOASOQwf-ScZocT5Q,2025-09-23,9日， 浙江大学医学院附属邵逸夫医院发布自主研发的 骨胶水——“骨02”碎骨黏 。这一创新生物材料可用于大小骨折碎片的黏合固定，有望为骨科领域带来治疗模式革新。 浙大邵逸夫医院骨科主任范顺武介绍，在治疗骨折方面，传统金属固定方法难以实现解剖复位，固定小骨片过程费时费力，难以做到严丝合缝的拼接，且易导致骨碎片丢失或被吸收，造成骨量不可逆损失，进而引发骨愈合延迟或不愈合。 浙大邵逸夫医院骨科副主任医师林贤丰说，比起传统的螺钉、钢板，用骨胶水治疗粉碎性骨折能 大幅减少手术操作时间、提升手术便捷性，也提高了病人骨折复位的效果 。 多年来，科学家和临床医生从未停止对于骨黏合材料的探索。 浙大邵逸夫医院相关专家团队 从牡蛎生物粘附机制中找到灵感 ，历经50余种配方迭代、数百次测试优化，结合大量动物实验，最终成功攻克了材料的生物毒性、血液环境黏合性和手术操作便捷性等关键难题。 这一凝聚创新智慧的成果被赋予了一个有趣的名字——“骨02”， 源于家喻户晓的“502胶水” ，寓意对其在骨科领域实现同等强效黏合与广泛应用的期许。 实验数据显示， “骨02”最大黏合拉力可达400多斤 ，具有替代金属内固定物的潜力，同时可降低金属异物反应和感染风险，大幅提升手术效率、减少术中创伤，实现真正的骨科手术微创化。 在血液浸润的湿性生理环境下实现2到3分钟即时、强效黏合； 材料可完全生物降解，约6个月后随骨愈合而自然吸收，实现真正的“无痕”，免除传统手术需二次手术之苦。 案例： 一位年轻工人因外伤导致腕部桡骨远端粉碎性骨折，传统治疗方案需大切口植入钢板螺钉 ，不仅创伤大、存在肌腱粘连或神经损伤风险，且需术后一年行二次手术取出。 桡骨远端骨折金属内固定治疗病例 应用“骨02”黏合技术，仅通过微创切口注入“胶水”材料，短短3分钟内即完成了粉碎骨块的精准黏合与固定。术后3个月随访显示，患者骨折愈合良好，无并发症，腕关节功能完全恢复 。 桡骨远端骨折通过“骨02”治疗病例 林贤丰表示，该材料几乎适用于全身所有部位、各种尺寸的骨折修复，尤其是传统器械难以固定的微小碎骨。由于其快速黏合和使用便捷的特点，将来有望用于国防战事、灾害救援等特殊场景下的骨折紧急救治。 来源：央视新闻 （ 记者： 王建帆 刘浪 ）、新华社（ 记者： 黄筱 宋立峰 ） 、 浙大邵逸夫医院、中国蓝新闻 本期编辑：胡程远、阮可欣 为科学家点赞！ ↓ ↓ ↓
一身冷汗！忘关火，出门27天回家后才发现……,https://mp.weixin.qq.com/s/F1ZR0CFqjvdAt1Lq4QyxTw,2025-09-23,近日 浙江玉环的叶先生 外出27天回家后被吓出冷汗 只见燃气灶上的锅已被烧干 且燃气仍在持续燃烧 锅底区域呈现 白色 他这才想起来 是自己加热中药后忘关火所致 更没想到的是 叶先生中途甚至收到 燃气余额不足的信息 缴费后都没想到 自己出门没关火 叶先生坦言回想起来“极度后怕” 表示幸好将燃气灶开了最小火 若引发火灾，整栋楼都可能遭殃 提醒大家出门一定要仔细检查 防止意外发生 近日 相关话题登上社交平台热搜 引发关注讨论 厨房用火用电集中 是家庭火灾的“重灾区” 做饭前后要特别注意什么？ 重点来了↓ 做饭前，点不着火别着急 别连续点火， 要开 窗散 味！ 因为点火不成功时，喷出的少量燃气会积聚在空气中，达到一定浓度时，一旦遇到电火星，易发生爆燃。 做饭时，人别离开锅 切记用火不离人。一旦汤水溢出，易造成 意 外熄火、 燃气 泄漏 等安全事故。 正确使用燃气很重要 天然气管道、煤气瓶管道阀门、炉灶、热水器连接软管等部位要经常 进行检查 ，如发现问题应及时报修。 液化气在使用时必须严格按照正确程序操作， 切忌加热罐体、倒卧罐体 。 做完饭后，杂物别堆积 做饭过程中，灶台难免堆积杂物，每次做完饭记得清理台面，尤其是 让厨房纸、打火机这样的 可燃物远离灶台 。 2025年4月1日，北京市密云区一居民家中厨房起火。经了解，起火原因是户主 在厨房炖肉过程中离开 ，拿起手机刷短视频，便忘了炖肉这件事，时间一长， 致使煳锅引燃周边可燃物 。 图源：北京应急 油锅起火怎么办？ 千万不能用水灭火！ ✅正确做法是↓↓ 1.盖锅盖 “一锅配一盖”，迅速用锅盖盖住起火的油锅。这样，燃烧的油火会因接触不到空气而熄灭。 ⚠️千万不要立即拿开锅盖！ 建议5-10分钟后，待锅内热油完全冷却至安全温度再打开 。 2.盖湿抹布 手边要是有大块的湿抹布，可以用它覆盖住起火的油锅，注意覆盖时 要从靠近身体的一侧向外铺开，别留空隙 。 3.放青菜 蔬菜此时有大用！可将干燥的蔬菜倒入锅内，利用蔬菜与油的温度差，达到 降低温度、快速灭火 的目的。 ⚠️注意：别用湿哒哒的蔬菜， 水入油锅更助燃 。 4. 用灭火 毯 将灭火毯盖到油锅上，注意按压四周。此外， 要从靠近身体的一侧向外铺开灭火毯 ， 让灭火毯首先将人的身体与火焰进行隔离，避免引火烧身。 ⚠️若火势依 旧不可控，请立即转移至安全处拨打119报警。 厨房里 这3件事也很危险 1.冷冻食品不要直接进油锅 冷冻食品 都有一层“冰壳”，要是直接放进热油锅，这层 冰会迅速变成水蒸气，让油锅沸腾 ， 严重时甚至会发生爆炸。 ⚠️所以，一定要将 冷冻食品解冻后再烹饪 。 2.不要在明火旁倒面粉 面粉、奶粉、淀粉等 是可燃粉尘，在倾倒时，若空气中悬浮的 粉尘颗粒达到一定浓度，遇火就可能爆燃 。 ⚠️因此， 不要在有明火的灶台旁包饺子、 倒面粉。更要注意， 若面粉撒落在灶台上， 要 及时擦拭清除 。 3.微波炉不要加热鸡蛋或金属物品 当把完整的鸡蛋放进微波炉加热时， 其外壳和内膜会阻碍内部水蒸气释放 。 当水蒸气越积越多，鸡蛋的内部压力过大时就可能发生爆炸。 金属物品在微波炉中 会产生电火花 ， 可能损坏微波炉甚至引发火灾。 在此提醒 一旦发现厨房起火 应立刻切断燃气与电源 防止火势扩散 若火势无法控制 应立即拨打119报警电话 预防厨房火灾，务必时刻牢记 用火不离人，离人请关火 来源： 国家应急广播综合应急管理部、广东消防 本期编辑：石磊、方梓祎 转发提醒！ ↓ ↓ ↓
来了！新闻早班车,https://mp.weixin.qq.com/s/no9SgNssb0jyWFNI-_H5mg,2025-09-23,点击这里，查看更多精彩内容 要闻 9月10日，国家主席习近平致电阿里，祝贺他连任圭亚那合作共和国总统。 国务院批复同意自即日起2年内开展北京城市副中心等10个要素市场化配置综合改革试点。 “十四五”期间，我国消费市场规模稳居全球第二，过去四年社会消费品零售总额年均增长5.5%，今年有望突破50万亿元人民币。 国家卫健委消息，2024年我国人均预期寿命比2020年提高1.1岁。 近日，公安部正式上线全国环境资源和食品药品犯罪线索举报平台。 日前，工信部等六部门召开光伏产业座谈会，进一步规范光伏产业竞争秩序。 今年1至8月份，我国汽车产销量首次双超2000万辆，同比分别增长12.7%和12.6%。 今年上半年，我国跨境电商进出口额约1.3万亿元，创历史新高。 当地时间11日，中国政府第二批援助阿富汗紧急人道主义救灾物资运抵喀布尔。 美国知名保守派活动人士、总统特朗普的政治盟友查理·柯克10日在演讲时遭枪击身亡，特朗普下令全国降半旗志哀，直至14日傍晚6时。 社会 中央气象台发布预警，11日20时至12日20时，内蒙古中部部分地区将有10级以上雷暴大风，河南、安徽、江苏等地的部分地区小时雨量最大可达60毫米以上。 国家邮政局消息，8月中国快递发展指数同比增长4.4%。 近日，针对小红书平台破坏网络生态问题，国家网信办指导上海市网信办，对小红书平台采取约谈、责令限期改正、警告、从严处理责任人等处置处罚措施。 中国消费者协会发布消费警示，提示广大消费者慎选研学服务，防范安全风险。 近日，上海—奥克兰—布宜诺斯艾利斯航线正式开售，这是中国和阿根廷两国间唯一一条无需换乘的直达航线，全长2万公里，开通后将刷新全球最长航线纪录。 11日，西安至延安高速铁路正式进入联调联试阶段。 我国科研人员开发可用于癌症免疫治疗的“纳米标记机器人”。 《自然》杂志在线发表了相关研究论文。 近日，调查团队在广州流溪河国家森林公园首次观测并清晰记录到国家一级保护野生动物金斑喙凤蝶的活动踪迹。 近日，福建漳州教师黄蓝瑩捐献200多毫升造血干细胞混悬液，为一名血液病患者带去生命希望。 政策 山东印发通知，稳妥推进博物馆等事业单位文创产品收益分配试点工作，文创产品销售净收益的70%及以上用于事业发展，净收益的30%及以下可用于相关人员激励。 河南发布通知，对不同场景的电动汽车充电设施建设进行精细划分。居民区以慢充为主、快充为辅；高速公路服务区、公共停车场以快充为主；县乡农村地区则采用快慢结合模式。 浙江印发通知，引进举办重大体育赛事激励共分四档，分别最高给予800万元、400万元、200万元、100万元。 今日天气 　　黄淮大部、江淮、江南东部、江汉大部、陕西东南部和北部、四川盆地东部和南部、重庆、湖南西北部、贵州北部、云南东北部以及内蒙古中部、黑龙江中西部等地部分地区有中到大雨 。 早安中国 　　每个清晨，遇见大美中国。 　　内蒙古克什克腾旗浩来呼热苏木，连片的达乌里黄芪竞相绽放，花朵形似紫色的小铃铛。风过处，花穗轻柔摇曳，蜂蝶穿梭其间，绘就了一幅美丽的生态画卷。克什克腾旗欢迎您！ 所有的不凡，一定伴随着数不尽的跌倒；所有的辉煌，一定伴随着数不清的挫折。没有一件事情可以让你一步登天，更没有一件事情可以将你彻底打垮。不停步，别放弃，总有一天会柳暗花明。早安！ 本期编辑：郑薛飞腾，实习生：陈皓迪 、 杨佳凝 ｜主播：蓝艳 觉得好看，请点这里 ↓ ↓ ↓
【夜读】多带孩子去这两种场合，孩子的内核越来越强大,https://mp.weixin.qq.com/s/WlOaGqo5CcKannlc53d6_w,2025-09-23,一个总有“小意外”的地方 如果孩子的抗挫折能力比较弱，父母不妨带着孩子多去大自然中游玩。 很多父母总是想把一切都为孩子安排好，反而会让孩子在面对不符合自己预期的“意外”时，感到恐惧和焦虑。大自然，就是教孩子“习惯意外”最好的地方。 比如，父母带着孩子出去爬山，因为突然下雨无法继续。孩子失落的时候，父母可以对孩子说：“哇！下雨啦！正好，我们穿上雨衣去感受下吧！”孩子会发现，原来就算原定计划无法实现，仍然可以享受生活中的“小意外”。 多接触大自然，还能让孩子们学到很多课本上学不到的知识。高山、河流、大海、各种不同的植物、可爱的小动物……在大自然的环境中，孩子的视野宽阔了，心胸也就宽广了。 在大自然中，我们总会遇到些“小麻烦”，比如淋湿了衣服、觉得累了、天气突变等等，其实都不是坏事。这就像在给孩子的心态“练肌肉”，练得多了，心里的“小肌肉”就越来越壮。以后孩子们再遇到困难，就不会大哭大闹，而是会想：“没关系，我再试试看！” 一个要跟别人打交道的地方 “情商”这个词听起来挺复杂，说白了，就是懂自己，也懂别人。知道自己为什么不开心，也看得懂别的小朋友是高兴还是难过。这本事可不是看书就能学会的，必须得多跟人接触，在生活里一点点“练”。 想要让孩子拥有“高情商”，成为一个情绪稳定的人，就要多带着孩子去可以和别人打交道的地方。 带孩子去菜市场。让孩子 对卖菜的叔叔阿姨说声“你好”，买自己中午想吃的蔬菜 。买完东西，鼓励孩子对老板说“谢谢”。这个过程中，孩子会知道说话有礼貌，可以让双方都感到愉快；也知道了该如何向他人提出自己的需求。 带孩子坐公交车。孩子会看到大家都要排队，所以自己也不能插队；车上不能大喊大叫，因为会吵到别人；看到行动不便的人上车了，要主动让座。这些小事，就是在教给孩子，心里要装着别人，不能自私自利。 带孩子去图书馆。他们会知道这里要安安静静的，走路要轻轻的，因为大家都在看书。他们会明白，在不同的地方，要做不同的事，要学着尊重别人。 在这些可以多和人打交道的地方，孩子在里面看、学、做，慢慢就懂得了怎么跟人相处，这比父母讲100遍大道理都管用。 这个周末 不妨就带孩子去公园里走一走 去菜市场逛一逛 和孩子一起快乐成长 来源：人民日报夜读，综合语嫣妈妈等 |  主播：赵文龙 本期编辑：李娜，实习生：甘雨欣 觉得好看，请点这里↓ ↓ ↓
我国有望诞生一世界级金矿！,https://mp.weixin.qq.com/s/QpcFKUxqICR_PfX5pLxUAw,2025-09-23,9月10日，国新办举行“高质量完成‘十四五’规划”系列主题新闻发布会。会上，自然资源部副部长、中国地质调查局局长许大纯透露， 辽宁省大东沟金矿初步评审金资源量近1500吨 ，有望成为继山东胶东金矿之后我国又一个世界级的金矿。 找矿重大突破！ 我国有望再添世界级金矿 “十四五”期间，我国油气与铀矿实现重大找矿突破： 全面摸清了有查明资源储量的163种矿产的数量、分布和开发利用状况，新发现大中型油气田和矿产地534处，油气、铜、锂等战略性矿产资源勘查开发取得重大突破。 探明 10个大型油田和19个大型气田 。 大盆地深层和海域深水成为油气增储上产主阵地，支撑 石油稳产2亿吨，天然气产量突破2400亿方。 新探获 多个大型铀矿床 ，有效提升铀资源安全保障程度。 大宗矿产方面，山西孝义铝土矿、山东胶东金矿、辽宁鞍本铁矿等新增储量非常可观。同时，新资源基地崛起， 辽宁大东沟金矿 初步评审金资源量近1500吨， 有望成为继山东胶东金矿之后我国又一个世界级金矿。 锂矿是新能源汽车的核心资源，目前已发现横跨四川、青海、西藏、新疆四个省区、 长度达到2800公里的 “亚洲锂腰带” ，还 找到了多个大型和超大型锂矿。 全球增绿最多最快！ 我国自然资源家底更厚实 据介绍，我国持续开展调查监测，自然资源家底更加厚实。截至2024年底： 全国耕地面积达19.4亿亩 ，比2020年增加2800万亩，牢牢守住耕地保护红线。 大陆自然岸线保有率保持在35%以上。2024年，海洋生产总值达 10.5万亿元 ， 比2020年增加2.7万亿元。 森林覆盖率达25.09% ，比2020年提高约2个百分点， 我国成为全球增绿最多最快的国家 ； 森林蓄积量达209.88亿立方米， 提前实现应对气候变化国家自主贡献2030年目标。 珊瑚礁等典型海洋生态系统优良率提升至60%以上，红树林面积达46.5万亩， 我国成为世界上少数红树林面积净增加的国家之一 。 首批设立5个国家公园，涵盖近30%的陆域国家重点保护野生动植物种类。 来源：央视新闻 本期编辑：胡程远、阮可欣 觉得好看，请点这里 ↓ ↓ ↓
为什么在沙发上很容易睡着，在床上却很难？,https://mp.weixin.qq.com/s/xZDPM2noc-Mv9Hia40ZAaQ,2025-09-23,有时候，你辛苦了一天，晚上躺在床上却怎么也睡不着，但坐在沙发上看电视或者刷手机，很快犯困。为什么在沙发上很容易 睡着 ，在床上却很难 ？ 01 你的睡眠可能被“吓跑”了 沙发容易让人入睡的理由有很多：昏暗的光线、适宜的温度、电视或手机里传来的声音、沙发提供的恰到好处的包裹性…...最关键的是， 沙发不会像床给人“必须要睡着”的焦虑 。 这是一种焦虑来源。 当人们担心睡眠不足或入睡速度不够快时，就可能产生这种焦虑。 如果工作压力很大， 躺在床上很多 事情不免会 浮现在 脑海，让你辗转反侧。如果入睡时间慢，会不自觉地 担心睡眠质量，担心缺觉会让第二天的状态不好，然后更加焦虑。 一项调查发现， 在有睡眠问题的人中，36%的人是因为担心睡不着而无法入睡 。 除了在床上睡不着，在办公室、电影院、公交车，甚至聚会场所都可能睡着。 02 思绪过多，入睡困难 一位睡眠医学家表示： “人们能够从清醒和活跃的状态立刻切换到入睡的状态非常罕见。” 对于大脑来说， 两种状态的切换是一个很大的转变。 入睡时，大脑活动逐渐减慢，必须在身心都感到安全的情况下才能入睡。 如果存在焦虑和压力，就会变得入睡困难。 如果压力大，不仅影响入睡， 还容易在半夜醒来，让下一个阶段的入睡变得困难。 午夜过后，大脑解决问题的能力会下降，但更容易发现新的问题。 如果半夜醒来，很容易想起白天没做好的事，从而陷入恐慌和自责， 让下一个阶段的入睡变得困难。 03 如何培养好的睡眠？ 1.制定“睡前仪式感” 试着给睡觉 增添一份仪式感， 让睡觉变成一种享受 。比如，睡前1小时放下手机、电脑等电子设备，换上舒适的睡衣，泡泡脚，让身体放松下来。然后闭上眼睛，用声音伴随入眠，可以是一段温馨的音乐，也可以是白噪音。 2.试着“倒空思绪” 如果你总是因为“想太多”而难以入睡，可以设置一个时限，允许自己用10分钟思考这件事，时间一到就不再纠结；或者睡前把担忧记录下来，写下来的过程有助于帮你厘清思路、获得掌控感。 3.培养见床就困的条件反射 睡前可以先在沙发、客厅等区域活动，等困了再上床睡觉。若躺了30分钟还是睡不着，可以离开床做一些有助放松的事情，等困了再躺回床上。通过反复训练， 培养床和睡眠之间的条件反射 。 4.睡眠尽量规律 保证足够的睡眠时间，入睡和起床的时间尽可能规律，哪怕是周末，也不宜太晚起床。 提醒： 如果你的睡眠障碍已经很严重了，甚至影响到日常生活，建议尽早就医。 来源：科普中国、生命时报 本期编辑：胡程远、阮可欣 觉得好看，请点这里 ↓ ↓ ↓
一场雷雨过后，急诊科突然被400多人挤爆！咋回事？,https://mp.weixin.qq.com/s/7_c5gyxtUIGnIWSYac-D2w,2025-09-23,一场雷雨过后，空气会变清新，但对于哮喘患者尤其是对花粉过敏的人群来说，雷暴天气可能暗藏风险，甚至可能诱发一种特殊的哮喘急性发作。这是咋回事？ 雷雨过后 急诊室挤满了患者 9月8日21时左右，山西太原突发雷雨天气，电闪雷鸣大约持续十几分钟。很多网友在社交平台晒出自己拍摄的太空“闪电秀”。 然而有一群人却因雷暴现象，身体产生不适。突发剧烈咳嗽、呼吸困难、不能平卧而紧急就诊。 山西白求恩医院急诊科人流骤增，短短几小时共接诊了400余名患者，其中儿童、孕妇、中青年占大多数 。 图源：山西日报 9月9日晚间，北京突降雷雨，在家中陪孩子休息的程女士发现，本来睡得很平稳的孩子出现了呼吸憋闷、咳喘等不适症状。 在河北石家庄，近期出现了雷暴天气，部分市民出现咳嗽、呼吸困难等症状，紧急到临近医院就诊。 类似的事情，在今年4月也曾上演。4月11日凌晨开始，重庆多地迎来雷暴天气。据媒体报道，截至4月11日早上6点，重庆当天雷电活动次数超过6000次。 4月11日凌晨， 重庆医科大学附属第一医院短短4小时共接诊了310名雷暴哮喘患者 。截至凌晨5点，经过紧张的通宵急救，310名雷暴哮喘患者全部转危为安，大部分患者已离院，仅少量患者留院观察。而据重庆市中医院急诊ICU南桥寺院部主任罗真春介绍，从凌晨1点到4点， 该院急诊科同样接诊了120多名雷暴哮喘患者 。 图源：重庆市中医院 雷电哮喘有多危险？ 北京大学人民医院呼吸与危重症医学科主任医师马艳良提醒，遇到雷暴天气，公众需防范雷暴哮喘。 马艳良解释，雷暴天气时，强风会将花粉、霉菌等过敏原卷入空气中。这些过敏原颗粒在雷暴的强气流作用下， 会被打碎成更小的微粒，直径通常在2至3微米，正好易被人体呼吸道吸入 。这些微粒随着气流沉降到地面，导致空气中可吸入过敏原的浓度急剧增加。人们吸入这些过敏原微粒后，气道黏膜的通透性会发生改变，让过敏原更容易进入气道，从而引发过敏反应，导致哮喘急性发作。 雷暴哮喘的症状与普通哮喘相似，包括咳嗽、喘憋等， 但更为严重的是，它具有致命性 。而且，雷暴哮喘的症状 往往持续更久 ，部分患者在引发雷暴哮喘后的3至5年内，都可能持续出现哮喘症状。因此，在雷暴天气下需格外注意防范。 面对雷暴天气 公众该如何预防雷暴哮喘？ 关注天气预报。 有过敏史的人群应多关注天气预报，特别是花粉过敏气象指数。雷暴发生前后，尽量减少户外活动，关好门窗。 科学配置空气净化器。 雷暴天气时，紧闭门窗并使用空气净化器，可以有效降低室内过敏原和污染物的浓度。但需注意定期更换空气净化器的滤网，确保过滤效果，并根据房间大小选择合适的风速。 定期清理房屋。 保持室内干燥，避免霉菌滋生。定期清理地毯、窗帘、沙发等容易积尘的地方，减少室内过敏原的积累。 一旦哮喘发作，该怎么办？面对雷暴哮喘急性发作，掌握正确的急救措施至关重要。马艳良给出了以下建议： 立即使用急救药物。 易感人群应随身携带哮喘类急救药物，如布地奈德福莫特罗、沙丁胺醇。在哮喘发作时，应立即使用急救药物，20分钟吸入一次，这些药物可以迅速扩张支气管，缓解呼吸道痉挛，从而减轻呼吸困难。如果服用3次仍未缓解，一定要及时就医。如果家里有雾化机，可以及时用雾化治疗。 保持呼吸道通畅。 哮喘发作时，患者可能会出现呼吸困难和胸闷等症状。此时，应保持呼吸道通畅，采取半坐位或坐位，有助于呼吸。同时多饮水，保证充足的水分摄入。 如果条件允许，应进行吸氧治疗。 吸氧可以提高血氧饱和度，缓解呼吸困难的症状。可以使用氧袋或氧瓶进行供氧。家里可准备血氧饱和度监测仪，一定要保证血氧饱和度在93%以上，通过血氧饱和度监测来调整吸氧的流量。注意在吸氧前，要对氧气进行加湿加温，以免氧气过燥、过冷对呼吸道产生刺激。 及时就医。 如果哮喘发作症状严重或持续加重，应立即就医。在就医途中，可以继续使用急救药物并进行氧疗。到达医院后，医生会根据患者的具体情况进行进一步治疗，如使用静脉注射的糖皮质激素、支气管舒张剂等药物，或者进行机械通气等。 马艳良提醒，只要做好预防措施，就能有效降低患上雷暴哮喘的风险。公众应关注天气变化，提高防护意识，守护呼吸健康。 来源：综合 《人民日报》（ 2025年09月11日  第15版） 记者：白剑峰 参与采写： 钟艳宇，原题《空气中可吸入过敏原的浓度急剧增加　雷暴天气，如何防范雷暴哮喘（服务窗）》、央视新闻、国家应急广播、山西日报、央视网等 本期编辑：胡程远、阮可欣 转发周知！ ↓ ↓ ↓
身份确认！请记住这28个名字,https://mp.weixin.qq.com/s/Obr2khI3Iz7vvfvF--SLqQ,2025-09-23,近日，退役军人事务部举行新闻发布会，介绍第十二批在韩中国人民志愿军烈士遗骸归国安葬活动相关情况。 发布会上介绍，已迎回的前11批981位在韩志愿军烈士遗骸完成鉴定比对， 已为28位在韩志愿军烈士确认身份 。下一步，退役军人事务部将尽快开展第十二批在韩志愿军烈士遗骸DNA信息提取工作，稳步推进相关烈士亲属信息摸排及采集工作。 从回国到回家 从无名到有名 请记住这28个名字 9月10日下午，中国空军1架运-20军用大型运输机从华中某机场起飞，执行赴韩国接运第十二批在韩志愿军烈士遗骸回国任务。执行接运任务的运-20返程进入中国领空后，中国空军将派4架歼-20护航。 出征少年身，归来英雄魂 向志愿军英烈致敬！ 我们在祖国待你们归来！ 来源：人民日报客户端（记者：李龙伊）、中国军号 本期编辑：胡程远、阮可欣 致敬英雄！ ↓ ↓ ↓
菲律宾“强烈抗议”，中方：不接受！,https://mp.weixin.qq.com/s/aJRV3OQlXQ2jI6vzWsyttA,2025-09-23,　　9月11日，外交部发言人林剑主持例行记者会。 　　有记者提问，菲律宾外交部周四（11日）表示，对中国计划在黄岩岛建立国家级自然保护区表示“强烈抗议”。 　　林剑表示， 黄岩岛是中国的固有领土，建立黄岩岛国家级自然保护区是中方主权范围内的事 ，旨在保护黄岩岛的生态环境，维护黄岩岛自然生态系统多样性、稳定性、持续性，符合中国国内法和国际法，也充分体现中方作为负责任大国，积极保护生态环境，推动实现可持续发展的使命担当。 　　“ 菲律宾的领土范围早已由一系列国际条约确定，黄岩岛从来不在其中，中方不接受菲方的无理指责和所谓的‘抗议’ ，敦促菲方切实停止有关侵权挑衅和肆意炒作，避免给海上局势增添复杂因素。”林剑说。 来源：人民日报客户端，记者： 韩晓明 本期编辑：胡程远、阮可欣 觉得好看，请点这里 ↓ ↓ ↓
҈  暴 ҈雨 ҈ 、 ҈大 ҈暴 ҈雨 ҈来了！非必要不外出！,https://mp.weixin.qq.com/s/tEc6h0k6hB9fuO_Vu4gpVw,2025-09-23,今明天（9月11日至12日），黄淮一带降雨将明显发展加强，河南、山东、苏皖北部等地部分地区有暴雨或大暴雨， 其中 河南、山东部分地区的降雨强度或为同期罕见 。 中 央气象台 11日10时 继续 发布 暴雨 黄 色预警 ：预计11日14时至12日 14时 ， 河南东南部、 山东南部、安徽北部、江苏北部、四川盆地南部等地部分地区有大暴雨 。 上述部分地区伴有短时强降水，局地有雷暴大风等强对流天气 。 河南多地发布暴雨红色、黄色预警 截至9月11日8时，河南48个暴雨、雷暴大风等预警信号生效中。 其中，许昌市、周口市太康县、周口市扶沟县发布 暴雨红色预警 。 郑州市气象台11日7时00分发布 暴雨黄色预警 信号：预计未来6小时内，上街区降水量将达50毫米以上。 气象预报显示， 11日郑州市有暴雨、大暴雨，主要强降水时段在11日11时至12日2时。 以稳定性降水为主，持续时间长，间有短时强降水，最大小时雨强30毫米左右。 河南省高速多个路段禁行 河南省高速交警指挥中心发布高速公路路况信息， 多个路段禁行 。 因雨雾，洛阳市、焦作市域部分路段禁止所有车辆上站； 因降雨，新乡市域部分路段禁止危险品车辆上站； 因降雨，郑州市域部分路段禁止九座及以上客车和货车车辆上站； 因降雨，济源、周口市域部分路段七座（含七）及以上客车和危险品车辆上站； 因降雨，郑州市域部分路段七座（含七）及以上客车和货车车辆上站； 因降雨，三门峡市域部分路段禁止九座及以上客车和危险品车辆上站，其它高速公路收费站正常通行。 郑州全市非寄宿制中小学和幼儿园 9月11日停课一天 郑州市防汛抗旱指挥部要求，全市各级各有关单位要按照预案落实防范应对措施，密切关注雨水情发展变化，加密监测预报预警频次，落实预警响应联动和临灾预警“叫应”机制，广泛提醒公众做好防范。 市民群众非必要不外出，全市所有非寄宿制中小学和幼儿园9月11日停课一天。暴雨期间有室外作业的工地、深基坑工地、隧道顶管施工停工。 来源：综合中国天气网、中国气象局、河南气象、河南发布、郑州发布 本期编辑：刘杰、陈子涵 转发提醒，做好防范！ ↓ ↓ ↓
小红书被约谈警告,https://mp.weixin.qq.com/s/a-MOQzC27hHaWhnvII1F_Q,2025-09-23,近日，针对小红书平台未落实信息内容管理主体责任，在热搜榜单重点环节频繁呈现多条炒作明星个人动态和琐事类词条等不良信息内容，破坏网络生态问题，国家网信办指导上海市网信办，依据《网络信息内容生态治理规定》等有关规定， 对小红书平台采取约谈、责令限期改正、警告、从严处理责任人等处置处罚措施。 网信部门将持续聚焦破坏网络生态违法违规突出问题，发挥网络执法“利剑”作用，督促网站平台履行主体责任和社会责任，切实维护清朗网络空间。 来源：网信中国 本期编辑：刘杰、陈子涵 觉得好看，请点这里 ↓ ↓ ↓
今年将推出适龄女生HPV疫苗接种服务,https://mp.weixin.qq.com/s/dUIBxm3DZcw3iZWH6pXMGg,2025-09-23,今天上午，国新办举行“高质量完成‘十四五’规划”系列主题新闻发布会，介绍“十四五”时期卫生健康工作发展成就。 据介绍， 今年国家将推出面向适龄女生的HPV疫苗接种服务，并且将HPV疫苗纳入国家免疫规划， 保护女性的健康。 我国自主研发的国产高危型人乳头瘤病毒（HPV）疫苗在临床上广泛使用，快速提升了我国HPV疫苗的可及性和可负担性。 近日，国产九价HPV疫苗也已正式投入使用。 来源：人民日报客户端、央视新闻 本期编辑：刘杰、陈子涵 转发周知！ ↓ ↓ ↓
刷屏全网的“最帅兵哥”，是他！,https://mp.weixin.qq.com/s/8YQ4dM73Znl1gNwoLcWn8g,2025-09-23,9月3日上午 纪念中国人民抗日战争 暨世界反法西斯战争胜利80周年大会 在北京天安门广场隆重举行 受阅官兵们 意气风发、步履铿锵 每一个画面都令人心潮澎湃 其中一名军人 因为阳光 的笑容和明亮的眼神 吸引了很多网友的关注 他就是东部战区海军某部中士 赵鹏 赵鹏2019年应征入伍 今年是首次参加阅兵任务 赵鹏说 当时 听闻要进行阅兵选拔 他果断报了名 “必须要去，而且要竭尽全力地 训练 ” 脸上晒出的“阅兵印 ” 见证着 赵鹏 在训练时的刻苦和努力 回忆起训练的过程 令 赵鹏印象深刻的是 第一次高标准3小时站立训练 “当时我就想着一定要坚持坚持再坚持 就这样时间一分一秒地过去 当听到‘时间到，踏步走’ 那一刻，我知道我做到了！” 赵鹏说能参加意义重大的阅兵任务 接受祖国和人民的检阅 非常光荣和自豪 “只想把最好的一面展现给全国人民 ” 在赵鹏看来，能得到大家的喜爱 不仅是对自己的认可 更是人民群众对全体受阅官兵的认可 这次意外“走红” 属于每一名受阅官兵 据连队主官介绍 赵鹏是连队的专业骨干 担任副班长职务 曾多次参加上级比武竞赛活动获得名次 不仅 个人专业技术过硬 还主动帮带新入营战友学习专业 当被问及是否看到网友 “帅气的都上交给国家了”的留言时 赵鹏有些害羞 他和妻子于2024年领证结婚 因为种种原因 他们原定今年举办的婚礼被推迟 赵鹏说 下次休假时 要弥补妻子一个惊喜 对于未来 赵鹏 说他会以阅兵的高标准 时刻严格要求自己 钻研专业技能，苦练作战本领 守卫祖国的万里海疆 不少网友纷纷在评论区留言 “眼中有光具象化了” “朝气蓬勃，英姿飒爽！ 这就是中国军人气质的风采！” 为赵鹏点赞！ 为中国军人点赞！ 来源：央视新闻、人民海军 本期编辑：刘杰、陈子涵 点赞中国军人！ ↓ ↓ ↓
重大立功！王某获减刑,https://mp.weixin.qq.com/s/7FdRI4b-dcuOjUgZ8knJ0w,2025-09-23,9月5日，原应于2026年6月5日社区矫正期满的王某，提前九个月执行完刑罚，这是他一年前一次舍己救人善举“换”来的减刑。 2023年5月，家住福建省福州市鼓楼区的王某，因涉罪被判处有期徒刑三年，缓刑三年，并处罚金。自判决生效到社矫机构报到以来，他依法接受社区矫正。 2024年8月的一个中午，正在闽江岸边走路的王某，突然听到从江中传来急促的“救命”声。循声望去，只见一人在水中挣扎呼救。 在这紧急关头，王某找来救生圈，奋力掷出，接着纵身跃入水中，将溺水者救起。 溺水的是年近古稀的黄大爷。当时老人正在江中游泳，突然抽筋致无力游回岸边。确认老人身体状态没有不适后，王某默默离开。 接下来的几天，黄大爷遍寻这位做好事不留名的勇士，最终在公安机关帮助下，找到了王某。两个月后， 王某被授予“福州市台江区见义勇为先进分子”称号。 今年初，福州市检察院对社区矫正奖惩工作情况开展专项检察监督。 “在调阅社区矫正档案时，我们发现王某有见义勇为行为，其如果符合重大立功表现，根据社区矫正法相关规定，可以适用减刑条款。”该院检察官林奋武介绍。 王某在社区矫正期间表现怎样？ 鼓楼区检察院很快向专项检察组提供详情：王某历次考核都合格，受过表扬，符合减刑的客观要件。 根据刑法规定，具有在日常生产、生活中舍己救人重大立功表现的，应当减刑。因此，一方面，鼓楼区检察院建议区司法局向福州市司法局报请为王某减刑。另一方面，福州市检察院向福州市中级法院出具了给予王某减刑的检察意见书。 7月16日，法院开庭裁定，认定王某具有重大立功表现，减去王某有期徒刑九个月，缓刑考验期缩减为二年三个月。 “社区矫正期间，舍己救人被认定为重大立功表现，并不多见。”林奋武认为，依法认定王某重大立功并对其适用减刑，激活了社区矫正减刑法律条文的适用，强化了社区矫正的价值导向。 “我没想到，会有这样美好的结果，家人也为我高兴，称赞我做得对。”王某说。 来源：检察日报，记者：黄静如， 原标题：《缓刑期内见义勇为，法律监督支持善举》 本期编辑：刘杰、陈子涵 觉得好看，请点这里 ↓ ↓ ↓
查理·柯克被枪杀，特朗普下令降半旗,https://mp.weixin.qq.com/s/hVxFFBIQ8yXV4iE90z769w,2025-09-23,政治盟友被枪杀 特朗普下令降半旗 美国知名保守派活动人士、总统特朗普的政治盟友查理·柯克10日在犹他州奥勒姆市的犹他山谷大学演讲时遭枪击身亡，终年31岁。 查理·柯克（右）资料图片。新华社/美联 演讲时遭枪击 枪击事件发生在当天中午12时10分左右。根据当地媒体发布的现场视频画面，枪击发生时，柯克身穿白色圆领衫，正坐在户外搭建的讲台中央，突然一声枪响，柯克用手捂住脖子，但未立即倒下，现场一片混乱，人们四散奔逃。 事发后约3小时，特朗普在社交媒体发文说柯克已经死亡，并向他的妻子和家人致以慰问。犹他州媒体稍早报道，犹他州众议院议长说，执法机构人员已向其报告柯克死讯。 特朗普下令全国降半旗 特朗普连发3条帖文下令全国降半旗志哀，直至14日傍晚6时。 特朗普社交媒体帖文截图 嫌疑人仍在逃 美国联邦调查局局长当天傍晚在社交媒体发文说，枪杀柯克的嫌疑人已经落网，不过他之后又表示，此人已被释放。 犹他州公共安全部专员博·梅森表示，这名嫌疑人被释放，因为他并非“确切的嫌疑人”。 目前，对嫌疑人的搜捕仍在继续。 9月10日，美国首都华盛顿白宫降半旗志哀。新华社记者胡友松摄 特朗普阵营大“网红” 柯克是当前美国非常活跃的政治活动人士。他是保守派非营利性组织“美国转折点”的联合创始人，也是特朗普“让美国再次伟大(MAGA)”支持者阵营最具影响力的“网红”之一。 柯克此次到访的犹他山谷大学，是其“证明我错了”巡回演讲的一站。根据活动设计，柯克邀请观众上台与他一起辩论政治理念。当地媒体报道说，此前该校有学生联名要求取消柯克的演讲活动。 来源：新华社（ 记者：黄恒、高冰冰）、央视新闻（ 记者：赵淼） 本期编辑：刘杰、陈子涵 关注！ ↓ ↓ ↓
男孩被人携刀尾随滋扰，三人挺身而出，后续来了……,https://mp.weixin.qq.com/s/bUQnxSDxNAOA713r3yF4tQ,2025-09-23,近日 广州一小区门口 深夜发生惊险一幕 一名患有精神分裂的女子携带小刀 尾随滋扰14岁男孩 事发时，三名周边住户 合力将女子制服 现场画面 9月8日 广州市海珠区见义勇为 评定委员会办公室发布 关于确认黄女士等3人 见义勇为行为的公示 据公示，8月23日23时许，正在海珠区科韵南路某小区门口空地摆摊的黄女士、陈先生及其朋友李先生看到一行为异常的女子尾随滋扰一男童。 黄女士出于保护男童的目的，将其拉到身后，并试图与该女子了解情况，但对方表现异常无法有效沟通。 此时，李先生突然发现该女子手中持有一把折叠刀，为防止发生意外，其立即上前夺刀与之发生争执，并会同陈先生将该女子制服，后交由前来现场处警的民警带回。 8月25日下午，广州市公安局海珠分局发布警情通报。 通报称，2025年8月23日23时许，王某（男，14岁）途经广州市海珠区科韵南路某小区门口时，被素不相识、举止异常的欧阳某（女，24岁）尾随滋扰，遂向周边群众求助。周边群众合力制服该女子并报警。公安部门接报后迅速派民警到场处置，控制该女子并在其身上查获折叠小刀一把，现场无人员受伤。 目前，该女子经专科医院检查确诊患有精神分裂症，正在接受进一步治疗。 根据《广州市海珠区见义勇为人员奖励和保障实施细则》的规定， 海珠区见义勇为评定委员会办公室拟确认黄女士等3人为见义勇为人员。 公示时间为9月8日至9月16日。 此外，9月9日，广州市公安局官网发布公示称，根据《广州市见义勇为人员奖励和保障实施办法》的规定， 广州市见义勇为评定委员会拟确认广州市公安局海珠分局申报的黄女士、陈先生、李先生三人为见义勇为人员。 公示时间为9月9日至9月17日。 夺刀者李先生 在接受采访时表示 事后，邻里的鼓励 让他感到很暖心 邻里间的守望相助 让他有了勇敢助人的底气 为他们点赞 来源：广东共青团综合南方+客户端、广东发布 本期编辑：刘杰、陈子涵 觉得好看，请点这里 ↓ ↓ ↓
仅半年，俩男子在同一小区“消费”近两万元，原因竟还一样！,https://mp.weixin.qq.com/s/_QcTSOIw6IH5ti0JL6FvFQ,2025-09-23,同一小区时隔半年 再次发生醉酒被困事故 9月5日晚 福建省泉州市 惠安县螺阳镇一小区内 一名男子被困电梯 消防员赶到现场 与电梯维保人员先后尝试 用钥匙开门、工具撬门 均因电梯门变形未能成功 消防员与电梯维保人员尝试开门均未成功。图源：福建消防 见状 消防员迅速调整救援方案 帮电梯维保人员做好安全防护后 协助其从2楼缓降至 电梯轿厢顶部 修复卡住的电梯门 电梯维保人员正在修复卡住的电梯门。图源：福建消防 经过紧张处置 电梯门被打开 救援人员成功将 处于醉酒状态的男子救出 并移交给现场民警进一步处理 醉酒男子被救出。图源：福建消防  监控视频还原事发经过  据监控显示 醉酒男子乘坐电梯到2楼时 突然先后多次踢踹电梯箱体 导致电梯门变形 停止运行 男子将电梯门踹变形。图源：福建消防 之后 他又多次用手扒门试图逃生 但均未成功 男子尝试扒门逃生。图源：福建消防 事后经过调解 该男子赔款10000元 酒精“麻痹”大脑后 极有可能做出不理智行为 翻看过往案例发现 该小区竟在半年前 也发生了同样的事故  一顿酒“消费”9000块  2月25日 一名男子酒后踢坏电梯门 导致被困轿厢 近半个小时的紧张救援 男子被成功救出 事后经过调解 该男子赔款9000元  温馨提示  小酌怡情，过量伤身 过量饮酒易造成 视线模糊、平衡感丧失、 情绪失控等不良后果 醉酒后的一些不受控行为 也可能导致意外人身伤害的发生 切忌忽视过量饮酒的安全隐患 文明饮酒，安全乘梯！ 来源： 中国消防、福建消防、泉州消防 本期编辑：刘杰、陈子涵 转发提醒！ ↓ ↓ ↓
来了！新闻早班车,https://mp.weixin.qq.com/s/pnNTZBJtBImTV6PJwRE4Cw,2025-09-23,点击这里，查看更多精彩内容 要闻 9月10日，国家主席习近平向2025年中国国际服务贸易交易会致贺信。 国务院批复同意新建黄岩岛国家级自然保护区。 神舟十八号、神舟十九号航天员授称颁奖仪式10日在京举行。 详讯 国家统计局发布数据，8月份，消费市场运行总体平稳，扣除食品和能源价格的核心CPI同比上涨0.9%。 我国新增云南元阳哈尼梯田、江苏句容赤山湖灌溉工程、四川彭州湔江堰、北京门头沟永定河古渠4处世界灌溉工程遗产。 第四次全国文物普查取得重要阶段性成果，76.7万处“三普”登记文物全部完成复查，新发现文物数量超13万处。 工信部等六部门发出通知，决定在全国范围内开展为期3个月的汽车行业网络乱象专项整治行动。 10日，中国空军1架运-20军用大型运输机从华中某机场起飞，执行赴韩国接运第十二批在韩志愿军烈士遗骸回国任务。 10日，中国海警舰艇编队赴北太平洋开展公海渔业执法巡航。 国防部长董军9日晚应约同美国国防部长赫格塞思视频通话。 详讯 社会 今天开始，南方“秋老虎”将返场，华南、江南不少地方最高气温将达35℃，湖南南部等地还有37℃的炎热天气。 人社部举办就业政策宣传月活动，将利用产业园区、交通枢纽等场所开展招聘活动，提供“一站式”就业服务。 我国首个海上碳封存项目——恩平15-1油田碳封存项目累计封存二氧化碳突破1亿立方米，减碳量相当于植树220万棵。 浙江嘉兴南湖机场通过行业验收，项目投运后将成为长三角地区首座专业航空货运枢纽。 10日，国际射联射击世界杯宁波站比赛中，中国选手胡凯夺冠，拿下个人世界杯“四连冠”。 北京市人民政府原党组成员、副市长高朋受贿、玩忽职守案一审宣判，高朋被判有期徒刑十二年。 国家网信办持续加强互联网新闻信息服务管理，1200余个假冒仿冒新闻单位账号被关闭或禁言。 国家计算机病毒应急处理中心检测发现69款违法违规收集使用个人信息的移动应用。 详讯 10日，胶版印刷纸期货及期权，燃料油、石油沥青和纸浆期权等5个期货期权品种在上海期货交易所上市交易。 浙江宁波慈溪一3岁幼童悬在3楼窗外，随时有可能坠落。网格员马海潮、宋力火速抵达，破门救人， 成功救下被困幼童。 政策 市场监管总局发布征求意见稿，拟进一步优化计量行政审批服务，促进民营经济发展壮大。 浙江出台十条意见支持“浙茶出海”，包括支持开发便捷茶产品和精深加工茶制品，支持建设非遗茶空间等。 辽宁印发举措，为促进民营经济高质量发展，将加强人才引育，对符合要求的产业高端人才、优秀青年工程师、优秀高技能人才，分别给予每人最高50万元、30万元、10万元奖励。 今日天气 　　河南大部、陕西南部、四川盆地中西部、湖北中北部、安徽西部、浙江南部、福建等地部分地区有大到暴雨，其中，河南中部、四川盆地西南部等地部分地区有大暴雨。 早安中国 　　每个清晨，遇见大美中国。 　　云南腾冲市东山草原，素有“十里翠屏”的美誉，坐拥2万亩高山草甸。在这里，天空蓝得仿佛一块巨大的宝石，镶嵌在草原之上。草木一望无垠，牛羊悠然觅食。腾冲市欢迎您！       每一个清晨，都是重新开始的机会。昨天或许有遗憾，但今天依然可以选择热情地投入。用微笑迎接曙光，用行动书写当下，你就是自己生活的创作者。新的一天，早安！ 本期编辑：阮可欣，实习生： 甘雨欣、 王琢玉 ｜主播： 韦礼义 觉得好看，请点这里 ↓ ↓ ↓
【夜读】人生建议：永远不要让情绪走进死胡同,https://mp.weixin.qq.com/s/Z903gkApx-fZzuQ2DrFihw,2025-09-23,今天是周三 人民日报夜读 “周三加油站” 如约而至 每个周三晚上 我们会用漫画的方式 治愈你、温暖你 为你加油鼓劲 今晚的夜读 送给可能有点焦虑的你 01 在这个世界上 有人理解你，就会有人误解你 有人相信你，就会有人质疑你 如果你每天只想着 “大家会怎么看我” 你就会在他人的眼光里 逐渐失去自我 很多时候，拖垮一个人的 往往是看不见的精神压力 如果你是一个容易内耗的人 一定知道与负面情绪搏斗有多累 从现在开始 不要反复琢磨别人的话 不要乱想还没发生的事 也不要被他人的坏情绪影响 你的情绪很珍贵，千万照顾好 02 也许，你曾有过这样的时刻 看着朋友圈里的好友取得新成就 心里不禁涌起一阵羡慕 随即又陷入焦虑的漩涡 与其因羡慕别人而感到焦虑 不如把有限的时间和注意力 放在提升和打磨自己上 去抓住人生的无限可能 每个人的成长道路 都是独一无二的 我们都有属于自己的精彩 无论花期早晚，重要的是 我们都在向着阳光 汲取雨露 ， 努力生长 03 人生这本书 翻过这一页 才能书写下一章 想要抵达更远的未来 最好的办法就是向前走 给昨天的烦恼按下“暂停” 腾出双手去迎接新的可能 向 “必须完美”的执念 说声再见 给自己的情绪松松绑 带着热爱与希望 奔赴生活的下一站 终有一天 你也会笑着对自己说 “轻舟已过万重山” 人生会有高光瞬间 也会有低谷时刻 我们无法预知未来 但是你可以 把自己从情绪的死胡同中拉出来 遇到挑战时 多向人生的远方看看 你就不会被眼前的小事困住 感到焦虑时 多向具体的生活看看 假如你能过好每一个此时此刻 何尝不能过好这一生 悄悄告诉你一个 告别坏情绪的方法 看完今晚的夜读后 就把自己交给温柔的枕头 进入甜甜的梦乡 好好睡一觉 过滤掉不必要的纠结 明天又能恢复满满的能量 来源：人民日报夜读、 小红书@ 小菜狗呀Nikioooo｜ 漫画作者 ： 花栗 ，治愈插画博主/插画设计师，“小菜狗”形象创作者。梦想绘制治愈系绘本带给大家温暖。 本期编辑：方梓祎、冯昌泰，实习生：陈皓迪 觉得好看，请点这里↓ ↓ ↓
这种习惯很伤脑，然而很多人把它当优点在培养，建议马上改！,https://mp.weixin.qq.com/s/hZAKJ82LqbSgDQdZHXGJfQ,2025-09-23,在《神雕侠侣》中，周伯通有一门神奇的武学，那就是左右互搏术。在教授小龙女这套武功绝学前，他首先让小龙女学习了“左手画圆右手画方”这个动作。相信不少人小时候在看到这个剧情时，都暗自挑战过这个动作，挑战失败后不免会对周伯通一心多用的能力倍感佩服。 现如今，人们的生活节奏不断提速，很多时候我们分身乏术，不得不同时做好几件事，一边和客户电话沟通着工作、一边微信和领导汇报着进展、一边还要忙着给自己饥肠辘辘的肚子点个外卖……在职场上，“多任务处理”甚至是写进简历的一项技能了。 一心多用、多任务并行，用着一倍的时间，获得多倍的成果，这听起来是一种很高效又高级的任务处理方式，但是事实真的是这样吗？ 有研究发现， 一心多用同时做几件事不是一个好习惯，不仅不会提高效率，并且还有可能伤脑。 01 一心多用降低效率 还会增加出错率 我们的大脑就像一个多线程的计算机，但计算能力有限。 如果我们同时处理多项任务，每个任务被分配到的资源就会减少。 这就意味着，我们对每个任务变化的反应都变得迟缓。 在一项模拟驾驶实验中，当司机边开车边打电话时，他们对突发路况的反应会慢，说的话也会更加简单，这就是为什么你和一个开车的人打电话，他大多都是“嗯嗯嗯”，这真不是敷衍，只是大脑真的转不过来了，他“卡住了”。 在另外一项实验中，参与者被要求在一组简单任务之间频繁切换，例如对数字进行奇偶分类或者高低排序。研究发现，在任务切换后，参与者的反应时间通常会变慢，错误率也大大增加了。 02 经常一心多用 会损伤大脑认知能力 多任务处理让我们的大脑能够分配的总资源整体减少，这种现象被称为“认知负荷”。任务越复杂，越需要更多注意力，认知负荷也就越大。而 这样的 认知负荷，会对我们的大脑产生潜移默化的影响。 在一项研究中，为了探究一心多用对大脑的影响，研究人员扫描了75个参与实验人员的大脑，并调研了他们平时多任务处理的时间，结果表明一个人在平时一心多用的时间越久，他的大脑发生的变化越明显。他们的前扣带皮层的灰质减少了，而这个脑区和认知能力息息相关相关。而在之前的研究中， 习惯于一心多用的人确实在有关注意力的检测中落于人后。 正因为影响了大脑的认知，学习能力也同样被影响了。对于在课堂上越来越多使用电脑、平板和手机上课的大学生们来说，一心多用是取得好成绩 的毒药， 有研究表明，在平常的学习中，同时用平板、手机等处理多项任务的学生GPA（成绩平均绩点）会更低。 当然不仅仅是对于大学生，对于婴儿和小学生也是一样，在写家庭作业或者玩玩具的同时看电视，对于他们的成绩也会带来负面影响。 更令人吃惊的是，在一项针对318名受试者的研究中， 平时一心多用更多的人更容易感到焦虑和抑郁。 这下真不是一般的问题了，本来以为一心多用早点干完工作可以开心点，结果这下雪上加霜了。 03 注意这四点 办事效率高 那我们应该怎么做呢？希望下面的四点建议能帮到你。 1.专注于单一任务： 尝试在一定时间内专注于一项任务，减少任务切换的频率。通过设定专注时间段，可以提高任务完成的效率和质量。 2.设定优先级： 列出任务清单，按照重要性和紧急程度排序，逐一完成。优先处理重要且紧急的任务，可以有效减少压力和焦虑感。 3.休息与放松： 定期休息，给大脑充足的时间恢复和整理信息。短暂的休息可以帮助大脑重新集中注意力，提高后续工作的效率。 4.减少干扰： 在工作或学习时，尽量减少外界干扰，如关闭不必要的通知和社交媒体。创造一个安静的工作环境，有助于提高专注力和工作效率。 所以尽量别一心多用了，在有条件的情况下，一次只干一件事，因为事情总会一件一件地干完的，保护好自己的大脑哦！ 来源：科普中国，作者：廖宇莹 浙江大学博士生，审核： 詹丽璇 广州医科大学附属第二医院 神经内科教授，策划：钟艳平 本期编辑：石磊、林帆 转发周知！ ↓ ↓ ↓
董军同美国国防部长视频通话,https://mp.weixin.qq.com/s/eNNKyAUA5xqmWAtkVHB7Yw,2025-09-23,国防部长董军9日晚应约同美国国防部长赫格塞思视频通话。 董军说，要秉持开放态度，保持沟通交往，构建平等尊重、和平共处、稳定正向的两军关系。要尊重彼此核心利益。任何“以武助独”“以台制华”图谋和干涉都将被挫败。中方致力于与地区国家一道维护南海和平稳定，坚决反对个别国家侵权挑衅、域外国家蓄意煽乱。我们始终专注发展自己，坚定捍卫自身正当权益，遏制、威慑、干涉中国是绝对行不通的。 双方还就其他共同关切的问题交换了意见。 来源：新华社，记者：梅常伟 本期编辑：石磊、林帆 觉得好看，请点这里 ↓ ↓ ↓
莫斯丹，还是被找到了！,https://mp.weixin.qq.com/s/BNzHwLl6fm4fU4kqshJhcg,2025-09-23,“你救了我 我当然要想各种办法找到你” 近日，浙江大学医学院附属儿童医院 一男子带着一面锦旗 找到了两个月前 对自己伸出援手的长发姑娘 做好事不留名 “藏”了两个月的莫斯丹护士 还是被找到了！ 7月2日傍晚 莫斯丹骑电瓶车下班 突然看到一名男子趴在地上 她撑稳电瓶车，快步冲过去查看 发现对方不仅脸上血肉模糊 脚上还有大面积创伤 整个人根本撑不起力气坐起来 “我扶你！” 莫斯丹使出全身力气 边稳住男子的身体 边把他往自己的电瓶车上搀 把人扶上车后 莫斯丹骑着车往最近的长河妇保院赶 虽然才2公里路 但紧绷的神经让她全身冒汗 将伤者送到医院后 莫斯丹不仅帮他挂了号 还陪着他找医生、做初步检查 并联系了家人 忙前忙后一个多小时 由于卫生院没有CT 男子需要转诊到浙大二院滨江院区 此时男子的家属刚好赶到 莫斯丹做好交代就悄悄离开了 伤者和家人都不知道 这位“救命姑娘”叫什么名字 只知道她在 浙江大学医学院附属儿童医院工作 莫斯丹本以为这件事已经过去了 没想到又有了后续 被救的男子康复后 为了找到莫斯丹并答谢她 专门到长河妇保院调取了公共画面 “大概找了两个多小时录像 很难找 只有一点画面” 男子将莫斯丹的样子截了图 通过浙大儿院行政部门信息核对 最终，找到了她 男子手机里莫斯丹的公共画面截图 男子制作了一面锦旗 在9月2日亲手送到了莫斯丹手上 他说，“当时我电瓶车轮胎突然飞了 整个人一下栽在地上 脸朝下滑出去好远 根本爬不起来 没想到这个小姑娘愿意帮助我 这次找到她，就想让医院知道 有这么个热心的护士 也想亲口跟她说声谢谢” 收到锦旗，莫斯丹说“很惊喜” “其实当时我的脑海里也闪过念头 会不会给自己带来麻烦？ 但我一想到自己是名护士 对方又瘫在地上 我觉得必须站出来帮忙” 莫斯丹说 救死扶伤是自己的职业本能 不论是在诊室，还是在街边 她这一次选择了救人 在以后依旧会选择救人 来源： 央视新闻综合浙大儿院、杭州发布、钱江晚报，视频：中国青年报 本期编辑：石磊、林帆 为莫斯丹点赞！ ↓ ↓ ↓
“黑狼”被选定为中国警犬LOGO形象犬（内附图）,https://mp.weixin.qq.com/s/ilUHve-oKHhPFQGzQ3t0iQ,2025-09-23,近日，公安部警犬工作领导小组设计发布了中国警犬LOGO统一标识， 该标识主要由警犬、盾牌、松枝等元素组成， 是中国警犬职业队伍的标志和象征。 重庆一级功勋犬“黑狼” （档案名：“洋度金”）作为我国自主培育的昆明犬的优秀代表，其头像被选定为中国警犬标识的形象犬。 中国警犬标识。 功勋犬“黑狼”档案 品种：昆明犬 性别：公 专业方向：刑侦综合犬 出生日期：2011年1月26日 出生地址：公安部昆明警犬基地 功勋犬“黑狼”。 服役期间，“黑狼” 共出勘现场300余起，在50余起案件中发挥重要作用，在其中的10余起疑难案件中发挥关键作用。 来源：重庆刑侦 本期编辑：石磊、林帆 觉得好看，请点这里 ↓ ↓ ↓
事关黄岩岛，国务院批复同意！,https://mp.weixin.qq.com/s/JjqDp4FTec1pW6qkyPkcxw,2025-09-23,　　9月9日，国务院批复同意新建黄岩岛国家级自然保护区。 国务院关于新建黄岩岛国家级自然保护区的批复 国函〔2025〕87号 自然资源部： 　　你部关于报请新建黄岩岛国家级自然保护区的请示收悉。现批复如下： 　　一、同意新建黄岩岛国家级自然保护区。建立黄岩岛国家级自然保护区，是维护黄岩岛自然生态系统多样性、稳定性、持续性的重要保障。有关部门和地方要严格执行《中华人民共和国自然保护区条例》和自然保护地建设管理等规定，严格落实生态环境保护责任，加强组织领导和协调配合，健全管理机构，强化对涉及自然保护区各类违法违规行为的监管执法力度，确保各项管理措施得到落实，不断提高国家级自然保护区建设和管理水平。 　　二、黄岩岛国家级自然保护区的面积、范围和功能分区等由国家林草局另行公布。 国务院　   2025年9月9日 来源：人民日报客户端 本期编辑：石磊、林帆 觉得好看，请点这里 ↓ ↓ ↓
获刑12年！北京市原副市长高朋受贿、玩忽职守案一审宣判,https://mp.weixin.qq.com/s/_RFqBxb-DjirWISTNS9nDw,2025-09-23,2025年9月10日，山西省吕梁市中级人民法院一审公开宣判北京市人民政府原党组成员、副市长高朋受贿、玩忽职守一案，对被告人高朋以受贿罪判处有期徒刑十一年，并处罚金人民币三百万元，以玩忽职守罪判处有期徒刑三年，决定执行有期徒刑十二年，并处罚金人民币三百万元；对高朋受贿犯罪所得财物及孳息依法予以追缴，上缴国库。 经审理查明：2007年至2024年，被告人高朋利用担任北京市基础设施投资有限公司总经理助理兼融资建设部经理、副总经理，北京地铁十号线投资有限公司董事长兼总经理，北京市丰台区副区长，北京市发展和改革委员会副主任，北京市顺义区区委副书记、区长、区委书记等职务上的便利，以及利用本人职权或者地位形成的便利条件，通过其他国家工作人员职务上的行为，为有关个人在入职晋升、企业经营、工程承揽等事项上提供帮助，收受上述人员所送财物共计折合人民币4386万余元。2016年5月至2017年6月，高朋担任顺义区区长、顺义城市生活展示体验馆筹建领导小组组长期间，在顺义城市生活展示体验馆选址及后续收购过程中，严重不负责任，造成国有资产重大损失。 吕梁市中级人民法院认为，被告人高朋的行为构成受贿罪、玩忽职守罪，其受贿数额特别巨大，玩忽职守致使公共财产、国家和人民利益遭受重大损失，情节特别严重，均应依法惩处，并予数罪并罚。鉴于其具有重大立功表现，受贿犯罪中有未遂情节，到案后如实供述罪行，主动交代办案机关尚未掌握的大部分受贿事实，认罪悔罪，积极退赃，受贿所得赃款赃物已全部追缴，玩忽职守所造成的损失大部分已挽回，依法可对其从轻处罚。法庭遂作出上述判决。 据悉，吕梁市中级人民法院于2025年6月5日公开开庭审理了该案。庭审中，检察机关出示了相关证据，被告人高朋及其辩护人进行了质证，控辩双方在法庭的主持下充分发表了意见，高朋进行了最后陈述，并当庭表示认罪悔罪。人大代表、政协委员和各界群众20余人旁听了庭审。 来源：人民日报客户端，记者：魏哲哲 本期编辑：石磊、林帆 觉得好看，请点这里 ↓ ↓ ↓
国防部：决不允许日本军国主义卷土重来！,https://mp.weixin.qq.com/s/DHoJY68qCSy2kWKII6oO3g,2025-09-23,9月10日下午，国防部新闻局副局长、国防部新闻发言人蒋斌大校就近期涉军问题发布消息。 记者： 据报道，日本防卫省公布预算草案显示，2026财年日防卫预算达8.85万亿日元，创历史新高。此外，日将在九州部署改良型12式陆基反舰远程导弹，射程覆盖中国沿海地区。请问发言人有何评论？ 蒋斌： 日本加速军事扩张，发展远超“专守防卫”所需的军力，包括进攻性武器装备，不禁让全世界爱好和平的人民警惕担忧， 日方究竟意欲何为？ 我们刚刚举行了中国人民抗日战争暨世界反法西斯战争胜利80周年纪念活动。80年前，日本军国主义发动侵略战争给亚洲国家人民带来深重灾难。 80年后的今天，地区国家捍卫和平的意愿更加强烈，决不允许日本军国主义卷土重来。 我们要求日方深刻反省侵略历史，切实尊重亚洲邻国和国际社会的安全关切，在军事安全领域谨言慎行，避免重蹈历史覆辙。 来源：人民日报客户端，记者：金正波 本期编辑：石磊、林帆 觉得好看，请点这里 ↓ ↓ ↓
九三阅兵，一面面战旗背后有什么故事,https://mp.weixin.qq.com/s/axeJZGG_d2Q8e1sS1nVJ7A,2025-09-23,旗帜·火焰（报告文学）——二〇二五年九三阅兵战旗方队纪事 战旗映旭日，铁流震乾坤。 2025年9月3日，天安门广场。纪念中国人民抗日战争暨世界反法西斯战争胜利80周年大会，阅兵仪式万众瞩目。 特别是那一面面火红的战旗，在广场上猎猎飘扬，吸引着人们的目光。 旗帜，是一种标志，更是一种精神的象征。在14年艰苦卓绝的抗战中，中华儿女用血肉之躯，筑起钢铁长城，谱写了惊天地、泣鬼神的英雄史诗。在人民军队的荣誉册里，一大批英雄个人被授予光荣称号，一大批英模单位被授予英模战旗。 旗帜，是一种引领，也是一种荣耀。80面功勋荣誉旗帜，组成气势恢宏的战旗方队，引领着7个作战群的22个装备方队排山倒海、动地而来，怎能不令人心潮澎湃？ 十四载浴血抗战荣光不朽，八十年砥砺奋进步履铿锵。那一面面火红的战旗，如云霞、似火焰，在人们关注的目光中升腾！ 一 深情回望，征途如虹。 那一刻，仰望着那一面面像火一样燃烧的战旗，更加感受到那炙热的精神光芒。时光仿佛倒流，一团团燃烧的火焰，照耀着人民军队忠于党的热血忠诚，党领导人民军队众志成城、不屈不挠、浴血奋战的牺牲与荣光。 战旗如火，燃烧忠诚。 新华社记者 刘卫兵 摄 “全面模范连”的战旗下，三件“传家宝”的故事永远流传。 陕甘宁晋绥联防军某连，在抗战岁月中，成为八路军队伍中全面过硬的模范。他们的第一件“传家宝”，是一顶红军帽。这顶红军帽，生动记录着连队官兵始终听党话、坚决跟党走的决心意志。1937年8月，红军主力改编为国民革命军第八路军。战士们头顶的红帽徽，要换成国民党军队的蓝白帽徽。有不少官兵想不通，连队指导员王喜对大家说，咱们是党的部队，党叫干啥就干啥。战士们含泪拿起了枪，戴上了军帽。帽徽是蓝白的，但心永远是红的！ 第二件“传家宝”，是一把刺刀。这是连队官兵听党指挥、奋勇杀敌的精神写照。1939年2月10日，农历腊月二十二凌晨，日寇向河北深县北杜庄村发起“扫荡”，连队奉命掩护乡亲们转移。面对数倍于我的敌人连续发起的4次进攻，官兵们个个无惧牺牲。子弹打光了，有刺刀的上刺刀，没刺刀的就抄起锄头和镰刀。三班长吴大川牺牲时，依然保持着向前突刺的姿态。乡亲们成功转移了，85名战士的生命永远留在了北杜庄村。此后，每逢腊月二十二，全村不宴客、不嫁娶、不兴土木，村民们自发到烈士坟前祭奠英魂。这种习俗，延续至今，从未间断。 第三件“传家宝”，是一张犁。这是连队响应党的号召，参加大生产运动的岁月见证。抗日战争进入战略相持阶段后，国民党对边区实行军事包围和经济封锁。困难关头，连队奉命回延安参加大生产运动。官兵们说，党叫干啥就干啥。前线打仗嗷嗷叫，后方生产顶呱呱！官兵们用犁、锄头，硬是在不足60天里开荒4000多亩，比规定的任务超额了1倍还多。 如今，这支光荣的连队，已成为某集团军某旅装步3连。连队始终传承弘扬“打仗过得硬、全面当模范”的精神，把新时代的胜战荣誉写进连队的光荣史册。不久前，连队因执行任务出色，荣立集体二等功。 党旗所指，军旗所向。在火红战旗下，这种红色基因深深刻进全体官兵的血脉。 人民日报记者 雷声 摄 “同志们好！” “主席好！” “同志们辛苦了！” “为人民服务！” 阅兵仪式上，山呼海啸般的回应，凝聚起气贯长虹的磅礴力量。这是人民军队听党指挥的庄严宣示，饱含着全军官兵对统帅的信赖拥戴，彰显着全军将士矢志不渝跟党走的坚定信念！ 那炯炯有神的目光，那年轻刚毅的脸庞，是将士们饱满革命热情、昂扬斗志的生动写照。 “中国人民解放军始终是党和人民完全可以信赖的英雄部队！”这坚定有力的声音，在天安门广场上空久久回荡。 二 一面战旗就是一段光荣的记忆，一面战旗就是一部胜利的史诗。 看吧，火焰在升腾！ 战旗如火，高擎起胜战的火炬。 新华社记者 刘金海 摄 “白刃格斗英雄连”的战旗熠熠生辉，被阳光镀上了一层金属的色泽。 如今，“白刃格斗英雄连”有一个特殊仪式。每名新入连的同志，都会被授予一把亮闪闪的刺刀。这一特殊的仪式，记录着连队85年前在百团大战大落坡反偷袭战中的铁血荣光。 连队的前身是山西青年抗敌决死队第一纵队25团8连。1940年8月20日，连队所属的25团对山西寿阳县马首车站发起攻击。深夜，日军不甘心车站失守，派出50余人的特别小队，企图于黎明时分对我团部发起偷袭。发现敌人时，敌人已在眼前。此时，指导员高喊：同志们，杀敌立功的时候到了！说罢，端起刺刀第一个冲入敌阵。战士们也个个争先，与敌人展开激烈搏斗。 日军特别小队战斗经验丰富，装上刺刀的步枪比八路军的步枪足足长了十几厘米。战士们无惧牺牲，誓与敌人血战到底。年仅16岁的小战士马宝山，腹部被敌刺中，鲜血喷涌，可他手里的刺刀却怎么也够不到敌人。生命最后一刻，他大吼一声“杀”，猛然向前，任凭身体被刺刀穿透，也要将自己的刺刀刺进敌人的心脏。经过一番生死搏杀，连队以牺牲、负伤30余人的代价，歼灭日寇40余人，打破了“日军拼刺刀不败”的神话，被八路军总部授予“白刃格斗英雄连”荣誉称号。 一朝入“白刃”，终身不卷刃。进入新时代，连队由传统步兵改制成为特战尖兵，在强军征程上继续冲锋。2018年，转型仅一年的连队，受领了全旅伞降实跳的首跳任务。临近开舱跳伞的点位时，从舱尾处传来连长简短有力的动员：同志们，我们是“白刃格斗英雄连”的兵，执行的是首跳任务，我们要做刀尖子上的刀尖子！说罢，一跃而下。全连官兵紧随其后，成为全旅首支整建制实跳的连队。2021年，连队战士田巴特经过层层选拔，代表中国赴俄罗斯参加国际侦察尖兵比武。急行军课目行进至最后3公里，前方道路狭窄，超越前面的队伍只能另辟蹊径。田巴特大声对队友们说：没有路，我们就杀出一条路来！说完，掏出刺刀就扎进路旁的荆棘丛里。他硬是用手中的刺刀，开出了一条通往冠军奖台的胜利路。中国军人再次用血性的刀锋向世界证明，任何时候都能压倒一切敌人，而绝不被敌人压倒！ 血染的刺刀越磨越亮，英雄的传人愈战愈勇。 看吧！陆上作战群的地面突击方队，如钢铁洪流，携雷霆万钧之势滚滚向前。两栖突击方队如陆上猛虎、海上蛟龙，气势磅礴地通过天安门广场。空降突击方队驾驭新型履带空降战车惊艳亮相，如神兵天降，所向披靡。远程火炮方队在广场上卷起一股“钢铁风暴”，展示敢打必胜的决心和信心。天安门广场上的钢铁洪流向世人昭示着，新时代的人民军队，钢多了，气更多，骨头也更硬！这支能打胜仗的人民军队，有信心、有能力维护国家主权统一、领土完整，有信心、有能力为实现中华民族伟大复兴提供战略支撑，有信心、有能力为世界和平与发展作出更大贡献！ 新华社记者 刘续 摄 三 战旗如火，在燃烧，在升腾！ 在《钢铁洪流进行曲》的雄壮乐曲声中，“杨靖宇支队”“刘老庄连”的战旗浩荡而来。 这是英雄的战旗。阳光下，这些迎风飘扬的火红战旗，仿佛散发出松柏的香气，经久不散。 英雄列阵，战旗如画。 杨靖宇将军，东北抗日联军的主要领导人之一，东北人民革命军第一军独立师的主要创建人。九一八事变爆发后，根据组织安排，杨靖宇在东北大地率先举起抗日救亡大旗，将数十万关东军牢牢牵制在白山黑水间。1939年下半年，日伪军加大对东北抗联军事“讨伐”、经济封锁、政治诱降的力度，杨靖宇和他的战友们陷入异常困难的境地。在零下40摄氏度的严寒中，他们无房可住、无衣可穿、无粮可吃，饿到啃树皮、嚼棉絮，依然坚持战斗。 比严寒和饥饿更令人心寒的，是背叛。杨靖宇最信任的师长程斌叛变了，身边的警卫排长张秀峰叛变了。断粮五天五夜的杨靖宇，遇上了上山打柴的村民，请求他帮忙买点干粮。看着眼前这个衣衫褴褛、饥寒交迫却目光如炬的人，这个叫赵廷喜的农民，竟然劝杨靖宇投降。杨靖宇将军只回了一句：“老乡，如果我们中国人都投降了，还有中国吗？”几天后，杨靖宇将军壮烈殉国。将军牺牲后，日军解剖了他的遗体，想知道在如此绝境中他靠什么生存。令敌人震惊的是，他的胃里没有一粒粮食，只找到了未消化的草根、树皮和带着血丝的棉絮。 宁死不屈彰显民族气节，以身许国奏响生命绝唱！ 为纪念杨靖宇将军，1946年2月，东北民主联军将通化支队改编为“杨靖宇支队”。 新华社记者 刘勇贞 摄 入列英雄部队，弘扬靖宇精神。杨靖宇不屈不挠的战斗意志和永远挺直的脊梁，是民族最闪亮的坐标，激励着一代代传人前赴后继、勇往直前。 如今，这支光荣的部队已成为陆军某合成旅的前身。2019年7月，旅队的排长陈欢参加陆军狙击手选拔赛。作为战区陆军唯一一位参赛的女队员，她在10公里武装越野考核中，拖着病体与男队员同场对抗。艰难冲过终点的那一刻，她一下子倒在了地上。经过短暂治疗，她提前归队备战决赛。最终，荣膺陆军“狙击枪王”称号。正是这种不怕苦、不服输的英雄气，支撑她屡克强手，3次荣立二等功，在战位上书写了争当英雄、青春无悔的奋斗篇章。 “杨靖宇支队”这面战旗的背后，是英雄的魂魄，是中国人宁死不屈、与敌人血战到底的那口气！ 人民网记者 翁奇羽 摄 观礼台上，热浪滚滚。“海空卫士”王伟的遗孀阮国琴，手捧着王伟照片观看阅兵仪式。 王伟生前曾手绘了一幅油画，名字叫《夙愿》，画面上，一名飞行员正驾驶着舰载机从航母上起飞。这是他梦寐以求的场景，也是最大的夙愿。如今，王伟的梦想早已成为现实。 阮国琴说：今天，他会跟着我一块儿仰望天空。 这面旗帜出现在今天的天安门广场，是因为当年有人举着它，直到最后一刻都没有放下！ 四 战旗火红，在通过天安门城楼的那一刻，仿佛升腾起炽热的火焰。 这是天地英雄气的磅礴交响，这是崇尚英雄的澎湃心潮。 “啪嗒、啪嗒……”此时此刻，这是什么样的声音穿透历史的尘烟？ 这是黄豆落入粗瓷碗的声音。 82年前，在“刘老庄连”这面布满弹孔的战旗下，有这样一种特殊的计数方式：一颗黄豆，就是一条消逝的鲜活生命，就是一个铁骨铮铮的英雄。 1943年3月，日军对我抗日根据地进行“清剿”合围，1600余名日伪军携带着重武器，向江苏淮阴的刘老庄扑来。新四军第3师19团4连奉命掩护村民转移。连长果断下令：乡亲们还没有撤完，快！把阵地向前推，推到村外去！就算是死也要钉在那里！ 全连官兵没有丝毫犹豫，跳进沟里，打响阻击战。 战斗从清晨打到天黑。每一阵炮声，都让早已安全撤离的乡亲们心揪得生疼。他们不敢去想，这82个孩子怎么抵挡那么多的鬼子啊？硝烟散尽，满目疮痍的战场上，村民们目睹了4连官兵全部壮烈牺牲的惨烈场景。 乡亲们扛来门板，抱来被子，流着泪收殓烈士们的遗骸。一颗、两颗、三颗……乡亲们每收殓一具遗体，就往碗里放一颗黄豆。一边放黄豆，一边流眼泪。他们心痛啊——82条鲜活的生命，如今就变成这样小小的一捧。 战斗结束第三天，新四军决定重建连队。消息一出，四岭八乡的百姓们一下子就把征集点挤满了。 父送子，妻送郎，姐姐送弟上战场。“莫欺我中华无肝胆，母亲膝下百万兵！”从此，新四军多了一个英雄的称号，人民军队多了一面英雄的战旗。 每年3月18日，“刘老庄连”的战士们，都会来到庄严肃穆的新四军刘老庄连纪念园，和当地群众一起祭奠英烈。每到此时，总会有悠扬的口琴声如泣如诉地响起——战士们用这样的方式与长眠于此的年轻英雄们对话。琴声穿越时空，82颗黄豆已然化作82颗种子，将“刘老庄连”生命不息、战斗不止的英雄精神，深深植入一代代官兵的血脉里，生根、发芽、成长、壮大…… 2023年7月，京津冀地区遭遇罕见强降雨，引发严重洪涝灾害。“刘老庄连”所在的“铁军旅”闻令出发。可当时，连队主力在万里之外执行维和任务，留守的只有26人，一大半还是刚入伍的新兵。面对滔滔洪水，26名年轻战士挺身而出，齐刷刷写下请战书，按下鲜红手印：当年82位勇士为保护群众全部牺牲，今天上堤坝、堵管涌、固堤防，我们一个也不能少！ 观礼台上，陈祥榕烈士的母亲捧着儿子的照片说：我和祥榕一起来参加纪念胜利日的大阅兵。从“清澈的爱，只为中国”到“陈母问勇”，陈祥榕母子二人，成为人们争相传颂的楷模，成为媒体争相报道的“明星”。 “抗战的英烈们，你们看到了吗？今天的中国，没有忘记你们！”这场纪念抗战胜利80周年的阅兵，是用70分钟告诉80年：先烈们用生命换来的，我们也用生命铭记着！ 新华社记者 王晔 摄 为什么战旗美如画，英雄的鲜血染红了它！ 为什么这块土地上英雄辈出，因为人民会永远记住他们！ 五 战车，向前，向前！ 战旗，如画，胜火！ 这是希望的火焰在升腾，向着蓝天，向着未来…… “战斗模范连”战旗通过天安门前的那一刻，历史的荣光，照亮了88年前那场夜袭阳明堡的经典战斗。 1937年10月，日军在山西阳明堡修建机场。24架飞机从机场起飞，轮番轰炸忻口和太原方向阵地，当地军民伤亡惨重，部队指挥作战受到严重影响，后勤补给线也面临着巨大威胁。为了扫除威胁，配合正面战场，八路军第129师769团经过周密部署，决定以擅长夜战的3营夜袭机场，炸毁敌机。 19日夜，参战人员悄无声息地逼近阳明堡机场。战斗打响了。战士们用刺刀刺，用铁锤砸，用手榴弹炸，用燃烧弹烧，一口气摧毁了多架敌机。有的战士甚至抱着炸药包爬上飞机，点燃导火索。整个机场顿时变成一片火海。日军进行了疯狂反扑，与10连官兵在飞机周围白刃肉搏。连长杨万兴率领战士以命相搏、拖住敌人，7次击退了日军的冲击。经过近一小时激战，我军歼灭了日军100多人，成功炸毁敌人24架飞机，开创了“步兵打飞机”的先例，极大削弱了日军空中优势，支援配合了忻口防御作战。此战，也成为我军继平型关大捷、雁门关伏击战后，直面日军的又一场胜利。战后，10连被八路军第129师授予“战斗模范连”荣誉称号，连长杨万兴获得“战斗英雄”称号。 如今，这支英雄的连队已成为陆军某合成旅的“红四连”。88年来，连队在“战斗模范连”这面光荣战旗的指引下，发扬“攻必克、战必胜，不畏难、不畏险”的夜袭精神南征北战，决战孟良崮，血战长津湖，鏖战西方山，历经百余次战役战斗屡创佳绩，7次被授予荣誉称号，45次集体立功。2015年8月，习近平主席签署命令，授予连队“强军精武红四连”荣誉称号。 授称10年来，全连官兵弘扬“战斗模范连”光荣传统，在由传统步兵向重型合成部队转型路上奋力攻坚。这支光荣的连队，是创造奇迹的连队，是勇于创新的连队，是面向未来的连队，成功实现传统步兵向装甲精兵的跨越。 新华社记者 李嘉南 摄 战车奔驰，铁流滚滚。 战旗如画，照耀征程。 织成这一面面战旗的每一根纤维，都闪耀着信仰与忠诚，交织着热血和希望。 党的十八大以来，深化国防和军队改革取得历史性成就，人民军队体制一新、结构一新、格局一新、面貌一新，在中国特色强军之路上迈出坚定步伐。今年“八一”前夕，中央军委发布了军事航天部队、网络空间部队、信息支援部队、联勤保障部队的军旗旗面式样。 在今天的阅兵仪式上，这4面兵种军旗首次在人们的视线中迎风飘扬！看吧！军事航天部队的“深空蓝”，象征进军浩瀚太空追星揽月。网络空间部队的“赛博灰”，象征制胜无形疆场，于方寸间筑起钢铁长城，用信息洪流织就恢宏天网。信息支援部队的“量子紫”，象征抢占信息高地，构建起全天候、全地域、全要素的信息保障体系。联勤保障部队的“松枝绿”，象征厚植保障根柢，确保随时拉得出、上得去、保得好。 一面面火红的战旗下，人们看到希望之火在升腾！ 看吧！新型坦克、支援战车等新一代传统陆战兵器轮番现身，无人、水下、网电等领域新型作战装备精彩亮相，高超声速导弹、战略核导弹等国之重器闪亮登场……人民军队的武器装备实现了跨越式发展！ 强国必须强军，军强才能国安。今天我们展示力量，是为了世界和平。 中华民族历来爱好和平。中国一直坚定不移走和平发展道路，推动构建人类命运共同体。中国军队，始终是维护世界和平的坚定力量！ 战旗在前进，火焰在升腾！ 7架表演机划出14道彩烟，8万羽和平鸽展翅高飞，8万只气球腾空而起……阅兵仪式结束了，但它带给人们的震撼才刚刚开始。 新华社记者 王建华 摄 战旗猎猎，忠魂不灭；山河无恙，国泰民安！ 此时此刻，天安门广场上，旗帜就是火焰，像14亿多中华儿女的豪情一样熊熊燃烧，汇聚起磅礴的力量。 向前！向前！向前！旗帜不会褪色，精神永远传承。以信仰之火照亮前行之路，让抗战胜利的号角永远吹响。 一支具有优良传统、纯洁光荣的英雄部队，一定可以实现建军一百年奋斗目标！ 一支党和人民完全可以信赖的英雄部队，一定能够护卫着中华民族走向伟大复兴！ 来源： 《人民日报》（ 2025年09月10日  第20版），作者： 刘笑伟 曾皓，原题《旗帜·火焰（报告文学）——二〇二五年九三阅兵战旗方队纪事》，封图摄影：人民日报记者 林渊 本期编辑：胡程远、郑薛飞腾 觉得好看，请点这里 ↓ ↓ ↓
天安门广场阅兵观礼座椅，最后去哪儿了？,https://mp.weixin.qq.com/s/9VAcxaJ8PpPVfOnuIyQpDQ,2025-09-23,2025年中国国际服务贸易交易会 今日（9月10日）开幕 记者看到，服贸会会场的室外空间 随处可见一排排红色座椅 不时有游人坐在上面休息 这些红色座椅看上去有些眼熟 原来，纪念中国人民抗日战争 暨世界反法西斯战争胜利 80周年大会上 天安门广场临时观礼台的座椅 被挪到了这里 服务服贸会 继续实现它们的价值 多个公园、园区 接收纪念大会观礼台、座椅 在北京首钢国际会展中心一侧的空地处，小货车刚刚拉来两排红色座椅，几名工人麻利地卸货。这两排座椅 无需额外安装 ，只需平稳放在地面上就能直接使用。 首钢建设城市更新部部长刘飞飞说：“9月5日凌晨，我们运回了这些座椅，立即对座椅进行了改装。我们设计了一个钢板底座，锚定到座椅底端，像给座椅安上了一双大铁脚，座椅放在地面上自然稳固又安全。” 刘飞飞介绍， 首钢分配到1508把座椅 。这些座椅与首钢园工业遗存与现代时尚交融的风格特色有机融合，既践行了节俭办会理念，又增添了园区价值，将在服贸会期间继续发挥作用。 同款红色座椅也出现在了北京通州区的城市绿心森林公园。在树荫下、小路旁、小广场等地，都新增了一排排的座椅，供游客休息。 北京丰台区则整体接收了4个观礼台，连台子带座椅一起搬进了紫谷伊甸园和魏各庄民族文化园。 在民族文化园，记者看到，这里正在举办丰台王佐民族文化嘉年华，十多排从纪念大会观礼台上撤下来的观礼台和黄色座椅正好成为观众席。 因为观礼台本就有一定的高低坡度，用来看演出再合适不过。 红旗阵、长城年号台等 将被复用 北京市城市管理委景观处相关负责人介绍，纪念大会天安门广场的核心景观元素，在坚持“传承纪念价值、实现资源效益最大化”原则的指导下，陆续被系统、高效地复用于多种新场景，不仅节约了资源，更让庄严的纪念意义得以延续和升华。 本次复用工作涵盖广场红旗阵、观礼台座椅、地毯、长城年号台等 多类具有特殊纪念意义的景观元素。在实施过程中，优先采取原貌整体复用策略，并注重与现有空间风貌有机融合，切实契合了新环境的实用与景观需求，实现了“一举多得”的综合效益。 例如观礼台，有近5万把座椅，这些座椅采用人体工程学设计，兼具舒适性与实用性。再利用根据丰饶金、城墙红、橄榄绿三色进行科学调配，不同色彩的座椅均依据新场景功能与氛围精准适配，可应用于 学校礼堂、公园绿地、体育场馆及城市公共空间等 多种场合。 同时，作为活动重要象征的 红旗旗阵 ，也被整体保留并系统分配至全市多所学校的校区，持续激励广大师生传承精神、勇担使命。 更多公园、学校、赛场 将见到观礼座椅 除了首钢园、城市绿心公园、民族文化园之外， 北京市园林绿化局也接收了 4700余把绿色座椅 ，后 续将应用于陶然亭公园、紫竹院公园、玉渊潭公园等公园，与自然景观和谐相融； 北京市教委接收 9000余把红色座椅 ，后续 将分配至多所大中小学校，服务于学校礼堂和日常教育教学，延续庄重和谐的育人环境； 北京市体育局整体接收 临时观礼台和座椅 ，后续 将整体应用，满足训练集会和赛事活动需要。 后续，北京通州区也将整体接收 4个观礼台（含座椅） ，安置于运河区域；北京平谷区接收 2个观礼台（含座椅） ，融入自然景观，让市民群众体验感受广场座椅。 此次核心景观元素的规模化、精准化复用，是践行绿色、节俭、务实理念的具体体现，有效促进了公共资源的循环利用，让纪念价值融入城市发展肌理和市民生活日常，在新场景中焕发出新的生命力。 来源：北京日报 （ID：Beijing_Daily）， 记者：代丽丽 程功 本期编辑：胡程远、郑薛飞腾 觉得好看，请点这里 ↓ ↓ ↓
初中生偷转父母37万元充值游戏，家长起诉要求退款，法院判了！,https://mp.weixin.qq.com/s/gbfQzjtzOOljjLpXZW4uRg,2025-09-23,　　近日，广州互联网法院审理一起未成年人游戏充值案件。 　　14岁初中生小李使用家长实名认证的支付账户， 在一年半内向某游戏充值552笔共计37万余元。 家长发现后起诉要求退款。但在游戏公司看来，涉案游戏账号及支付账户均显示成年人，即小李的家长实名认证，充值行为应视为成年人操作，且公司已履行防沉迷义务，不应退款。 　　最终法院查明，充值时间规律符合未成年人作息特征，认定系小李操作。 法官指出，父母未妥善保管账户信息且长期未发现异常，显然未尽到监护职责，存在明显过错，这也是导致损失发生的主要原因；游戏公司实名认证流程过于简单，未能有效防止未成年人冒用身份充值。最终判定双方均有过错，游戏公司需返还充值款12万余元。  来源：央视财经微博 本期编辑：胡程远、郑薛飞腾 觉得好看，请点这里 ↓ ↓ ↓
小学6年，每人一个满满当当的文件夹！,https://mp.weixin.qq.com/s/cYYESRT1GGnEwCRwAYlfJA,2025-09-23,今天（9月10日）， 中宣部、教育部联合发布2025年“最美教师”。丁美珍、马琼、水柏年、邓宗全、古桑曲珍、任明杰、刘玉忠、刘益春、杨洋、肖惠文、邵瑜、欧阳陵江、郑万众、孟庆阳、胡嵘苹、钟义信、侯纯广、姜德生、秦春娟、秦宣、黄俊琼、廖红、翟婉明、薄宜勇等24名同志和保定学院毕业生赴疆任教群体代表光荣入选。 其中， 任明杰是一位 来自河南的乡村教师。 2014年大学毕业后，任明杰只身来到河南新乡封丘县大辛庄小学，担任特岗教师。十余年间， 他为学生积累下17万多张照片，还写下280多万字的教育日记，记录孩子们的点滴成长，启动了孩子们的梦想小船。 任明杰也从上班第一天“想要离开”，到如今已经“与孩子亲如一家”，爱上了这份职业。 为学生 积累 下17万 多 张照片 “这是他们童年的见证” 任明杰是一位摄影爱好者，这些年来，他用镜头为孩子们留下了美好的童年记忆。 在学生生日的时候，任明杰给他们拍一张单照，然后邀请所有的学生和任课老师写上寄语，送给他们作为生日礼物。在每年的“六一”和12月1日，任明杰都会拍一次班级大合照，用电脑软件制作好，并且洗出来，每人发一张，留作成长的纪念。 任明杰每年都会和学生拍摄两张合照， 其中 一 张他是站着的，另一张他是蹲着的。 “我站着，是见证孩子6年都在长高；我蹲下来 ， 表示我和他们是平等尊重的关系。” 从手机，到相机，再到无人机……这些年，任明杰为学生积累了17万多张照片， 他给每个学生建立一个文件夹，里面保存有每个人6年成长变化的照片。 “这些照片和我都是孩子们的童年见证。” 他将教学心得 写成280多万字的日记 任明杰坦言，自己最初的职业理想不是当老师 。 到大辛庄小学 上班第一天，现实就给他来了个“大挑战” 。他在教育日记中记录下当时的心情：“2014年8月28日，星期四。到了学校，发现屋子那叫一个破啊，真有想要离开的冲动。” 面对艰苦的生活环境和相对简陋的办学条件， 任明杰克服了心理和生活的种种困难。 没有食堂，他就自己学做饭；买菜不方便，他就自己学种菜； 他还为学生们研发手工、劳动、摄影等课程，开设读书角， 放学后义务辅导，自费为他们购买学习用品和教具…… 小小的村子里，孩子们拥有了一方新天地，任明杰也爱上了这份职业。 而每天的教育心得 以及与学生相处日常，任明杰都会记录下来，“风雨无阻、雷打不动”， 如今已经完成了280多万字。 “跟家长学生之间 已经亲如一家” 任明杰的种种努力，赢得了家长的理解和信任，以及孩子们的尊敬和喜爱。 家长们齐心协力留住这位外地的乡村教师，他们自发购买鲜花、定制锦旗……这些都让任明杰感到十分温暖， “这种惊喜让我对这个地方有了深深的依恋，跟家长、跟学生之间，已经亲如一家。” “乡村教育，是一场心灵的修行。” 这是任明杰经常挂在嘴边的一句话。 十多年来，大辛庄小学学生数量从最初的80多人发展到 140 余人。 任明杰依然坚持在一线，担任班主任和学科教学。 一朵花的开放，需要枝叶的相伴相生；一棵树的成长，需要水土的默默滋养。任老师能给的滋养，就是 始终把陪伴学生成长作为最重要的事，努力为乡村学生打开通往世界的一扇窗 。相信任老师的陪伴，一定能让这些孩子们带着温暖，一路前行。 为 任明杰老师点赞！ 来源：央视新闻（ 记者： 隋邦科  田萌 ），综合河南省教育厅、新乡市教育局 本期编辑：胡程远、郑薛飞腾 点赞！致敬！ ↓ ↓ ↓
签了！“拟采购20架C909飞机”,https://mp.weixin.qq.com/s/HefEMJqrR_PVLKXEv0H67g,2025-09-23,
受阅运-20即将赴韩，接英雄回家！,https://mp.weixin.qq.com/s/ftar5K60jRoEdZoISNU3GQ,2025-09-23,空军新闻发言人谢鹏大校发布消息，9月10日下午，中国空军1架运-20军用大型运输机将从华中某机场起飞，执行赴韩国接运第十二批在韩志愿军烈士遗骸回国任务。执行接运任务的运-20返程进入中国领空后，中国空军将派4架歼-20护航。          空军还同步发布了接运任务标识。标识由运-20和歼-20飞机侧影，以及志愿军战士雕塑图案等组成，配有“英雄回家-2025”字样，代表空军执行接运中国人民志愿军烈士遗骸回国任务，寄托着空军官兵铭记历史、缅怀先烈的真挚情感。 据新华社，即将赴韩接运第十二批在韩中国人民志愿军烈士遗骸回国的运-20飞机，曾在纪念抗战胜利80周年阅兵中，飞过天安门广场上空接受检阅。运-20机长周函说，这样的安排意在铭记历史、缅怀先烈。 山河已无恙 英雄请回家 来源：人民日报客户端（记者：金正波）、新华社 本期编辑：胡程远、郑薛飞腾 一起接英雄回家！ ↓ ↓ ↓
汶川地震被救男孩，圆梦了！,https://mp.weixin.qq.com/s/6Gv2eBrjXMCkxMkY6x9xJQ,2025-09-23,　　2008年，8岁的他被解放军从废墟中救出，一颗参军的种子从此种下。 　　今年的9月3日， 纪念中国人民抗日战争暨世界反法西斯战争胜利80周年大会， 他以挺拔的姿态通过天安门广场。 　　他就是汶川地震幸存者 唐磊 。 作为空降突击方队一员， 他 光荣接受检阅，兑现了 “拿出最好状态献给祖国” 的誓言。 △视频来源：中国军号 废墟旁，他种下了一个梦 “长大后我也要穿军装” 　　唐磊出生在四川北川羌族自治县开坪乡的一个羌寨里。2008年5月12日，汶川地震发生时，8岁的唐磊正在读小学，当时北川羌族自治县是重灾区，唐磊所在的村子一片狼藉。 　　“就在村里快要水尽粮绝的时候， 天上来了贴着五角星的直升机空投物资，地上有穿军装的哥哥们徒步把物资背了进来。 ”当时， 妈妈带着唐磊和哥哥在山上找到一片平地栖身，就在他们最绝望的时候，解放军来了。 　　唐磊说，也正是解放军的到来，让他自此立下参军报国的志向： “在最危险最苦难的时候遇到了一群穿军装的人，长大后我也要穿军装。” △ 小时候的 唐磊 　　2019年高考，填报志愿时，唐磊只报了军校。有老师建议他填报一所地方院校，但被他拒绝了，“如果没被军校录取，就复读一年。” 　　最终，唐磊顺利被军校录取，如愿穿上军装，成为村里走出的第一个军校生。 从北川到北京 “只要不死，我都能坚持” 　　2023年军校毕业后，唐磊来到了空降兵部队。 钻密林、进深山、入戈壁…… 凭借扎实的专业知识，他圆满完成了一次次实战化演训任务。 　　“别人问我为什么这么勇敢。我想，正因为亲眼见到了灾难面前解放军的英勇无畏，才更加懂得要成为合格军人必须经历千锤百炼。” 唐磊说。 　　今年，在得知九三阅兵活动后，唐磊递上了一封言辞恳切的请战书： “我是来自震区的一个孩子，部队对我和家乡有恩。请允许我代表羌族儿女、代表震区百姓，接受祖国和人民的检阅，我将以全部的青春和热血报答这份恩情。” 　　经过层层选拔，唐磊最终进队集训。 　　在烈日下站军姿、走正步，作训服一遍遍被汗水浸透……6月，父亲唐林接到儿子唐磊电话时， 得知唐磊已在北京集训 ，唐林问儿子苦不苦，唐磊说： “只要不死，我都能坚持。”  光荣通过天安门广场 “拿出最好状态献给祖国” 　　9月3日一大早，唐磊家乡的寨子里，数十名村民带着激动的心情守在电视机前观看阅兵。 当空降突击方队受阅时，唐磊的父母紧紧盯着电视机， 眼睛都不敢眨一下。 △ 唐磊家乡的乡亲们观看阅兵，唐磊的父母（前排中间）激动不已。 △ 唐磊（右） 　　唐磊 说，17年前，是党和国家救他们于危难之中，如今他代表父老乡亲，以阅兵场上展示的最好形象向国家和人民军队感恩献礼。 “走上长安街，我要拿出最好状态献给祖国，告诉她我们羌乡的新变化。” 　　当年，你救了我；现在，我成了你。 　　唐磊 通过天安门的那一刻，凝聚着北川乡亲们的牵挂、父母的骄傲，更见证着一个男孩从“被守护”到“守护者”的成长。 来源： 央视新闻综合 成都商报、四川观察、人民空军 本期编辑：胡程远、郑薛飞腾 觉得好看，请点这里 ↓ ↓ ↓
“您为什么总打听部队的事？”潜入军事管理区，夏某被抓获！,https://mp.weixin.qq.com/s/8BXWrKRlTe4B9LL9URsgjw,2025-09-23,　　“感谢您的善举，但您为什么总打听部队的事？”一位村民的疑问，揭开了一场精心伪装的“慈善救助”骗局。 　　表面上，夏某是一位爱心人士，背地里，他却悄悄记录我军事管理区数据，私下打探相关单位内部情况，引诱村民提供敏感信息。 国家安全机关在掌握夏某违法犯罪证据基础上，依法对其进行了打击处置。 　　9月9日，“国家安全部”微信公众号披露了这起披着“慈善”外衣的窃密案件。 　　国家安全机关工作发现，某境外组织长期从事对华渗透活动，在境外设立培训基地，招募人员接受涉华项目培训。培训结束后，该组织派遣人员，以登山探险、慈善救助等“合法外衣”为掩护，深入我边远地区，开展非法调查活动。 　　境外人员夏某及相关人员受该组织派遣，深入我西南山区，假借提供医疗帮助等“善举”，接触当地群众，物色“带路人”，博取群众信任，为其非法调查当地政治、经济、地理资源、社会治理等情况提供便利。 　　经查，夏某曾接受过有某国国防部背景的机构的特殊训练，内容包括应急处置、战地生存、越野泅渡、标注并指示GPS坐标等。 夏某还与背景复杂的境外调查咨询公司来往密切，研究涉我政治动向、国防军事、领土利益等多项议题。 　　特别是，夏某还多次指挥相关人员携带专用测绘仪，潜入我军事管理区周边实施非法测绘，并将测绘数据以加密形式传输到境外。国家安全机关通过缜密侦查，固定了夏某等人的违法犯罪证据，依法开展打击处置工作。 来源：国家安全部 本期编辑：胡程远、郑薛飞腾 觉得好看，请点这里 ↓ ↓ ↓
亲爱的老师，祝您节日快乐！,https://mp.weixin.qq.com/s/HGMLle3TtYMgpNFGjim0EA,2025-09-23,伴我一程，感恩一生 亲爱的老师 祝您节日快乐 来源：人民日报客户端，制作： 朱艺彤 钟金叶 黄鹏飞 本期编辑：李娜、陈子涵 觉得好看，请点这里 ↓ ↓ ↓
来了！新闻早班车,https://mp.weixin.qq.com/s/-Afj9fXGqTHbWQIDhvehaw,2025-09-23,点击这里，查看更多精彩内容 要闻 9 月9日上午，国家主席习近平在北京人民大会堂会见葡萄牙总理蒙特内格罗 。 在第四十一个教师节来临之际，中共中央总书记、国家主席、中央军委主席习近平给全国特岗教师代表回信，提出殷切希望，并向全国广大教师和教育工作者致以节日祝贺和诚挚问候 。 9月9日，中共中央总书记、国家主席习近平就朝鲜国庆77周年向朝鲜劳动党总书记、国务委员长金正恩致贺电 。 工信部消息，我国新能源汽车去年产量突破1300万辆，产销量连续10年保持全球第一 。 国家税务总局消息，8月份，全国企业销售收入增速较7月份加快0.9个百分点 。 截至今年7月底，全国累计建成5G基站459.8万个，千兆端口数达3053.2万个，实现“县县通千兆、乡乡通5G、村村通宽带” 。 今年上半年，国家高新区企业实现营业收入26.9万亿元，同比增长6.5% 。 9日3时48分，我国太原卫星发射中心在山东日照附近海域使用捷龙三号运载火箭，成功将吉利星座05组卫星发射升空 。 9日10时00分，我国在文昌航天发射场使用长征七号改运载火箭，成功将遥感四十五号卫星发射升空 。 社会 水利部消息，受暴雨影响，广东、广西、云南、海南等地11条中小河流发生超警洪水 。 市场监管总局发布报告，2024年，全国共查处各类不正当竞争案件1.42万件、罚没款8.05亿元 。 中国银行原党委委员、副行长林景臻涉嫌严重违纪违法，目前正接受中央纪委国家监委纪律审查和监察调查 。 近日，检察机关依法对十三届全国政协经济委员会副主任张效廉涉嫌受贿一案提起公诉 。 9日上午，国产九价HPV疫苗在福建厦门开打，标志着我国自主研发的九价HPV疫苗正式投入使用 。 9日晚，中国U22男足在2026亚足联U23亚洲杯预选赛中0比0战平澳大利亚队，晋级U23亚洲杯正赛 。 广西梧州市苍梧县联合调查组发布“石桥中学女生遭欺凌”事件情况通报。 详讯 8日，大连机场口岸出入境客流量超100万人次，比2024年提前52天迎来百万人次大关 。 9日，三星堆文化旅游发展区在四川德阳广汉全面启动建设 。 政策 天津调整最低工资标准，月最低工资标准由2320元调整为2510元 。 上海发文支持数字广告新技术新业态创新，对符合条件的企业按照研发费用投入的10％—50％，给予最高不超过500万元支持 。 陕西印发方案，对中小民营企业知识产权质押融资给予最高30%贴息 。 今日天气 广西中北部和南部沿海、贵州南部、湖南西部、广东南部、云南南部、安徽南部、江西北部、浙江大部、辽宁中部等地部分地区有大到暴雨，其中，广西西北部等地部分地区有大暴雨 。 早安中国 　　每个清晨，遇见大美中国。 今天是教师节，早安。在知识的海洋里，老师是智慧的灯塔，照亮前行的路。数不清的教案和板书，是您最美的勋章。您的辛勤付出和无私奉献，让学生们不断成为更好的自己。亲爱的老师，祝您节日快乐，桃李满园 ！ 人生是一场马拉松，改变不一定发生在某个爆发的瞬间，而在于途中的坚持。只要一直走下去，蓦然回首时你会发现，很多曾经以为难以到达的地方， 早已留下自己的足迹。新的一天，早安 ！ 本期编辑：林帆 ，实习生： 余典 、 赵梦媛 ｜主播： 韦礼义 觉得好看，请点这里 ↓ ↓ ↓
【夜读】教师节，别忘了给老师送上祝福！朋友圈文案和配图替你准备好了,https://mp.weixin.qq.com/s/FYVQ_XS1rGfF91XpO9ifiw,2025-09-23,从加减乘除到世界版图，是您带我遨游知识之海，遍览世界精彩。 老师对学 生的爱，如同信 风如期而至，从不停歇。 我不是您最出色的学生，您却是我最崇拜的老师。 老师的教育，就是一棵树摇动一棵树，一朵云推动一朵云，一个灵魂唤醒另一个灵魂。 老师用鼓励的目光，为每一朵花提供适合的土壤，呵护每一株幼苗成长。 有些知识或许已“还给老师”，但谆谆教诲永远铭记于心。 上知天文，日月星辰尽为伴；下晓地理，江河湖海皆作友。祝福无所不通的您，教师节快乐！ 父母给了我看世界的眼睛，老师指引了我看世界的路。 在知识的海洋里，老师始终是那座最亮的灯塔。 师恩难忘，您对我的鼓励和帮助让我成为了今天的自己。 “师者何以为师”？ 我想 ，大概就是示以美好，授以希望吧。 人生没有送分题，好在老师教过解题的方法。 一方书桌，三尺讲台，教书育人，四季不歇。 那支白色的粉笔，绘下了无数个未来。 是您让雏鹰的翅膀，有了直冲云霄的力量。 上学时严厉教导的是您，毕业时红着眼眶的也是您。 那些沉默的灌溉，是最朴实的关爱。 老师的言传身教，是成长路上最生动的教科书。 曾以为离开老师就能无拘无束，后来才发现，那些有老师“兜底”的日子是多么美好。 曾经听得“耳朵起茧”的教导，如今想来，甚是怀念。 小时候，最盼望下课铃声；长大后，总想要重回课堂。 您用沙哑的声音，将顽石雕琢成了美玉。 您的话语，是这一生读不完的书。 阅遍生活的宽度，才懂老师教诲的高度。 在这个蓝色星球中，每个人都是星辰，不同的是，您是星辰，也是照亮星辰的人。 感谢您包容青春时的叛逆，一次次托举少年的梦想。 一撇一捺培育人才，一日一月教会明理，一点一滴汇成学海，一生一世难忘师恩。 亲爱的老师，感谢您陪伴我一程，影响我一生！ 其实，我们提供的文案和配图 不过是抛砖引玉 教师节这天 老师们最想收到的 是真挚的祝福和感谢 最好的祝福文案 就是写下一件你和老师之间 最难忘的小事 你与老师之间有什么难忘的故事？ 对你影响最大的是哪位老师？ 欢迎在留言区写下你的故事 祝所有 教师和教育工作者 节日快乐 来源：人民日报夜读综合 本期编辑：方梓祎、冯昌泰，实习生： 陈皓迪 觉得好看，请点这里↓ ↓ ↓
🧠“长脑子”最快的5个小妙招！超简单，强烈建议你试试,https://mp.weixin.qq.com/s/ITeB0dQjkjjlCP-wM_tA3A,2025-09-23,"先来投个票↓ ↓ ↓ 不少网友可能都有“感觉自己脑子好像不够用了”的时刻。 如今，很多人常陷在手机里，短视频、App消息提示不仅占了一个人的时间，更挤占大脑。 研究显示， 持续信息过载会减少大脑海马体突触连接、降低神经递质分泌，导致记忆提取错误率上升 。 不过别担心，虽然大脑长大后确实不会再有显著物理跃迁，但 大脑的神经元可塑性非常高 ，生活中做这些小事就能帮我们重新“长长脑子”。 01 吃鱼补脑 鱼和其他食物最大的区别是 鱼富含 Omega-3  ， 这种人体必需的脂肪酸无法自行合成，需从食物摄取， 且 有 降血脂、 增强免疫力、辅助改善记忆的功 能 。 这也印证了“多吃鱼有益”的说法。 根据《中国居民膳食指南  (2022)  》， 每周吃鱼 2 次为佳，大约 300 ～ 500克 。 02 运动健脑 运动既能强身，也能 “健脑”——让负责记忆的 关键脑区（ 海马体）变大。 《实验老年学 》一项研究显示： 将受试者分为两组， 一组受试者进行每周3次、每次50～80分钟的 运动和力量训练，半年后MRI扫描发现其海马体明显变大； 相比之下， 没有锻炼的对照组海马体在半年内则因正常老化而体积缩小。 海马体是大脑中掌管学习、记忆的核心区域 ， 它的萎缩与记忆力下降的风险增加密切相关。 运动能让它 “逆生长”， 意味着可能有助于保护记忆、延缓认知衰退、降低痴呆风险 。 以下是被证实“健脑”效果最好的4类运动—— ■  中等强度的有氧耐力运 动 比如快走、慢跑、游泳、骑自行车等等。每周至少150分钟，心率维持在最大心率的60%～70%左右， 如果你判断不出来，可以用一个小方法来大概衡量——“能说话但不能唱歌”的程度。 ■  高强度间歇训练 高强度间歇训练是指短时间、持续高强度运动和短时间静息/低强度运动交替组成的一种体育锻炼方式。不过，这类运动更建议有一定运动基础的人进行，需要注意避免运动损伤。 ■ 认知- 运动结合的 技巧性运动 这类运动指的是那种需要“身体动作+大脑思考”同时参与的运动，它比重复熟悉动作更能刺激大脑，尤其适合平常存在“注意力不集中”“大脑经常一片空白”的朋友。 比如球类运动、舞蹈，还有时下非常流行的攀岩。 ■  力量训练（抗阻训练） 比如深蹲、平板支撑、俯卧撑、使用健身器械等等。需要注意的是，要避免“突击运动”，大脑的神经保护、海马体的体积维持都是“长期效应”。 如果你感觉从“不动”到“动起来”的这个过程非常难，也可以先从工作间隙散散步、下班后提前一站地铁下车走回家或者骑车子回家这种比较容易的小事开始。 03 早睡养脑 早睡、不熬夜，对大脑有充分的养护作用，一个好的睡眠比什么都重要。 大脑在安静休息或睡眠时（尤其非快速眼动睡眠期），海马体产生特殊脑电波，这被 认为是记忆巩固的黄金时间窗口。此时大脑会像“回放电影”一样，重新激活并整理白天的经历，把短期记忆转化为长期记忆。 但熬夜缺觉会让海马体神经元持续高频率放电，打乱记忆整理，就算熬夜后补觉也补不回对记忆力的影响 。 04 读书强脑 一项发表在《大脑皮层》（Cerebral Cortex）上的研究中，研究人员比 较了三类人群，分别是“不会阅读的文盲”“从小就开始阅读的人群”“长大后才开始阅读的人群”，结果表明： 阅读会让左脑弓状束的特定部分 （连接 颞叶和顶叶的区域）结构发生显著变化 。 这种变化意味着神经纤维束更有序、更密 集，信息沿着固定方向传输更顺畅，神经纤维束周围的包裹（髓鞘）更完整，减少了信息在传输过程中的 “ 泄漏 ” 或干扰，而这增强了我们大脑的认知 能力，读写能力。 如果发现自己已经“丧失”深度阅读技能，可以从简单日常练起。比如听熟悉的歌回忆下一句歌词；用路边车牌或广告牌造长句； 完整看完 这篇文章要 再用自己的话总结，不要中途跳出 。 总之，就是让大脑始终处在“需要稍微用力思考”的状态，而非单纯的“躺平接受信息”。 05 音乐醒脑 听音乐的过程，对大脑来说，像是一场多感官的调动训练。 过往有研究表明， 负责听觉、视觉以及运动感觉的脑区在音乐家的大脑中展现出不同 。 经过音乐训练之后, 听觉系统在处理声音时会更敏感, 人们可以察觉到较小的频率差异，控制与乐器演奏相关的肌肉和身体 (如手指、嘴部等) 的脑区 变大了，甚至阅读分数的高低也与乐感的高低呈相关关系。 为了更好的“长脑子”，我们可以把这几个习惯形成闭环，产生叠加效益： 晨间运动加晨读激活神经可塑性，提升日间学习效率； 路上听歌放松大脑，帮紧绷的神经慢慢舒展； 午间小睡固化上午所学，为大脑“腾出内存”； 晚餐蒸鱼提供omega脂肪酸，辅助大脑改善； 深度睡眠完成记忆刻录与毒素清理，开启新循环。 快转发给家人朋友 一起试试吧 来源：科普中国，作者：丁宇 神经生物学博士，审核：詹丽璇 广州医科大学附属第二医院神经内科教授 中华医学会神经病学分会生化学组委员 本期编辑：李娜、陈子涵 转发给家人朋友 ↓ ↓ ↓"
人民币，大消息！,https://mp.weixin.qq.com/s/zFf-j685BJRHQ2E9bi-otQ,2025-09-23,2025年9月7日至8日，中国人民银行行长潘功胜在出席国际清算银行行长例会期间分别 与 欧洲中央银行行长拉加德、 瑞士国家银行行长施莱格尔 和 匈牙利国家银行 行长沃尔高 签署双边本币互换协议 ， 并 就国际经济金融形势以及双边金融合作等议题交换意见。 中欧双边本币互换规模为 3500亿元人民币/450亿欧元，协议有效期三年。中瑞双边本币互换规模为1500亿元人民币/170亿瑞士法郎，协议有效期五年。中匈双边本币互换规模为400亿元人民币/ 1.9万亿 匈牙利福林，协议有效期五年。 上述双边本币互换协议续签，有助于进一步深化双边货币金融合作，促进中国与相关经济体的双边贸易和投资便利化，维护金融市场稳定。 中国人民银行行长潘功胜与欧洲中央银行行长拉加德续签中欧双边本币互换协议 中国人民银行行长潘功胜与瑞士国家银行行长施莱格尔续签中瑞双边本币互换协议 中国人民银行行长潘功胜与匈牙利国家银行行长沃尔高续签中匈双边本币互换协议 来源：中国人民银行 本期编辑：李娜、陈子涵 觉得好看，请点这里 ↓ ↓ ↓
习近平回信勉励全国特岗教师代表,https://mp.weixin.qq.com/s/dguWRovRdGUXsLinmmKHbg,2025-09-23,习近平回信勉励全国特岗教师代表 不断提高教书育人本领 努力培养出更多德智体美劳全面发展的社会主义建设者和接班人 李强对做好特岗教师工作作出批示 在第四十一个教师节来临之际，中共中央总书记、国家主席、中央军委主席习近平给全国特岗教师代表回信，提出殷切希望，并向全国广大教师和教育工作者致以节日祝贺和诚挚问候。 习近平在回信中说，“特岗计划”实施20年来，广大特岗教师积极投身乡村教育事业，扎根三尺讲台，潜心耕耘、默默奉献，展现了人民教师的情怀和担当。 习近平强调，教育大计，教师为本。希望你们继续坚守教育初心，不断提高教书育人本领，用心用情呵护引导孩子们健康成长，努力培养出更多德智体美劳全面发展的社会主义建设者和接班人，为推进乡村振兴、建设教育强国作出新的贡献。 中共中央政治局常委、国务院总理李强对做好特岗教师工作作出批示指出，习近平总书记给全国特岗教师代表回信，充分体现了党中央对教师队伍的关心和重视。广大教师和教育工作者要坚持以习近平新时代中国特色社会主义思想为指导，大力弘扬教育家精神，全面落实立德树人根本任务，到祖国和人民最需要的地方传道授业、教书育人，为教育强国建设贡献更大力量。 农村义务教育阶段学校教师特设岗位计划（简称“特岗计划”），由中央财政设立专项资金，专门用于公开招聘高校毕业生到中西部农村学校任教。“特岗计划”2006年实施以来，累计选聘特岗教师118万人，覆盖22个省份、1000多个县的3万多所农村学校。近日，获得过全国“最美教师”等荣誉的8位全国特岗教师代表给习近平总书记写信，汇报在乡村教育一线工作的情况和体会，表达牢记初心使命、扎根乡村教书育人的决心。 【回信全文】 习近平给全国特岗教师代表的回信 来源：新华社 本期编辑：李娜、陈子涵 觉得好看，请点这里 ↓ ↓ ↓
租房押金不得随意扣减！租房新规下周施行,https://mp.weixin.qq.com/s/pgDGVo6uLsb-N3YZ6CH-Aw,2025-09-23,下周一（9月15日）， 我国首部专门规范住房租赁活动的行政法规——《住房租赁条例》将正式施行。 《条例》对出租承租活动，住房租赁企业和经纪机构的行为等都做了明确的要求。 《条例》如何保护 出租人和承租人的合法权益？ 对用于出租的住房提出明确要求 用于出租的住房应当符合建筑、消防等相关规定和强制性标准，不得危及人身安全和健康； 厨房、卫生间、阳台、过道、地下储藏室、车库等非居住空间不得单独出租用于居住； 租赁住房单间租住人数上限和人均最低租住面积应当符合设区的市级以上地方人民政府规定的标准。 加强合同管理 出租人和承租人应当使用实名签订住房租赁合同，住房租赁合同应当向所在地房产管理部门备案。 针对承租人合法权益保护不到位的问题 《条例》规定 住房租赁合同 应当明确约定押金的数额、返还时间以及扣减押金的情形等事项， 出租人无正当理由不得扣减押金 ； 出租人解除住房租赁合同 应当通知承租人并为承租人腾退租赁住房留出合理时间，不得采取暴力、威胁或者其他非法方式迫使承租人解除合同或者腾退住房。 在引导和规范住房租赁企业发展方面 《条例》作了哪些规定？ 住房租赁企业是指以自有住房或者依法取得经营管理权的他人住房开展住房租赁经营业务的企业，《条例》明确规定： 住房租赁企业应当具备与其经营规模相适应的自有资金、从业人员和管理能力，向所在地房产管理部门报送开业信息； 发布的房源信息应当真实、准确、完整， 不得发布虚假或者误导性房源信息或者隐瞒、拒绝提供拟出租住房重要信息 ； 住房租赁企业应 建立住房租赁档案，健全内部管理制度，不得非法收集、使用、加工、传输或者非法买卖、提供或者公开他人个人信息； 住房租赁企业应 向房产管理部门报送其经营的租赁住房信息； 从事转租经营的按规定设立住房租赁资金监管账户并通过该账户办理住房租赁资金收付业务。 此外，考虑到实践中存在自然人从事转租业务且规模较大的情况，《条例》还规定， 自然人转租他人住房开展住房租赁经营业务，经营规模达到国务院住房城乡建设主管部门会同国务院市场监督管理部门等有关部门规定标准的，适用本条例有关住房租赁企业的规定 。 想要查看完整条例，请点击这里： 住房租赁条例 来源：央视新闻、人民日报客户端 本期编辑：李娜、陈子涵 转发，提醒 ↓ ↓ ↓
林景臻被查！,https://mp.weixin.qq.com/s/soHlT4Ls8b6oHpb6FFSzUw,2025-09-23,中国银行原党委委员、副行长林景臻涉嫌严重违纪违法，目前正接受中央纪委国家监委纪律审查和监察调查。 来源：人民日报客户端 本期编辑：李娜、陈子涵 觉得好看，请点这里 ↓ ↓ ↓
抵制恶性补贴！市场监管总局已约谈主要外卖平台,https://mp.weixin.qq.com/s/YKb9MYnbLx83ArY97tfXaQ,2025-09-23,记者今天（9月9日）从市场监管总局召开的例行发布会上了解到，针对近期外卖平台补贴争议，市场监管总局新闻发言人王秋苹介绍， 市场监管总局已经及时约谈主要外卖平台，相关平台快速响应，集体发声，承诺严守法律法规，杜绝不正当竞争，抵制恶性补贴，推动行业规范有序发展。 下一步，市场监管总局将密切关注外卖行业竞争情况，要求提升服务质量，严守食品安全底线，保障消费体验；督促平台合理控制补贴，避免冲击正常价格体系；推动平台加大对商家的扶持力度，提高骑手权益保障，构建消费者、商家、骑手、平台多方共赢的良性生态。 来源：人民日报客户端 本期编辑：李娜、陈子涵
迪奥（上海）公司被罚！,https://mp.weixin.qq.com/s/0ENv4nOhIhNKbIsGOy8Z9Q,2025-09-23,　　据国家网络安全通报中心消息，今年5月，多家媒体报道法国时尚消费品牌迪奥发生数据泄露事件，中国大陆地区用户也陆续收到迪奥官方警示短信。对此，公安网安部门组织对迪奥（上海）公司依法开展行政调查。经查，迪奥（上海）公司存在三项违法事实：一是未通过数据出境安全评估、订立个人信息出境标准合同或通过个人信息保护认证，违规向法国迪奥总部传输用户个人信息。二是向法国迪奥总部提供用户个人信息前，未向用户充分告知其个人信息境外接收方的处理方式，未取得用户“单独同意”。三是未对收集的个人信息采取加密、去标识化等安全技术措施。 属地公安机关依据《个人信息保护法》规定，对迪奥（上海）公司依法予以行政处罚。 　　安全提示：公民个人信息受法律保护。请个人信息处理者以此案为鉴，遵循合法、正当、必要和诚信原则，落实《个人信息保护法》关于个人信息处理、跨境提供相关规定，规范个人信息收集、存储、使用、加工、传输、提供、公开、删除等全生命周期处理活动，切实保护用户个人信息安全。 来源：人民日报客户端 本期编辑：李娜、陈子涵 觉得好看，请点这里 ↓ ↓ ↓
痛别！巨星陨落,https://mp.weixin.qq.com/s/faPECsS65BgWYuuSZzWwXg,2025-09-23,中国共产党党员、中国工程院院士、棉花遗传育种专家、中国农业科学院棉花研究所原所长喻树迅 同志，因病于2025年9月7日在三亚逝世，享年73岁。 喻树迅，男，湖北麻城人，1953年11月出生。1972年4月加入中国共产党。1979年12月毕业于华中农业大学，同年到中国农业科学院棉花研究所工作，1998年3月晋升为研究员。曾任中国农业科学院棉花研究所所长、党委书记，中国棉花学会理事长、农业部棉花生产专家顾问组首席专家、国家现代农业产业技术体系棉花体系首席科学家、“973计划”项目首席科学家。2011年当选中国工程院院士。 喻树迅长期致力于棉花短季棉遗传育种研究，提出了我国短季棉区划和短季棉育种目标，主持或参加育成多个短季棉品种，培育系列具有自主知识产权的转基因抗虫棉品种，开展棉纤维发育基础理论研究，为我国棉花应用基础研究作出了突出贡献。曾获国家科学技术进步奖一等奖、二等奖，何梁何利基金科学与技术进步奖，首届中华农业英才奖。 致敬！ 一路走好 来源：光明日报 本期编辑：刘杰、阮可欣 致敬！ ↓ ↓ ↓
2087名学生感染！酒精对它无效，这种病毒进入流行期→,https://mp.weixin.qq.com/s/oc3A2Wzt7CujQyL0aRNsDg,2025-09-23,　　9月8日，国家卫健委举行新闻发布会，介绍时令节气与健康有关情况。湖北省疾控中心主任医师官旭华介绍， 9月份以后 ， 诺如病毒开始进入流行期，一般情况下每年10月至次年3月是诺如病毒感染流行季节。 　　此前，辽宁省沈阳市疾病预防控制局发布通报：8月31日，沈阳师范大学校医院陆续接诊了一批出现呕吐、腹泻等症状的学生。截至9月7日17时，累计报告有胃肠炎症状者2087人。 　　经流行病学调查并结合供水系统现场勘察和实验室检测结果，综合判定本起事件系由学校第三生活区自备井蓄水池受诺如病毒污染引发的突发公共卫生事件。 诺如病毒有何特征？ 　　诺如病毒原名诺瓦克病毒，属于杯状病毒科，是引起急性胃肠炎的最主要病原体。 诺如病毒通过粪口途径传播，传播方式多样，包括人与人之间的接触传播、经诺如病毒污染的食物或水传播。学校、托幼机构等人群聚集场所是诺如病毒高发场所。 致病能力强 　　只需极少的病毒量就可以传染，最低 感染剂量为18个病毒粒子 。而一个人感染后，一次能排出数十亿个病毒粒子。 生 存能力强 　　诺如病毒在0℃—60℃的温度范围内可存活，病毒可在物体表面存活2周，在水中存活2个月以上。75%酒精、免洗洗手液无法灭活诺如病毒。 下手不挑人 　　诺如病毒具有全人群普遍易感的特点，各年龄段人群都可能会感染。 感染诺如病毒有哪些症状？ 　　诺如病毒感染后的潜伏期短， 最短12小时，最长72小时 ，通常2天内就会发病，可能会出现以下症状： 呕吐、腹泻等急性胃肠炎症状。儿童易出现呕吐症状，成人多出现腹泻症状。 发热、畏寒、头痛、肌肉酸痛。 腹泻次数从几次到数十次不等，粪便稀水样，无脓血样便。 　　诺如病毒感染是自限性疾病，一般2—3天后可自行康复。不过，如果出现脱水等情况，应立刻就医： 一天内尿量很少或颜色特别黄；  嘴唇干裂、皮肤失去弹性；儿童哭闹时没有眼泪；头晕眼花、站不稳。 如何预防诺如病毒？ 　　预防诺如病毒感染要做到以下几个方面： 勤洗手。 在餐前、便后、加工食物前和外出回家后，做好手部清洁。 建议使用肥皂或者是洗手液，用流水洗手20秒以上。 注意饮食饮水安全。 不要喝生水 ，建议喝开水或瓶装水，食用蔬菜和水果前要彻底洗净。 烹饪加工食品时要做到 生熟分开 ，避免交叉污染，确保我们吃的食物要煮熟煮透，尤其食用贝类产品时。外出就餐时，要选择卫生条件良好的餐厅。 做好居室日常清洁和通风。 要 确保厨房餐具的清 洁，及时处理垃圾 。 规范消毒。 如果家庭成员出现了胃肠炎症状，要对呕吐物和排泄物进行规范处理，对污染的环境和物体表面用含氯消毒剂彻底消毒 。对于门把手、马桶按钮以及卫生间这些接触频繁、容易病毒污染的区域和部位要定时进行消毒。 　　感染以后，尽量居家休息，减少与他人的密切接触。 对于特殊岗位的人员，比如厨师、育婴员以及外卖快递员不要带病上岗。 来源： 央视新闻综合国家应急广播 本期编辑：刘杰、阮可欣 觉得好看，请点这里 ↓ ↓ ↓
明日启程，接英雄回家！,https://mp.weixin.qq.com/s/sC8WpBCgyfo9ym2zHt_V9A,2025-09-23,9月9日上午，退役军人事务部举行新闻发布会，介绍第十二批在韩中国人民志愿军烈士遗骸归国安葬活动相关情况。 相关负责人表示， 截至目前， 已经顺利 完成已迎回的前11批981位在韩志愿军烈士遗骸鉴定比对， 并成功为28位在韩志愿军烈士确认身份。 日前，退役军人事务部与韩国国防部就实施第十二批在韩中国人民志愿军烈士遗骸交接工作达成一致， 韩方将于9月12日向中方移交30位在韩中国人民志愿军烈士遗骸及相关遗物。 英雄回家！安葬仪式13日举行 9月10日， 中方高级别代表团组、解放军仪仗司礼大队、“运-20”运输机等启程赴韩国执行交接任务。 9月11日中午， 在韩国仁川志愿军烈士遗骸临时安置所举行装殓仪式、签署交接书。 9月12日上午， 在韩国仁川国际机场停机坪，韩方将在韩志愿军烈士遗骸交给中方，中方代表团组和驻韩使馆人员举行悼念仪式，随后，中方代表团组护运在韩志愿军烈士遗骸回国。 9月12日上午约11时30分， 在沈阳桃仙国际机场隆重举行迎回仪式。 9月13日上午10时， 在沈阳抗美援朝烈士陵园庄严举行安葬仪式，中央和国家机关、军委机关有关单位负责同志，抗美援朝老战士、烈士亲属代表，部队官兵、社会群众等代表将参加迎回和安葬仪式。 山河已无恙 英雄请回家 来源：人民日报微信，记者：李龙伊，海报：林渊 本期编辑：刘杰、阮可欣 一起接英雄回家！ ↓ ↓ ↓
习近平就朝鲜国庆77周年向朝鲜最高领导人金正恩致贺电,https://mp.weixin.qq.com/s/DEyCFAo8NiGppELyUqR4Og,2025-09-23,9月9日，中共中央总书记、国家主席习近平就朝鲜国庆77周年向朝鲜劳动党总书记、国务委员长金正恩致贺电。 习近平指出，77年来，朝鲜劳动党团结带领朝鲜人民不懈奋进，推动朝鲜社会主义各项事业不断发展。近年来，在以总书记同志为首的朝鲜劳动党领导下，朝鲜人民为圆满完成朝鲜劳动党八大提出的目标任务奋力拼搏，取得很多可喜成就。相信朝鲜人民一定能够以昂扬的精神和卓越的成绩迎接朝鲜劳动党九大的召开，开启朝鲜式社会主义建设事业的新篇章。 习近平强调，中朝两国是山水相连的传统友好邻邦。维护好、巩固好、发展好中朝关系始终是中国党和政府坚定不移的战略方针。日前总书记同志来华出席中国人民抗日战争暨世界反法西斯战争胜利80周年纪念活动，我同你再次会晤，共同规划了两党两国关系发展蓝图。中方愿同朝方加强战略沟通，密切交往合作，携手推进中朝友好和两国社会主义事业，为地区乃至世界的和平与发展作出更大贡献。 来源：人民日报客户端 本期编辑：刘杰、阮可欣 觉得好看，请点这里↓ ↓ ↓
广西苍梧县通报“中学女生遭欺凌”事件,https://mp.weixin.qq.com/s/fg-3Oui3t26lV1vNrxtuNA,2025-09-23,9月9日， 广西梧州市苍梧县联合调查组发布 “ 石桥 中学女生遭欺凌”事件 情况通报。以下为全文： 2025年9月5日晚，网络上流传“我县石桥中学发生学生欺凌”的视频，引发网友关注。9月7日，根据县联合调查组的调查情况，县教育局对石桥中学涉嫌存在工作失职失责问题的 校长潘某某，副校长梁某某、车某某，以及班主任魏某某责令停职检查， 由县教育局另行委派人员进驻学校加强管理。根据《中华人民共和国预防未成年人犯罪法》相关规定， 对9名实施欺凌的学生依照程序送专门学校接受矫治教育，并对涉事学生家长进行法治教育。 我县对校园欺凌始终坚持“零容忍”态度，坚决做到发现一起、查处一起、严惩一起，绝不姑息。 苍梧县联合调查组 2025年9月9 日 来源：今日苍梧 本期编辑：刘杰、阮可欣 严禁校园欺凌 ！ ↓ ↓ ↓
张效廉被提起公诉！,https://mp.weixin.qq.com/s/9hHGAEtiUenbUq_JINESgg,2025-09-23,十三届全国政协经济委员会副主任张效廉涉嫌受贿一案，由国家监察委员会调查终结，经最高人民检察院依法指定，由河北省石家庄市人民检察院审查起诉。近日，石家庄市人民检察院已向石家庄市中级人民法院提起公诉。 检察机关在审查起诉阶段，依法告知了被告人张效廉享有的诉讼权利，并讯问了被告人，听取了辩护人的意见。检察机关起诉指控：被告人张效廉利用担任黑龙江省哈尔滨市委副书记、市长，黑龙江省委常委、宣传部部长，十三届全国政协农业和农村委员会副主任，十三届全国政协经济委员会副主任等职务上的便利，以及职权或者地位形成的便利条件，为他人谋取利益，非法收受他人财物，数额特别巨大，依法应当以受贿罪追究其刑事责任。 来源：人民日报客户端，记者：倪弋 本期编辑：刘杰、阮可欣 觉得好看，请点这里 ↓ ↓ ↓
学生被嘲“唐人”，一老师当场怒斥！,https://mp.weixin.qq.com/s/6Y-cKKd8cfY1RovTygtfdA,2025-09-23,　　近日，重庆一名 初中班主任在社交平台发布 “ 抵制网络烂梗进校园” 的视频，引发广泛关注。 　　视频中，该班主任发现班上学生使用“ 唐人 ”一词嘲笑同学，经查阅后得知该词已演变为影射“ 唐氏综合征 ”的侮辱性网络烂梗，随即在班内严肃批评并教育学生。 　　该班主任称：“我不知道‘唐人’是什么意思，作为历史老师，我唯一知道的就是唐人街，中华民族引以为傲的文化符号，所以我不知道它是什么意思。我就去网上搜，结果我越搜越生气， 这句话已经引申到了说别人是‘唐氏综合症’ 。” 　　她强调  “ 人有三不笑，不笑天灾、不笑人祸、不笑疾病 ，更何况是用某一种很严重的疾病的类型，来作为一个网络烂梗来攻击别人，不管你是攻击了我们的同学还是其他人， 你用‘唐人’这个用疾病命名的一个烂梗来攻击别人，对那些患这个疾病的人也很不尊重 。所以我不希望我们班再出现这样的一个情况。” 　　在该视频走红后，这名班主任的行为得到不少网友的认可，“什么时候开始拿疾病嘲讽人了？” 　　9月8日，该班主任表示，经过引导，学生们理解了该词的不当含义，已经停止使用该梗， 被嘲笑的学生也获得了道歉 。 　　这并非网络 “烂梗”第一次引发担忧。此前，中国青年报的一项调查 显示， 69.0%的受访者担心网络“烂梗”泛滥影响青少年“好好说话”，受访家长对此有担心的比例更高，为74.4% 。超半数受访者认为网络“烂梗”会导致青少年乱用词汇和养成不文明的语言习惯。 　　 “青少年喜欢玩‘梗’有其特殊心理需求，如获取认同、给自己解压等。家长和教师要重视网络现象、网络亚文化潜移默化的影响，适时帮助青少年提高思辨能力 和网络素养，同时也要特别注意 一味批评反而可能触发青少年的逆反心理 。”  中国青少年研究中心研究员 孙宏艳指出， 社交媒体平台也应积极承担社会责任 ，主动发挥正向引领作用， 把好语言、内容关，为青少年推送健康向上的网络内容。 　　山东大学文化传播学院副教授 周妍认为，学校教育要加强语文教育，从青少年的阅读内容和阅读方式出发，引导他们多阅读经典文本， 用更多优美的语言塑造他们的表达方式，增强对网络“烂梗”的抵抗力 。 你还有哪些建议？ 来源：中国青年报综合 中青报抖音、中青报客户端（ 记者：王志伟） 本期编辑：刘杰、阮可欣 觉得好看，请点这里 ↓ ↓ ↓
演员刘某某在车站被大量旅客围堵拍照，有人摔倒！铁路部门通报,https://mp.weixin.qq.com/s/8B3As76QSPcYtw4a6SN4Ag,2025-09-23,　　9月8日下午，中国铁路郑州局集团有限公司郑州站发布 关于演员刘某某抵达开封北站被旅客跟随拍照的情况说明： 　　9月6日晚上22时许， 演员刘某某乘坐北京西至商丘的G1555/8次列车到达开封北站正常下车时，在站 台 被30余名持有本次列车车票、正常检票进站的旅客围堵拍照， 一直跟随刘某某至出站口。 　　车站工作人员和铁路公安民警见状后，迅速组织疏散引导，维护乘降组织秩序。 经应急处置，刘某某顺利出站，个别旅客在跟随拍照中摔倒，无人员伤亡，未影响该次列车正常发车， 未影响其他旅客正常上下车和进出站。 　　郑州站呼吁广大旅客， 共同维护公共秩序，共建文明出行良好环境。 来源：铁路郑州站 本期编辑：刘杰、阮可欣 觉得好看，请点这里 ↓ ↓ ↓
来了！新闻早班车,https://mp.weixin.qq.com/s/CynJExkN0pRpom88i4UCdA,2025-09-23,点击这里，查看更多精彩内容 要闻 9月8日晚，国家主席习近平出席金砖国家领导人线上峰会，并发表题为《团结合作 砥砺前行》的重要讲话 。 9月8日，国家主席习近平向第二十五届中国国际投资贸易洽谈会致贺信 。 最新数据显示，2024年我国对外直接投资净额为1922亿美元，比上年增长8.4% 。 中国期货业协会消息，1至8月全国期货市场累计成交额为476.12万亿元，同比增长22.85% 。 海关总署消息，今年前8个月，我国货物贸易进出口总值29.57万亿元，同比增长3.5% 。 受近期降雨影响，黄河中游泾渭河出现明显涨水过程，8日，水利部启动2025年汛期黄河调水调沙 。 商务部消息，中国连续16年保持东盟第一大贸易伙伴地位，东盟连续5年成为中国第一大贸易伙伴 。 退役军人事务部消息，韩方将于9月12日向中方移交30位在韩中国人民志愿军烈士遗骸及相关遗物 。 外交部8日公布关于对日本参议员石平采取反制措施的决定。 详讯 社会 水利部和中国气象局联合发布山洪灾害气象预警：预计8日20时至9日20时，广西中部和东部等地部分地区发生山洪灾害可能性大 。 国铁集团消息，10月1日起，全国铁路旅客运输领域将全面使用电子发票，不再提供纸质报销凭证 。 文旅部近日公布2025年第三批旅游市场强制消费问题典型案例。 详讯 日前，工信部向中国联通颁发卫星移动通信业务经营许可 。 近日，检察机关依法对中国建设银行股份有限公司原党委委员、副行长章更生涉嫌受贿、违法发放贷款一案提起公诉 。 近年来，我国人工智能产业迎来高速发展期，目前人工智能企业数量已超5000家 。 8日，第二十五届中国国际投资贸易洽谈会在福建厦门开幕，来自全球120多个国家和地区、11个国际组织的代表团，以及15000多家企业参展参会 。 今年暑期，上海共接待入境旅客390.1万人次，同比增长14.6%，入境旅客数量创历史纪录 。 8日，国内功率最大的国产商业投运重型燃气轮机“太行110”首台套商业机组在中国航发燃机制造装试基地出厂 。 政策 国家卫健委介绍，育儿补贴申领已正式全面开放，可通过支付宝、微信和各省份政务服务平台线上申领，也可到婴幼儿户籍地的乡镇政府、街道办事处进行现场申领 。 国家药监局就处方药网络零售合规指南公开征求意见，拟进一步增强药品网络销售相关方合规意识和能力，规范处方药网络零售行为 。 北京发文支持普通小客车指标购置新能源小客车，小客车普通指标可不限次数切换购置燃油车或新能源车 。 今日天气 江淮中东部、江南东北部、华南大部等地的部分地区有大到暴雨，其中，广西中东部、广东西部等地的部分地区有大暴雨，局地特大暴雨 。 早安中国 　　每个清晨，遇见大美中国。 青海省青海湖，是我国最大的的内陆咸水湖，水面海拔3194米。黑颈鹤、棕头鸥、斑头雁等保护鸟类恣意飞翔，普氏原羚、牦牛等动物在这里悠然栖息。碧波万顷，风光壮美，青海湖欢迎您！ 热爱是心中的一团火，它驱使我们勇往直前，无惧风雨和挑战。经过无数个日夜的努力，你会发现，那些汗水都已化作照亮前行之路的光芒。新的一天，早安 ！ 本期编辑：林帆、 冯昌泰 ，实习生： 洪舒云 、 向诗雨 ｜主播：蓝艳 觉得好看，请点这里 ↓ ↓ ↓
【夜读】幸福，就在此时此刻,https://mp.weixin.qq.com/s/YI4BdGKOXSqhNgji5ygGlg,2025-09-23,以为时光慷慨 却不一定有来日方长 　　在我们的生活中，常常会“等”：等忙完这阵子就陪父母好好吃顿饭，等手头的事告一段落就约老朋友见一面，等天气再好些就去赴那场搁置了半年的旅行之约，甚至等心情再明朗点，才肯对在意的人说句软话。 　　我们默认时光是慷慨的馈赠者，像个永远敞着门的储物间，把那些“心之所愿”暂且放进去，以为回头需要时总能轻易取出来。我们笃定来日方长，觉得重要的人会一直在原地，想做的事总有补全的机会。 　　可现实往往是，等你终于腾出手， 父母的身体已不如从前，许多丰盛的餐食身体已不允许过多享用；等你想起那句问候，朋友却已经在各自的生活里走散；等你凑够了“合适”的时机，当初想赴的那场旅行之约 ，要么没有了同行的人，要么失去了曾经出发的心情。 　　其实，“等”可能不是缓冲，而是最隐蔽的错过。 最大的遗憾 是从未出发 　　每个人的心里，都有过一些火苗，可能想调整一个习惯，可能想学习一门手艺，可能想花时间深耕一个领域。但常常，我们会把这些念头裹进“等”的拖延里，等手头不那么忙了就开始，等找到了伙伴再开始…… 总觉得再等等，一切会更稳妥，成功的概率也会更高。 　　结果，那些本可以用来努力向前的时光，被我们亲手浪费在“等”里，没有行动，火苗终究只能变成遗憾的泡影，轻轻一碰，就碎成了对过往的惋惜。 　　最大的遗憾，从来不是努力了却没成功，而是从未鼓起勇气出发。总在“等”的人，只会在时光流逝后，扼腕叹息机会从眼前溜走。努力过的人，哪怕最后没能抵达预想的终点，那些流过的汗也会变成成长的养分，让往后的日子多一份底气。 眼下这一刻 此生不会再有第二次 　　喜欢“等”的人，常常会忽略眼下的时光，总觉得这一刻平淡无奇，以后有无数个相似的时刻在未来等着。可实际上，每一个“眼下这一刻”，都是独一无二的，一旦过去，就再也不会重来。 　　眼下这一刻，是我们能真切把握的时光。不必总在期待“更好的时刻”，因为“更好的时刻”永远在想象里，而眼下这一刻，才是最真实、最珍贵的。可以此刻就给父母打个电话，听听他们的唠叨；可以此刻就拿起书，沉浸在文字的世界里；可以此刻就对身边的人说一句“谢谢”，表达心里的感激。 　　人生没有重来的机会，每一个眼下的瞬间，都是此生独有的馈赠。别让“等”偷走了眼下的美好，别让未来的自己，怀念此刻本该珍惜的时光。好好把握眼下这一刻，去做想做的事，去爱想爱的人，才能让人生少一些遗憾，多一些圆满。 来源：人民日报夜读，综合央视新闻等 |  主播：赵文龙 本期编辑：郑薛飞腾，实习生：余典 觉得好看，请点这里↓ ↓ ↓
习近平在金砖国家领导人线上峰会的讲话（全文）,https://mp.weixin.qq.com/s/dvWwdbR1i9_fzoCdV-llwg,2025-09-23,团结合作　砥砺前行 ——在金砖国家领导人线上峰会的讲话 （2025年9月8日，北京） 中华人民共和国主席　习近平 尊敬的卢拉总统， 各位同事： 今天，金砖国家领导人举行线上峰会，就当前国际形势和共同关心的问题深入交换意见，具有重要意义。 当前，世界百年变局加速演进，霸权主义、单边主义、保护主义甚嚣尘上。个别国家接连发起贸易战、关税战，严重冲击世界经济，严重损害国际贸易规则。在这一重要关头，金砖国家作为全球南方第一方阵，要坚持弘扬开放包容、合作共赢的金砖精神，共同捍卫多边主义，维护多边贸易体制，推进“大金砖合作”，携手构建人类命运共同体。我提3点建议。 第一，坚持多边主义，捍卫国际公平正义。历史昭示我们，多边主义是人心所向、大势所趋，是世界和平与发展的重要依靠。我提出全球治理倡议，旨在推动各国携手行动，构建更加公正合理的全球治理体系。我们要坚持共商共建共享，维护以联合国为核心的国际体系和以国际法为基础的国际秩序，夯实多边主义根基。同时，要积极推进国际关系民主化，提升全球南方国家的代表性和发言权。通过改革完善全球治理体系，充分调动各方资源，更好应对人类社会面临的共同挑战。 第二，坚持开放共赢，维护国际经贸秩序。经济全球化是不可阻挡的历史潮流。各国发展离不开开放合作的国际环境，谁也不能退回到自我封闭的孤岛。无论国际形势如何变化，我们都要坚定不移推动构建开放型世界经济，在开放中分享机遇、实现共赢。要维护以世界贸易组织为核心的多边贸易体制，抵制一切形式的保护主义。要倡导普惠包容的经济全球化，将发展置于国际议程的中心位置，让全球南方国家公平参与国际合作、共享发展成果。 第三，坚持团结合作，凝聚共同发展合力。打铁必须自身硬。把自己的事办好了，才能更好应对外部挑战。金砖国家人口占世界近一半，经济总量约占世界30%，贸易总额占世界五分之一，集聚“大富矿”、“大工厂”、“大市场”。金砖国家合作越紧密，应对外部风险挑战的底气就越足、办法就越多、效果就越好。中方愿同其他金砖国家一道，落实全球发展倡议，推进高质量共建“一带一路”。我们要发挥各自优势，深化务实合作，在经贸、金融、科技等领域打造更多合作成果，让“大金砖合作”基础更牢、动能更足、影响更大，更多更好惠及各国人民。 各位同事！ 疾风知劲草，烈火见真金。只要我们担当作为、守望相助，金砖这艘大船就一定能够经受住国际风云变幻的考验，始终行稳致远。 谢谢大家。 来源：人民日报客户端 本期编辑：胡程远、陈子涵 觉得好看，请点这里 ↓ ↓ ↓
原来睡觉需要两个枕头？这么多年我们都睡错了！,https://mp.weixin.qq.com/s/eLB52ZU1iuIfYy7BJ_ngxQ,2025-09-23,你一般在睡觉时使用几个枕头？你有没有发现在日常入住酒店时，许多酒店都会为客人提供两个枕头。难道一个人在睡觉时真的需要两个枕头吗？的确如此，很多医生都建议，睡觉时用两个枕头对睡眠健康会更好！ 01 为什么睡觉需要两个枕头？ 我们的腰椎是有曲度的，因此一个人睡觉需要两个枕头，一个垫在脖子下，另一个垫在腿下面。 第一个枕头：枕脖子和头 枕头并不只是只用来枕头的。 睡觉时只把后脑勺垫在枕头上，会让肩膀、颈椎与枕头之间出现悬空状态 ，不利于颈部肌肉的休息和放松，导致睡醒之后可能会感觉脖子疼痛。 人类的颈椎正常存在一个10-15度的生理前凸，这个前凸会随着低头消失，仰头会增加。在现代生活节奏下，低头族越来越多，在低头状态下，前凸是消失的，白天颈椎后部结构是很疲劳的，经常处于一种过于牵拉的状态。 因此，晚上在睡觉的时候， 应该让枕头为颈部和头部，提供一个良好的支撑 ，维持住它们相对的位置关系。 健康时报 任璇/摄 四川大学华西医院康复医学中心杜金霞等人2024年在该院微信公众号刊文建议： （1）平卧位枕头受压后的高度： 以自己的一拳为宜，平躺时眼睛能够“正视”上方，颈椎不过伸，不反弓。 （2）侧卧位枕头受压后的高度： 通常在8-15厘米之间，因为体型的原因会出现选择上的个体差异，一般为自己一侧肩宽的高度。 第二个枕头：枕在腿部 广州医科大学附属第三医院中医科主任医师胥海斌2021年在该院公众号刊文介绍， 如果想更好地保护脊椎或者有腰部或腿部不适，可以使用另一个枕头。 （1）侧卧：双腿间夹枕头： 侧卧时可以双腿间夹被子或者枕头，枕头应与肩同高，而且需要两边换着睡，避免长期单侧睡一边。 广医三院图 （2）仰卧：膝部下垫枕头： 仰卧时，可以膝部下垫枕头，能帮助维持一个健康的脊柱曲线，缓解椎间盘压力。 广医三院图 选择一个高度合适的枕头，同时在膝盖下方垫个软垫，这样的“微调”使整个身体有足够的支撑，全身肌肉才能充分放松休息。 02 睡姿不对，当心“睡废了” 除了合适的枕头，睡姿也很重要。人在睡觉过程中，不大可能恒定采用一种姿势。 常见的平卧位及侧卧位都是医生较多推荐的睡姿。 关于睡姿，复旦大学附属中山医院骨科主治医师胡安南2024年在该院公众号刊文介绍， 常见的投降式、俯卧式、侧趴高抬腿式、蜷缩式均是不推荐的睡姿。 1、投降式 双手上举会使部分肌肉和韧带处于紧张状态，时间长了就会引起肩部和颈部肌肉劳损。另外该动作会使胸廓出口变小，从颈部通向上肢的血管和神经受到压迫，可能会出现手部发麻、发胀。 2、俯卧位 头偏向一侧，使颈椎始终处于旋转状态，部分肌肉拉长得不到放松，长期会加速颈椎退变，肌肉劳损。俯卧时也容易遮挡口鼻，影响呼吸。 3、侧趴高抬腿式 广医三院图 一方面会有俯卧位的不足，另一方面脊柱受力较大、扭曲，可能会引起肌肉劳损、腰椎间盘突出、脊柱侧弯。 4、蜷缩式 弓着腰和背，会使腰背肌处在紧张状态，可能导致腰背部的软组织发生劳损，背痛及颈痛。 来源 ：健康时报微信 本期编辑：胡程远、陈子涵 觉得好看，请点这里 ↓ ↓ ↓
总书记的这六天,https://mp.weixin.qq.com/s/wfAB3iKoy56dmdDFPgU0tg,2025-09-23,总书记的这六天丨“以人民之心为心、以天下之利为利” 2025年初秋的6天，从习近平总书记的日程表，足以看到一个大国的来路与去向。 津门纳百川，上海合作组织峰会时隔7年再在中国举办。8月30日，6场会见；31日，白天8场会见，晚上举行欢迎宴会；到了9月1日，一整天的多边会议，上午主持上合组织成员国理事会会议，下午主持“上海合作组织+”会议，并发表两场重要讲话。 9月2日， 首都北京。 8场会谈会见，1场三方会晤； 3日，中国人民抗日战争暨世界反法西斯战争胜利80周年纪念活动。纪念大会、招待会、文艺晚会之外，又在下午增加了1场会见。 4日，8场会谈会见。 以身许国，夙夜在公！作为党中央的核心、全党的核心，习近平总书记曾说，“我要用毕生精力和全部生命来回报党和人民的信任”；领航一个有着5000多年文明史、14亿多人口的大国，“我将无我，不负人民”是他的心声。 从不同的视角去观察这6天。有人看到了中国的今非昔比，有人感悟到了时代的大势所在，有人感慨于中华民族的能量积蓄、爱国情感的涌动迸发，也有人感念这个国家的天下情怀…… 怎样看待历史对未来的指引？ 海河畔，新朋故友齐聚一堂；长安街上，钢铁洪流、铁甲列阵。熙来攘往的6个日夜，中国的未来、上合组织的未来、人类的未来向何处去？世界关切。 历史烛照未来。习近平总书记的所行所思有着共同的指向：我们应该怎样看待历史对未来的指引。 历史不能忘却，那是无数苦难垒筑的戒鉴。天津峰会上，出炉的关于第二次世界大战胜利和联合国成立80周年的声明，记述着战争何以痛、正义何以胜、来路何以成、前路何以能： “第二次世界大战的胜利是所有团结抵抗共同威胁的国家和人民勠力同心的结果”“我们对过去和未来负有共同责任——让子孙后代免受战争灾难，竭尽全力避免惨痛悲剧重演”…… 记住昨天的苦难，避免悲剧的重演，殊为不易。变乱交织的时代，“冷战思维、霸权主义、保护主义阴霾不散，新威胁新挑战有增无减，世界进入新的动荡变革期，全球治理走到新的十字路口”，世界迫切需要雾霭中的明灯。 当此时刻，世界不约而同望向东方，望向在国际舞台上举足轻重的中国。 中国的态度一以贯之，“中国永远是世界的和平力量、稳定力量、进步力量”。习近平总书记的宣告，一再昭示：捍卫二战胜利成果、维护战后国际秩序，本质上是捍卫人类共同的正义与良知。 如何捍卫？ 我们从这6天看到了，中国声音的世界影响力。 天津峰会上，习近平总书记提出的全球治理倡议，凝聚起应对百年变局的广泛共识。80年前那场波澜壮阔的伟大胜利，塑造了全球治理的新秩序。而今天，我们对历史最好的纪念，是书写新的历史。 这是中国的第四个全球倡议。继全球发展倡议、安全倡议、文明倡议之后，进一步丰富和拓展构建人类命运共同体的内涵。它书写的不仅是上合组织的崭新故事，更引人去感悟、去思索，去从浩浩汤汤的历史里找寻通向未来的路。 我们从这6天看到了，人民军队奋进建军百年的崭新亮相。 历史前进的逻辑有时是静水流深的风平浪静，有时也有炮火隆起的惊涛骇浪。“能战方能止战，准备打才可能不必打”。9月3日的盛大阅兵仪式，战旗猎猎、铁流滚滚，雄师列阵、气势如虹，战鹰呼啸、振翅长空，军鼓滚奏、号角催征，广场秋点兵！ 战争的苦难是一面镜子，能让人更好认识和平的珍贵。从列强环伺妄图瓜分中国，到“取得近代以来反抗外敌入侵的第一次完全胜利”，再到“打得一拳开，免得百拳来”，以武止戈，用胜利赢得和平、赢得尊重，正是中华民族在刀劈斧斫中获取的道理。 怎样看待民族复兴力量的凝聚？ 泱泱中华雄踞亚细亚，但国之大从不在版图。两次鸦片战争、甲午战争、庚子国难……从封建社会堕入半殖民地半封建社会的深渊，再到日寇侵华，铁蹄踏碎山河，多少屈辱吞咽！ 9月3日早晨，古老的端门外。习近平总书记同出席纪念大会的外方代表团团长拾级登上天安门城楼。百余米的路连接着苦难辉煌，我们走了多少年；广场上的国旗红得庄严，浸透了多少英雄血！ 今天，战机不用再像新中国刚成立时那样飞两遍，百岁老兵看得动容：“飞机、导弹，好多先进武器！军种也多了！国家强大了，不被人家欺负了！” 而在广场之外，从神舟家族到C919大飞机，从港珠澳大桥横亘海上到复兴号奔驰沃野……上天入海逐陆，这是几代人筚路蓝缕的艰难跋涉，凝结着无数人爱拼敢赢的心血汗水。海外观察者评析：“这是中国经济实力、科技实力、军事实力、文化实力的最直接呈现。”西方的政要不无感慨：“我现在看到的几乎都是全新的事物，足以证明中国的发展速度之快。” 习近平总书记掌舵领航，新时代的中国走在一条正确的道路上，一条康庄大道上。 以中国式现代化全面推进强国建设、民族复兴伟业，前路并非全然坦途，“还 有一座座山峰需要翻越，还有一个个险滩等待跋涉”。 一个问题引人萦思：从至暗时刻到复兴在望，是什么力量支撑着我们翻越高山、蹚过激流，一往无前？ 那是使命的召唤、精神的引领。从艰难困苦中淬炼出伟大的抗战精神，同改革开放精神等诸多精神一道，汇入中国共产党人的精神谱系，谱写“为有牺牲多壮志，敢教日月换新天”的奋斗豪迈。 从救亡路到复兴路，我们的爱国情怀和英雄气概早已植入血脉。 民族危难时刻，总有熠熠英雄“不惜此头”，“以铮铮铁骨战强敌、以血肉之躯筑长城”。天安门城楼观礼时，暮年的英雄们颤巍巍起立敬礼，致敬曾经梦想的盛世华章和当年渴盼的钢铁洪流。城楼上，总书记的双手和他们紧紧握在一起。这一幕，感动了多少人。 一个时代有一个时代的英雄，但是爱国情、报国志未曾改变。新的时代英雄在“清澈的爱只为中国”的忠诚里，在“干一行爱一行”的朴实无华里……千千万万双手，共同托举起民族复兴。 从救亡路到复兴路，我们的百折不挠与坚忍不拔愈显坚定。 从积贫积弱，到迎来站起来富起来强起来的伟大飞跃，无需赘言这场民族的跃迁何其壮阔！透视其中，中华民族生生不息的韧性无比具象。触底，不是沉沦而是积蓄着崛起，一个民族面对困难的历史作答，也是我们“不信邪、不怕鬼、不怕压”的底气所在。道路有险夷，但还有什么困难比民族危亡更大吗？ 多少国人听到习近平总书记在纪念大会上的庄严宣告，心潮澎湃、热泪盈眶：“中华民族伟大复兴势不可挡！” 势不可挡！因为我们站在历史正确一边，因为我们有中国共产党砥柱中流，有亿万人民磅礴之力，因为我们有“完全可以信赖的英雄部队”，因为中华民族是“不畏强暴、自立自强的伟大民族”。 习近平总书记的话语间充满辩证思维的笃定：“一时强弱在于力，千秋胜负在于理。”这无疑是一堂生动的爱国主义大课。 怎样看待伙伴的意义和价值？ 从天津到北京，6天时间里同伙伴在一起，有友谊的夯实、合作的拓新，也有历史的启迪、未来的瞩望。 两个数据： 26：上合组织发展成为26国参与的世界最大区域组织。此次峰会，对话伙伴再“+1”。媒体披露，“希望加入上合组织的国家排成了长队”。 61：胜利日的纪念大会，61位外国国家元首、政府首脑及有关国家高级别代表、国际组织负责人、前政要等共同出席。 很多来自周边国家。 中国重视周边外交，提出了“亲诚惠容”理念，更以“一带一路”的共商共建共享原则，同周边国家携手同行。 很多是志同道合的老朋友。 昔日烽火中凝成牢不可破的友谊，今日发展时同向同行。这6天，总书记一天要忙上10多个小时，日程紧凑到分钟。即便再晚，也要和来华的政要见一面、谈一谈。 面对加速演进的世界百年变局和变乱交织的国际形势，如何看待伙伴，考验一个国家察势驭势的胸襟和视野。“历史警示我们，人类命运休戚与共，各个国家、各个民族只有平等相待、和睦相处、守望相助，才能维护共同安全，消弭战争根源，不让历史悲剧重演！”习近平总书记思虑的是历史大势、天下大利。 危难见真情。对伙伴的意义和价值，习近平总书记有深刻判断：“不仅在于顺境中共襄盛举，更在于逆境时携手前行”。这不是单方面的政治宣示，而是实打实的落地实践。对此，伙伴们可知可感、铭记在心。 “在每个困难时刻，都得到中国的坚定支持和帮助”“中国拥有崇高的国际威望及建设性立场”“中国在当前动荡的国际形势下给世界带来稳定性”……这些外国政要的感言，生动展示着何谓历史所归、何谓人心所向。 “执大象，天下往。”有什么样的伙伴观，就有什么样的朋友圈。中国奉行的从来不是弱肉强食的丛林法则，而是天下大同、美美与共的东方智慧。相互尊重、平等相待，这是中国对待朋友、伙伴的态度。共促团结、共谋发展、共筑安全、共兴文明，习近平总书记曾用四个“共”定位理想的伙伴关系，它们实则共同指向中国推动构建人类命运共同体的生动实践。 纪念中国人民抗日战争暨世界反法西斯战争胜利80周年招待会上，习近平总书记提到的两个词，“中国式现代化”和“世界现代化”，从这里便可以洞见一个负责任大国的担当。“让世界正气充盈、乾坤朗朗”，中国不仅是号召者，更是不会缺席的建设者、推动者。 众行致远，今日中国对自身的世界责任有着清晰定位：“大国之大，不在于体量大、块头大、拳头大，而在于胸襟大、格局大、担当大。” 怎样看待肩头的担子和中国共产党的使命？ 密集的6天，是新时代以来习近平总书记夙夜在公的缩影。 曾记否，国外出访时，多少次都是深夜飞行，清晨一落地就展开访问；国内考察时，多少次坐飞机、乘火车、转汽车，长途跋涉去访民生、察民情。 曾记否，多少次栉风沐雨、宵衣旰食。“有一次完全没有时间吃晚饭。主席的警卫员趁着从一场双边活动到另一场双边活动，就塞了一盒饼干给我，说你待会到车上让主席吃几块垫补一下，别太饿着了。”一位负责翻译的工作人员在接受采访时，曾在镜头前回忆。 甚至就在这6天密集行程之前，习近平总书记还去了一趟平均海拔超4000米的青藏高原，出席西藏自治区成立60周年庆祝活动。那里，湛蓝苍穹、莽莽群山，雪域儿女将“看着北斗星走不迷路，跟着共产党走会幸福”记在心里。 那年在欧洲访问，被问及作为如此重要国家的领袖是何种心情，总书记饱含赤诚的话语令人感佩：“这么大一个国家，责任非常重、工作非常艰巨。我将无我，不负人民。我愿意做到一个‘无我’的状态，为中国的发展奉献自己。” 唯有“我将无我，不负人民”，才能有“得罪千百人、不负十四亿”的胆魄，推进史无前例的全面从严治党；才能有“绿水青山就是金山银山”的历史自觉，让山河大地更加多姿多彩；才能有走遍全部14个集中连片特困地区的执着，最终在中国历史性地消除绝对贫困，创造“彪炳史册的人间奇迹”；才能有领航强军的担当，从胜利走向新的胜利…… 而再向前追溯，去溯源水之源、木之根，那种“自讨苦吃”式的选择在岁月洗礼后更显纯粹而珍贵：上世纪80年代，选择从中央机关到河北正定工作时，很多人不理解。他说，“只想着过舒适的生活是平庸的追求。我是准备入‘苦海’的。” 习近平同志以一以贯之的、纯粹的革命主义精神，躬身向党员干部垂范、向人民群众昭示“中国共产党是什么、要干什么”这个深刻命题。 “不私，而天下自公。” 一路走来，中国共产党之所以能成为全民族抗战的中流砥柱，而后在中国两种命运的大决战中成为人民的选择，并带领这样一个近代蒙尘的民族焕发崭新光彩，答案就植根在马克思主义政党“无私”的选择之中。 从伟大胜利到伟大复兴，我们党除了工人阶级和最广大人民群众的利益，没有自己特殊的利益。这些年，习近平总书记时时把人民放在心上。百年前在风雨如晦中诞生，中国共产党就立志带领人民过上好日子。2012年的秋天，接过历史的接力棒，总书记的心里记挂着亿万人民群众的安危冷暖。民有所呼、政有所应，一切围绕百姓关切。 为中国人民谋幸福，为中华民族谋复兴，为人类谋进步，为世界谋大同……人们透过一个只有6天的窗口，也能看到一个政党的本色，一个国家的底色。 9月3日这一天，习近平总书记的讲话中有这么一段：“任何时候，我们都要以人民之心为心、以天下之利为利，为增进人民福祉而不懈努力。” “以人民之心为心”，这是中国共产党的初心，也是执政的根本；“以天下之利为利”，这是泱泱大国的格局，也是5000多年中华文明的胸怀。 来源：人民日报客户端，文字：人民日报记者杜尚泽、王洲，图片：新华社 本期编辑：胡程远、陈子涵 觉得好看，请点这里 ↓ ↓ ↓
这些证国家认可、有“含金量”！考证必看→,https://mp.weixin.qq.com/s/C6nq-j4GvBX65TdPoLUdEA,2025-09-23,秋季招聘来袭 学生想通过考证增加就业机会 职场人想通过考证提升竞争力 那么，国家认可的职业资格有哪些？ 怎样获得职业资格证书？ 一起来看↓↓↓ 01、职业资格是什么？ 职业资格是对从事某一职业所必备的学识、技术和能力的基本要求。 按人员分 可分为 专业技术人员职业资格 和 技能人员职业资格 。 专业技术人员职业资格，如 教师资格、导游资格、医生资格、注册会计师、经济专业技术资格等； 技能人员职业资格，如 民航乘务员、轨道列车司机等。 按资格性质分 可分为 准入类职业资格 和 水平评价类职业资格 。 准入类职业资格关系公共利益或涉及国家安全、公共安全、人身健康、生命财产安全，均有法律法规或国务院决定作为依据；例如，教师资格、法律职业资格、医师资格、注册建筑师、特种作业人员等。 水平评价类职业资格具有较强的专业性和社会通用性，技术技能要求较高，行业管理和人才队伍建设确实需要；例如，经济专业技术资格、社会工作者职业资格等。 02、考证需要注意些啥 ？ 核对职业资格是否在国家目录内 我国 目前 有多少职业资格呢？2021年版国家职业资格目录共计72项职业资格。 其中，专业技术人员职业资格59项，含准入类33项，水平评价类26项；技能人员职业资格13项。 温馨提示：想通过职业资格考试的小伙伴们， 一定要仔细核对想获得的职业资格是否在国家职业资格目录内，避免“山寨证书”。 只有目录里的职业资格，才是国家认可的职业资格。 如何查询国家职业资格目录？ 扫描国务院客户端小程序 国家职业资格及其实施部门、资格类别 进入查询↓↓↓ 取得职业资格后可享个税扣除 在取得相关职业资格证书的当年， 通过个人所得税 App 填报享受继续教育专项附加扣除 ，按照3600元的标准享受税前定额扣除优惠。不在《国家职业资格目录》内的不属于可扣除的职业资格继续教育。 03、如何获取？考完在哪查？ 专业技术人员 如何获得？ 专业技术人员职业资格考试由政府部门统一组织或委托有关行业协会组织实施， 以笔试为主 。 报考条件、报名信息 可 查询中国人事考试网和各相关行业主管部门网站。 报考人通过考试后，可以获得专业技术人员职业资格证书或考试成绩合格证明。 政府部门、有关行业协会进行认定发证（如教师资格由教育部具体实施发证，法律职业资格由司法部具体实施发证，税务师资格由中国注册税务师协会具体实施发证）。 取得专业技术人员职业资格可以作为持证人专业水平和能力的证明。此外，准入类职业资格还是在相关领域依法进行注册执业的重要依据。 如 何查询？ 人力资源社会保障部门参与实施的专业技术人员职业资格证书，可通过中国人事考试网首页“证书查询验证”栏目查询。还可以通过“人力资源和社会保障部”微信公众号、全国人社政务服务平台、国家政务服务平台、掌上12333APP、12333和电子社保卡等小程序查询核验。 人力资源社会保障部门未参与实施的专业技术人员职业资格证书，可在有关行业主管部门的官方网站查询。 专业技术人员职业资格证书 查询不受地域限制，不收取任何费用 。 证书长啥样？ 准入类专业技术人员 职业资格证书 ↓ ↓ ↓ 水平评价类专业技术人员 职业资格证书 ↓ ↓ ↓ 技能人员 如何获得？ 技能人员职业资格证书主要通过职业资格目录中相应实施部门（单位）组织的 职业技能鉴定 获得。 技能人员职业技能鉴定的报名条件和安排，可联系职业资格目录中相应实施部门（单位）进行咨询。 如 何查询？ 申请人可登录技能人才评价证书全国联网查询网站或《国家职业资格目录（2021年版）》中的实施部门（单位）网站进行查询。 技能人员职业资格证书 查询不受地域限制，不收取任何费用 。 证书长啥样？ 技能人员职业资格证书 （不含特种作业操作证等） ↓ ↓ ↓ 上图中，从左到右依次为五级/初级工职业资格证书、四级/中级工职业资格证书、三级/高级工职业资格证书、二级/技师职业资格证书和一级/高级技师职业资格证书，封面颜色不同。 以高级技师为例，证书长这样 ↓ ↓ ↓ 祝广大考生顺利“取证”！ 来源：中国政府网、央视新闻 本期编辑：胡程远、陈子涵 觉得好看，请点这里 ↓ ↓ ↓
外交部：石平之流卖祖求荣只会自食恶果！,https://mp.weixin.qq.com/s/HJYORlN4cQ8T8EHax-07Pw,2025-09-23,外交部谈对石平采取反制措施：卖祖求荣只会自食恶果 　　外交部8日公布关于对日本参议员石平采取反制措施的决定。外交部发言人林剑在当日例行记者会上表示，中方的反制措施是对石平之流的强力惩戒和严厉警示。卖祖求荣只会自食恶果。 　　林剑说，石平曾拥有中国国籍，他赴日并取得日本国籍后，大肆散布虚假信息，同日本反华势力沆瀣一气，大肆攻击抹黑中国，在台湾、钓鱼岛、历史、涉疆、涉藏、涉港等问题上发表极端消极言论，当选国会议员后公然参拜靖国神社，严重违背中日四个政治文件精神和一个中国原则，严重干涉中国内政，严重损害中国主权和领土完整。 　　“针对石平上述恶劣行径，中方决定即日起对其采取反制措施。”林剑指出，石平为了一己私利数典忘祖，出卖良知，勾连反华势力挑衅滋事。“中方的反制措施是对石平之流的强力惩戒和严厉警示。卖祖求荣只会自食恶果。” 来源：新华社，记者：温馨 本期编辑：胡程远、陈子涵 坚决反制！！ ↓ ↓ ↓
周知！今天起，育儿补贴申领正式全面开放,https://mp.weixin.qq.com/s/5hKBF33_yCNDWoJGgXrUKw,2025-09-23,国家卫生健康委今天（8日）举行新闻发布会。会上介绍，今天开始，育儿补贴申领正式全面开放，可通过支付宝、微信和各省份政务服务平台线上申领，也可到婴幼儿户籍地的乡镇政府进行申领。 此前报道： 育儿补贴申领入口上线！操作方法来了→ 来源：央视新闻 本期编辑：胡程远、陈子涵 转发周知！ ↓ ↓ ↓
一种易长胖、巨升糖的粗粮，很多人天天吃！,https://mp.weixin.qq.com/s/sIYz79u5mZfFaQsTJAqjrQ,2025-09-23,玉米口感软糯、鲜甜，是很多人爱吃的粗粮，不少人的食谱里，早餐、午饭、晚饭都有它。但其实，玉米是所有粗粮里最会骗人的一种。 经测算， 吃完一根250克（半斤） 的花糯玉米，热量高达400千卡，顶得上满满一盒外卖的米饭， 如果换成家里的碗， 相当于两碗米饭。 01 不同品种玉米 热量相差近一倍 专家表示，玉米热量的高低其实要看品种，选错品种，不仅不利于减肥，还可能让一些人的血糖飙升。 根据测算结果， 同样大小的玉米 （按250克可食用部分计） ，黄糯玉米比甜玉米的热量整整高出了200千卡，相当于多吃了一碗多白米饭。 （米饭按150克/碗=174千卡计算） 都是玉米，差距咋会那么大？ 这其实和不同玉米品种里的淀粉、糖、脂肪含量差距巨大有关。如果按市售常见的品类，简单可分为糯玉米、甜糯玉米和甜玉米三大类。 糯玉米的含水量通常比甜玉米低，意味着它的“干货”更多。 在这些干货中，碳水总量平均比甜玉米高10%，有的甚至超过30%，脂肪也高2%左右，综合起来让糯玉米的热量比甜玉米高出一大截。 不少减脂人原以为两根玉米一顿晚饭刚刚好，实际上相当于吃了三四碗饭，热量比正常吃晚餐还高。 02 控糖人士注意 玉米可能是“升糖炸弹” 除了热量不低，一些品种的玉米升糖指数也不低。 有些玉米品种对血糖相对友好， 比如甜玉米，GI值 （ 升 糖指数） 在55左右，属于低GI食物。 但我国糯玉米的培育更多，市面上更常见的也是糯玉米或甜糯玉米。 糯玉米属于中高GI、 高GL （血糖负荷） 主食，GI值在80～90+。 作为对比，馒头的GI值为85，糯米饭GI值为87。 糯玉米GI值为啥高？这和淀粉成分有关。 普通玉米是直链淀粉和支链淀粉的结合，而中国特有培育的糯玉米几乎全是支链淀粉 （95%以上） ，进入身体后会更快地被分解消化。 03 玉米可以天天吃？ 偶尔吃就好，注意搭配 有人认为，玉米属于粗粮，只要控好热量，可以每天吃。但玉米有个缺点： 所含的烟酸 （B族维生素的一种） 是结合型，不易被人体利用。 玉米虽是粗粮，但真不推荐天天只吃它。 健康的粗杂粮，不仅要粗更要杂，一定要搭配其它主食一起吃，才最稳妥。比如， 钾和膳食纤维更丰富的红薯，维生素B族、烟酸更丰富的糙米，蛋白质质量更佳的燕麦、藜麦等。 喜欢吃玉米的朋友，也不用焦虑。 如果正在减肥或控糖，可以选甜玉米 （水果玉米） ，热量更低，升糖更友好。要注意控量，还要和蔬菜蛋白质搭配着吃。 如果想把玉米作为一种粗粮，丰富主食，一周偶尔安排吃几次就好，切勿天天吃，可以和杂粮饭、燕麦等搭配着吃。 此外， 吃玉米时，要啃得干净些，因为玉米胚是营养素最富集的部分。 赶紧把这篇分享给你身边爱吃玉米的朋友吧！ 来源： 丁香医生、 央视新闻 本期编辑：石磊、阮可欣 转发周知！ ↓ ↓ ↓
勒布朗·詹姆斯，在《人民日报》撰文,https://mp.weixin.qq.com/s/EzwWbw_ya3LTozSjmADcpQ,2025-09-23,　　9月8日，《人民日报》刊登了 美职篮洛杉矶湖人队队员 勒布朗·詹姆斯的文章《 篮球是连接彼此的桥梁 》。 　　近期，詹姆斯到访了上海、成都等城市。 　　全文如下—— 9月5日，勒布朗·詹姆斯在四川成都与青少年互动交流。 篮球是连接彼此的桥梁（体谈） 勒布朗·詹姆斯 不久之后，我将开启职业生涯第二十三个美职篮（NBA）赛季。我大部分时间都穿23号球衣，对我来说这是一个意义非凡的数字。在这个特别的赛季来临前，我再次来到中国，与这里的球迷共同开启下一段旅程。 这是我职业生涯第十五次开展中国行活动，每一次来到这里，我和家人都受到热烈欢迎。 中国朋友们的热情友善让我深受感动，我能做的，就是在每一场比赛中全力以赴，向大家表示感谢。 篮球不仅是一项运动，更是一座连接彼此的桥梁，热爱在我们心中流淌。 13年前的一次活动中，我和中国大学生球员牛梓薇短暂交流。如今，她已成为一名教师，并且是两个孩子的母亲。这次来中国，我见到了她和她的家人，深感荣幸的同时，也更感到促进体育交流的责任。我也有3个孩子，深知篮球可以激励一代又一代人追逐梦想，看到中国有那么多热爱篮球的青少年，我希望自己也能为中国篮球的发展贡献力量。 中国的篮球氛围一直让人惊喜，这里有许多知名篮球运动员，涌现出很多优秀的年轻选手。在四川成都，我参与了中国国家青年队的训练课。我与他们分享了自己的经验：认真对待每一堂训练课，练得越吃劲，比赛越从容。 很多年轻人问我如何打好篮球？我觉得有3个关键因素——决心、投入和热爱。 如果你热爱篮球，下定决心并且全身心投入其中，就一定会有所收获。 我热爱篮球，篮球也激励着我。虽然我快41岁了，但年龄只是数字。只要我还在打篮球，还能上场比赛，我就会想尽办法做到更好。我对自己非常严格，我希望不断创造新成就，努力成为最好的球员。 来源：《人民日报》2025年9月8日 第15版， 采访整理： 记者 王亮，图片：IC photo 本期编辑：石磊、阮可欣 觉得好看，请点这里↓ ↓ ↓
69岁大爷急了！“帮我调一下电视嘛，看直播……”,https://mp.weixin.qq.com/s/yakYPq_ykLCDj_wy7b8Mrg,2025-09-23,“帮我调一下电视机嘛 看直播” 9月3日，阅兵当天 一位网友在山上被一位大爷拦住 请求网友帮他调试电视 “在哪里？” “在前面烈士陵园里头” 接下来的一幕 让无数人眼泪夺眶而出 …… 网友开车捎上大爷 一起来到了当地烈士陵园 刚进陵园就看见 一台电视机 放在了烈士陵园的纪念碑前 网友心里纳闷地问道 “给哪个看呢？” 大爷用手一指纪念碑 神情坚定地说 “给他们看！” 一句简单的回答 让万千网友感动落泪 据了解  这位守陵大爷 叫 王开茂 ，今年69岁 是陕西省安康市岚皋县人 在岚皋县烈士陵园管理所 守陵十多年了 不久前 王大爷得知今年9月3日 要举行纪念中国人民抗日战争 暨世界反法西斯战争胜利80周年大会后 他就萌生了这个想法 这是王大爷多年的梦想 让英烈们看一下、听一下 我们的国家 取得了伟大的胜利 我们的人民 过上了幸福的生活 我们的国家 如今是多么富强 9月5日，守陵人王开茂在烈士陵园擦拭纪念碑。（图片来源：岚皋县融媒中心）   为了借到可以在室外播放的电视 王大爷跑了三四天 终于在9月2日上午 从侄子那里 借到一台带落地支架的电视 也请人帮忙演示了一遍  9月3日早上8点 王大爷就把电视搬到了广场上 但又忘记了怎么调试 老人心急如焚 害怕错过这珍贵的时刻 于是他跑到半山腰上 焦急地在路口等待 每一个可能路过的人 当天下着小雨 烈士陵园地处偏僻 王大爷在公路边等了一个多小时 全身都淋湿了 突然，一辆车开过来了 王大爷赶紧跑了过去 “终于遇见了他们 （视频作者吴义）” 在吴义的帮助下 电视很快调好了 吴义问大爷看什么 “看阅兵，看阅兵！” 看到电视上出现阅兵的画面后 王大爷终于长舒了一口气 转身拿起扫帚 清扫起纪念碑前的雨水 仿佛在招呼长眠于此的烈士们 一起“看一看” 一起“听一听” 吴义的同事拍摄记录了这段故事 吴义接受采访时说 “我一下子就明白大爷的用意了 他想让烈士们看看咱们祖国的强盛 当时我的眼泪就忍不住掉下来了” 当天，他们将这段视频 发布在了网络平台 “评论区很多人说 看到这个视频忍不住哭了” 岚皋县烈士陵园 坐落在秦巴山区深处 这里安葬了33位烈士 包括在解放岚皋、三线建设 抗洪抢险中牺牲的烈士 王大爷平时负责打扫、维护 岚皋县退役军人事务局工作人员说 王大爷守陵是半公益性质的 2015年以后 政府每年给他发放一些补助 此前提过几次涨补助 但都被王大爷拒绝了 对于长年累月的守陵工作 王大爷笑着说 “我很热爱这个工作 钱多钱少我都不在乎” 伴随着激昂的阅兵解说声 在雨水的浸染下 庄严肃穆的纪念碑上 “革命烈士永垂不朽” 几个红色大字 愈发鲜艳 如你们所愿 山河无恙，国泰民安 来源：新华社，记者：李亚楠，参与采写：伍越、卿珊 本期编辑：石磊、阮可欣 铭记历史，吾辈自强 ↓ ↓ ↓
这种食品有风险，吃完可能中毒！看完赶紧查冰箱,https://mp.weixin.qq.com/s/WcY_pbyE7UbBVKQdA_7uug,2025-09-23,近期，国家食源性疾病监测系统接报 多例因食用网购平台销售的即食真空包装肉制品导致的肉毒中毒病例。 国家食品安全风险评估中心近日 发布了 相关风险提示。 什么是肉毒中毒？ 肉毒中毒是一种严重的中毒性疾病，死亡率高，主要由摄入 被肉毒 毒素污染的食品引起。 安徽医科大学公共卫生学院孙莹教授表示， 肉毒中毒并不是感染了细菌，而是中了肉毒梭菌产生的毒素的毒。 肉毒梭菌在 厌氧环境（如真空、罐装）下极易生长 繁殖并产生 毒素。 肉毒毒素的 毒性约为砒霜的1000万倍，0.0 000 0005克即可致命。 网络销售的小微品牌即食真空包装肉制品（如鸡架、鸡爪、酱卤肉等），如果在 生产加工、储存流通环节控制不当， 可能会成为导致肉毒中毒的高风险食品。 当真空包装食品在运输、配送或消费者储存过程中，未能始终保持在冷藏温度下，而是 处于常温环境（例如夏秋季的室内、汽车后备箱、快递驿站等）时， 产品内部残留的或后来污染的肉毒梭菌“芽孢”就会“苏醒”， 迅速生长繁殖并产生致命的肉毒毒素。 也就是说，真空包装虽能有效隔绝氧气，减缓食品的氧化变质，但也 为肉毒梭菌创造了“完美”的厌氧环境。 消费者应认识到 真空包装并不等同于“无菌”和“长久保鲜”， 它只 是 一项保鲜技术，并非安全保证。 肉毒中毒有何症状？ 除真空包装食品外， 自制发酵食品 （如豆瓣酱、臭豆腐、泡菜等）、 低酸性罐头食品 （如自制蔬菜罐头等），以及 未充分 加热的 腌制食品 ， 也易引起肉毒中毒。 2023年5月，河南省数家医院连续收治了多起因食用自制豆腐乳或臭豆腐引发的B型肉毒毒素食物中毒病例。 图源：河南疾控 多数肉毒中毒患者的潜伏期为12小时至36小时， 较短的仅2小时，较长的可达8天至10天。 中毒后 以神经系统症状为主： 发病初期表现为头晕、头痛、全身无力，尤其 以 颈部无力最明显， 因而抬头困难； 继之显现 四肢麻木、舌头发硬； 接着可发生各种肌群麻痹， 视物模糊、睁眼困难， 同时因负责吞咽的肌肉麻痹，出现 吞咽困难、呛咳 等症状； 最终可因呼吸肌麻痹造成 呼 吸 衰竭 ， 这也是引起本病死亡的主要原因。 因此，在食用可疑食物后，一旦出现上述相关症状，应携带剩余食物立即就医治疗。 如何选购和储存 真空包装肉制品 通过正规渠道购买  选择信誉良好、标识清晰的品牌产品， 避免购买来源不明、无标签或标识不清 的即食真空包装肉制品。 仔细检查产品状态  购买时注意检查 包装是否完好、无膨胀、无漏气。 如发现包装鼓包、食物变质散发异味，一定不要购买食用。 严格遵守储存要求  购买后应立即按标签要求储存（ 冷冻 ： -18℃以下； 冷藏： 0～10℃； 阴凉处： 不超过20℃），并按照商品标注的时间在有效期内尽快食用。 在此提醒 日常享受真空包装食物带来的便利时 切勿忽视其潜在的安全隐患 一旦食用后出现 视力模糊、眼睑下垂 吞咽困难、言语不清、肌肉无力等 神经中毒症状 应立即携带剩余食物 前往正规医院就诊 避免延误病情 来源： 国家应急广播 综合国家食品安全风险评估中心、央视新闻、人民日报健康客户端、河南疾控 本期编辑：石磊、阮可欣 转发周知！ ↓ ↓ ↓
烈士遗骸，即将回国！,https://mp.weixin.qq.com/s/VlOr6ZvhS-JTJhm-7OEtFQ,2025-09-23,日前，退役军人事务部与韩国国防部就实施第十二批在韩中国人民志愿军烈士遗骸交接工作达成一致， 韩方将于9月12日向中方移交30位在韩中国人民志愿军烈士遗骸及相关遗物。 中韩双方遵循国际法和人道主义原则， 从2014年至2024年已连续十一次成功交接981位在韩中国人民志愿军烈士遗骸及相关遗物。 今年是按照中韩双方达成的共识实施的第十二次交接，中韩双方将为交接在韩中国人民志愿军烈士遗骸继续合作。 山河已无恙 一起接志愿军烈士回家！ 来源：新华社， 记者：张勇健 本期编辑：石磊、阮可欣 接英烈回家！↓ ↓ ↓
外交部：对日本参议员石平采取反制措施,https://mp.weixin.qq.com/s/lU2RAU5NZdnOu33wa4mI-w,2025-09-23,　　9月8日，外交部网站发布《关于对石平采取反制措施的决定》。全文如下： 关于对石平采取反制措施的决定 （2025年9月8日中华人民共和国外交部令第17号公布，自2025年9月8日起施行） 日本参议员石平长期在台湾、钓鱼岛、历史、涉疆、涉藏、涉港等问题上散布谬论，公然参拜靖国神社，严重违背中日四个政治文件精神和一个中国原则，严重干涉中国内政，严重损害中国主权和领土完整。依据《中华人民共和国反外国制裁法》第三条、第四条、第五条、第六条、第九条、第十五条规定，中方决定对石平采取以下反制措施： 一、冻结其在我国境内的动产、不动产及其他各类财产； 二、禁止我国境内的组织、个人与其进行有关交易、合作等活动； 三、对其本人及直系亲属不予签发签证、不准入境（包括香港、澳门）。 本决定自2025年9月8日起施行。 外交部 2025年9月8日 来源：外交部网站 本期编辑：石磊、阮可欣 觉得好看，请点这里↓ ↓ ↓
章更生被提起公诉！,https://mp.weixin.qq.com/s/kU_LJ3jbrleSUBostorKYQ,2025-09-23,中国建设银行股份有限公司原党委委员、副行长章更生涉嫌受贿、违法发放贷款一案，由国家监察委员会调查终结，经最高人民检察院指定，由山东省淄博市人民检察院审查起诉。近日，淄博市人民检察院已向淄博市中级人民法院提起公诉。 检察机关在审查起诉阶段，依法告知了被告人章更生享有的诉讼权利，并讯问了被告人，听取了辩护人的意见。检察机关起诉指控：被告人章更生利用担任中国建设银行股份有限公司集团客户部（营业部）总经理，中国建设银行股份有限公司党委委员、副行长等职务上的便利，为有关单位和个人谋取利益，非法收受他人财物，数额特别巨大；被告人章更生身为银行工作人员，违反国家规定发放贷款，数额特别巨大且造成特别重大损失，依法应当以受贿罪、违法发放贷款罪追究其刑事责任。 来源：人民日报客户端，记者：倪弋 本期编辑：石磊、阮可欣 觉得好看，请点这里↓ ↓ ↓
刷屏朋友圈！凌晨的“红月亮”，帮你拍到了！（高清大图）,https://mp.weixin.qq.com/s/tFidk49Xt5enKuAi3KXQ3A,2025-09-23,时隔近3年 我国再迎“红月亮”！ 北京时间9月7日午夜至8日凌晨 上演了一次壮观的月全食 我国全境可见全过程 月全食从 7日23:28 半影食始开始 到 8日04:55 半影食终结束 其中 8日02:12 是“血月”最圆、最红的巅峰时刻 你看到了吗？ 没看到也没关系~ 高清大图给你准备好了 △北京 △北京 △江苏镇江 △安徽黄山 △安徽黄山 △上海 △北京 △福建泉州 △图源 网友@--晟龍-- △图源 网友@ Rita_粉小甜 △图源 网友@Lee子晴 你拍到“红月亮”了吗？ 来晒图呀~ 来源：央视新闻、央广网 本期编辑：石磊、阮可欣 觉得好看，请点这里 ↓ ↓ ↓
彻底火了！“劝老外取消订单劝不住”，它为啥卖爆了？,https://mp.weixin.qq.com/s/X_xT3xxCd7Wek_5qX3eMIA,2025-09-23,　　看似堆叠在一起的纸张，轻薄柔软，实际上是由白瓷所制成。 日前，不少瓷器都在中华艺术宫（上海美术馆）“万象本色——中国白·德化瓷”艺术大展上展出。这个展览打破了许多人对瓷器的固有认知，开展以来吸引了超50万观众打卡，刷新了中华艺术宫（上海美术馆）建馆十年来的单日观展纪录。 　　《神话》采用高韧薄胎瓷衣技艺，瓷衣远看是纱，近看是瓷，最薄处仅有0.2毫米，发丝清晰可见，历时半年，上百次烧制失败，才最终制成。 　　世博会福建馆镇馆之宝《世博和鼎》，瓷鼎饰有四大神兽浮雕，百朵瓷花绽放，寓意“万物和谐共生”。 　　《纸》以极致的轻薄柔软重塑白瓷的坚硬形态，将传统工艺与现代审美完美融合。 　　《玄》则以轻盈灵动的螺旋镂空造型，展现出独特艺术追求。 　　更有《月球甜筒系列》将中秋满月化作冰激凌造型，点缀可爱玉兔，轻巧灵动。 　　《盛世馒头》则将日常食物艺术化，有趣的反差引发观众热议。不少观众惊叹：完全想不到。 　　中华艺术宫（上海美术馆）策展人 项苙苹： 德化瓷的底色、底蕴是以白色为主，观众看完了，哇，瓷还可以这么玩。 “万物皆可瓷” 吸引全球客户下单 　　德化白瓷因其白如玉、明如镜、薄如纸、声如磬，被不少人喜爱，是福建德化县的一张名片，也被国外收藏家称为“中国白”。 如今，德化瓷在传承与创新中焕发出新的魅力与生机，德化县也成为我国最大的陶瓷工艺品出口和生产基地之一，现有陶瓷企业4500多家，陶瓷产品销往全球190多个国家和地区，年产值达660亿元。 　　在德化一家陶瓷企业的展厅，展出20多万件陶瓷产品，来到这里仿佛置身于陶瓷的海洋。在这里，陶瓷可以变化出万千种形态，它可以是大家熟悉的一个碗、一个盘子、一个水杯、一个存钱罐，也可以是一棵树、一只动物、一个摆件，一个陶瓷的水晶球。很多的客商还有游客来到这里，都直呼“走不动道了”。 专注研发创新 陶瓷树年销400万件 　　在福建德化县，有一家十多年来只做陶瓷树的企业，靠着这门看似“单一”的生意，年销量达四百多万件，成为国外不少家庭的节日必买的“中国新特产”。 　　德化某陶瓷企业负责人 林良壁： 目前，我公司的年出口量为400多万件，人民币大概是4000万元。 　　其实德化很早就已经开始生产陶瓷树，但那时主要是以代工为主，形式和功能单一，利润也微薄。 　　靠着创新，2012年，林良壁的公司卖出了50万件陶瓷树。从此之后，他就专注于陶瓷树的研发和生产，如今已经开发出了4000多款不同的陶瓷树，年销量已是当年的8倍， 累计出口陶瓷5000多万件。 　　不断创新也让这家公司有了更强的竞争力，即便面临贸易摩擦，仍然有底气，订单一直排到年底。 　　德化某陶瓷企业负责人 林良壁： 在关税涨到80%多、100%、140%多的时候” ，一 直跟客人讲，这么高的关税，你们这些订单要不要取消掉？ 客人很明确地讲，绝对不能取消掉。国外的客人宁愿少吃一餐，都要买你的这个东西 ，不管市场怎么变，你能做到这一点的时候，就不用去担心客人会流失。 瓷器餐具质保可达5年 易碎品变耐用瓷 　　不仅要数量，还要质量。 使用过瓷器餐具的人都知道，瓷器最怕磕碰和摔。在德化，有的企业却为陶瓷餐具承诺“五年质保”，让日用易碎瓷，变成“耐用瓷”。 　　德化一家陶瓷工厂的门店，每天都在叮当作响，现场工作人员乐此不疲地向顾客展示着瓷器的抗摔性能。企业还给每一件瓷器都标注上了生产日期，提供五年质保。 　　德化某陶瓷企业运营发展经理 肖春莲： 有一些撞击或碰撞的话，都没有问题。 在正常使用下，这个碗可保证5000次或5年内光泽如新。 　　产品能够超长待机的底气，源自技术创新和超强品质管理，经过5年的研发，这家企业才找到独特的瓷土配方，研发出抗摔陶瓷餐具。为保证产品品质，企业不但上线了全自动生产线，还使用上了AI大数据质检设备。 　　当然， 在德化，创新远不止于此。 一家生产冰箱贴的企业，通过引进紫外光固化油墨印刷技术，改变了以往上色只能靠人工手绘的局面，实现了瓷器上色全自动化，与传统的手绘上色相比，效率提升了10多倍，每天可以生产十万个冰箱贴。 　　这家企业还自主研发了3D立体打印技术，突破了原来只能做平面花纸的效果。制作出的冰箱贴文创，立体感更强，细节也更丰富，一经推出，受到文旅市场的欢迎。 德化瓷如何烧制？ 有哪些步骤和讲究？ 一分钟的短片，带您来揭秘。 来源：央视新闻 本期编辑：石磊、阮可欣 觉得好看，请点这里 ↓ ↓ ↓
“中国籍女子嫁到外国贫民窟求助回国”？官方回应,https://mp.weixin.qq.com/s/u-KHVg0yazQkq1SB3PzVxQ,2025-09-23,公安机关高度重视 打击整治网络谣言工作 近期 有网民在网上发布 有关 “中国籍女子嫁到外国贫民窟 求助回国” 的视频 称“中国籍女子嫁到外国贫民窟 被丈夫扣留护照无法回国 中国博主与该女子偶遇后 该女子希望博主解救其回国” 并在与网友互动时 持续误导网民这是真实发生的情况 引发大量网民关注、讨论 经查 杨某江(男，22岁) 伙同其女友陈某心(女，25岁) 为博取关注、吸粉引流 以直播带货、牟取利益 共同策划、拍摄了 以上虚假视频并发布在短视频平台 迅速引起大量网民热议 误导公众产生错误认识 扰乱公共秩序 目前 公安机关依法对杨某江 陈某心分别处以行政处 罚  网警提醒  互联网并非法外之地 在网络上发布信息必须遵守法律法规 对自身言行负责 公安机关将持续加大打击网络谣言力度 守护清朗网络空间 来源：公安部网安局 本期编辑：石磊、阮可欣 觉得好看，请点这里 ↓ ↓ ↓
来了！新闻早班车,https://mp.weixin.qq.com/s/izEFe1mbp4OooDcaGq-qEg,2025-09-23,点击这里，查看更多精彩内容 要闻 中共中央党史和文献研究院翻译的《习近平关于妇女儿童和妇联工作论述摘编》《习近平关于注重家庭家教家风建设论述摘编》英文版，近日由中央编译出版社出版，面向海内外发行。 应巴西总统卢拉邀请，国家主席习近平将于9月8日在北京以视频方式出席金砖国家领导人线上峰会并发表重要讲话。 国家林草局等17部门将在全国范围内联合开展为期三年的专项行动，重点包括保护鸟类活动、专项打击行动和宣传教育三项任务。 全国城市联合秋招专场活动启动，活动将持续到11月，重点面向高校毕业生。 国家外汇局数据显示，截至8月末，我国外汇储备规模为33222亿美元，较7月末上升299亿美元。 7日，我国在太原卫星发射中心使用长征六号改运载火箭，成功将遥感四十号03组卫星发射升空。 7日，中国政府向阿富汗提供的首批地震救灾紧急人道主义物资抵达喀布尔。 7日，日本首相、自民党总裁石破茂在首相官邸举行紧急记者会，宣布决定辞去自民党总裁职务。 世界气象组织发布通报，拉尼娜现象可能从今年9月起回归并影响未来数月的全球天气和气候状况。 社会 水利部和中国气象局联合发布预警 ， 7 日 20 时至 8 日 20 时，广东西部、广西东部、四川东北部、重庆北部、陕西东南部等地部分地区可能发生山洪灾害 。 7日，水利部对广东、广西两省份启动洪水防御Ⅳ级应急响应，以应对今年第16号台风“塔巴”。 中国气象局在高精度航危天气智能感知和预警若干关键技术领域取得新突破，可提前15分钟气象预警，为低空经济提供安全飞行气象保障。 7日午夜至8日凌晨，天宇上演壮观月全食，吸引多地民众观赏。 重庆市教委发布重庆三峡学院“中标价85万设备，网购仅299元”事件通报，分管副院长王某伟等人被立案调查。 详讯 在2025美网轮椅网球女单决赛中，中国选手李晓辉收获美网轮椅网球女单亚军。 7日，中国演员辛芷蕾凭借电影《日掛中天》获第82届威尼斯电影节最佳女演员奖。 近期，网民杨某江、陈某心摆拍造谣“中国籍女子嫁到外国贫民窟求助回国”，公安机关依法对二人分别处以行政处罚。 近日，山东聊城民警俞龙斌捐献187毫升造血干细胞混悬液，为一名血液病患者带去生的希望。 政策 天津印发通知，无民事行为能力或限制民事行为能力人单独参加体育赛事活动的，应当告知其监护人相关风险并由监护人签署承诺书。 黑龙江印发办法，非寄宿制中小学校、幼儿园原则上不得在校内设置食品小卖部、超市，已经设置的，要逐步退出。 内蒙古印发工作举措，鼓励公园、文物古迹、自然风景区等游览参观点，对教师提供门票减免优惠政策，在教师节当月加大优惠支持力度。 今日天气 　　广东中南部、广西东南部有暴雨到大暴雨，其中，广东西南部局地有特大暴雨；江苏中北部、安徽北部、河南中部、湖北西部、陕西南部、重庆北部和西部、四川盆地东部等地部分地区有大雨，局地暴雨或大暴雨 。 早安中国 　　每个清晨，遇见大美中国。 　　甘肃金昌市紫金花海，花朵绚烂绽放，宛如大地铺开的锦绣画卷。穿梭其间，花香清新馥郁，游人拍照打卡，惬意浪漫。芬芳弥漫，梦幻绮丽。金昌市欢迎您！ 生活的意义也许就在于坚定自己的内心，并找到为之奋斗的目标。不积跬步，无以至千里。确立了目标，就坚定地往前走，一点一点去实现它吧。早安！ 本期编辑：郑薛飞腾 ，实习生：余典 、何雨阳｜主播：蓝艳 觉得好看，请点这里 ↓ ↓ ↓
【夜读】从迷茫到自律，只需要照着这7张清单努力,https://mp.weixin.qq.com/s/HQzxQOV3DF0Q1U3tlfgzVA,2025-09-23,看过一句话 “成长中最大的错误 就是一边羡慕别人的生活 一边在迷茫中踟蹰不前” 真正想要变好的人 不会把对成长的渴望停留在脑海中 当你感到迷茫时 不妨静下心来做好这7件事 时间管理 合理安排时间 提高效率不拖延 确定先后 列出待办事项清单，最好是按照轻重缓急排出优先级。凡事早谋划早打算，才能有条不紊地前进。 巧用空闲 空闲的时间，可以做很多事，比如在排队时做做舒展运动，在等车时安排接下来几个小时的工作。 提高专注度 在最专注的时期去做需要用心完成的事，疲惫的时期就适当放松和休息，从而形成良性循环。 拒绝拖延 给目标设定一个完成的期限。有了时间限制，可以改善拖延的习惯，督促自己不断提高。 空间管理 清理整理物品 保持整洁有序 分门别类 整理房间的第一步，是分类和整理物品，比如叠好衣裤、归置好书桌、 整理快递。 学会标记 标签和储物盒是整理的好帮手，可以帮助你轻松找到所需的物品。 定期打扫 垃圾及时扔，床单定期更换， 每天花一点时间来打扫卫生，进而形成习惯。 试着“断舍离” 把不要的东西清理掉，确保只保留真正有用或有价值的东西。 情绪管理 学会自我调节 找到适合自己的解压方式 放宽心态 遇到负面情绪时，不妨 承认它、接受它，在此基础上理清问题的症结，才能找到化解的方法。 收集快乐 记录下让自己开心的时刻。人心就像一个杯子，快乐装得多了，忧伤自然就没了空间。 适度运动 用汗水代谢掉负面的情绪，让自然的美好挤满你的眼眸和心房。 偶尔倾诉 和 信任的朋友聊聊天。坦诚告诉他们你的想法。朋友的存在会让我们明白，不管遇到什么事，我们都不孤单。 预期管理 制定可行的目标 脚踏实地完成 把问题“倒”出来 不要让问题在脑子里不停打转，而是用纸笔或电脑，将整个问题的现状、目标、条件等全部写出来。 使目标可量化 使目标能够被具体衡量，比如将“多读书提升自己”具体化为“一月读一本书”。 专注解决单一问题 一次只专注解决一个子问题，设定明确完成标准，达标后再解决下一个。 适当放低期待 过度追求完美会带来不必要的焦虑，不如 允许事情在你尽力之后自然地发生。 小胜大于完美，知足才能长乐 。 形象管理 保持良好形象 让自己更加自信 仪表整洁 打理好形象，并不是要打扮得多么花枝招展，而是要保持衣着整洁，容貌干净。 谈吐干净 一个人的气质，不仅体现在仪容和穿着，更在于内在与谈吐。 一个真正有修养的人，往往谈吐之间有温度、有风度、有文化。 品行端正 品行端正，是一个人最好的底气。 能力决定了你能走多快，而人品决定了你能走多远。 脸上常挂微笑 注重形象，是一种积极的生活态度。脸上常常挂着微笑，相貌也会显得年轻。 健康管理 每天坚持锻炼 保持充足睡眠 健康饮食 按时吃好一日三餐，不要等到饿得难受才随便吃一点。 规律作息 好好睡觉，就是在为身体充电蓄能。有规律的作息，才有充沛的体力。 劳逸结合 坐在办公室电脑前，要提醒自己抬头挺胸坐端正，每隔一个小时起身走走。 呵护自己 定期体检，及时掌握健康状况。 心态管理 保持平和心态 多与自己进行积极对话 转换视角 生活中，很多事情都不是只有一种解决方法，如果一种办法行不通，那么不妨试试新的路径。 屏蔽干扰 不争一时之气、琐碎之事，把时间、精力专注于提升自己，才能活出想要的生活。 相信自己 退缩逃避，只能得到暂时的安稳，只有不轻言放弃，不轻易认输，才有机会走出精彩的未来。 正向反馈 一次积极的自我肯定，一份心动已久的小礼物，一顿犒劳身心的美食……最好的情绪价值，往往是自己给的。 对自己负责 找到对生活的主动权 靠自己的力量 慢慢靠近想要的生活 就是自律给我们最大的奖励 你有多自律 就有多美好 来源：人民日报夜读 本期编辑：石磊，实习生： 甘雨欣 觉得好看，请点这里↓ ↓ ↓
手脚有这4种表现，可能是血管堵了！千万别忽视,https://mp.weixin.qq.com/s/l1vMNJFq-Kpe7RMoMQtCsA,2025-09-23,如果把人体比作一台机器， 血管 就是 负责连接和运输的管道系统。 一旦血管堵了，可能出现器官缺血，引起各种不适，甚至危及生命。 身体内部的血管平时看不见摸不着，但如果堵了，有时会通过手脚表现出来。血管堵塞的预警信号有哪些？如何应对？一起来看。 01 血管堵了，手脚会有信号 手脚出现以下4种异常，可能是 身体在提醒你血管出问题了。 手脚冰凉发麻 血液不仅供应氧气和营养，还会把体内的热量传递到各个部位。血管内脂肪逐渐堆积，血管通道变窄，血液流动受阻， 会导致手脚无法获得足够的热量和氧气 ，从而出现冰凉和麻木的现象。 经常抽筋 下肢动脉粥样硬化狭窄或闭塞， 早期容易出现腿抽筋，多在活动中发作 。这是因为血管动脉硬化后，血流不畅，代谢产物不能被血液带走；当代谢物积累到一定浓度时，会刺激肌肉收缩，从而引起疼痛抽筋。 水肿 血管不通畅时，可引起身体水肿。这类水肿一般会根据体位产生变化，特别是身体容易下垂的部位，如双腿。 通常来说，肾病引起的水肿是小腿肿胀，而血管不通畅所引起的水肿， 多从脚踝部位开始 。 下肢活动性疼痛 仅行走数百米就不得不因疼痛停下来，医学上称为间歇性跛行。这种表现提示支配下肢的动脉出现了阻塞，建议及早治疗。 02 两个动作自测血管健 康 想初步自测血管健康程度，可以试试以下两个方法。 握拳自测 用力攥拳30秒，手掌皮肤由于被挤压会出现相对变白现象， 观察握拳后手掌回血时间。 正常人松开拳头后，手掌颜色很快就会恢复正常。如果做了上述动作后， 手掌皮肤颜色恢复正常的时间超过20秒，提示动脉可能出现硬化或血流不畅 。 抬下肢自测 这一试验也称博格斯试验，临床中常用来检测下肢血液循环的情况。 取仰卧位，将一只腿抬高70°~80°，保持1分钟左右，如果自己无法抬腿坚持，可求助他人帮忙扶腿；1分钟后，将腿缓缓下垂至床沿，观察整条腿的颜色变化。 如果 脚腿 在抬高过程中， 任一部位出现苍白、蜡白色，且在下垂后45秒内未能恢复正常血色，或腿脚色泽不均 ，说明动脉供血已出现障碍，需及时就医。 03 6 个细节不给血管添堵 维护血管健康、保持血管弹性，得从日常生活习惯做起。 喝够水 机体缺水时，血液黏稠度会升高，血流阻力加大、流速变慢，形成血栓的风险增加。 建议成年男性每天喝足1.7升水、女性达到1.5升，最好少量多次、小口慢饮；活动量大、周边环境高温干燥时，可适当增加饮水量。 有心脏、肾脏疾病的患者，饮水量需遵医嘱。 吃均衡 高油、高盐、高糖等重口味饮食，会加重血流负担。建议生活中注意饮食平衡，多吃果蔬，少吃油腻、刺激、辛辣的食物。 可以常吃些天然的“化栓食物”，比如黑木耳、生姜、大蒜、洋葱、绿茶等。还可多吃冬瓜、小白菜、海带、番茄等富含维生素的食物，有助于降低血液黏稠度，避免血管腔狭窄，预防血栓形成。 少熬夜 熬夜容易打乱生物钟，使机体分泌过多的肾上腺素和去甲肾上腺素，从而使血流减慢、黏稠度增加。建议规律作息， 如果没有特别的任务，最好能在 每晚11点前睡觉。 少烟酒 烟酒是血管的克星，有研究发现，吸烟酗酒会使血液的黏稠度比正常时升高8倍以上。远离烟酒是保证血管健康的关键之一。 心情好 笑能释放压力，保护血管内皮，让血液循环更顺畅。心情放松时，血压也会相对稳定。 多走路 运动能增强心功能，达到促进全身血液循环的目的，多走路就是不错的选择。走路能保持有氧代谢，增强心肺功能，防止血脂在血管壁堆积，避免血栓形成。建议每天快走30分钟，以身体发热或微微出汗为度。 来源：生命时报微信 本期编辑：胡程远、方梓祎 觉得好看，请点这里 ↓ ↓ ↓
习近平将出席金砖国家领导人线上峰会,https://mp.weixin.qq.com/s/HKmeXYdCYgkIg4A1y1s10g,2025-09-23,应巴西总统卢拉邀请，国家主席习近平将于9月8日在北京以视频方式出席金砖国家领导人线上峰会并发表重要讲话。 来源：新华社 本期编辑：胡程远、方梓祎 觉得好看，请点这里 ↓ ↓ ↓
今晚，记得抬头看！错过要等到2028年（附最佳观赏时间表）,https://mp.weixin.qq.com/s/HBjVswopMINNa8WDf6cdYQ,2025-09-23,时隔近3年 我国将再迎“红月亮”！ 今天（7日）午夜至8日凌晨 天宇将上演一次壮观的月全食 我国全境可见全过程 （此前报道： 今晚血月现身，人类不能出门？ ） 月全食从半影食始开始 到半影食终结束 共七个阶段 时间表如下，请收好 9月7日 23:28 半影食始： 月亮开始进入地球半影区，月食开始，但此时肉眼难以察觉。 9月8日 00:27 初亏： 月亮被地球的影子“咬”出第一个缺口，正式进入“月偏食”阶段。 9月8日 01:31—02:53 食既→食甚→生光： 高能预警！本次月全食最核心阶段，该阶段月球整个进入地球本影，将呈现为暗红色，俗称“血月”。 9月8日 02:12 食甚： 这是“血月”最圆、最红的巅峰时刻，记得拍照打卡~📸 9月8日 03:56 复圆： 月亮完全离开地球本影区，恢复“玉盘”本色。 9月8日 04:55 半影食终 ： 月亮离开地球半影区，月全食彻底结束。 其中， 食既到生光为全食阶段 ，也就是民间俗称的“红月亮”， 持续1小时22分 ，可以慢慢观赏 。此次月全食在夜半时分，建议定好闹钟，“准时收看”哦~ 本次月全食各阶段时间点和见食情况示意图（来源：《天文爱好者》杂志） 为什么月面会呈现红色？其实，这与我们平时看到的蓝色天空和红色晚霞是同样的原理——都是大气散射造成的结果。此外，月球的颜色深浅还会因当时大气中云层、尘埃和污染物的含量而变化，天气越好，红铜色就越明显。 上一次我国可见全过程的月全食是在2022年11月8日； 而下一次可见全过程的月全食则要等到2028年12月31日至2029年1月1日，这将是一次罕见的“跨年月全食”。 资料图 人民日报视频号全程直播 点击下方按钮预约 ↓↓↓ 今晚，一起仰望夜空 感受这份宇宙浪漫 来源：央视新闻、人民日报视频号 本期编辑：胡程远、方梓祎 不见不散！ ↓ ↓ ↓
石破茂宣布辞职,https://mp.weixin.qq.com/s/OACUOmn_yimDlrv3s-Q-xw,2025-09-23,日本首相石破茂7日在首相官邸举行的记者会上宣布辞去自民党总裁职务。 来源：新华社 本期编辑：胡程远、方梓祎 关注！ ↓ ↓ ↓
为了这四个字，人民日报记者等了一夜,https://mp.weixin.qq.com/s/8QZEueOmFn9UG5EpWJQmVw,2025-09-23,九三阅兵，人民日报社新媒体中心记者巩晗在国家博物馆楼顶“制高点”，以独特的视角带来不一样的阅兵报道，新媒体端播发后引发热烈反响。他向中国记协“我在现场”栏目来稿，分享经历体会。 我在现场丨为了这四个字，人民日报记者等了一夜 本文作者：巩晗 “你是人民日报的？” 九三阅兵现场，当我站在中国国家博物馆顶层的拍摄点位时，身旁一位同行看了看我的工作牌，突然说：“你们有个三语种的视频不错，我们朋友圈刷屏了，有力量。” 我愣了一下，随即涌起一阵自豪——来自同行的认可，总是格外珍贵。他说的正是我们团队历时数月制作的主题片《胜利！》。 就在阅兵前一天——9月2日，我们在 人民日报新媒体各端口 推出 中英日三语种主题片——《胜利！》，带大家回顾了80年前日本签署投降书的现场。我们希望在80年后仍有人试图淡化、否认历史的今天，用影像守护中华民族的集体记忆，让大家关注这场大阅兵，铭记属于中国人的胜利。 （一） 这次报道，我的点位在 国家博物馆 楼顶——这个被我们称为此次拍摄“制高点”的地方，高42.5米。 第三次综合演练时，我第一次走上这个屋顶。和预想中不同：东侧视角并不能完美捕捉天安门广场全貌。在同行指引下，我去了更高的北边站点。 站在这里我瞬间感受到了“俯瞰震撼”：气势恢宏的东长安街就在眼前， 这是拍摄徒步方队列队准备的绝佳视角——线是线，面是面 。 “这不是复制粘贴，这是大阅兵！” 一个鲜活的标题迅速在脑海里闪现。 这也是2019年我在后方报道国庆阅兵时想出来的微博爆款话题词，如今我站在阅兵现场，这幅画面正清晰呈现在眼前。 演练回来后，我仔细分析拍摄点位——这里最早看到受阅部队集结、最早看到空中梯队掠过、拥有看纪念大会的“全景视角”……但前提是，站的位置足够高，设备能拍得足够远。我迅速理出当天所需设备：升降小推车，大长焦镜头。 9月3日，人民日报社新媒体中心记者巩晗在国家博物馆拍摄点位进行拍摄前的准备工作。 “把自己点位最好的画面拍好，就是胜利。”在报道前的动员会上，报社资深摄影老师的这句话，鼓舞了我。 面对如此重大的阅兵仪式，我心潮澎湃，各种拍摄想法源源不断冒出来。但工作中要学会“抓重点”，这次实地演练我总结的“重点”就是， 发挥制高点视角优势，呈现“复制粘贴”感。 （二） 9月3日当天，我抵达点位的时间是凌晨1点。 这一夜 听起来很漫长，但到了现场，我只觉得时间不够用。 1个400mm定焦镜头、1个70-200mm中长焦镜头、1个24-70mm常用标准镜头、3台运动相机，再加 1个36斤重的小推车……上下楼梯好几趟，才把所有器材安置好。随后我立即开始确认角度、不断 调试设备。准备妥当， 已是早上5点，此时距离阅兵式正式开始不足3小时。 尽管经历过演练，我依旧 精神紧绷——天光在变，各类参数也需要 调整。 每一秒我都不敢浪费。 每台设备什么时机更换镜头、 GoPro 什么时候开机、 全景相机 什么时候开机，我都做好了笔记。 “天快亮了！”长安街沿线拍摄点位同事的提醒，让前方报道群瞬间苏醒。 看台区的两位同事发来视频：朝霞渐染，红旗在建筑灯光下迎风招展，国徽被日出照亮……清晨的新闻要素近乎完美，我们快速剪辑送审。6点40分，《这是9月3日清晨的天安门广场》——人民日报九三阅兵的第一条现场短视频在各端口发出。此时，离纪念活动正式开始还有2个多小时。 7点整，徒步方队开始了阅兵前的最后一次训练。 这是他们的准备时刻，也是我此次报道的开端。借助边拍边传工具， 早晨 7点19分， 第一组“复制粘贴”图片和短视频迅速上线。 3万转发、11万点赞、登上热搜——这份数据，创下了我前线报道中最高的互动纪录。 （三） 纪念大会正式开始了。 拍“复制粘贴”，精华中的精华，就是徒步方队的震撼“变阵”。“ 复制粘贴换个角度还是复制粘贴” ，又一个选题诞生。 从阅兵式到分列式，队伍井然有序“旋转”90度，最为壮观。我识别这个瞬间的关键，靠的是“听”——音乐《请你检阅》的前奏一起，就是他们行动的开始，这也是在演练时总结的经验。 除了拍摄“复制粘贴”，6台设备里，3台都用于拍摄另一个特别的选题——《延时摄影看阅兵》。 延时摄影， 用几十秒浓缩一个多小时的精华瞬间，这在过往报道中并不算新鲜，但我们在成功作品的经验基础上加入空中梯队的延时拍摄。“45秒延时浓缩了分列式的精华”“九三阅兵又有新机位解锁”……阅兵结束后的两天内，这些“场外报道”视角上了4个热搜，成了网友“戒断反应”期间受欢迎的增量报道。 大阅兵是无数观众的“天涯共此时”。新媒体时代赋予我们记者的，不仅是在现场真实记录历史 的责任 ，也让我们拥有了以创意延展时空表达的机会——将后续报道持续延伸至人们共有的“回忆”中。 （四） 活动接近尾声时，我的体力几乎耗尽。回看全景相机素材时，看到画面里 我的脸已被 晒得通红。撤场时，面对一地的设备我有点犯怵。走几步路，又坐下休息了。 路过的 同行 ，同样也是满头大汗。他看我气喘吁吁的样子，还笑着鼓励我：“再苦再累，想想革命先辈。” “好嘞！”我继续前进。 回想十年前，我作为传媒专业的大学生，守在电视前分析阅兵式里的新镜头；十年后的今天，我站在新闻现场，思考着如何将手中的一个点位、一个视角尽我所能发挥出更多价值，让现场抵达远方。 个人记忆，正是在这样宏大的仪式中与国家记忆交汇共鸣。“参与、沟通、记录时代”，这句人民日报新媒体创立之初的口号，正在此时此刻，真实而具体地践行着。 9月3日，全景相机和同行镜头记录下的工作瞬间。 当我在这制高点记录时，我的同事们也正坚守在天安门广场的各个角落。从观礼台、看台，到长安街沿线，不同点位的观察和拍摄，记录下同样的震撼与感动。 人民日报记者 朱笑熺 拍摄的徒步方队阅兵前训 练 人民日报记者杨皓铭拍摄的维和部队方队阅前准备 人民日报记者王嵘拍摄的标兵就位 人民日报记者李龙伊拍摄的空中护旗梯队 人民日报记者崔璨拍摄的空中护旗梯队和徒步方队同框 人民日报记者雷声拍摄的国旗护卫队 人民网记 者翁奇羽 拍摄的仪仗方队 人民日报记者雷声拍摄的徒步方队 人 民日报记者杜尚泽 拍摄的抗战老兵向受阅战士敬礼 人民日报记者 林 渊拍摄的战旗方队 人民日报记者陈圆圆、徐雷鹏 拍摄的装备方队 人民网记者翁奇羽 拍摄的 陆上无人作战方队 中国经济周刊记者 肖翊拍摄的 舰载激光武器 人民日报记者林渊拍摄的“东风-5C”经过天安门 人民日报记者闫伊乔、韩晓明拍摄的空中梯队 中国经济周刊记者 肖翊 拍摄的空中梯队 中国经济周刊记者 肖翊 拍摄的军乐团 人民日报记者林渊、人民网记者翁奇羽拍摄的现场观众 人民日报记者安然拍摄的放飞气球时刻 来源： 中国记协微信 （ID：zgjxacja）、人民日报微信 本期编辑：刘杰、李娜、郑薛飞腾 觉得好看，请点这里 ↓ ↓ ↓
日本首相决意辞职,https://mp.weixin.qq.com/s/wo0ybgYOaXILeuW0o7OBBw,2025-09-23,据日本广播协会7日报道，日本首相石破茂表明辞职意愿。 来源：新华社 本期编辑：刘杰、林帆、阮可欣 关注 ↓ ↓ ↓
中国空军派出两架运-20！,https://mp.weixin.qq.com/s/O9USeVuiZlatzGPXBa2ZPg,2025-09-23,9月7日凌晨，中国政府向阿富汗提供的首批地震救灾紧急人道主义物资启运。 该批救灾物资主要包括帐篷、毛毯等，由中国空军两架运-20飞机运往喀布尔。其余批次救灾物资将于近日陆续空运至喀布尔并尽快发放给灾民使用。 据了解，8月31日阿富汗发生6.0级地震，当地受灾严重。9月2日、9月5日阿富汗再次发生5.5级和5.1级地震。 据 阿富汗红新月会9月4日证实，阿富汗东部地震已造成 2205人死亡、3640人受伤 。 来源：央视军事 本期编辑：刘杰、林帆、阮可欣 觉得好看，请点这里 ↓ ↓ ↓
今晚血月现身，人类不能出门？,https://mp.weixin.qq.com/s/2THUgOkTmpiALBo-5mM3MA,2025-09-23,时隔近3年，我国将再迎“红月亮”！北京时间今天（7日）午夜至8日凌晨，天宇将上演一次壮观的月全食，我国全境可见全过程。 “红月亮”是怎么形成的？会对人体造成伤害吗？ 来源：央视网 本期编辑：刘杰、林帆、阮可欣 转发！今晚一起看月亮 ↓ ↓ ↓
“中标价85万设备，网购仅299元”？官方通报,https://mp.weixin.qq.com/s/aGFegMCKqoP3XmUQxJK7mw,2025-09-23,6日晚，重庆市教育委员会官网发布《关于重庆三峡学院防火墙及DNS设备采购事件调查情况的通报》（下称“通报”）。通报显示，重庆三峡学院分管副院长王某伟等人被立案调查。 记者了解到，今年5月，《重庆三峡学院防火墙及DNS设备采购（CQS25A00331）中标（成交）结果公告》引发社会高度关注，原因是 重庆三峡学院 采购的“普联TL-R473G出口防火墙”，中标价格为85万元一台，但该型号产品在某电商平台普联官方旗舰店售价仅299元。 对此，重庆市委、重庆市政府迅速成立由重庆市财政局、重庆市教委等部门组成的联合调查组对该事件进行全面深入调查。 通报称，经查，在重庆三峡学院防火墙及DNS设备采购过程中，洪正公司虚假承诺，恶意扰乱采购秩序；采购人重庆三峡学院履责不力、把关不严，相关领导和工作人员不认真不负责；代理机构市政采购中心未认真履行委托采购职责，工作人员简单机械执行采购程序，相关领导内部管理不到位；专家开展评审谈判流于形式。调查中未发现中标单位洪正公司与重庆三峡学院及其他相关方存在利益输送的情况。 通报表示，联合调查组坚持精准规范、依规依法的原则，严肃追责问责相关责任人，严肃惩处涉事企业，并督促相关单位全面深入抓自查、举一反三抓整改，具体如下: 责令重庆三峡学院党委作出深刻检查， 对分管副院长王某伟立案调查。对实验实训中心主任鲁某亮、副主任胡某，网络信息科工作人员胡某华立案审查（调查）； 对市政采中心工作人员仇某远立案调查，对市政采中心分管副主任童某诫勉； 对评审专家魏某、潘某春予以解聘，禁止参加政府采购评审活动； 中标单位洪正公司违反《中华人民共和国政府采购法》相关规定，对该公司处以采购金额千分之十的顶格罚款，罚款人民币9000元，列入不良行为记录名单，在三年内禁止参加政府采购活动。 图片来源：重庆市教委网站 来源： 人民网教育频道，记者：孙竞 本期编辑：刘杰、林帆、阮可欣 严查！ ↓ ↓ ↓
张桂梅人民日报撰文,https://mp.weixin.qq.com/s/vKcg63xtCdlb0OB8rbFSZQ,2025-09-23,“别人叫我‘燃灯校长’，但我知道，我身后是一群‘灯盏’。大山的教育，离不开每一个‘灯盏’的光亮。”9月7日，“七一勋章”获得者、云南丽江华坪女子高级中学校长张桂梅在人民日报撰文，讲述创办华坪女高的初心与坚守，她希望更多孩子走出大山，也盼望有人能回到大山，共同托起教育的希望。以下为全文—— 照亮更多大山的孩子 张桂梅 走进军营警营，观看红色电影，漫步绿水青山，了解大国重器……这几年暑期，我们都会带女高的孩子走出华坪，去看看外面的世界。时代在发展，大山的孩子也要开阔眼界。 创办华坪女高，是因为当时不少山区女孩无学可上。那时候，高考或许是大多数山区女孩改变命运的唯一机会。女高的老师们，也都把心扑在了孩子身上。有的老师甚至查出重病后选择暂时瞒着，手术后悄悄返回讲台。他们本可选择更轻松优渥的生活，却心甘情愿扎根深山，陪着孩子们同命运“叫板”。早上5点多起床，晚上近11点睡觉，孩子拼命学、老师玩命教，不少女孩通过高考走出大山；他们的家庭，也因此断了穷根。 我常为老师们感到心疼，更为他们感到骄傲。 别人叫我“燃灯校长”，但我知道，我身后是一群“灯盏”。大山的教育，离不开每一个“灯盏”的光亮。 在学校，我总是催着孩子们“快一点、再快一点”，催着她们努力，生怕她们走歪；毕业时，我也会跟姑娘们说：别被“华坪女高学生”的标签困住，去选择自己喜欢的路。 姑娘们的选择让我感到骄傲： 她们中，有的学习深造，继续徜徉知识的海洋；有的回到大山，建设自己的家乡；还有姑娘当兵，扎根雪域高原戍守边疆。她们有了选择自己人生的能力，没忘党和国家的培养。 这些年，从脱贫攻坚到乡村全面振兴，党和国家把更多目光投向了山区教育，山区女孩也不用再为“没学上”犯愁。但从“有学上”到“上好学”，依然任重道远—— 山区学校教育的差距在缩小，但家庭教育的短板依然存在。不少留守儿童依然缺少陪伴，不少山区家长还不懂得如何引导孩子成长：老师可以多奉献，但父母的角色不可替代。 2025年5月，课间操结束后，一名学生跑来为张老师挡雨。 过去我总盼着更多的孩子走出大山，如今我也希望有些孩子大学毕业后回到大山。 因为，路通了、基础设施改善了，大山深处也具备了更多发展的条件。期盼更多人才回到大山发展产业、投身教育事业，让山里的孩子也能“上好学”。期待全社会共同努力，照亮更多大山的孩子！ 来源： 《人民日报》（2025年9月7日 第05版，作者张桂梅为 “七一勋章”获得者、云南丽江华坪女子高级中学校长，本报记者杨文明整理） 本期编辑：刘杰、林帆、阮可欣 点赞！致敬！ ↓ ↓ ↓
民警张进军被网友“扒”出来了……,https://mp.weixin.qq.com/s/YiiPsvoZu5sUzISjUQIiMg,2025-09-23,前两天 有位网友在社交平台上发了 一则 “寻人启事” 到底发生了 什么事儿？ 雨夜急难 她发了封 “警察寻人启事” 这位网友在社交平台上发文 讲述了事情的来龙去脉： 网友发文截图↑ 看到这么暖的故事 评论区里挤满善意 网友纷纷来支招或 提供线索 人多力量大 近百条评论里 这位警察叔叔 还真就被咱网友 给“扒”出来了 民警张进军被找到了 可故事还没完 因为很多网友表示 “留下足迹，我要蹲后续 大家都想看好人有好报的后续 人之常情” 后续就是 这位受到帮助的事主 不仅制作了锦旗 小朋友还用稚嫩的笔触 写了一封工工整整 看了会让人被再次治愈的感谢信✉️ 双向奔赴 锦旗与感谢信 藏着最朴素的温暖 小朋友说 “我长大之后，也要像您一样 当一名乐于助人的好警察” 孩子们与“警察叔叔”的这一次 “亲密”接触 让警察温柔守护的形象 具象化了 更让一颗“想要当警察的”种子 在心底悄然种下 正如网友所说 一次寻常的求助 藏着最朴素的真实温暖 正能量拉满，大家都爱看！ 平日里有些腼腆的张进军 收到锦旗时 笑得有点不好意思 他说那天巡逻时看到有人招手 第一反应就是 “群众有困难，警察必须帮” 没想到这么小的事 会被记得这么久 从雨夜里的那盏警灯 到评论区的寻人热潮 再到孩子信里的“警察梦” 温暖的链条里 藏着普通人 最珍贵的善意 来源：平安北京 本期编辑：刘杰、林帆、阮可欣 觉得好看，请点这里 ↓ ↓ ↓
这种“快乐水”对女性伤害翻倍，很多人可能每天都在喝（不是可乐）,https://mp.weixin.qq.com/s/nKjN-3IW0QghAYE8TozRCw,2025-09-23,"最近， 社交平台 上涌现出很多 博主， 它们常 常分享 各种美颜的调味酒， 粉紫渐变的莫吉托、缀满樱花的马天尼、 落日飞车、椰林飘香等，还有各种便利店调酒，这些调制后的鸡尾酒颜色绚丽，十分吸引人，再加上“喝不醉”的口号，让不少女性看到后跃跃欲试。 来源：社交平台 截图 不过，鸡尾酒真的喝不醉？并且更适合女性？到底能不能 放心喝 ？今天我们就来一一分析。 鸡尾酒是什么？ 其实，这些调味酒、便利店调酒，本质就是鸡尾酒。 鸡尾酒是一种混合饮料，通常由一种或多种基酒 （烈酒） 与其他成分 （如果汁、糖浆、苏打水、能量饮料等） 经过调酒师的“调酒”混合而成。 你可以把它想象成“酒的料理”：基酒像是主菜 （比如牛排或鱼） 。利口酒、果汁等像是酱汁和调味料 （比如黑椒汁或柠檬黄油汁） 。装饰像是盘边的配菜和点缀 （比如香草或雕花） 。通过“调酒”将这些元素和谐地组合在一起，创造出一杯风味独特、外观美丽的饮品。 “不醉人”的鸡尾酒 ，真的好吗？ 这些鸡尾酒宣称喝 “不醉人” ，真的好吗？ 其实， 这些鸡尾酒， 从“设计”到“营销” 虽然都披着 “女性友好” 外衣 ， 但都 藏着精准的“伤害陷阱”。 ⭐陷阱 1：美丽颜值——把“喝酒”包装成“精致生活方式”，让人放松警惕 社交媒体上，鸡尾酒的关键词是“仙女酒”“拍照神器”“仪式感拉满”， 比如， 粉紫渐变的“玫瑰特调”、像极了夏日傍晚那片晚霞的“落日飞车”、飘着金箔的“月光酒”、插着小花的“春日限定”——每一杯都像“捧在手心的艺术品”， 个个都有着超高的颜值，让人跃跃欲试。 其实这恰好是个陷阱，所谓的“低酒精”“果味浓”“不醉人”，让女性误以为“喝几杯没关系”， 不少女性因为它颜值高、 “拍照好看”、 喝不醉而 放松警惕。 ⭐陷阱 2：香甜口感——用甜与果香“掩盖”酒精，让人不知不觉喝多 很多女性不喜欢喝酒，尤其是烈酒，比如白酒，是因为他们的口感太重，太辣，不好喝。 而 为了迎合女性，鸡尾酒会添加大量果汁、糖浆、椰奶等，让酒精味“隐形”。 来源：社交平台 截图 比如， 一杯“椰林飘香”含  45 ml 朗姆酒 （40%酒精） + 6 0ml 菠萝汁+20ml 糖浆，喝起来像“带酒味的奶昔”；一杯“ 海风 ”用  45 ml 伏特加 （40%酒精） + 60ml 西柚汁+90ml 蔓越莓汁 调和，入口只有 果香 和甜，完全尝不出酒精感， 这让不少人不知不觉多喝。 鸡尾酒 “不醉人”，危害不小 1 “喝不醉”的错觉，反而让你摄入更多酒精 甜味、酸味、气泡感会掩盖 鸡尾酒的 酒精浓度，使人不知不觉短时间内摄入大量酒精， 反而容易导致 急性酒精中毒， 出现头晕脑胀、呕吐、不省人事等症状 。 2 酒精的危害没有安全剂量 世界卫生组织将酒精列为 Ⅰ 类致癌物 ，即使少量也与口腔、食道、乳腺、结直肠等 多 种癌症风险升高有关 。目前研究认为喝一点对健康都有害 ，也就是说，最安全的饮酒量为 0，即不饮酒才能对健康有益 。 3 女性更容易醉酒 酒精进入体内后， 人体肝脏会分泌 乙醇脱氢酶将乙醇 （酒的成分） 氧化为乙醛，而乙醛在乙醛脱氢酶的作用下，转变为乙酸，最后再分解成二氧化碳和水， 最终将酒精代谢掉 。 但因为身体机制的不同， 女性 分泌的 乙醛脱氢酶的 能力会比男性弱，导致 女性对酒精的代谢就更慢，也就是说，女性更容易醉酒。 4 女性的死亡增长率高于男性 美国的数据显示，2016-2021 年， 每年因过量饮酒 （包括部分和完全归因于酒精的疾病） 而死亡的人数平均增加了约 29%，从 2016-2017 年的 137,927 人增加到 2020-2021 年的 178,307 人，年龄标准化死亡率也从每十万人约 38 人增加到 48 人。在此期间，男性因过量饮酒而死亡的人数增加了约 27%，从每年 94,362 人增加到 119,606 人；女性因过量饮酒而死亡的人数增加了约 35%，从每年 43,565 人增加到 58,701 人 。 虽然男性因为喝酒导致死亡的人数比女性高很多的，但是女性因为酒精导致的死亡增速却高于男性， 提示广大女性要当心了。 5 高糖高卡，鸡尾酒还会“养胖”你 为了掩盖酒精的辛辣，鸡尾酒添加的糖分、 椰奶使得鸡尾酒的能量也很高，加上酒精还会延缓人体的脂肪代谢 、增加人的食欲 ，导致更多脂肪在人体储存 ，鸡尾酒 对女性的身材 管理也是重大打击 。 来源： 小红书截图 比如，常见的鸡尾酒： · 椰林飘香： 要加椰奶、菠萝汁和椰子糖浆，这样一杯中的脂肪含量就有 20%左右、含糖量 30% 左右。 ·  落日飞车： 要加入橙汁、糖浆，含糖量都在 30% 左右。 如何看待鸡尾酒？ 总的来说， 鸡尾酒虽然颜值高、味道香甜，但它并不是一种“健康饮品”。 如果因为 “拍照好看”“朋友推荐” 而忽视了它的 健康风险，就有点得不偿失了。 建议大家在喝鸡尾酒等酒精饮品时注意： 1 孕妇、哺乳期女性、儿童不要喝酒 对于任何人来说，都尽量不要喝酒。 不过需要特别提醒，喝酒对孕妇、哺乳期妇女、儿童的危害更大，这几类人就不要喝了。 2 适度喝，不要贪杯 如果实在想体验，注意悠着点、保持警惕，可别把它不当酒猛喝，一定要提醒自己适量。 注意每天的酒精摄入量不超过 15 克 ， 相当于啤酒 （4%） 450ml ， 葡萄酒 （12%） 150ml ， 白酒 （38%） 一两 （50ml） ，高度 白酒 （52%）  30ml。 含有 15 克酒精的不同酒量 类型 含有 15 克酒精的量 /毫升 啤酒 4% （计） 450 葡萄酒 12%（计） 150 白酒 38%（计） 50 高度白酒 52%（计） 30 来源： 《中国居民膳食指南（2022）》 3 喝酒之后，多喝水 喝完酒后多喝水，因为酒精代谢需要通过尿液排出，多喝水能更快地代谢掉酒精。 4 不劝酒不拼酒 朋友聚会，气氛热烈经常会出现一些拼酒劝酒现象，但建议大家千万不要劝酒拼酒，每年都有因为拼酒劝酒导致死亡的事件发生。 来源：科普中国，作者：阮光锋 科信食品与健康信息交流中心副主任 中华预防医学会健康传播分会委员，审核：张宇 中国疾病预防控制中心研究员/博士、国家健康科普专家、中国医师协会健康传播工作委员会委员 本期编辑：刘杰、林帆、阮可欣 觉得好看，请点这里 ↓ ↓ ↓"
今日白露,https://mp.weixin.qq.com/s/Zg2FCydJsfEaUkLMp23E6Q,2025-09-23,白露 暧 秋色 月明清漏中 今天16时52分 我们迎来 秋季的第三个节气 白露 “白露秋分夜，一夜凉一夜” 白露是反映气温变化的重要节气 天气逐渐转凉 昼夜温差增大 大部分地区的暑热基本结束 明媚的仲秋时节正式登场 地上的湿气因为气温下降 凝结成露水 “白露”因此得名 雁群向更 温暖的 地方 飞去 偶尔几声雁鸣 给澄澈的秋空增添几分悠远 金黄的 稻穗 压弯了稻秆 风一吹便泛起层层涟漪 这是白露时节 大地回馈给劳动者的甜蜜 喝白露茶，酿白露酒 是许多地方的传统习俗 茶清新，酒甘醇 唇齿间久久留香，滋味无穷 白露的美 在晨露的微光里 在雁群的剪影里 在丰收的稻浪里 也在人间烟火的温暖中 秋高气爽，秋色宜人 天地间少了夏季的炎热 多了几分秋日的温馨宁静 让人的心也变得舒朗恬淡 愿你在这个美好的时节 邂逅更多的诗意与精彩 来源：人民日报微信， 视频制作：温维斯 塔格尼，海报制作：姜思邈 王威 钟金叶 陈露 本期编辑：郑薛飞腾 觉得好看，请点这里 ↓ ↓ ↓
来了！新闻早班车,https://mp.weixin.qq.com/s/H_MZA0NLaJjmPN0x7MyPEQ,2025-09-23,点击这里，查看更多精彩内容 要闻 9月6日，中俄友好、和平与发展委员会第十五次双方全会在俄罗斯符拉迪沃斯托克举行。国家主席习近平向全会致贺辞 。 中国商业联合会消息，9月份，中国零售业景气指数为50.6%，环比上升0.5个百分点，创8个月以来新高 。 中国轻工业联合会数据显示，今年前七个月，规模以上轻工业增加值同比增长6.7%，实现营业收入13.2万亿元、利润7601.1亿元 。 生态环境部消息，今年1—7月，全国地表水水质优良（Ⅰ—Ⅲ类）监测断面比例为88.9%，同比上升0.4个百分点 。 今年以来，我国航空货运航线继续织密，前八个月新开国际航空货运航线超过150条 。 近年来，我国持续加强商标品牌工作，2024年全国商标质押融资登记金额超过3000亿元 。 6日，国内最大跨度跨海桥梁——宁波舟山港六横公路大桥二期工程首个主塔顺利封顶 。 东部战区就6日加、澳军舰过航台湾海峡表示：加方、澳方行径传递错误信号、增加安全风险。战区部队时刻保持高度戒备，坚决捍卫国家主权安全和地区和平稳定 。 美国总统特朗普5日签署一项行政令，决定恢复美国国防部历史旧称，将其更名为“战争部” 。 社会 南海热带低压已于5日晚在南海中东部海面生成，国家防总针对广东、海南启动防汛防台风四级应急响应。 人社部消息，2025年度新职业信息征集工作启动，重点聚焦康养托育、先进制造、人工智能、低空经济、现代服务等领域，鼓励有关单位或个人积极参与申报。 十四届全国政协经济委员会副主任易会满涉嫌严重违纪违法，目前正接受中央纪委国家监委纪律审查和监察调查。 当地时间9月5日，中国组合李晓辉/王紫莹在2025美网轮椅网球女双决赛中战胜跨国组合朱珍珍/德格鲁特，成功夺冠。 中国田径队公布2025年世界田径锦标赛参赛名单，将派出73名运动员，参与33个小项的比拼。 详讯 6日零时起，国铁乌鲁木齐局对疆内旅客列车运行图进行调整，乌鲁木齐与8座城市实现“一站直达”。 中国影片《南京照相馆》当地时间9月5日正式登陆英国，在英国“电影世界公司”和“奥迪恩”两大主流院线放映。 我国科学家介绍，将在不久的将来，实施小行星动能撞击验证任务，通过观测、撞击及联合监测评估防御效果。 中国海军“丝路方舟”号医院船近日从福建泉州解缆起航，赴南太平洋和拉丁美洲执行“和谐使命-2025”任务。 政策 北京全面启动2025年新入学初一年级在校女生HPV疫苗免费接种，全市初中所在地440余个预防接种门诊均可为符合条件者提供服务。 河南发文，对毕业学年内有就业创业意愿、积极求职创业并符合相应条件的高校毕业生按每人2000元的标准一次性发放求职补助 。 陕西发文，普通中小学校每所学校应当配备1名科学副校长。师生人数多、多校区或有需求的学校可以聘任2名以上5名以下科学副校长 。 今日天气 内蒙古东北部、西藏东南部、青海南部、川西高原北部、重庆中北部、陕西东南部、湖北东部和西北部、河南西部、安徽中西部、江苏中南部、云南西部、广东南部、海南岛东部、台湾岛中西部等地部分地区有中到大雨，其中，重庆北部、台湾岛北部等地局部地区有暴雨 。 早安中国 　　每个清晨，遇见大美中国。 贵州凯里市碧波镇，金黄的稻浪翻涌，收割机穿梭田间，这是乡村最动人的丰收画卷。白露至，秋意渐浓，大地上瓜果飘香，一片丰收景象。愿我们都能在这美丽的秋景中，迎来属于自己的美好收获 。 人生最好的状态，不是从未遇到挫折，而是从没放弃成长。所有不平凡的人，不过是把平凡每一天都过成了限量版。不吝惜每一滴汗水，不辜负每一个当下，你想要的都会在路上。新的一天，早安 ！ 本期编辑：林帆、 冯昌泰 ，实习生： 甘雨欣 、 李小碟 ｜主播：蓝艳 觉得好看，请点这里 ↓ ↓ ↓
【夜读】我们在纪念什么？这篇主题演讲稿，值得全文收藏！,https://mp.weixin.qq.com/s/WjfGiBgqQGZoJHz5sPPjkw,2025-09-23,近日， 人民日报新媒体 推出 纪念抗战胜利80周年主题演讲 《我们在纪念什么》 近8分钟的视频 引发无数网友强烈共鸣 “看完泪流满面 ” “请求开放下载，想给学生播放 ” “我要抄写下来，让我的孩子背诵” …… 以下为演讲稿全文 ↓↓↓ 80年过去了 亲历过那段历史的人日渐稀少 伤痛的记忆，似乎已被时光冲淡 我们，在纪念什么？    纪念，为了铭记  这个孩子 浑身是血，无助地坐在站台上 他的父母全都 遇难 1937年8月28日 聚集在上海南站的平民 遭遇日军的疯狂轰炸，死伤无数 孩子的哭声，在废墟上回响   80多年前，这张 《中国娃娃》的照片震惊了世界。 我们这代人，并未亲历过战争 但这些触目惊心的影像告诉我 我们的同胞 曾经历怎样的杀戮和绝望   这样刻骨的伤痕 在那时的中国大地上，比比皆是 南京城内 30多万人惨遭屠戮 大同煤矿 “万人坑”里 死难者遗骸层层叠叠 重庆上空响起的无数次警报中 数万生灵陨落焦土 抗日根据地一次次遭遇 “烧光、杀光、抢光” 百姓被杀，家园被毁   14年抗战 3500多万同胞伤亡 930多座城市被先后侵占 这一个个数字背后 是多少被战争碾碎的人生 多少没能长大的童年 多少再未相逢的别离 是这片土地上 永远的伤疤   我们不断抚摸这道伤疤 因为历史需要被反复讲述 如果挨打的人都忘记了 那 打人的人还会记得吗 当和平的阳光普照大地 阴暗的角落里 沾满鲜血的屠刀仍在享受香火 篡改历史的笔仍企图颠倒黑白 我们纪念 是要永远记住 它曾有多疼 是要铭记民族的牺牲、历史的真相 是要为那些无法瞑目的同胞 捍卫还没能讨回的公道 将正义的旗帜 扎进时间的长河  纪念，为了传承  一位父亲 在白布上写下一个大大的 “死”字 送给即将出征的孩子 让他 “伤时拭血，死后裹身” 我无法想象 这是怎样的心痛 又是怎样的悲壮 当铁蹄践踏家园 无数英雄挺起 铮铮铁骨 他 们无一不抱着必死的决心 “换取中华民族子子孙孙 万代的独立自由”   在 “起来，不愿做奴隶的人们”的 怒吼里 有杨靖宇牺牲后 胃里的草根、树皮和棉絮 有四行仓库中战士们绑满全身的炸药 有硝烟下舍命传递的鸡毛信 有无数共产党人 顶 在抗日战争最前线 作为 全民族抗战的中流砥柱 支撑起救亡图存的希望 有每一个中华儿女 用同一个心跳 以血肉之躯筑起新的长城   今天，当我们走过 张自忠路 、尚志大街、 一曼街 当我们来到 左权县、靖宇县、黄骅市 我们看到 英雄们的名字写满祖国山河 他们不屈的精神 已化作永恒的路标 忘记历史意味着背叛 我们纪念 是要为英烈们献上最崇高的礼赞 是要铭记民族危亡时刻 每一个对 “天下兴亡 匹夫有责” 最具象的回答 是以过往告诉未来 要用百折不挠、坚韧不拔的必胜信念 跨越一切艰难险阻 续写英雄们未竟的征途 前进，前进，前进 进    纪念，为了和平    这位医生 把手术台设在离火线最近的地方 曾经 连续工作 69个小时 为 115名 八路军 重伤员做了手术 他来自万里之外 最终倒在中国抗日的战场上 这是怎样的道义和情谊   左图是白求恩，右图是白求恩在晋察冀边区涞源县临时手术室里为伤员做手术。 80多年前 东方主战场上 中国以巨大的民族牺牲 抗击了日本军国主义主要兵力 有力支援了 欧洲和太平洋战场上的抵抗力量 爱好和平与正义的国家与人民 也支援着中国 中苏携手 在大漠戈壁开辟一条国际 “生命线” 驼峰航线 飞虎队 2000多名 美籍 飞行员牺牲 德国的拉贝 丹麦的辛德贝格 美国的约翰 ·马吉 冒着巨大风险保护南京民众 记录下日本侵略者残暴行径 他们的友谊 中国人民永远不会忘记   正义从 不 会 孤军奋战 不同民族 、 不同语言 、不同经历的人们 站在同一面旗帜下并肩战斗 “欲免后世再遭战祸” 《联合国宪章》的序言中的宣示 正是饱受战火摧残的人类共同的期盼   今天， 世界再次来到 何去何从的十字路口 当 “强权即公理”沉渣泛起 历史是最好的教科书 也是最好的清醒剂 我们 纪念，是要告诉历史 我们拒绝遗忘 今天的安定生活 绝非 上天的馈赠 而是无数双手 从 历史 深渊 里奋力 托举   我们 纪念，是要告诉未来 我们 不为点燃仇恨的火把 只为发出深刻的警醒 人类命运休戚与共 历史悲剧不能重演   我们 纪念，是要告诉世界 历经苦难、浴火重生的 中国 坚定捍卫和平的信念 呼唤所有善良的人们以史为鉴 携手创造和守护人类共同的 繁荣美好的未来！ 告诉历史，告诉未来，告诉世界 我们不忘， 永远不忘！ 来源：人民日报新媒体 本期编辑：方梓祎，实习生：陈皓迪 觉得好看，请点这里↓ ↓ ↓
这才是科学家眼中的“长寿身材”：1个部位要细，2个地方要粗,https://mp.weixin.qq.com/s/Z8KK1jG2rZOVDvgdyABi2w,2025-09-23,近年来，越来越多的科学研究发现： “长寿身材”通常具有三个显著特征， 总结起来就是：一个部位要细，两个地方要粗！ 今天我们就来具体聊聊， 科学家眼中的“长寿身材”，到底有哪些特征？ 01 科学家眼中的“长寿身材” 1个部位细，2个地方粗 众所周知，肥胖是加速衰老的一个重要因素，但不同部位胖瘦却对衰老 / 长寿有着重大的影响。 2025 年 8 月，《欧洲心脏杂志》（ EHJ ‌）上发表的一项研究发现：内脏脂肪累积与男女心血管衰老加速相关，想要心血管衰老慢一点： 一个部位要“细”——腰要细，两个地方要“粗”——臀围粗、大腿粗。 研究纳入了 2.1 万名参与者，通过全身成像得出身体脂肪体积和分布，分析了与心血管衰老之间的关系。研究发现： 腹部脂肪累积，会加速男性心血管衰老；腿部和臀部脂肪累积，会 减缓 女性心血管衰老。 研究截图 具体而言： 内脏脂肪每增加 1 升， 加速 心血管衰老约 0.66 年，女性腿部和臀部脂肪每增加 1 公斤， 减缓 心血管衰老约 0.5 年 。 此外，这三个部位的 “粗细”，不仅影响心血管，还会影响死亡风险。 2020 年，《英国医学杂志》（ BMJ ）上发表的一项研究分析了 253 万余人后发现： 腹部肥胖（腰粗）的人全因死亡风险较高，而腿部和臀部肥胖（腿粗 / 臀粗）的人死亡风险较低。 研究截图 具体来说， 腰围每增加 10 厘米与全因死亡风险增加 11% ，大腿围每增加 5 厘米与全因死亡风险降低 18% ，臀围每增加 10 厘米与全因死亡风险降低 10% 。 因此，总体来说， “长寿身材”需要具备这三个特征： 腰要细、臀围粗、大腿粗。 健康时报图 02 做好这3点 帮你练出“长寿身材” 看到这里，可能 很多人会想 ， “ 我的身材是由 基因决定，怎么 改变 ？ ” 别担心！虽然先天因素有影响，但通过后天的努力，我们完全可以 改善身材， 减少内脏脂肪，增加下肢肌肉量，向长寿身材靠拢。 长寿身材的 目标非常明确： 减腰围： 核心是减少内脏脂肪 、 腹部脂肪；增臀围、大腿围： 核心是增加这些部位的肌肉含量，而不 单 是脂肪。 一、 规律运 动： “练”出长寿曲线 运动是同时实现 “减腰围”和“增臀腿围”的最有效手段 之一 。 1.  减腰围（减少内脏脂肪）： 首选有氧运动 ， 这是燃烧全身脂肪（包括内脏脂肪）的利器。每周进行 3-5 次，每次 30-45 分钟的中等强度有氧运动。推荐 ： 快走、慢跑、游泳、骑行、跳操。 运动时心率加快、微微出汗、能说话但不能唱歌的程度即可。 同时推荐 加入高强度间歇训练（ HIIT ） ：效率更高，能在短时间内消耗大量热量，并产生“后燃效应”。如“全力冲刺跑 30 秒，慢走 1 分钟”，重复 6-8 组。或选择开合跳、高抬腿、波比跳等动作循环练习。 2.  增臀围、大腿围（增加肌肉量）： 很多中老年人最突出的问题就是 “肌肉流失”“肌少症”，而 增加肌肉 、 防止肌肉流失 必须做力量训练。肌肉的增加不仅能改善体型，更能提升基础代谢，让你变成 “ 长寿身材 ”。 推荐三个 黄金动作： 深蹲 （ 能全面刺激臀部和腿部肌肉 ， 可以 从自重深蹲开始 ）； 臀桥 （ 精准刺激臀部，找回久坐后 “消失的臀部” ）； 弓步蹲 （ 改善腿部线条和平衡能力 ） 。 每周进行 2-3 次下肢力量训练，选择 4-5 个动作，每个动作做 3-4 组，每组 8-12 次。 健康时报制图 二、健康饮食： “吃”出长寿 身材 饮食 也在很大程度上 决定了你的 身 材，吃对东西，才能减掉坏脂肪，长出好肌肉。 建议遵循 “三要三不要”原则： ✅ “ 要 吃 ” 优质蛋白： 蛋白质是构建肌肉的原材料，还能增加饱腹感。 推荐： 鸡胸肉、鱼虾、鸡蛋、牛奶、豆制品（豆腐、豆浆）、瘦牛肉。 十大优质蛋白 ✅ “ 要 吃 ” 优质脂肪： 健康的脂肪有助于激素平衡和减少炎症。 推荐： 牛油果、坚果（每天一小把）、橄榄油、深海鱼（三文鱼、鳕鱼）。 ✅ “ 要吃 ” 全谷物 / 膳食纤维 ： 提供持久能量，稳定血糖，促进肠道健康，减少腰围。 推荐 ： 糙米、燕麦、藜麦、全麦面包、红薯、玉米以及大量的蔬菜（尤其是绿叶蔬菜）。 ❌ “ 不要” 添加糖： 糖是导致内脏脂肪堆积的 “元凶”之一。避开：含糖饮料、奶茶、蛋糕、饼干、 冰激凌 等加工甜食。 ❌ “ 不要 ” 坏脂肪： 反式脂肪和过多的饱和脂肪会危害心血管健康。避开：油炸食品、膨化零食、人造黄油、肥肉。 ❌ “ 不要” 精制碳水： 容易导致血糖飙升，促进脂肪储存。避开： 蛋糕、 面包 等 ， 以及 白米饭、白面条 适量食用，最好用 全谷物 替代一部分。 健康时报 任璇 摄 三、生活 习惯 ： “ 修 ”炼出好身材 1.  耐心坚持： 改变体型不是一蹴而就的，至少需要 3-6 个月的持续努力才能看到明显变化。不要因为一周没效果就放弃。 2.  睡眠优先： 长期睡眠不足会导致压力激素（皮质醇）升高，更容易囤积腹部脂肪。保证每晚 7-8 小时的高质量睡眠 ， 不要熬夜。 3.  管理压力 ： 通过 运动 、瑜伽、爱好等方式减压，因为高压同样会导致皮质醇水平升高。 4.  减少久坐： 每工作 1 小时就起来活动 5 分钟，倒杯水、伸个懒腰，积少成多。 来源：健康时报 本期编辑：李娜、郑薛飞腾 觉得好看，请点这里 ↓ ↓ ↓
东部战区发声！,https://mp.weixin.qq.com/s/TUrQAruRXzOpRoAWqYuxTA,2025-09-23,东部战区新闻发言人就加、澳军舰过航台湾海峡发表谈话 　　东部战区新闻发言人施毅陆军大校表示， 9 月 6 日，加拿大“魁北克”号护卫舰、澳大利亚“布里斯班”号驱逐舰过航台湾海峡并滋扰挑衅。中国人民解放军东部战区组织海空兵力对其过航行动全程跟监警戒，有效应对处置。加方、澳方行径传递错误信号、增加安全风险。战区部队时刻保持高度戒备，坚决捍卫国家主权安全和地区和平稳定。 来源：东部战区 本期编辑：李娜、郑薛飞腾 觉得好看，请点这里 ↓ ↓ ↓
看完中国阅兵，这位外籍记者哭了,https://mp.weixin.qq.com/s/XRwf7luQhOY9CSjBQOJYaQ,2025-09-23,9月3日 一名外籍记者 在现场看完九三阅兵后 泪流满面 这一幕，感动了许多人 当天， 中阿卫视 记者 方浩明 在现场观看阅兵 在接受采访时 方浩明 表示很震撼 心情久久不能平复 尤其是 看到最后 放飞鸽子 、气球飞上天的时候 “我已经开始不停地哭” 方浩明说： “我特别希望中东 也能实现和平 特别希望中东人 也能过上中国人一样的生活” 谈及中国此次阅兵 方浩明表示： “中国阅兵是为了 铭记历史、共创 未来 中国让更多的国家 来到中国去合作 去一起去发展 希望这个世界变成一家人 就像天安门上面写的 ‘世界人民大团结万岁’” 最后， 方浩明眼含热泪 笑着说： “恭喜你们 真的恭喜你们” 网友评论 铭记历史，珍爱和平！ 来源：北京时间 本期编辑：李娜、郑薛飞腾 觉得好看，请点这里 ↓ ↓ ↓
明确了！提前发工资,https://mp.weixin.qq.com/s/bV4uCMYaIoH73c8WdVD3Wg,2025-09-23,暑假结束 今年最后一个长假即将到来 国庆节和中秋节 连放8天假 小伙伴们请注意 用人单位月工资支付日 在10月1日至8日的 工资可以提前发 这些人，可提前发工资 　　2025年放假安排显示，10月1日（周三）至8日（周三）放假调休，共8天。9月28日（周日）10月11日（周六）上班。 　　根据《工资支付暂行规定》第七条，工资必须在用人单位与劳动者约定的日期支付。 如遇节假日或休息日，则应提前在最近的工作日支付。 工资至少每月支付一次，实行周、日、小时工资制的可按周、日、小时支付工资。 加班费怎么算？ 　　根据《工资支付暂行规定》 第十三条，用人单位在劳动者完成劳动定额或规定的工作任务后，根据实际需要安排劳动者在法定标准工作时间以外工作的，应按以下标准支付工资： 　　（一）用人单位依法安排劳动者 在日法定标准工作时间以外 延长工作时间的，按照不低于劳动合同规定的劳动者本人小时工资标准的150％支付劳动者工资； 　　（二）用人单位依法安排劳动者 在休息日工作，而又不能安排补休的， 按照不低于劳动合同规定的劳动者本人日或小时工资标准的200％支付劳动者工资； 　　（三）用人单位依法安排劳动者 在法定休假节日工作的， 按照不低于劳动合同规定的劳动者本人日或小时工资标准的 300％ 支付劳动者工资。 　　实行计件工资的劳动者，在完成计件定额任务后，由用人单位安排延长工作时间的，应根据上述规定的原则，分别按照不低于其本人法定工作时间计件单价的 150％、200％、300％ 支付其工资。 　　经劳动行政部门批准实行综合计算工时工作制的，其综合计算工作时间超过法定标准工作时间的部分，应视为延长工作时间，并应按本规定支付劳动者延长工作时间的工资。 　　实行不定时工时制度的劳动者，不执行上述规定。 来源： 人民网综合中国政府网、人社部网站等 本期编辑：李娜、郑薛飞腾 觉得好看，请点这里 ↓ ↓ ↓
我国规划撞击一颗小行星,https://mp.weixin.qq.com/s/SBePHFPNwJBsLerHmGjxNg,2025-09-23,近日召开的第三届深空探测天都国际会议上，中国探月工程总设计师吴伟仁介绍， 我国正在规划对一颗小行星实施动能撞击演示验证任务，验证小行星防御方案可行性 。 吴伟仁院士介绍，这项任务拟采用 “伴飞+撞击+伴飞” 的任务模式，发射观测器和撞击器。观测器先期抵达对目标小行星进行抵近观测，获取其详细特性参数，然后撞击器对小行星实施高速撞击。撞击全过程将通过天地联合方式，采用近距离高速成像等技术，开展小行星轨道、形貌和溅射物变化观测，准确评估撞击效果。 具体来说， 就是在距地球1000万公里左右的地方，对迎面来的小天体发射动能 撞击器，交会后争取能够产生极大的动能从而改变小天体的轨道。 比如，目前计划能够改变3到5厘米的轨道，让小行星至少几十年到100年之内不能够再撞击地球。 据介绍，小行星探测、防御和资源开发对于全人类具有深远战略意义，也是国际社会的广泛共识。我国将向全球伙伴发出合作倡议，在地面联合监测、联合研制与载荷搭载、数据与成果共享等方面开展积极合作。 “如果全球共享数据，共同掌握科学成果，最后我们可能得出来更加精确的结论和科学的认知，对我们整个人类都是有好处的。”吴伟仁说。 来源：央视新闻 本期编辑：胡程远、陈子涵 觉得好看，请点这里 ↓ ↓ ↓
这只参加阅兵的和平鸽，“下班”50多个小时刚到家……🤣,https://mp.weixin.qq.com/s/WknLGkN1mbcu9PyBJRPExw,2025-09-23,9月3日上午10点多参加天安门广场放飞，9月5日下午快4点才刚刚回到位于北京石景山的家。 鸽户王启来也搞不懂， 阅兵当天，放飞后约15分钟，就有和平鸽飞回家了。 50多个小时，这只和平鸽“下班”之后上哪儿玩去了？ 但看着它浑身湿漉漉、哆哆嗦嗦的小可怜样儿，还真有点心疼。王启来赶紧打开了鸽笼的保暖和照明设备，把鸽子抓进去，喂点电解质水和粮食，好好犒劳圆满完成国家重大保障任务的小家伙。 这几天，参加九三阅兵的和平鸽全网关注， 放飞后还有不少“彩蛋” ：不少网友偶遇了还没到家的“迷路鸽子”，甚至出现了“ 鸽子变 夜鹭” 的误会 。 “阅兵最火小可爱” 晚归真的是迷路了吗？ 9月3日，8万羽和平鸽展翅高飞，如何在空中形成盘旋效果？ 北京市信鸽协会秘书长孙鹏介绍，鸽笼车的摆放有讲究，“ 鸽子在飞行中遇到障碍物会调头 ，利用这个特点，鸽子可以在广场上空形成盘旋状态。” 能参加活动的和平鸽，每一只都要经过精心培育、精挑细选，不仅身体健康、骨骼肌肉健壮，还要经历数次训飞。 “虽说鸽子自带‘导航’，但还是需要训练，我们按照赛鸽的标准训飞，把鸽子拉到离家10公里、20公里、50公里、100公里甚至数百公里的地方，逐次拉长距离，训练鸽子认家、归巢的能力。”王启来说，每次训练，和平鸽基本都能顺利回家。 虽然有严格的训练，但 也有鸽子没有立刻回家 。 纪念活动结束后，有网友偶遇了疑似迷路的信鸽，虽然评论区有网友表示鸽子“可能只是在休息”， 不过 中途迷路的鸽子并不少见，甚至还有“拐带”其他鸽子回家的…… 不少网友持续关注“迷路”和平鸽的回家进度，可以说， 和平鸽成为了“阅兵最火的小可爱”。 对此，北京师范大学生命科学学院生态系主任邓文洪指出， 对于参加九三阅兵的鸽子来说，更多是靠非视觉导航回家。 个别 兜兜转转没有快速回家的鸽子，实际上并不是真的迷路。 “其实它们不是迷路了，没有马上回家的鸽子可能受到了一些因素影响，比如它在飞行的过程中发现了一些食物丰富的地方，就可能停下来取食。如果鸽子渴了，遇到河流或是一些淡水湖泊、水库，也可能停下来喝水。另外，个体之间可能还会有一定的交流”， 邓文洪说。 邓文洪强调，对于这些信鸽而言， 家永远是它们的终点 ：“可能 有一些外界因素，它会有一些应激反应，这种情况下它可能为了生存往自己容易飞行的方向飞，但最终还是会回去。” 鸽子不是80000只 而是80001只？ 这次纪念活动的许多照片，引发网友强烈反响。其中，新华社播发的一张放飞和平鸽的照片，引发了大伙的激烈讨论： 画面中央这只飞鸟，看起来像是误入和平鸽群的“夜鹭”。 80000只 和平鸽里 “混进了第80001只鸟” 的话题让不少人津津乐道。 这是纪念大会现场放飞气球和鸽子。新华社记者 江文耀 摄 放大看看…… 🧐 ↓↓ 这是夜鹭，再对比看看……↓↓ 对此，专家已经明确给出了答案， 照片里的就是一只鸽子 。 拍摄这张照片的新华社记者江文耀为了进一步证实，回看了前后的数十张连拍照 片，发现这只鸽子从他身后入镜，一直飞远。那时，大会已至尾声，绝大部分的信鸽都已盘旋离开，离家近的没准儿都快到家了。 新华社记者 江文耀 摄 江文耀表示， 这确实是只鸽子，如果非要说点儿不一样的，那它大概是一只“有点儿舍不得离开的胖鸽子”。 江文耀说，关于“网络鉴鸟”这件事，他看到的最温暖的回答是这样的：当大伙化身“云鉴鸟师”执着寻找“第80001只鸟”时， 这场始于和平鸽的插曲，却让庄严的阅兵收获了最轻盈的爱国表达——所有误读都始于在意，所有争论都源于关心。 来源：北京日报（记者：何蕊 叶晓彦 和冠欣 崔家宁）、新华社（记者： 江文耀 ）、中央广播电视总台中国之声 本期编辑：胡程远、陈子涵 觉得好看，请点这里 ↓ ↓ ↓
“54岁阿姨考上研究生”，账号被禁言！,https://mp.weixin.qq.com/s/Cny9XW1lKUz1m_OA_M4zPA,2025-09-23,　　近日，一名网友在社交平台发文称，54岁的她用30年从河南县城考到北京的大学，并晒出手捧中国政法大学研究生录取通知书的图片，引发关注。 相关帖子 　　该网友称，“从河南县城考到北京大学圈，我用了30年时间，现在在去北京西站的火车上，9月1号开学，提前去学校看看。”其还专门解释大龄考研的意义，“人生本来追求的就不是一个固有的流程，任何时候做任何事都不为晚。” 然而，据多家媒体报道，中国政法大学 党委宣传部工作人员称，已经与研究生招生办工作人员核准过了， 并未找到符合54岁、河南籍贯的新生。 工作人员表示，“50岁以上”“河南籍贯”的考生信息均已交叉排查过，均未查到网传考生信息。 对于帖子中提及上课方式为非全日制研究生一事，中国政法大学方面回复称， 非全日制 研究生里也没有符合这些特征的人员。 　　9月3日，记者注意到该网友社交平台内容已清空， 上面显示“该账号因违反相关社区规则，已被禁言”。 该账号IP属地显示为北京，粉丝1907人，获赞与收藏高达18.8万。 来源：南方都市报（记者：杨婷）、钱江晚报、澎湃新闻 本期编辑：胡程远、陈子涵 关注！ ↓ ↓ ↓
美国防部更名为“战争部”,https://mp.weixin.qq.com/s/LXZzJPUccUsDYkxq9fo39w,2025-09-23,特朗普签署行政令 将美国防部更名为“战争部” 这是从空中拍摄的美国国防部所在地五角大楼（2020年2月19日摄）。新华社记者 刘杰 摄 　　美国总统特朗普5日签署一项行政令，决定恢复美国国防部历史旧称，将其更名为“战争部”。 　　该行政令授权将“战争部”作为国防部的“次级称谓”使用（相当于代称），并把国防部长赫格塞思等人的职衔相应改为“战争部长”等对应称谓。同时，行政令要求赫格塞思采取措施以推动国防部实现永久更名。当天，多名共和党议员提出相关更名议案，尚待国会批准。根据美国法律，国会是唯一有权决定美联邦政府部门设立、废除及更名的机构。 　　据美媒报道，从18世纪90年代开始，美国军队被划分为两个机构：一个是负责陆军的战争部，另一个是负责海军部队和海军陆战队的海军部。二战结束后，时任美国总统杜鲁门于1947年将各军种合并为一个军事机构，1949年将其正式命名为国防部。 　　特朗普开始第二任期后曾多次提议将国防部更名并引发争议。特朗普8月在白宫椭圆形办公室表示，“战争部”这一名称听起来“更有力”“更合适”。他补充说：“‘国防’听起来太过保守，我们当然要防御，但必要时也要能进攻。” 　　批评者认为，国防部更名将带来高昂开支，并将分散五角大楼对安全优先事项的注意力。 来源：新华社（记者：施春） 本期编辑：胡程远、陈子涵 觉得好看，请点这里 ↓ ↓ ↓
易会满被查！,https://mp.weixin.qq.com/s/hiwoAYCyWrf6FmnmCElJMg,2025-09-23,十四届全国政协经济委员会副主任易会满涉嫌严重违纪违法，目前正接受中央纪委国家监委纪律审查和监察调查。 来源：中央纪委国家监委网站 本期编辑：胡程远、陈子涵 觉得好看，请点这里 ↓ ↓ ↓
阅兵现场放飞的8万只气球，最后去哪儿了？,https://mp.weixin.qq.com/s/hcNNYo9nmiWSXsO_sUQloA,2025-09-23,8万羽和平鸽振翅飞翔，8万只气球腾空而起，纪念中国人民抗日战争暨世界反法西斯战争胜利80周年大会上的这一幕，令很多人印象深刻。许多网友关心： 8万只气球去哪儿了？有没有影响环境？ 对此，我们进行了采访。 这是纪念大会现场放飞气球和鸽子。新华社记者 牟宇 摄 这次放飞的8万只气球，与普通气球存在明显不同。风车气球生产企业江苏世杰塑胶科技有限公司总经理董振生介绍，本次放飞活动所采用气球的材质，与普通气球在成分、生产工艺两方面存在明显不同。普通气球多采用天然乳胶与多种化学添加剂混合制成，包括硫化剂、促进剂和防老化剂等。 而本次大会放飞的气球，材质为全降解天然材料，主要成分为天然乳胶、植物淀粉和由玉米、甘蔗等植物发酵制成的聚乳酸（PLA）。 这些材料均属生物基可降解材料，具有环保、无害、可完全降解的特性。 别小看了小小气球的材料。“该特种天然乳胶材料具有无毒、无害、无刺激性，兼具可降解性与可持续性等优点。”董振生说， 此次气球制造所使用的原料和生产工艺尚未有先例。 这是纪念大会现场放飞鸽子和气球。新华社记者 张涛 摄 在研发过程中，有一个难题摆在研发团队面前：如何在采用新型可降解材料的同时，保持气球所需的气密性、拉伸强度和延伸率？“这些性能要求与材料的可降解特性在一定程度上存在矛盾。”董振生说，研发团队通过持续试验与技术攻关，最终成功实现了气球在具备优良物理性能的同时拥有高降解率，突破了环保材料在实际应用中的关键技术瓶颈。 这种气球降解率有多高？这种气球所用材料在通常日照环境下，约一个月后，气球表面就会开始粉化，180天内自然降解率可达60%—70%， 在1年至1年半的时间内可完全降解，最终分解为水、二氧化碳和有机质 ，不会造成永久性污染。 除了企业研发，还有一些科学家致力于此方面研究。相关方面专家介绍，科学家还在研究一种不使用铝箔的生物基复合材料，对气体的阻隔性接近天然乳胶。 来源：《人民日报》（ 2025年09月06日  第06版）， 记者：董映雪 姚雪青，原标题《 8万只气球去哪儿了（趣科普） 》 本期编辑：胡程远、陈子涵 为科研人员点赞！ ↓ ↓ ↓
明晚，记得记得抬头看！（下次是2028年）,https://mp.weixin.qq.com/s/1zNOtMMoBeYd0Hu029hxwA,2025-09-23,等待近3年，我国公众再次迎来“红月亮”。 北京时间9月7日午夜至8日凌晨，天宇将上演一次壮观的月全食，我国全境可见全过程。 天文科普专家提醒，这是本年度的重磅天象，感兴趣的公众不要错过。 2022年11月8日，在广西南宁市拍摄的月全食。（王晋 摄） 当太阳、地球、月球三者恰好或几乎在同一条直线上，月球经过地球影子时，月球圆面被部分或全部遮住的现象称为月食。地球影子又分为本影和半影，月球完全进入本影时为月全食，部分进入本影时为月偏食，仅进入半影时为半影月食。 “这三种月食中，月全食最好看。从地球上看去，月球表面将呈现罕见的暗红色。 月球之所以会‘红脸’，系地球大气层折射和散射太阳光时，少量波长较长的红光穿过大气层照射到月球上所致。 ”中国天文学会会员、天津科学技术馆天文科普专家宋媛媛说。 2021年5月26日，在北京怀柔区雁栖塔拍摄的月全食。（宋桂东 摄） 就全球而言，每年发生日月食的次数最多为7次，最少只发生2次。最常见的是发生4次日月食，即2次日食和2次月食，今年就属于这种情况。这4次日月食中，对于我国公众来说，观测条件最好的就是本月的这次月全食。 这次月全食始于北京时间9月7日23时28分，此时月球开始稍微阴暗（半影食始）；8日零时27分，月面开始有缺（初亏）；1时31分，月球完全进入地球本影（食既）；2时12分，月球的中心与地球本影的中心最近（食甚）；2时53分，月球开始重现光芒（生光）；3时56分，月球走出地球本影（复圆）；4时55分，月食现象结束（半影食终）。 其中，食既到生光为全食阶段，也就是民间俗称的“红月亮”，持续1小时22分。 2018年1月31日，在广西桂林市拍摄的月全食部分过程（拼版）。（王晋 摄） “这次月全食，在大西洋东部、大洋洲、亚洲、印度洋、欧洲、非洲、太平洋西部、南极洲都可以看到。”宋媛媛说，美中不足的是月全食发生在我国的后半夜， 想看“红月亮”需要熬夜，观测月全食通过肉眼、望远镜、相机、手机均可 。 2022年11月8日，在上海外滩拍摄的月全食“项链”（拼版）。（王艺胤 摄） 记者了解到，上一次我国可见全过程的月全食是在2022年11月8日，而 下一次可见全过程的月全食则要等到2028年12月31日至2029年1月1日，这是一次罕见的“跨年月全食” 。 来源：新华社“星空有约”，记者：周润健 本期编辑：胡程远、陈子涵 觉得好看，请点这里 ↓ ↓ ↓
九三文艺晚会总导演，原来是她们！,https://mp.weixin.qq.com/s/xhQPiM0yHiqdJRb0HIhgTg,2025-09-23,9月3日晚，“正义必胜——纪念中国人民抗日战争暨世界反法西斯战争胜利80周年文艺晚会”在北京人民大会堂举行。 这场晚会看哭了 无数网友： “母亲那句‘儿’！众人回应‘娘’！直接代入”“这段隔空对话太燃了！”…… 除了演员的精彩演出，有网友注意到，晚会的 总导演是 周莉亚、韩 真 。 这两个名字的出现，让剧迷们直呼“原来是你们”。 周莉亚与韩真 是来自中国东方演艺集团的青年 编导，都毕业于北京舞蹈学院。两人曾联合创排了舞剧 《只此青绿》《永不消逝的电波》 等优秀作品。 韩真（左）与 周莉亚（资料图） 在《正义必胜》文艺晚会中，两人鲜明的舞 剧美学再次呈现 ， 对她们而言，这场晚会是一次 全新的创作挑战 。 为了不能忘却的纪念 “以前是作为创作者，而这次是讲述者” ， 导演 韩 真说， 历史都是真实的，它原本就意味着是一种未曾触碰过的视角、感受和角色。“ 在这样一个活动、一台作品里，所注入的所有情绪和情感，都与以前的创作完全不同。 我们作为讲述者，要用最大的赤诚，把真实的故事讲出来。” 整场文艺晚会最大的创作特色，是在以往的情景史诗基础上，叠加“戏剧”这一艺术载体，首尾呼应、各篇章有机串联，一气呵成，形成 一整部情景史诗剧 。 讲好抗战故事，弘扬伟大抗战精神，对于包括韩真、周莉亚在内的全体 创作者而言意义非凡。 舞台上大部分是 90后、00后演员 ， 总导演周莉亚说，“他们 从一开始走进排练厅懵懂 的眼神，到后来真正走进这段历史， 他们相信演绎的人物是鲜活的，只有他们自己相信，观众才会被感染。 ” 韩真说， 通过这台作品以及舞台上90后、00后孩子们的表现，说明一个答案—— 我们从来没有忘记 。 这场文 艺晚会，何以直抵人心？ 如何用90分钟左右的时间完成历史叙事和艺术表达，晚会创作者们给出的答案是 “经典瞬间” 。 一个又一个经典瞬间和场景扑面而来、一气呵成↓ 令 无数网友印象深刻的那句 “莫欺我中华无肝胆 母亲膝下百万兵” ， 让观众再一次回望沉痛的战争，铭记那些为了正义前赴后继的中国英雄。 当三 军仪仗队震 撼亮相，可以说是对剧中 “那是我们的天，他们凭什么想来就来、想炸就炸！”“他们还敢来吗”…… 这几句历史之问 的最好回答。 在 《如你所愿》的跨时空对话中，宋春丽扮演的妹妹向她哥哥表达了这样的情感： “哥，我是你的妹妹，我不需要再逃避。我们的血脉没有断！” 今天的我们与牺牲的先辈跨越时空的对话： 今日中国，如你所愿！ 这些瞬间、这些片段不断把观众带入抗战的历史中， 让大家深刻体会到， 先辈们付出了血与火的代价，如今的和平与幸福是如此难得， 也让大家更加懂得“胜利与和平”的来之不易。 近千名青年师生参与演出 记者从北京市委教育工委获悉，来自北京舞蹈学院、北京电影学院、北京体育大学、北京工业大学、北京戏曲艺术职业学院等院校 900余名师生 参与了文艺演出的筹备演出工作。 在排演的过程中，师生们不仅磨练了意志品质，提升了艺术表达能力，更通过排练和观摩演出，上了一节生动的爱国主义教育课。 有参演学生表示， “每一次排练和登台都让我心潮澎湃，当我穿上表演服，以肢体和语言还原那段历史时，仿佛触摸到了先辈们的热血和坚韧。” 北京舞蹈学院 共有378名学生参与舞台表演，序幕、五个篇章、尾声的17个节目中都能看到该校学生的身影。 总导演周莉亚、韩真为北京舞蹈学院校友。 北京电影学院 共有62名学生参与此次演出，有讲述东北抗联故事的合唱《血染的白桦林》，情境戏剧《窑洞》、《永远的番号》，第五篇章朗诵《如你所愿》…… 学校表演系2023级研究生胡新琪表示，这次的经历让自己更加懂得和平的珍贵，也为能够以这样的方式铭记历史而自豪。 北京体育大学 17名学子以精湛的技艺、饱满的热忱和崇高的使命感，圆满完成组舞与组歌《遍地烽火》、情景戏剧《永远的番号》、歌舞《命运与共》等节目的演出任务。参演学生表示：“每一次表演都是一次精神洗礼，我们不是在表演，而是在与先辈对话。” 中国戏曲学院 20余名师生参与了舞美设计、灯光设计制作、节目单设计与制作、舞台技术保障、演出保障等多项工作。其中， 舞美系副教授王亚东 带领7名学生参与的舞美设计工作， 以长32米巨型长城浮雕幕为精神图腾搭配分层照明方案打造“流动历史画卷”。 中央戏剧学院 中央戏剧学院的156名师生分别担任多个篇章主要表演工作和整台晚会的制作工作，覆盖表导演创作、舞美设计、制作管理等专业。校友刘敏涛一句“莫欺我中华无肝胆，母亲膝下百万兵”，令许多观众为之动容。 中国音乐学院 管弦系、声乐歌剧系等多名教师参演， 北京工业大学 艺术设计学院教师杨嵘担任晚会核心主创成员。晚会以精彩的表演向历史致敬，用艺术的形式讲述抗战故事，传递伟大的抗战精神，为观众带来了一场震撼心灵的艺术盛宴。 弦歌不辍唱山河 薪火相传忆初心 这是一场跨越时空的演出 也是一场青年与先辈的对话 致敬！ 点赞！ 来源：央视新闻（ 记者：曹岩 曾晓蕾 俞悦 柴志先 魏帮军）、首都教育 本期编辑：刘杰、方梓祎、阮可欣 为了不能忘却的纪念 ！ ↓ ↓ ↓
一旦被咬伤就是Ⅲ级暴露！家中闯入“不速之客”，千万别徒手抓,https://mp.weixin.qq.com/s/bHzHBWfW1FatRrDDlvhfdw,2025-09-23,你见过蝙蝠吗？ 这个昼伏夜出、通体黑色的小家伙 在影视作品中常常被赋予神秘的色彩 不少人在见到它的时候 都会本能地感到害怕 担心接触野生蝙蝠后感染疾病 近日 一只迷路蝙蝠飞入市民家中 市民徒手“捉拿”蝙蝠时被其咬伤 引发关注 家里飞入蝙蝠究竟该如何应对？ 蝙蝠咬伤的后果有多可怕？  徒手捉蝙蝠   后果很严重  　　近日，河南信阳，一名女子回家后发现马桶里有一只落水的蝙蝠，就在她试图徒手将蝙蝠捞出时，不慎被其咬伤，女子赶到医院， 被医生告知需要注射7针血清、5针疫苗，共计要花费1700多元。 　　9月4日，佛山复星禅诚医院重症急救医学部急诊科主任欧构裕告诉记者，蝙蝠咬伤的应急处理、病毒传播特点及后续防护均有特殊之处，伤者在24小时内需及时接种疫苗。 　　“不管出于什么目的，徒手捉蝙蝠不可取！” 他表示，市民处理野生动物或宠物时，首先要有防护装备，否则受伤的可能性很高。“以这次事件为例，市民可以用火钳夹，并穿戴较厚的衣物再去处理。” 　　此前，一起因蝙蝠咬伤而感染狂犬病去世的事件引发全球关注。据海外网12月1日报道，美国一名60岁女子被蝙蝠咬伤后因感染狂犬病病毒身亡。这名女子10月中旬被蝙蝠咬伤，大概一个月后出现类似流感的症状，11月18日送医，11月22日去世。 　蝙蝠很危险！ 　一旦接触就是Ⅲ级暴露　 　　“理论上来说，所有哺乳动物都存在感染或传播狂犬病病毒的可能性，其中以下三类哺乳动物传播狂犬病病毒风险较高，一是犬猫，二是野生食肉哺乳动物如狼、熊、浣熊、臭鼬等，第三就是蝙蝠。”中国医学救援协会动物伤害救治分会会长、北京大学人民医院急诊外科副主任王传林告诉人民日报健康客户端记者，一旦被上述动物咬伤，建议到专业医疗机构进行评估，原则上应立即进行狂犬病暴露后预防。 　　“ 蝙蝠是很多病毒的宿主，一旦接触蝙蝠就认为是Ⅲ级暴露， 需要进行规范的狂犬病暴露后处置 ， 即：冲洗及处理伤口，根据患者免疫史合理使用狂犬病被动免疫制剂并按照程序接种狂犬病疫苗。”浙江省中西医结合医院（杭州市红十字会医院）犬伤门诊主任胡伟琦在接受人民日报健康客户端记者采访时表示，普通人如果接触到蝙蝠，无论是否发生咬伤，都应该立即到正规的医疗机构进行规范的狂犬病暴露后预防处置。 　谨记“三步”　 　　根据中国疾控中心发布的《狂犬病暴露预防处置工作规范（2023年版）》，蝙蝠咬伤属于狂犬病Ⅲ级暴露，是暴露级别中最高的一类，需严格按照相关标准进行规范处置。欧构裕强调，被蝙蝠咬伤后，黄金处理时间为24小时内，需严格遵循“三步法”： 　　一是立即冲洗消毒伤口 ：用肥皂水或弱碱性清洁剂，用流动清水交替冲洗伤口至少15分钟，可物理清除90%以上病毒，再用碘伏或医用酒精消毒。能够最大限度减少伤口表面的病毒、细菌残留，第一时间降低病毒载量，为后续注射疫苗/免疫球蛋白赢得时间窗口。 　　二是尽快前往正规医院就诊 ：无论伤口大小，都需在24小时内（最迟不超过48小时）到医院犬伤门诊或急诊科就诊。 　　三是主动告知医生蝙蝠接触史 ：明确说明被蝙蝠咬伤或抓伤的情况，包括接触时间、地点及蝙蝠状态（如是否异常活跃、有无死亡），帮助医生精准判断可能的感染风险（如狂犬病病毒、汉坦病毒等），避免漏诊或错配治疗方案。 　　广东某野生动物物种保护中心工作人员表示，普通市民遇到蝙蝠时，核心原则是 “不接触、不驱赶、及时求助”。 　　该工作人员介绍，若蝙蝠进入室内，不要主动捕捉、拍打或徒手驱赶，应关闭房间门窗，留出一条向外的通道（如打开窗户），让蝙蝠自行飞出； 若蝙蝠无法自行离开，应及时联系当地疾控中心或野生动物救助机构，由专业人员处理。 若发现蝙蝠死亡或行为异常（如无法飞行、抽搐），不要触碰，用工具（如夹子、塑料袋）包裹后，联系疾控中心处理，避免直接接触其体液。 　　市民日常做好家居防护，如 安装纱窗、修补门窗缝隙，避免蝙蝠进入室内 ；清理阳台、楼道时，避免堆积杂物，减少蝙蝠筑巢的可能。 　　面对野生动物接触风险，公众需牢记“科学处理、专业求助”，既保护野生动物，也守护自身健康，避免因认知误区引发不必要的伤害。 来源： 央视网综合羊城晚报、健康时报、新闻晨报、大河报 本期编辑：胡程远、陈子涵 觉得好看，请点这里 ↓ ↓ ↓
来了！新闻早班车,https://mp.weixin.qq.com/s/BNEuUjneNpyETEw5IgR_nA,2025-09-23,点击这里，查看更多精彩内容 要闻 9 月 5 日，国家主席习近平向 2025 世 界智能产业博览 会致贺信。 商务部数据显示，今年 1 至 7 月，我国服务进出口总额 45781.6 亿元，同 比增长 8.2% 。 中央财政下达农业防灾减灾和水利救灾资金 9.4 亿元，支持多地加快 恢复洪涝灾后生 产。 近日，教育部公布 “ 全国高校黄大年式教师团队 ” 第三批认定名单、第四 批入围名单 。 国铁集团宣布，对儿童、残疾军人、伤残人民警察、残疾消防救援人员等旅客购票优惠措施进一步 优化，优惠车票今天开始 发售。 截至 4 日，今年西 部陆海新通道班列发送集装箱货物突破 100 万标箱，同比增长 72.5% ，保持高 速态势。 5 日，我国在西昌卫星发射中心使用长征三号丙运载火箭 / 远征一号上面级， 成功将试验二十九 号卫星发射升空。 5 日，我国在酒泉卫星发射中心使用谷神星一号运载火箭，成功将开 运一号卫星发射升 空。 外 交部 5 日表示，中方对阿努廷先生当选泰 国总理表示祝贺 。 当地时间 5 日，俄罗斯总统普京在东方经济论坛全会上表示，俄罗斯相应也将对等实施对华免签政 策，作为对中 方这一友好措施的回应。 社会 中国气象局国家气候中心消息，今年华北雨季已于 9 月 2 日结束，其持续时间和累计雨量均创下历史新高， 成为自 1961 年以来最强雨季。 中 俄合拍电影《红丝 绸》将 于今天登陆全国院线。 5日，中国足球协会发布关于公开选聘国家男子足球队主教练的公告。 详情 5 日，南京抗日航空烈士纪念馆公布了首批 62 位美国籍抗日航空英烈的 勘误和补充 信息。 卫星图像显示，南极海岸附近代号 A23a 的世界最大 冰山正迅速解体。 5 日，浙江嘉兴至非洲的“一带一 路”新航线正式 开通。 山东烟台警方破获一起冒充军人的诈骗案件，犯罪嫌疑人徐某添加 100 多名女性微信，向受害人敲诈勒索 ，目前已被 刑事拘留。 近日，监测人员通过无人机发现，云南南滚河国家级自然保护区亚洲 象群再添新 成员。 我国科研人员提出一种新型光催化策略，在常温条件下实现氢气异裂，为绿色低碳化工提供了全新路径。 据 广州市 五羊天象馆 预测， 8 日凌晨，将发生今年最重要、最值得观赏的月全食（红月亮）天象。 政策 山东发布 16 条措施加力稳经济，包括支持一批新增纳统企业以及高端化生产 性服务业、高品质生活性服务业重点项 目建设。 重庆发布通知，追加安排 1.35 亿元预算资金用于 10 月汽车及电动自行车以 旧换新补 贴。 近 日，《海南自由贸易港旅游条例（草案）》公开征求意见建议，拟实施更大范围 的 旅游免 签入境政 策。 今日天气 内蒙古东北部、黑龙江西北部和南部、吉林中东部、辽宁东部、山东东部和南部、河南西部和南部、安徽西部和北部、江苏中北部、江汉大部、川西高原北部、四川盆地东部和南部、重庆大部、贵州西部等地部分地区有中到大雨，其中，陕西南部、安徽北部、江苏北部、湖北南部和西部、四川盆地东北部、重庆中南部和东北部、贵州西北部等地部分地区有暴雨，部分地区大暴雨。 早安中国 每个清晨，遇见大美中国。 四川都江堰市玉垒山，这里是都江堰水利工程的重要组成部分。登临玉垒阁观景台，可俯瞰都江堰宝瓶口和岷江全景。清风吹拂，紫薇花若飘若止，似在迎接每一位游人。都江堰市欢迎您！ 心怀热爱的人，生命中始终都会有一方净土，那一团叫做热爱的火焰，让他们的心永远年轻。你只管保持热爱，向光而行，自会有水到渠成的惊喜。 新的一天，早安！ 本期编辑：方梓祎、冯昌泰，实习生：洪舒云、 王嘉鸿 ｜主播：蓝艳 觉得好看，请点这里 ↓ ↓ ↓
【夜读】纯享收藏版！九三阅兵解说词摘编来了,https://mp.weixin.qq.com/s/1gb96lRRNVv2YX7e02Nr5A,2025-09-23,是不是这几天 还在回味盛大阅兵 带给我们的震撼与骄傲？ 是不是想向别人 介绍令自己震撼的场景 却不知道该如何形容？ 九三阅兵解说词摘编 为你准备好了！ 九三阅兵解说词摘编 陆军方队： 百战沙场，攻无不克。 海军方队： 纵横万里海疆，建功远海大洋。 空军方队： 胸怀凌云壮志，搏击万里长空。 火箭军方队： 核常兼备，全域慑战。 军事航天部队方队： 筑梦九天，问鼎苍穹。 网络空间部队方队： 数字战场，网络长城。 信息支援部队方队： 信息主导，联合制胜。 联勤保障部队方队： 联战联保、全域支撑。 武警部队方队： 多能一体，维稳维权。 预备役部队方队： 召必回，战必胜。 民兵方队： 兵 民是胜利之本。 维和部队方队： 维护世界和平，贡献中国力量。 战旗方队： 战旗猎猎，铁流滚滚。 九三阅兵解说词摘编 陆上作战群 地面突击方队： 钢铁洪流，势不可挡。 两栖突击方队： 陆上猛虎，海上蛟龙。 空降突击方队：   神兵天降，所向披靡。 远程火炮方队： 远程压制、精确打击。 海上作战群 舰载防空武器方队： 海天盾牌，御敌铠甲。 反舰导弹方队： 鹰击出鞘，叱咤海空。 水下兵器方队： 潜匿大洋，出奇制胜。 防空反导群 预警探测方队 ： 洞悉战场风云，抢占制胜先机。 对空抗击方队： 剑指苍穹，御敌长空。 反无人机方队： 低空战场，密织火网。 信息作战群 网络空间作战方队： 锻造网络尖兵，决胜无形战场。 电子对抗方队： 电磁利剑，先手制敌。 信息支援方队： 体系融合，全域支撑。 无人作战群 陆上无人作战方队： 跨越险阻，无往不至。 海上 无人作战方队： 自主巡弋，出击深蓝。 空中 无人作战方队： 人工智能，空天争锋。 后装保障群 后勤保障方队： 向战为战，融合保障。 装备保障方队： 抢救抢修，分秒必争。 战略打击群 巡航导弹方队： 长缨在手，敢缚苍龙。 高超声速导弹方队： 以快制强，极速打击。 核导弹第一方队： 国之重器，压舱基石。 核导弹第二方队： 东风浩荡，威震寰宇。 空中梯队 预警指挥机梯队： 长空千里眼，云天中军帐。 特种机梯队： 立体感知，巡猎海空。 运输机梯队： 大国之翼，使命必达。 轰炸机梯队： 凌云九天，战略铁拳。 加受油机梯队： 为战鹰助力，为胜利续航。 歼击机梯队： 亮剑云端，有我无敌。 舰载机梯队： 航母佩剑，刀尖舞者。 铭记历史的时刻 注定会被历史所铭记 对历史最好的纪念 就是开创新的历史 铭记历史 吾辈自强 来源：人民日报夜读综合央视新闻、人民日报客户端 |  制图： 马可 喻晓雪 胡润新 张星冉 李娜 本期编辑：李娜，实习生：甘雨欣 转发，收藏↓ ↓ ↓
受阅战车里，为什么有一双崭新的皮鞋？,https://mp.weixin.qq.com/s/E0Q-Jy92vcVreVclRvMoNg,2025-09-23,9月3日上午 一双崭新的皮鞋 被放在战车车舱里 和空降突击方队受阅官兵 一起通过天安门 皮鞋的主人是谁？ 为何它会踏上这荣耀的阅兵场？ “等抗美援朝胜利了 要买双皮鞋去天安门照个相” 这是志愿军排长 孙占元 在上甘岭的坑道里留下的心愿 73年前 27岁的孙占元老排长光荣牺牲 “73年后 接力棒传到了我们手上 由我们来实现老排长的梦想……” 来自空降兵某旅 孙占元生前所在部队的受阅官兵 为老排长圆了这一场梦 时光如果能倒流 有些镜头依然撼人心魄—— 1952年10月 抗美援朝战争上甘岭战役打响 面对敌人的猛烈进攻 两腿被炸断的 孙占元 仍坚持爬行指挥战斗 在子弹用尽后 他解下最后一颗手榴弹，滚向敌群 与敌人同归于尽，壮烈牺牲 被誉为抗美援朝“五大烈士”之一 追授特等功臣、一级战斗英雄 战后 该连被原志愿军第15军授予 “攻得勇猛、守得顽强”光荣称号 并荣立集体一等功 孙占元像 1952年10月14日 恶仗来袭前的 上甘岭阵地 战壕里 摩拳擦掌的战士们 正在等待反击的信号 借着出击前的空隙 27岁的孙占元 和战友们 谈起胜利后的畅想 孙占元 说： “我啊，等抗美援朝胜利了 就买双皮鞋到天安门照个相 回家娶个媳妇” 质朴简单的话语里 饱含着无比真实而美好的憧憬 只是心意可待，战火无情 这一简单的愿望 孙占元终其一生也没有实现 孙占元生前所在部队的官兵们 以老排长为榜样 苦练杀敌本领，提高打赢本领 圆满完成了演习演训、比武竞赛等 多项重大任务 即使连队取得了很多荣誉 可大家都清楚 老排长“买双皮鞋到天安门照个相” 的遗愿未能实现 今年，得知阅兵任务 连队官兵纷纷递交参阅申请书 想着带双新皮鞋走过天安门 替老排长圆梦 最终，经过层层选拔 该部队26名官兵 如愿走进阅兵训练场 训练场上 战士们训练刻苦 状态昂扬、精气神十足 “每个人都希望能够带着 给孙占元老排长准备的皮鞋 走上长安街，走过天安门 他们以此为荣，以此为耀” 方队主教练、教导员董鹏解释道 正是有这样的信念支撑 官兵们叫响了 “替老排长圆梦、为老排长争光”的口号 个个都要当标兵 牺牲73年之后 孙占元“穿皮鞋到天安门照个相”的愿望 被他的传人以另一种 独有的浪漫形式实现 革命先烈将以这种特殊的方式 看到这盛世如他们所愿 致敬英雄！ 致敬传承！ 来源：综合央广军事（ 记者：郝铮 王锐涛 成传港 夏雷 王晨曦 沈炎） 、北京日报（ 记者：代丽丽 张宇 通讯员：成传港） 本期编辑：刘杰、阮可欣 点亮文末👍❤️，一起致 敬！↓ ↓ ↓
中国足协公开选聘国足主帅,https://mp.weixin.qq.com/s/yTiNTbLYrFTp093CBv9-Kw,2025-09-23,9月5日，中国足球协会在其官方网站发布关于公开选聘国家男子足球队主教练的公告。公告全文如下： 中国足球协会关于公开选聘国家男子足球队主教练的公告 　　为大力加强新周期国家队建设，有效快速提升国家队竞技实力和水平，打造作风优良、能征善战、为国争光的国家男子足球队。经研究，中国足协将公开选聘国家男子足球队主教练，有关事宜告知如下： 一、岗位信息 　　（一）岗位名称 　　中国国家男子足球队主教练。 　　（二）目标 　　持续提升国家男子足球队竞技水平和国际足联排名，完成2030年世界杯参赛目标任务。 二、报名条件与要求 　　（一）持有职业级教练员证书且执教执照在有效期内； 　　（二）具有国际足联、洲际足联主办的国家队正式赛事决赛阶段主教练执教经历或有欧洲、亚洲高水平联赛主教练执教经历； 　　（三）原则上60周岁以下，国籍不限，须全职工作； 　　（四）具有较强的沟通交流能力； 　　（五）身体健康，品行端正，具有良好的社会形象； 　　（六）无兴奋剂违规问题，无违法犯罪记录和可能影响正常履行国家队相关职责的法律纠纷； 　　（七）深刻把握现代高水平比赛技战术特点、竞争态势和发展趋势，秉持积极主动的比赛理念和技战术风格。 三、报名材料、时间和方式 　　（一）报名材料 　　1.报名表（参见附件） 　　2.职业级教练员证书及有效期内的执教执照 　　3.有效期内的身份证或护照首页 　　4.近6个月内的体检健康证明 　　（二）报名时间 　　自本通知发布之日起至2025年9月20日。 　　（三）报名方式 　　在报名期限内，将电子版报名表及其他报名材料发送至报名邮箱。 四、联系方式 　　联系部门：中国足协技术部 　　联系电话：010-59291097 　　报名邮箱：cfatd@thecfa.cn 中国足球协会 2025年9月5日 来源：人民日报客户端 本期编辑：刘杰、阮可欣 转发周知！ ↓ ↓ ↓
他在天安门前留下一张不能露脸的照片,https://mp.weixin.qq.com/s/SnTKxOqgmgcr7-IwKHZVfw,2025-09-23,9月3日 纪念中国人民抗日战争 暨世界反法西斯战争胜利80周年大会 在北京天安门广场隆重举行 当天，很多人 受邀到现场观礼 其中一张不能露脸的 “打卡照”显得格外特殊 照片的主人公是 现任云南保山边境管理支队 执法调查队队长 安晓华 由于 工作的特殊性 他观礼留念的照片需要进行特殊处理 安晓华观礼后十分激动 “让我更加热爱我们的祖国 我们日夜巡逻的每一步 严格查缉的每一关 与犯罪分子较量的每一次 都具有无比重大的意义 我将永远铭记这份震撼与洗礼 以绝对忠诚扛起国门卫士的神圣职责 坚决筑牢祖国西南边境安全稳定的铜墙铁壁 为伟大祖国站好岗、守好门！ ” 安晓华 入警以来从未公开露面 他在禁毒战斗中的每一步 都行走在刀尖上 2004年，刚刚大学毕业的安晓华 选择参军入伍 现役时期从事禁毒工作 退役后他又毅然选择奋战在禁毒一线 2019年2月 保山边境管理支队得到一条线索 有一贩毒团伙准备在边境地区接运毒品 接到消息后 安晓华主动请缨进行卧底侦查 整整40天潜伏在毒贩周围 交易当天 就在毒贩拎包起身之际 他果断向待命的同事发出抓捕信号 毒贩眼看罪行暴露 随即掏出匕首冲向了警察 安晓华立即冲上去把毒贩扑倒在地 死死将其压在身下 最终，他们抓获18名犯罪嫌疑人 缴获冰毒146公斤 安晓华与同事在抓捕行动中 入警20年来 安晓华一直奋战在禁毒一线 在尖锐复杂的斗争中一次次与死神擦肩而过 先后参与专项行动20余次 侦办刑事案件200余起 抓捕犯罪嫌疑人350余名 缴获各类毒品1.5吨 将一二三等功拿了个遍 还当选2023年全国移民管理机构 “十大国门卫士” 2023年11月 被授予“全国最美退役军人”称号 2025年4月 被公安部评为“全国公安系统二级英模”等 安晓华获得的荣誉勋章 向所有缉毒英雄致敬！ 来源： 央视新闻综合保山边境管理支队 本期编辑：刘杰、阮可欣 点赞！致敬 ！↓ ↓ ↓
军乐团前的“特别观众”，原来是TA！,https://mp.weixin.qq.com/s/KuDR9oUQRc5wkt5olH6YBw,2025-09-23,在九三阅兵现场 一位 “特别观众” 在军乐团前的空地上 踩着鼓点悠然散步 引发网友关注 记者通过查询发现 这只样貌奇特的小鸟竟是 国家二级重点保护动物 翻石鹬 （ yù ） 翻石鹬 属于鸻 （ héng） 形目鹬科鸟类 它奔跑迅速 觅食时常用强壮的喙部 翻动水边石块 寻觅隐藏其间的 小型无脊椎动物 因此而得名 这只翻石鹬 为何会出现在阅兵现场 北京林业大学生态与自然保护学院 副教授贾亦飞 告诉记者 翻石鹬在我国湿地中广泛分布 尤其喜欢 相对干燥无遮挡的硬质地面 当前正值鸻 鹬类候鸟 迁徙高峰期 北京又是重要的 迁徙过境区域 因此 偶有个体出现在市中心广场区域 并不奇怪 来源： 光明日报（记者：徐谭）、工人日报（杨登峰、肖婕妤） 本期编辑：石磊、林帆 觉得好看，请点这里 ↓ ↓ ↓
普京：俄将对等实施对华免签政策,https://mp.weixin.qq.com/s/rrUcc5E5kNzKaigfIVPm5g,2025-09-23,俄罗斯总统普京4日在符拉迪沃斯托克表示， 中国宣布对赴华俄罗斯公民免签的相关政策是非常友好的举措，俄罗斯将对等回应。 据克里姆林宫官网当天发布的消息，普京说，这一免签政策具有重要意义，将使俄罗斯民众赴华旅行增多，并将促进商业发展、商贸往来和人员交往。“俄罗斯当然会对等回应这一友好举措。” 中国外交部发言人郭嘉昆2日宣布，为进一步便利中外人员往来，中方决定扩大免签国家范围，自2025年9月15日至2026年9月14日，对俄罗斯持普通护照人员试行免签政策。俄罗斯持普通护照人员来华经商、旅游观光、探亲访友、交流访问、过境不超过30天，可免办签证入境。 来源：新华社（记者： 栾海 ）、 央视新闻 本期编辑：石磊、林帆 觉得好看，请点这里 ↓ ↓ ↓
世界最大冰山解体,https://mp.weixin.qq.com/s/PM8n493EAz0rpnirCIPx5g,2025-09-23,近40年前从南极冰架断裂后，代号A23a的冰山长期位居世界“巨无霸”冰山榜首。然而， 卫星图像显示这座冰山正迅速解体，研究人员预计它有可能在几周内变小到无法辨识。 美国有线电视新闻网3日援引英国南极考察处消息报道，受温暖的海水影响，巨型冰山A23a正迅速分解为“几大块”。在今年早些时候，A23a面积3672平方公里、重近一万亿吨，块头居巨型冰山之首。 据法新社报道，欧盟地球观测项目“哥白尼”卫星图像分析结果显示，目前A23a的块头比原来小了一半多，不过面积仍有1770平方公里，最宽处达60公里。 报道说，最近几周，大量冰块从A23a脱落，散落在它周围的水里，一些大型冰块面积达400平方公里，其他很多小一些的冰块也足以威胁过往船只安全。英国南极考察处海洋学家安德鲁·迈耶尔什说，以美国国家冰中心标准衡量，从A23a脱落的不少大冰块算得上大型冰山。 自1986年从南极菲尔希纳冰架断裂以来，A23a冰山曾因卡在海床上，在威德尔海搁浅逾30年，后由于冰层融化等作用在2020年前后开始向北移动。今年3月，A23a停留在南大西洋南乔治亚岛附近海域，科学家一度担忧它与岛屿发生碰撞，可能威胁企鹅、海豹等动物生存。今年5月，这座冰山再次移动，向北漂流。 最近几周以来，A23a的漂流速度明显增快，有时候一天最远能漂20公里。 这张图片显示当地时间2024年11月25日南极海岸附近的冰山A23a。（美联社发布） 随着A23a解体，面积约3000平方公里的冰山D15a跃升为世界最大冰山，A23a退居第二。研究人员预测，随着南半球春季到来，海水持续温暖，A23a可能会迅速分解为越来越小的若干部分。迈耶尔什预计，A23a未来几周可能持续解体并变小到难以辨识。 冰山从冰架断裂脱落是一个自然过程。不过，研究人员说，南极冰架近来流失冰的速度加快，或许与人类行为引发的全球气候变暖相关。 来源：新华社，记者： 袁原 本期编辑：石磊、林帆 关注！ ↓ ↓ ↓
2030年总规模超7万亿元！这一产业迎利好,https://mp.weixin.qq.com/s/_3PBDAWbE7c91ODw1I55yg,2025-09-23,国务院办公厅日前印发《关于释放体育消费潜力进一步推进体育产业高质量发展的意见》，将对体育产业及相关企业有哪些支持措施，这些要点值得关注—— 到2030年，体育产业总规模超过7万亿元 到2030年，培育一批具有世界影响力的体育企业和体育赛事，体育产业发展水平大幅跃升， 总规模超过7万亿元， 在构建新发展格局中发挥重要作用。 支持在体育场馆、体育公园、运动营地等打造一批沉浸式体育消费场景 鼓励依法 利用工业厂房、商业用房、仓储用房 等打造体育运动空间。 充分挖掘城市各类“金角银边”空间， 配建群众身边“小而美”的全民健身场地设施。 引导商业综合体、景区、商圈、街区等 引入体育健身、赛事活动等业态。 支持在体育场馆、体育公园、运动营地等打造一批 沉浸式体育消费场景。 推动体育消费场景与数字技术有机融合，培育 智能化、定制化、体验式体育消费新模式。 鼓励具备条件的体育场地设施延长开放时间， 促进夜间体育消费。 搭建更多适老体育活动平台， 打造老年体育赛事消费场景，促进体育产业和老龄产业融合发展。 开展低空运动、航空模型运动、模拟飞行等低空赛事活动，促进低空体育消费 制定新一轮户外运动产业发展规划，以各地自然资源禀赋为依托， 差异化发展山地户外、水上、汽车摩托车、航空等户外运动项目， 推动建设高质量户外运动目的地。 办好中国户外运动产业大会， 推出一批户外运动精品线路。 在确保安全的前提下， 开展低空运动、航空模型运动、模拟飞行等低空赛事活动， 促进低空体育消费。 支持将符合条件的冰雪设备纳入大规模设备更新支持范围 持续发布实施全国冰雪消费惠民措施。 支持将符合条件的冰雪设备纳入大规模设备更新支持范围 。 深入实施冰雪运动“南展西扩东进”战略， 巩固和扩大“带动三亿人参与冰雪运动”成果。 支持符合条件的体育企业上市和再融资、发行债券、资产证券化 引导金融机构优化投融资服务，加强信贷管理，丰富信贷产品，积极发展知识产权质押贷款等业务。 支持符合条件的体育企业上市和再融资、发行债券、资产证券化。 鼓励用好用足再贷款再贴现政策，稳步降低综合融资成本，确保体育产业相关经营主体及时享受政策优惠。 支持将符合条件的体育场馆设备纳入大规模设备更新支持范围 加快国家关于助企惠企、促进民营经济发展的各项政策在体育领域落地， 支持民营企业参与体育产业投资建设， 推动体育产业补链延链强链。 健全体育企业培育机制，组织开展体育企业提质升级专项服务行动， 扩大规模以上体育企业数量， 引导更多体育装备企业成长为专精特新企业。 鼓励改造升级公共体育场馆，加快绿色、低碳、智能转型， 支持将符合条件的体育场馆设备纳入大规模设备更新支持范围。 持续推进公共体育场馆市场化运营、复合型经营，培育一批专业化体育场馆运营主体和服务品牌。 支持符合条件的项目发行基础设施领域不动产投资信托基金（REITs） 出台国家步道体系建设总体方案。 持续开展“国球进社区”、“国球进公园”活动，推动户外运动设施、全民健身中心、体育公园、社会足球场地等群众身边的体育场地设施建设。 通过中央预算内投资、地方政府专项债券、彩票公益金等支持符合条件的体育场地设施建设。 支持符合条件的项目发行基础设施领域不动产投资信托基金（REITs）。 对符合条件的体育消费领域服务业经营主体贷款给予财政贴息 开展促进体育消费和赛事经济试点，探索创新体育消费政策措施。 鼓励工会拓展使用会员会费支持职工开展体育健身活动或观看赛事。 对符合条件的体育消费领域服务业经营主体贷款给予财政贴息。 各地可因地制宜推出发放体育消费券、消费满减、积分兑换奖励等优惠举措， 鼓励有条件的地区发放数字人民币体育消费红包。 支持体育企业数字化转型，创新生产方式、服务方式和商业模式 探索推进“数据要素×体育”行动，支持大数据、人工智能等新技术在体育领域应用，提升体育产品和服务数字化水平。 支持体育企业数字化转型，创新生产方式、服务方式和商业模式。 加快体育领域高质量数据集建设。落实数据基础制度，完善体育领域数据产权归属认定、市场交易、权益分配、利益保护等具体规则。 来源：中国政府网 本期编辑：石磊、林帆 觉得好看，请点这里 ↓ ↓ ↓
“和哥哥一起，昂首阔步通过天安门广场”,https://mp.weixin.qq.com/s/0RNa3PrRHdDdgRnI3vpqzg,2025-09-23,
再说一遍，不是“机器狗”！,https://mp.weixin.qq.com/s/Hc0dzRYpHBnNtvVL96r0pQ,2025-09-23,九三阅兵中 陆上无人作战方队接受检阅 其中“机器狼” “狼群出动” 网友：有点萌，但战斗力很“猛”！ 陆上无人作战方队接受检阅。人民网记者 翁奇羽摄 新域新质作战力量 成为九三阅兵一大亮点 侦打突击、扫雷排爆 班组支援等无人战车 远程操控、自主行动、灵活编组 实现陆上有人无人 协同作战新突破 “机器狼” 是由四足机器狗加装上武器 或侦察设备进化而成 相较于“机器狗” “机器狼”在侦察能力 打击能力、保障处置等 各方面都有提升 在今年的思想解读类融媒体片 《攻坚——矢志强军向一流》中 陆军最新有人无人协同作战 画面披露 展示了“机器狼” 和士兵协同作战的画面 挂载步枪的察打一体“机器狼” 以精准火力实施压制 同时向“敌占区”快速机动 后方士兵保持紧密战术协同跟进 无人化作战的时代已经到来 有人无人协同作战 用技术把战术推向新的高度 为智能化 无人装备 点赞 来源： 央视军事 本期编辑：石磊、林帆 觉得好看，请点这里 ↓ ↓ ↓
电影《731》最新消息，英文片名亮了！这条提醒很重要,https://mp.weixin.qq.com/s/QUCoPwt9G92ER1nTc9vATw,2025-09-23,据@灯塔专业版 消息 9月4日，电影《731》开启预售 一小时排片已超3万场 排片占比高达99.7% 当天下午 预售总票房超过100万元 记者注意到 电影《731》英文片名为 “EVIL  UNBOUND” 直译为“罪行无界” 据了解，电影《731》片长125分钟 将于9月18日上映 猫眼专业版数据显示，电影《731》目前的“猫眼想看数”已经突破430万，暂列近期“猫眼想看榜”第一。 电影《731》由赵林山执导，姜武、王志文、李乃文、孙茜、冯文娟等人联合出演。公开信息显示， 该片讲述了抗战胜利前夕，侵华日军为了扭转战局在哈尔滨平房区开展细菌战研究，屠戮百姓进行人体实验的故事。 郑重提醒，《731》的海报和预告片都明确标注：未满18周岁请谨慎选择观看！想带孩子一起观影的家长，请务必考虑周全。 来源：中国青年报综合@灯塔专业版、@四川观察、@七三一官方微博 本期编辑：石磊、林帆 关注！ ↓ ↓ ↓
微镜头 | 这一握，情深意重,https://mp.weixin.qq.com/s/h3gV-P6bFt7eWkwzj2D4cw,2025-09-23,微镜头·习近平总书记同抗战老战士老同志亲切握手 这一握，情深意重 时间：9月3日上午 日程：出席纪念中国人民抗日战争暨世界反法西斯战争胜利80周年大会，习近平总书记同抗战老战士老同志亲切握手 天安门城楼。坐在轮椅上，他们依然身姿昂扬。端坐、努力挺起胸膛，就像奔赴战场前接受检阅那样。从年少到耄耋，军人的精气神丝毫不减。 他们，是申秉宸、张坪、刘世钺、傅英、罗竞辉、宋其祥。6位从战火中走来的抗战老战士老同志，年长的逾百岁高龄，最年轻的也有94岁。 秋日的阳光铺洒红毯。习近平总书记同出席纪念中国人民抗日战争暨世界反法西斯战争胜利80周年大会的外方代表团团长拾级而上，登上城楼，健步走向了他们。 总书记来到6位抗战老战士老同志身边，微笑着俯下身，同他们的手紧紧握在一起。 这一握，情深意重。 历史的风云、民族的记忆，涌上心头！ 历经战火洗礼、目睹华夏沧桑，这些老战士老同志亲历新中国成立、改革开放再到新时代。从土枪土炮到现代化的武器装备，从任人欺凌到站起来、富起来再到强起来，他们浴血守护的中国，走过了艰苦卓绝、九死一生的一条路，正阔步走在以中国式现代化全面推进强国建设、民族复兴伟业的康庄大道上。 这条路是无数英雄烈士用生命开拓出来的。就像总书记曾经的那句话打动了亿万人民：“共和国是红色的”。 最小的刘世钺，随父参加革命时还不到8岁，人没枪高的他，因国难当头“提前长大”。登上城楼，刘世钺总忍不住想起牺牲的战友们，想替他们看一看这山河无恙、岁月安宁。 一个壮烈的数字：14年抗日战争，中国军民伤亡超过3500万人。 一寸山河一寸血，一抔热土一抔魂。忆卢沟晓月，宛平战急；慨山河重塑，青山忠骨……“一个有希望的民族不能没有英雄，一个有前途的国家不能没有先锋。”民族英雄，国家荣光。党和国家不会忘记他们，人民不会忘记他们。 这一握，情深意重。 精神的传承，事业的赓续，前路未竟！ 老兵的皱纹，刻着时光的印记。老茧似铁，凝铸烽烟之痕。他们的手，握过寒枪、握过弹坑的焦土；他们的身，历经沙场之苦、溅过敌寇之血。此刻，岁月静好，他们紧握总书记的双手，神情格外激动。 99岁的申秉宸，是位有着82年党龄的新四军老战士，他说过：“共产主义是我一生的信仰。” “这是我第三次参加大阅兵，我为祖国自豪！”94岁的罗竞辉，不到13岁便加入东江纵队港九独立大队，“跟党走”一走就是80多年。 百岁高龄的张坪，声音已沙哑，曾这样坚定地忆及过往：“参加每一次战斗，都准备牺牲自己！” 朴实的选择，朴素的讲述。身经弹雨，未折英雄之骨；白发耄耋，不移赤子之心。“以身许国，何事不可为？以身许国，何事不敢为？”伟大抗战精神，熔铸了中华民族最坚韧的品格。无数仁人志士、英雄先烈，破长空、挥长卷，壮歌以行。他们的精神之光、价值沉淀，留驻在一代代繁衍生息的土地上，共同筑起我们富饶的精神家园。 习近平总书记望着他们，目光坚毅而温暖。老兵们胸前悬挂的一枚枚勋章，熠熠生辉。 这一握，情深意重。 历史的又一个十字路口，负责任大国挺膺担当！ 同习近平总书记握手的，还有国民党抗日老兵宋其祥。 邀请国民党抗日老兵到阅兵现场观礼，生动诠释“中国抗战是全民族抗战”的深刻记忆。而行至强国建设、民族复兴伟业的新征程，同样需要全体中华儿女凝心聚力、携手奋斗。 出席纪念大会的外国贵宾，也跟随习近平总书记的脚步，同老兵们一一握手。有感佩，有敬意：80年前的那场伟大胜利，是中国人民的胜利，也是世界人民的胜利；用血与火凝结成的战斗友谊，历久弥新。 和平始终是人类文明的深切渴望。中国的发展，从来不是像西方某些国家一样的崛起叙事，而是一部为世界和平与发展作贡献的壮阔史诗。中国的每一步前行，都是世界和平力量的壮大。 历史承载过去，也启迪未来。正如习近平总书记所说，铭记历史，不是为了延续仇恨。“铭记历史、缅怀先烈、珍爱和平、开创未来。”这是中国共产党人的庄重宣告，这是中国人民的坚定决心。 双手相握，情深意重，这里有家国之重、民族之重。握的是历史、守的是初心、担的是使命。 纪念大会上，老兵们的眼睛含着深情、含着泪水。他们望向长安街上的钢铁洪流、热血军人，望向“年轻时的自己”，望向中华民族的盛世华章： 胜利日的天安门广场，以“众志成城”为主题，三个巨大的“人”字，构成意象化“众”字造型，寓意着党的根基在人民、血脉在人民、力量在人民。 饱经沧桑的中华民族，阔步走在伟大复兴的新征程上，依靠的也是亿万人民的磅礴力量。习近平总书记的宣告，声震长空： “中华民族伟大复兴势不可挡！人类和平与发展的崇高事业必将胜利！” 来源： 《人民日报》（2025年09月05日 第2版，记者：杜尚泽、孙振，图片：新华社 本期编辑：石磊、林帆 觉得好看，请点这里 ↓ ↓ ↓
诋毁九三阅兵，孟某某（男，47岁）被拘！,https://mp.weixin.qq.com/s/TUQeM7IVD2guk30UFw99gQ,2025-09-23,湖北襄阳市公安局公共信息网络安全监察支队4日通报： 9月3日，襄阳网警工作中发现有网民孟某某（男，47岁）在微信朋友圈网友转发央视“抗日战争胜利80周年纪念活动直播”的评论中 针对“九三阅兵”活动发表诬蔑、诋毁性不当言论。且在其他网民表达爱国言论时，孟某某进行侮辱嘲讽并散布谣言 ， 引发网民强烈愤慨。 公安机关立即展开调查，孟某某到案后对其违法行为供认不讳。鉴于孟某某的言论 亵渎国家和民族情感，损害网民爱国拥军情结，造成恶劣社会影响，涉嫌寻衅滋事。 9月4日，枣阳公安依法对违法行为人孟某某处以行政拘留。 网警提醒：伟大的抗战精神是我们民族的精神脊梁。任何企图歪曲、亵渎抗战历史、诋毁参阅军人、伤害爱国感情的行为必将受到公安机关的严厉打击。 来源：@襄阳网警 本期编辑：石磊、林帆 严厉打击！ ↓ ↓ ↓
看看有没有拍到你？高校齐刷刷发文！,https://mp.weixin.qq.com/s/GZLxMFFvFv2y_9USPc0_-Q,2025-09-23,9月3日上午 纪念中国人民抗日战争 暨世界反法西斯战争胜利80周年大会 在北京天安门广场举行 无数年轻的身影闪亮现场 北京大学 北京航空航天大学 北航共有 208名师生 参加纪念大会广场合唱和志愿服务工作 还有数十名师生亲历现场观礼 献上最崇高的敬意 北京 交通大学 在纪念大会现场 一抹亮色来自 北京 交通大学 学校198名 师 生 作为 合唱团成员 和 观礼引导志愿者 以青 春 之 名 在第一线唱响 新 时 代 的中国青年之歌 向祖国 深情告白 北京科技大学 86名北科大师生 参与广场合唱团 在第一现场唱响中国青年的风采 接受祖国的检阅！ 广场合唱团演唱了 《松花江上》《保卫黄河》等 多首抗战主题歌曲 嘹亮而深情的歌声在天安门广场唱响 整齐划一的动作 深情投入的演唱 背后是三个月的真情投入和全情付出 自5月正式接到任务 师生们便开启了不停训练的脚步 日复一日，精益求精 北京理工大学 在本次阅兵中，北京理工大学 充分发挥科技创新优势 深度参与了多个装备方队 和空中梯队的核心装备研制工作 北京城市学院 现场还有 来自北京城市学院的31名师生 他们肩负着使命与荣光 以昂扬的歌声和饱满的热情 唱出新时代北城青年的青春誓言 为抗战胜利80周年献礼 从5月18日第一次校内集体排练 到9月3日正式演出 从唱功打磨到体能训练 从思政教育到演出姿态 109天 的专业精训 三个多月 的全情投入 成就阅兵现场的完美演绎 北京邮电大学 天安门广场上 北京邮电大学的88名师生 参与广场合唱团 与首都多所高校学生同台献声 除合唱团外， 112名北邮志愿者 参与组成的纪念大会志愿服务团 完成了多个重要岗位的服务工作 首都经济贸易大学 国防科技大学 国防科技大学博士毕业生 吕家杰走上天安门广场 作为联合军乐团大镲演奏员参加大会 这已是他第二次在重大阅兵任务中亮相 上海交通大学 师生以多种形式观看大会 共同见证这一庄严时刻 以最崇高的敬意 纪念这场伟大胜利 钱学森之子、上海交大钱学森图书馆馆长 钱永刚在纪念大会现场观礼 据悉，上海交通大学材料科学与工程学院 2019级本科生张博龙 也在方阵之中 他于2023年9月入伍，服役于某部 2025级学生军训全体参训师生 在学校霍英东体育中心 集体观看纪念大会实况转播 见证这一庄严时刻 东南大学 宁波大学 奥运冠军、 宁波大学2022级博士研究生 石智勇 和2023级博士研究生 汪顺 受邀在天安门广场现场观礼 湖北大学 江西师范大学 正义必胜！和平必胜！人民必胜！ 致敬伟大胜利 祝福我们伟大的祖国 繁荣昌盛，国泰民安 来源： 中国青年报（ID：zqbcyol 作者：陈垠杉 樊星）综合 本期编辑：石磊、林帆 觉得好看，请点这里 ↓ ↓ ↓
“不是！我哪里像‘洗衣机’了？！”,https://mp.weixin.qq.com/s/a-Z9x2s1uadevzt0om17pg,2025-09-23,九三阅兵中 海上作战群三个方队接受检阅 震撼场景，再看亿遍 ↓↓↓ 舰载激光武器 打造海战攻防新规则 舰载防空武器方队 4型受阅装备构成 远近衔接、立体对空防御体系 其中 舰载激光武器 具备精准毁伤、持续打击的 突出优势 成为打造海战攻防新规则的 “光之利刃” 反舰导弹方队 由鹰击-15导弹 和鹰击-19、鹰击-17、鹰击-20 高超声速导弹编成 可部署在舰载机、水面舰艇 潜艇等多种平台 射程远、速度快、毁伤强 是打击海上之敌的 “尖兵利器” 水下兵器方队 轻型鱼雷、助飞鱼雷、重型鱼雷 可打击水面舰艇、摧毁水下目标 新型特种水雷 能够自主识别、自主攻击 是扼守要冲、奇袭制敌的 “镇海神兵” 展示的装备 海上作战中已实践运用 本次阅兵 受阅武器装备全部为 国产现役主战装备 舰载防空武器方队高海军介绍 现在展示的装备 在海上作战中已经实践运用 “海红旗-9C和红旗-16C 主要担负海上水面舰艇防空任务 具备全方位快速拦截多目标的能力 红旗-10A导弹 主要用于拦截来袭反舰导弹 具备快速拦截多目标能力 激光武器与防空导弹协同作战 可以形成更强、 更可靠的 综合防御能力 让我们海上舰艇编队 有了更加可靠的安全保障 ” 来源： 央视军事（记者：何椿 温赛 李浩琦 陈思航），人民网（摄影：翁奇羽 视频：万能 张伊） 本期编辑：石磊、林帆 觉得好看，请点这里 ↓ ↓ ↓
来了，新闻早班车,https://mp.weixin.qq.com/s/DZQnt05ar2koapMcLsojAQ,2025-09-23,点击这里，查看更多精彩内容 要闻 9月4日，中共中央总书记、国家主席习近平在北京人民大会堂同来华出席纪念中国人民抗日战争暨世界反法西斯战争胜利80周年活动的朝鲜劳动党总书记、国务委员长金正恩举行会谈。 9月4日上午，中共中央总书记、国家主席习近平在人民大会堂会见来华出席2025年上海合作组织峰会和纪念中国人民抗日战争暨世界反法西斯战争胜利80周年活动并进行工作访问的老挝人民革命党中央总书记、国家主席通伦。 9月4日上午，中共中央总书记、国家主席习近平在北京人民大会堂会见来华出席纪念中国人民抗日战争暨世界反法西斯战争胜利80周年活动的古巴共产党中央委员会第一书记、古巴国家主席迪亚斯-卡内尔。 9月4日上午，国家主席习近平在北京人民大会堂会见来华出席纪念中国人民抗日战争暨世界反法西斯战争胜利80周年活动的津巴布韦总统姆南加古瓦。两国元首宣布将双边关系提升为中津全天候命运共同体。 9月4日中午，国家主席习近平在北京人民大会堂会见来华出席纪念中国人民抗日战争暨世界反法西斯战争胜利80周年活动的刚果（布）总统萨苏。两国元首宣布将双边关系定位提升为中刚高水平命运共同体。    9月4日下午，国家主席习近平在北京人民大会堂会见来华出席纪念中国人民抗日战争暨世界反法西斯战争胜利80周年活动的塞尔维亚总统武契奇。 9月4日上午，国家主席习近平在北京人民大会堂会见来华出席纪念中国人民抗日战争暨世界反法西斯战争胜利80周年活动的越南国家主席梁强。 9月4日中午，国家主席习近平在北京人民大会堂会见来华出席纪念中国人民抗日战争暨世界反法西斯战争胜利80周年活动的斯洛伐克总理菲佐。 国办日前印发《关于释放体育消费潜力进一步推进体育产业高质量发展的意见》。 工信部等印发行动方案，提出到2026年，电子信息制造业预期实现营收规模和出口比例在41个工业大类中保持首位。 应阿富汗请求，中国政府决定向阿提供5000万元人民币地震救灾紧急人道主义援助，主要包括帐篷、毛毯、食品等灾区急需物资。 社会 水利部与中国气象局联合发布橙色山洪灾害气象预警，预计今天，四川、陕西、甘肃等地部分地区发生山洪灾害可能性较大。 4日，中国—上海合作组织科技创新合作中心在山东青岛挂牌成立。 日前，中国邮政发行《中国人民抗日战争暨世界反法西斯战争胜利八十周年》纪念邮票。 天津市委原常委、组织部原部长周德睿严重违纪违法被开除党籍和公职。 云南省人大常委会原党组成员、副主任李文荣严重违纪违法被开除党籍和公职。 中国篮球协会公布，确认北京市为2027年国际篮联篮球世界杯亚大区预选赛第一窗口期承办城市。 4日，沈阳至长白山高铁开始按图试运行，为开通运营做准备。 近日，青海大通拍下四只雪豹在夜间同框出镜的珍贵影像。 我国科学家确证火星内部存在一个半径约600千米的固态内核，并揭示其主要成分可能是富含轻元素的结晶铁镍合金，成果发表于《自然》杂志。 近日，湖南长沙一女子在冷库工作不慎被反锁在内，外卖员刘旭听到敲门声后进门店查看，将被困女子救出。 政策 市场监管总局（国家标准委）批准印发一项国家标准，从卫生安全、健康防护功能和产品标识三个方面，对电坐便器便座提出明确要求。 国家认监委进一步规范质量管理体系，从适用范围、认证依据、认证机构和认证人员基本要求等13个方面，进一步明确开展质量管理体系认证活动的主要规定。 江苏发布实施方案，提出到2027年，高校新增学科专业点中属于国家或江苏急需的占比超85%，理工农医类学位授予点占比超60%。 今日天气 　　内蒙古东北部、西藏中部和西南部、青海东部和南部、甘肃东部、河北、陕西、山西、河南南部、湖北西部、四川盆地中西部等地部分地区有中到大雨，其中，陕西南部、四川盆地西部和北部等地部分地区有暴雨或大暴雨。 早安中国 　　每个清晨，遇见大美中国。 　　广东肇庆市高要区合成村，这里湿地葱茏，成群白鹭时而振翅掠过碧波，时而敛羽栖息浅滩。鸟儿与晨雾共舞，与霞光齐飞，身影灵动，悠然自得。肇庆市欢迎您！         不要总说着以后，不要总拖到明天，人生中的每一寸光阴都不应该被虚度。与其纠结于无法掌握的过去和未来，不如认真把握当下。新的一天，早安！ 本期编辑：朱田恬、阮可欣，实习生： 陈皓迪、 史怡菲｜主播：蓝艳 觉得好看，请点这里 ↓ ↓ ↓
习近平同朝鲜劳动党总书记、国务委员长金正恩举行会谈,https://mp.weixin.qq.com/s/B9CZDqypduAhQs4kf2_3PQ,2025-09-23,9月4日晚，中共中央总书记、国家主席习近平在北京人民大会堂同来华出席纪念中国人民抗日战争暨世界反法西斯战争胜利80周年活动的朝鲜劳动党总书记、国务委员长金正恩举行会谈。 习近平指出，中朝是命运与共、守望相助的好邻居、好朋友、好同志。中朝友谊源远流长，两国都是共产党领导的社会主义国家，有着共同的理想信念和奋斗目标。金正恩总书记来华出席纪念中国人民抗日战争暨世界反法西斯战争胜利80周年活动，体现了朝方维护二战胜利成果的坚定意志，也为中朝两党两国进一步发展友好合作关系提供了重要契机。 习近平祝贺朝鲜劳动党成立80周年，强调中国正在以中国式现代化全面推进强国建设、民族复兴伟业，朝鲜社会主义建设不断取得新成就。中国党和政府高度重视中朝传统友好，愿维护好、巩固好、发展好中朝关系。无论国际形势如何变化，这一立场都不会改变。中方将一如既往支持朝鲜走符合本国国情的发展道路，不断开创朝鲜社会主义事业新局面。愿同朝方加强高层交往和战略沟通，深化治党治国经验交流，加深相互了解和友谊。密切各层级互动，开展各领域务实合作。 习近平强调，面对前所未有的全球性挑战，我先后提出构建人类命运共同体理念和全球发展倡议、全球安全倡议、全球文明倡议、全球治理倡议，得到朝方积极支持和响应。中朝要在国际和地区事务中加强战略协作，维护共同利益。在朝鲜半岛问题上，中方始终秉持客观公正立场，愿继续同朝方加强协调，尽力维护朝鲜半岛的和平稳定。 金正恩表示，纪念中国人民抗日战争暨世界反法西斯战争胜利80周年活动隆重盛大、举世瞩目，展现了中国维护世界和平的坚定决心，彰显了中国的重要国际地位和影响。朝中老一辈领导人在抗日战争中结下了深厚情谊，我们有义务代代传承。无论国际形势如何变化，朝中之间的友好感情不会改变，不断深化和发展朝中关系是朝方坚定意愿。朝方将继续在台湾、涉藏、涉疆等涉及中国核心利益的问题上坚定支持中方立场，支持中国维护国家主权和领土完整，感谢中方长期以来坚定不移支持朝鲜社会主义事业并给予宝贵支持和帮助。 金正恩指出，在习近平总书记坚强领导下，在习近平新时代中国特色社会主义思想指引下，中国取得伟大发展成就。朝方愿同中方密切两党两国各层级交往，开展党的建设、经济发展等方面经验交流，助力朝鲜党和国家建设事业发展。愿深化两国互利经贸合作，取得更多成果。朝方赞赏中方在朝鲜半岛问题上的公正立场，愿在联合国等多边平台继续加强协调，维护好双方的共同和根本利益。 当天晚上，习近平同金正恩小范围茶叙并宴请。 蔡奇、王毅参加上述活动。 来源：人民日报客户端，图片：新华社 摄影/ 黄敬文 丁林 本期编辑：刘杰、王若彤 觉得好看，请点这里 ↓ ↓ ↓
看不够！人民日报阅兵高清大图，来了！,https://mp.weixin.qq.com/s/6PN8KVd_K6nBXAe07QrtYw,2025-09-23,九三阅兵 一个个高燃场面 值得“二刷三刷” 人民日报高清大图来了 一起再次感受 来自中国军队的亿点点震撼 ↓↓↓ 正义必胜！ 和平必胜！ 人民必胜！ 来源： 人民日报记者 雷 声 摄 本期编辑：刘杰、王若彤 文末点亮 ，转发收藏 ↓ ↓ ↓
【夜读】认真吃饭的人，真的不简单,https://mp.weixin.qq.com/s/10FRrDoTzhrTQEoVoRY2SA,2025-09-23,认真对待一日三餐 才能不辜负一年四季 你有没有发现：生活中，挑挑拣拣吃一顿饭的人，常常不会快乐；匆匆忙忙敷衍一顿饭的人，往往失了健康。总是认认真真吃好每顿饭的人，往往心态平和，常常开怀大笑。 有的人总在吃饭时百般计较，不好好吃饭；又在睡觉时百般思虑，不好好睡觉。其实，最简单的事情，才最难做好。 认真吃饭的人，都是热爱生活的人。做一顿饭，会花费一些时间，但美味值得等待。在案板上细细切好食材，看着锅里咕嘟咕嘟地翻滚着暖意，当酸甜苦辣氤氲在方寸之间的香气里，我们会感受到，生活原来如此美好，不用着急，也不必焦虑，因为深炖慢煮，终有香盈满室。 好的人生，从好好吃饭开始。只有认真对待一日三餐，才能不辜负一年四季。 饭要一口一口吃 路要一步一步走 生活中，不少人一遇到烦心事，就吃不下饭、睡不着觉。就算勉强吃几口，也没有心思去体味饭菜的滋味。 而有的人，即使身处低谷，也会认认真真吃好每一顿饭，做好眼前的每一件小事。 认真吃饭的人，不管多忙，都愿意花时间在一日三餐上；不管多累，都不会随便敷衍自己的胃。他们懂得照顾自己的身体和心情，懂得如何爱自己。 认真吃饭的人，总是活得很舒展。因为他们知道，饭要一口一口吃，路要一步一步走，专注做好眼前的事，认真度过每一天，就没有什么是过不去的坎儿。 一句“吃饭啦” 背后藏着家的温暖 你是否也有这样的经历：小时候，和父母因为生活琐事发生了一点小争吵。正生闷气的时候，妈妈推开你的房门说：“吃饭啦！”一家人坐在一起吃着家常饭，刚才的不愉快就都烟消云散了。 有网友说，“吃饭啦”是一句很神奇的话，因为家人嘴上说的是“吃饭啦”，心里说的是“我爱你”。是啊，一句“吃饭啦”，背后藏着的是家人之间的包容与深情。 厨房和餐桌，是一个家最有温度的地方。人们将他们对生活的热爱，藏进做的每一顿饭里，也通过这一顿顿饭，将一家人团聚在一起，紧密相连。 不论是春节还是中秋，凡是和“团圆”有关的日子，中国人都讲究一定要吃一顿“团圆饭”。因为一家人坐在一起好好吃饭，藏着对生活的热爱，也留住了家人间的温暖和深情。 懂得认真吃饭的人，最懂得生活。他们活得有温度、够舒展。他们懂得尊重下厨的人的不易，也享受于做饭时的乐趣。 认真吃饭的人，真的不简单。请珍惜你身边那个总是认真吃饭的人。 来源：人民日报夜读，综合极物等 |  主播：赵文龙 本期编辑：李娜 陈子涵，实习生：洪舒云 觉得好看，请点这里↓ ↓ ↓
阅兵式上有“错字”？真相来了！,https://mp.weixin.qq.com/s/CwBHDvaab8_u5IpWT4gk3Q,2025-09-23,战旗猎猎，铁流滚滚 80面抗战英模部队 荣誉旗帜组成的战旗方队 承载着历史荣光浩荡而来 引领装备方队受阅 看见一面面战旗，不少网友热泪盈眶 “不能让英雄们找不到自己的部队！” 有细心的网友发现 阅兵仪式上 战旗方队中的“刘老庒连”战旗 “庒”字为什么多了一点？ 其实，这是保留了 1943年连队旗帜上的同款字体 因为当时的书写习惯 “庒”是“庄”的异体字 在过去，两字同义同音 战旗保留原有字体和图案 是对先辈们浴血奋战 不屈不挠精神的传承 许多网友因此泪目： “不能让英雄们找不到自己的部队！” “我们刘老庄，有人 ！ ” “孩子，我带你回家” “莫欺我中华无肝胆 母亲膝下百万兵” 昨晚 在纪念中国人民抗日战争 暨世界反法西斯战争胜利80周年 文艺晚会上 “刘老庄连”全员补齐的一幕 也令许多观众动容 刘老庄连 是诞生于抗日烽火中的英雄连队 1943年春 日军对苏北淮海抗日根据地进行“扫荡” 新四军第三师第七旅第十九团第二营四连 为掩护淮海区党政机关 和人民群众安全转移 在淮北地区刘老庄一带 与1000多日伪军展开激战 子弹打光就用枪托砸 枪托砸碎就用小锹砍 小锹砍断就用双手掐 手臂负伤就用牙齿咬 面对数倍于己且装备精良的日军 战士们奋勇阻击 拼至弹尽粮绝 全连82人全部壮烈牺牲 刘老庄战斗结束后 在烈士壮举的感召下 又有82名主动参军的当地青年 被编入新四军第七旅 重新组建第四连 并命名为刘老庄连 刘老庄八十二烈士纪念馆 馆长石明闯介绍 因为当时的书写习惯 “庒”是“庄”的异体字 旗帜上的“庄”字就多了一点 目前，带点的“刘老 庒 连” 是连队的荣誉旗帜 平时使用的连队队旗 为现代汉字的“刘老庄连” 摄影：人民日报记者 朱笑熺 阅兵式上保留原有的字体和图案 是对先辈们浴血奋战 不屈不挠精神的传承 致敬英雄！ 来源：综合人民日报客户端（记者： 朱笑熺）、 江苏新闻、央视网、央视一套 本期编辑：刘杰、王若彤 点赞！致敬！ ↓ ↓ ↓
装备方队唯一的“女教头”，超帅！,https://mp.weixin.qq.com/s/g9ZufheWP-zCNkdJt9m99A,2025-09-23,九三阅兵中 装备方队军容严整、意气风发 接受检阅 这位叫王爽的女兵 是今年阅兵 装备方队中 唯一的女教练员 看着自己训练的方队 从长安街驶过，接受检阅 王爽表示 他们眼神坚定、排面整齐 零失误、零瑕疵的表现 在她心里可以打满分💯 “女教头”王爽和阅兵的故事 还要从10年前说起  01  2015年“9.3”阅兵结束后 当时还是列兵的王爽 手捧鲜花同战友 一块迎接阅兵战友凯旋 望着战友们刚毅的脸、挺拔的军姿 一个梦想在她心里埋下了种子： “有一天，我也要走过天安门 接受祖国和人民的检阅！” 那一刻的仰望 成了她日后所有坚持的起点 2019年庆祝新中国成立70周年阅兵 王爽如愿成为徒步方队女兵 同时，还身兼教练员、排面长 自己也是第一次参加阅兵 如何当好教练？ 面对压力，她一刻也不敢松懈 带头刻苦训练 踢坏了4双靴子 磨烂的袜子不计其数 脚底磨满了水泡 挂枪的肩膀和后背被反复磨破 尽管如此，王爽从未缺席过一次训练 顶着高温，训练服每天湿透七八遍 2019年10月1日 她和战友们以最完美的状态 最昂扬的斗志 通过天安门广场，接受检阅 那一刻 王爽感到所有的汗水都化作荣光 徒步方队指挥部授予的 “优秀教练员” 称号 是对她那段拼搏岁月最好的肯定  02  得知今年有阅兵任务 那份熟悉的热血感又涌上心头 王爽第一时间递交了请战书 但因女兵选拔范围未涵盖她所在的单位 她未能入选受阅队员 就在王爽以为自己 要与本次阅兵失之交臂时 一道新的任务来临—— 领导问她是否愿意担任 装备方队乘载员的教练员 王爽毫不犹豫地答应了： “行！我一定完成好组织交给我的任务！” 当时，有人问她 不能亲自走过天安门，遗憾吗 当然会有遗憾 但王爽心中有一个更坚定的声音 “即使不能再次通过天安门 也要与自己的队伍并肩战斗到底” 台前光荣，幕后更光荣 打造一支过硬的队伍接受检阅 这份责任，更重 初次走进男兵方队的训练场时 王爽能感受到一些目光里的疑虑 如何赢得男兵们的信服 王爽清楚，训练场上 专业能力是唯一的语言 实力才是赢得尊重的通行证 一次科目示范 摆头、敬礼、呼号 王爽军姿挺拔 如教科书般精准、利落、充满力量 一瞬间，男兵们爆发出雷鸣般的掌声 那一刻，王爽明白了 无论男兵还是女兵 他们所肩负的使命、对极致的追求 是完全相同的 性别从来不是衡量能力的标尺 晒得黝黑的面庞和双手 被汗水反复浸透的衣襟 就是他们全力以赴的最好证明 不过，王爽原以为 装备方队的静态站立 比徒步方队的正步分列式简单 “本以为静态站立比动态正步简单 上手才知道‘静’里面的门道更深” 要将看似凝固的军姿 站出排山倒海的气势 这并不容易 但她坚信 没有队员做不到 只有教练要求不到、检查不到 “远看威武挺拔，近看庄重自豪” 她用“拔起来”的口头禅 时刻提醒队员们 从身姿体态到神情面色始终“在状态” 训练场上分毫必较 战场上才能万无一失 “初始即严、越来越严、一严到底” 这是她的铁律 “出场即震撼，亮相即精彩” 这是她的标尺 正是这份 “死磕” 让王爽的队伍在考核中赢得了认可  03  由于素质过硬和岗位需要 不久后，王爽接到了一个好消息： 她被补充到受阅队伍 不再只是场边的“教练员” 还能与一起训练的战友们 并肩挺立，接受检阅 这份信任与机遇，让她心潮澎湃 “这将是我阅兵路上最璀璨的荣光” 她默默告诉自己 作为队员 必须一丝不苟地达到自己立下的标准 甚至要做得更好 从为受阅战友献花的列兵 到阅兵场上的优秀教练员 从徒步方队到装备方队 从带女兵到带男兵 角色和任务虽发生变化 但在王爽这里 以最高的标准迎接党和人民的检阅 始终如一 这次阅兵，站在大国重器前 王爽最大的感受是“有底气” “国家强大了，我们的腰杆子才硬 军队有力量，人民才有底气” 来源：人民日报客户端 本期编辑：刘杰、王若彤 为王爽点赞 ！↓ ↓ ↓
习近平同金正恩举行会谈,https://mp.weixin.qq.com/s/Y86lxvioryqoC_HMqIvw6w,2025-09-23,9月4日，中共中央总书记、国家主席习近平在北京同朝鲜劳动党总书记、国务委员长金正恩举行会谈。 来源：人民日报客户端 本期编辑：刘杰、王若彤 觉得好看，请点这里 ↓ ↓ ↓
热血沸腾！后劲太太太大了！,https://mp.weixin.qq.com/s/JZ1zZUPRqwnfJbX3ZPbWWA,2025-09-23,九三阅兵中 描述 装备方队的 这些词 直白而贴切 富有力量感 让人热血澎湃、后劲十足！ 独家梳理阅兵装备方队解说词 一起回顾！ ↓↓↓ 哪句让你印象最深? 来源：人民日报微信，策划制作 ：马可、喻晓雪、胡润新、张星冉 本期编辑：刘杰、王若彤 觉得好看，请点这里 ↓ ↓ ↓
李文荣被“双开”！,https://mp.weixin.qq.com/s/O9_BoZkfjZWaEF5BHj8w0w,2025-09-23,经中共中央批准，中央纪委国家监委对云南省人大常委会原党组成员、副主任李文荣严重违纪违法问题进行了立案审查调查。 经查，李文荣丧失理想信念，背弃初心使命，贯彻落实党中央决策部署打折扣、搞变通，履行全面从严治党主体责任不力，对抗组织审查；违反中央八项规定精神，接受可能影响公正执行公务的宴请和旅游、健身活动安排，违规组织用公款支付的宴请；违反组织原则，违规为他人职务晋升、岗位调整提供帮助；廉洁底线失守，违规收受礼品礼金，利用职权或职务影响为亲属经营活动提供帮助，搞权色交易；泄露尚未公开的企业重组信息；贪欲膨胀，把公权力当作谋取私利的工具，与商人老板沆瀣一气，搞权钱交易，利用职务便利为他人在工程承揽、企业经营、项目审批等方面谋利，并非法收受巨额财物。 李文荣严重违反党的政治纪律、组织纪律、廉洁纪律、工作纪律和生活纪律，构成严重职务违法并涉嫌受贿犯罪，且在党的十八大后不收敛、不收手，性质严重，影响恶劣，应予严肃处理。依据《中国共产党纪律处分条例》《中华人民共和国监察法》《中华人民共和国公职人员政务处分法》等有关规定，经中央纪委常委会会议研究并报中共中央批准，决定给予李文荣开除党籍处分；由国家监委给予其开除公职处分；终止其云南省第十一次党代会代表资格；收缴其违纪违法所得；将其涉嫌犯罪问题移送检察机关依法审查起诉，所涉财物一并移送。 来源：人民日报客户端，记者：赵成 本期编辑：刘杰、王若彤 觉得好看，请点这里 ↓ ↓ ↓
周德睿被“双开”！,https://mp.weixin.qq.com/s/-YsMZ89_kv3wjDngFTpdTg,2025-09-23,经中共中央批准，中央纪委国家监委对天津市委原常委、组织部原部长周德睿严重违纪违法问题进行了立案审查调查。 经查，周德睿丧失理想信念，背弃初心使命，政治意识淡漠，妄议党中央大政方针，贯彻落实党中央决策部署打折扣、搞变通，政绩观错位，盲目铺摊子、上项目，搞迷信活动，在政治上造成严重不良影响；无视中央八项规定精神，接受可能影响公正执行公务的宴请，违规操办生日宴；组织原则缺失，不如实报告个人有关事项，在干部选拔任用工作中为他人谋取利益；廉洁底线失守，违规收受礼品礼金，搞权色交易、钱色交易；干预和插手执纪执法活动；贪婪无度，把公权力当作谋取私利的工具，大搞权钱交易，利用职务便利为他人在企业经营、工程承揽等方面谋利，并非法收受巨额财物。 周德睿严重违反党的政治纪律、组织纪律、廉洁纪律、工作纪律和生活纪律，构成严重职务违法并涉嫌受贿犯罪，且在党的十八大后不收敛、不收手，性质严重，影响恶劣，应予严肃处理。依据《中国共产党纪律处分条例》《中华人民共和国监察法》《中华人民共和国公职人员政务处分法》等有关规定，经中央纪委常委会会议研究并报中共中央批准，决定给予周德睿开除党籍处分；由国家监委给予其开除公职处分；终止其党的二十大代表、天津市第十二次党代会代表资格；收缴其违纪违法所得；将其涉嫌犯罪问题移送检察机关依法审查起诉，所涉财物一并移送。 来源：人民日报客户端，记者：赵成 本期编辑：刘杰、王若彤 觉得好看，请点这里 ↓ ↓ ↓
赖清德对纪念大会说三道四，国台办痛批,https://mp.weixin.qq.com/s/cMN87EUpLtdK9Rxampr9Gw,2025-09-23,9月4日， 国务院台办发言人陈斌华答记者问。 问：9月3日，纪念中国人民抗日战争暨世界反法西斯战争胜利80周年大会在北京隆重举行。赖清德当天在社交媒体发文对纪念大会说三道四，对此有何评论？ 答：9月3日是中国人民抗日战争胜利纪念日，是海内外中华儿女扬眉吐气的“胜利日”。在举国欢庆、隆重纪念中国人民抗日战争暨世界反法西斯战争胜利80周年的日子，赖清德却大放厥词，美化侵略，煽动对立对抗，完全无视海内外中华儿女为挽救民族危亡所进行的艰苦卓绝的伟大战争，完全无视中华儿女为实现民族独立解放、用鲜血和生命铸就的伟大历史，完全无视中华儿女为拯救人类文明、保卫世界和平所作出的巨大民族牺牲和重大历史贡献。 其言论完全丧失民族立场，公然挑战正义良知，严重伤害两岸同胞感情，充分暴露“台独”分裂势力背叛历史、背叛民族、亵渎先烈、泯灭良知的丑陋面目和邪恶本质。 台湾是中国一部分，台湾同胞是中华民族一分子。为了民族解放、台湾光复，打败日本法西斯，包括台湾同胞在内的全体中国人民不畏强暴、同仇敌忾、奋起反抗，为国家生存而战，为民族复兴而战，为人类正义而战，最终取得近代以来反抗外敌入侵的第一次完全胜利。台湾随之光复，回到祖国怀抱。我们隆重纪念中国人民抗日战争暨世界反法西斯战争胜利80周年，就是要共同铭记历史、缅怀先烈、珍爱和平、开创未来。希望广大台湾同胞坚定站在历史正确一边、站在人类文明进步一边，赓续爱国传统，秉持民族大义，维护胜利成果，坚决反对“台独”分裂，与大陆同胞共同追求祖国统一、民族复兴的美好未来。 正告赖清德之流，任何歪曲抗战、二战历史的企图都不可能得逞，任何挑战战后国际秩序、人类正义良知的行径都必然失败，任何与全体中国人民为敌、妄图分裂国家的图谋都将自取灭亡。正义必胜，人民必胜，统一必胜！ 来源：人民日报客户端，记者：程龙 本期编辑：刘杰、王若彤 正义必胜，人民必胜，统一必胜！ ↓ ↓ ↓
王伟、祥榕，你们看到了吗？,https://mp.weixin.qq.com/s/efsdLlg5GikA1_XxLODk2A,2025-09-23,9月3日 纪念中国人民抗日战争 暨世界反法西斯战争胜利80周年大会 在北京天安门广场隆重举行 “海空卫士”王伟的妻子阮国琴 戍边烈士 陈祥榕的母亲姚久穗 受邀 在现场 观礼 当空中梯队飞过天安门广场时 阮国琴把王伟的照片举向蓝天 她大声说： “王伟，你和战友们又见面了！” 空中梯队飞过天安门广场时，王伟的妻子阮国琴在观礼台上把王伟的照片举向蓝天。 王伟的妻子阮国琴在观礼台上。 看着广场上一列列士兵 姚久穗说 自己想到了祥榕 觉得他们非常光荣、非常勇敢 “ 替你在现场观礼九三阅兵 妈妈感到无比自豪！” 陈祥榕烈士的母亲姚久穗。 姚久穗（左）与阮国琴合影。 王伟生前曾告诉妻子 自己最大的愿望 就是能驾驶战斗机从航母上起航 如今 他的夙愿已由战友们实现 今年4月1日 辽宁舰、山东舰、福建舰呼叫81192： 甲板已清空，可以降落 请立即返航！ 这是预警指挥机梯队通过天安门广场。 这是歼击机梯队接受检阅。 陈祥榕牺牲后 部队问姚久穗有什么要求时 英雄的母亲只说 “我没有要求，我只想知道 我儿子在战斗的时候勇不勇敢？” 后来 部队给陈祥榕一家送上笔和纸 请他们再次考虑 把需要部队做的事写下来 一夜过去，陈祥榕的姐姐陈巧钗 代表全家把纸交还 打开 是一张干干净净、只字未写的白纸 这是陆上无人作战方队通过天安门广场。 这是装备方队接受检阅。 英雄不曾远去 这次，烈士与战友们 再次相聚在祖国的首都 那份对祖国和人民的爱 永远指引我们前行 来源：人民日报客户端（刘晓宇、周邦在、张文奎）、新华社（ 殷刚、 黄孝邦、王鹏、孙瑞博、张宏祥 ） 本期编辑：石磊、方梓祎 致敬！ ↓ ↓ ↓
参加阅兵的鸽子都是“借”的？北京市民：鸽子已到家,https://mp.weixin.qq.com/s/y8i2C79dP0RzbNAw5Va4xQ,2025-09-23,9月3日上午，阅兵活动结束后，《歌唱祖国》响彻天安门广场，全场热血沸腾。鸽笼开启，8万羽和平鸽展翅高飞，礼赞和平；8万只气球腾空而起，色彩缤纷。 9月3日，纪念中国人民抗日战争暨世界反法西斯战争胜利80周年大会在北京隆重举行。这是纪念大会现场放飞气球和鸽子。新华社记者 江文耀 摄 北京市信鸽协会秘书长孙鹏介绍，这8万羽身体健康、体质强健的和平鸽全部来自北京市的信鸽协会会员，9月2日下午开始，信鸽会员带着和平鸽分别从东城、西城、丰台、房山等10个区出发，到各区收鸽地点集结交鸽。区信鸽协会逐羽检查，并将所有和平鸽集中安置在12辆放飞车中。 经过一夜的等待，迎来了它们的放飞时刻。 9月3日，纪念中国人民抗日战争暨世界反法西斯战争胜利80周年大会在北京隆重举行。这是纪念大会现场放飞鸽子。新华社记者 牟宇 摄 9月3日，纪念中国人民抗日战争暨世界反法西斯战争胜利80周年大会在北京隆重举行。这是纪念大会现场放飞鸽子。新华社记者 张宏祥 摄 和平鸽笼车有很多贴心的设计，例如水槽、通风机等，放飞员还会适时为和平鸽补充水分，确保它们保持良好状态。 鸽笼车的摆放也有讲究，“和平鸽在飞行中遇到障碍物会调头，利用这个特点，和平鸽可以在广场上空形成盘旋状态。”孙鹏举例， 如果鸽笼车搭载的是来自通州的和平鸽，那么这辆车就会被放在广场西侧，当和平鸽出笼朝东飞的时候，遇到朝西飞的和平鸽就会调头，所有和平鸽就会在空中形成盘旋效果。 和平鸽们放飞 约15分钟后，位于北京石景山区的鸽户王启来盼来了自己的鸽子，他激动地爬上阳台吹起鸽哨，迎接鸽子回家！ 网友：咕咕队立大功！ 不过也有网友偶遇了疑似迷路的信鸽，虽然评论区有网友表示鸽子“可能只是在休息”，不过中途迷路的鸽子并不少见，甚至还有“拐带”其他鸽子回家的…… 你有“偶遇”执行完任务回家的鸽子吗？ 来源：新华社、中国日报双语新闻综 合北京日报、新京报 本期编辑：石磊、方梓祎 觉得好看，请点这里 ↓ ↓ ↓
坦克到底有没有后视镜？,https://mp.weixin.qq.com/s/DAZQ5tynviy4rpRpHADrtg,2025-09-23,3日上午，纪念中国人民抗日战争暨世界反法西斯战争胜利80周年大会在北京天安门广场隆重举行。 阅兵中， 由99B坦克、100坦克、100支援战车编成的地面突击方队呈 “箭” 形布阵，寓意打赢之箭、胜利之箭。 地面突击方队王群介绍， 99B坦克是基于99A坦克的改进型，100坦克和100支援战车是陆军未来战场的核心力量。 由“99”时代转入“100”时代，不仅仅是数字的更迭，它变化的背后，更是新型人民陆军朝着 智能化、信息化、无人化 的发展方向不断迈进的铿锵足音。 在阅兵直播画面中有一个细节， 100坦克和100支援战车驾驶员都配备 新型可视化头盔， 可实时显示车辆行驶数据与侦察图像。 屏幕 一侧是车辆行驶数据，一侧是战场地图，大幅提升了驾驶员对车况及战场态势的掌握程度。 王群称， 两型车型都配备有 360度影像，类似现在的家用电车， 坐在车内就能看到四周 ，帮助驾乘人员 更好地观察 周围 状况。 来源： 央视新闻， 记者：刘洁 本期编辑：石磊、方梓祎 觉得好看，请点这里 ↓ ↓ ↓
“莫欺我中华无肝胆，母亲膝下百万兵”！这一幕，泪目！,https://mp.weixin.qq.com/s/s9yl40XYhbEK5OOaILT7Jw,2025-09-23,“孩子，我带你回家”“莫欺我中华无肝胆，母亲膝下百万兵”！ 9月3日晚，在纪念中国人民抗日战争暨世界反法西斯战争胜利80周年文艺晚会上，“刘老庄连”全员补齐的一幕令许多观众动容。 82年前，在江苏淮阴刘老庄，82名新四军战士用生命掩护大部队和群众转移，谱写了一曲惊天地、泣鬼神的英雄壮歌。 -1- 1943年3月18日，侵华日军对淮海抗日根据地展开“扫荡”，新四军第三师第七旅第十九团第二营四连奉命阻击敌人，掩护大部队和群众转移，全连82名战士在江苏淮阴刘老庄与1000余名 日伪军 殊死搏斗。战斗从拂晓一直打到黄昏。82名勇士浴血奋战，连续击退日伪军5次进攻，毙伤400余人，最终因寡不敌众，陷入日伪军的重重包围。 在“刘老庄连”荣誉室内， 一根被捅弯的“汉阳造”步枪枪管， 记录着这场82年前英勇战斗的惨烈。 -2- 子弹打光就用枪托砸，枪托砸碎就用小锹砍，小锹砍断就用双手掐，手臂负伤就用牙齿咬。面对数倍于己且装备精良的日军，战士们 奋勇阻击， 打完枪里的最后一发子弹后，82人最终全部壮烈牺牲…… “待风息波静，凯然而归。”这是20岁出头的新四军指导员李云鹏家书中的内容，诉说着期盼抗战胜利、全家团聚的愿望。 82人中，李云鹏是唯一留下照片的人。 这张珍贵的照片让我们能够一睹英雄的容颜，也让这段历史更加可感可触。 - 3- 刘老庄战斗结束后，在烈士的感召下，82名主动参军的当地青年，被编入新四军第三师第七旅， 重新组建第四连，并命名为“刘老庄连”。 9月3日上午，纪念中国人民抗日战争暨世界反法西斯战争胜利80周年大会在北京天安门广场隆重举行。80面抗战英模部队荣誉旗帜组成战旗方队，承载着历史荣光浩荡而来。 82年来， 新的“刘老庄连”战士已从83号到如今的6673号，“刘老庄连”高举的旗帜，至今猎猎飘扬！ -4- 阅兵式上，有网友发现，“刘老庒连”旗帜上的“庒”多了一点。 刘老庄八十二烈士纪念馆馆长石明闯介绍， 这源于战争年代的书写习惯，“庒”是“庄”的异体字，在过去，两字同义同音。 目前，带点的“刘老 庒 连”是连队的荣誉旗帜，平时使用的连队队旗为现代汉字的“刘老庄连”。 阅兵式上保留原有的字体和图案，是对先辈们浴血奋战、不屈不挠精神的传承。 致敬！ 来源：央视一套，江苏新闻（记者： 程芸、田远 ），人民日报视频号 本期编辑：石磊、方梓祎 觉得好看，请点这里 ↓↓ ↓
阅兵幕后：五线谱上踢正步的人,https://mp.weixin.qq.com/s/bnWSXELS7UtLxXbAVn5pIA,2025-09-23,从《松花江上》到《歌唱祖国》 从《钢铁洪流进行曲》 到《无人智胜进行曲》 中国人民解放军联合军乐团 用乐器奏响胜利号角 用音符写下强军之声 他们是九三阅兵中 最早入场、最晚离场的队伍   8月上旬起 人民日报记者深入阅兵集训点蹲点采访 用镜头为这群 “五线谱上踢正步”的人画像 见证铁血荣光背后的追梦点滴   演奏贯穿全程务求分秒不差 然而刚刚参加集训时 “许多来自基层的演奏员 连五线谱都不认识” 老带新、内部测验、自发加练 是这支队伍的常态   有年轻人想一鸣惊人 也有老兵想让军乐生涯少留遗憾 1984年加入军乐团的李峰 是今年阅兵中最年长的演奏员 替同为军乐人的父亲 “站好最后一班岗” 是他主动请缨的朴素愿望   广场上的军乐铿锵 离不开创作室中的灵感时刻 《钢铁洪流进行曲》的作曲李旭昊 今年新创作的《无人智胜进行曲》 再一次成为官兵心中的“爆款” 面对人民日报镜头 他这样总结创作心法   创作时 “浮现在眼前的是万千科学家” 演奏时 “我研究的东西可能正在头顶飞过” 军乐是他们的艺术表达 更是大国盛典上的时代强音     “五线谱上踢正步”的他们 是身怀绝技的音乐家 更是赤胆忠心的中国军人   谨以此片 致敬九三阅兵盛典的 所有“幕后英雄”   来源：人民日报拾光纪，撰文：杨翘楚、王嵘 本期编辑：石磊、方梓祎 觉得好看，请点这里 ↓ ↓ ↓
今天的人民日报，收藏！,https://mp.weixin.qq.com/s/-rdL3AZF0847C9Tz7ph1JA,2025-09-23,9月3日上午 纪念中国人民抗日战争 暨世界反法西斯战争胜利80周年大会 在京隆重举行 天安门广场举行盛大阅兵仪式 习近平发表重要讲话并检阅受阅部队 今日出版的《人民日报》 推出特别报道 全方位、多角度地为读者呈现 胜利纪念日的热烈盛况 点击读报→《人民日报》2025年09月04日 点赞！收藏！ 来源：《人民日报》 本期编辑：石磊、方梓祎 觉得好看，请点这里 ↓ ↓ ↓
热血沸腾！胜利日大阅兵高燃瞬间,https://mp.weixin.qq.com/s/K7e6N6NPOdVEtNPZoPf8rw,2025-09-23,雄师列阵，气势如虹；铁流滚滚，战鹰呼啸。重温胜利日大阅兵高燃瞬间，铭记历史、缅怀先烈、珍爱和平、开创未来！ 来源：人民日报客户端 本期编辑：石磊、方梓祎 觉得好看，请点这里 ↓ ↓ ↓
阅兵最帅女机长，是她！,https://mp.weixin.qq.com/s/BVq5HEXNPz1wUmwNscyf7A,2025-09-23,9月3日上午，纪念中国人民抗日战争暨世界反法西斯战争胜利80周年大会在北京天安门广场隆重举行。 阅兵现场， 为战鹰助力，为胜利续航，加受油机梯队飞临天安门上空， 三架运油-20A时刻准备为轰-6N、歼-16、歼-20飞机加油。 驾驶运油-20A 的女机长刷屏全网， 她是来自中部战区空军某部的 谭红梅上校 。 她是为数不多的运-20机长 勇于拼搏是她的代名词 谭红梅是我国第7批女飞行员，争分夺秒、勇于拼搏是她的代名词。 作为新型国产大型运输机运-20女机长，驾驶过6种机型，执行过各项重大演训任务， 用实际行动诠释大国空军女飞行员的铿锵本色。 有一次，谭红梅所在机组参加某重大演训任务，当任务圆满完成，对讲机中传来地面塔台慰问的声音，那一刻，她感受到作为一名空军飞行员、一名共产党员的光荣和自豪，自豪加入这个伟大的集体，同奋战在一线的战友们共同守卫祖国的蓝天。 当时，作为首批改装运-20大型运输机的飞行员，为了顺利完成改装，早日飞上国产先进的运输机，空勤宿舍、飞行教室、飞机座舱，构成了她“三点一线”的改装生活。 航理学习遇到难点疑点，她到处翻阅辅导教材，认真做好每一处笔记，每天坚持前往机场，在座舱里熟悉飞行操作。功夫不负有心人，她在同批中很快实现单飞单放，完成改装，成为为数不多的运-20机长。 是飞行员更是战斗员 每一次换羽新飞，她都冲锋在前 对于飞行员来说，每一次改装都是新的进步、新的挑战； 作为机长，谭红梅更加严谨细致。 一次飞行中，她驾驶运-20遇到复杂气象，飞机不断颠簸，她按照特情处置预案，迅速展开操作， 在极短时间内，让飞机恢复平稳姿态。 是女飞行员，更是一名战斗员，每一次换羽新飞，谭红梅都冲锋在前，以昂扬的精神状态挺立在战训一线。作为一名驾驭国之重器的飞行员，谭 红梅更是苦练精飞、斗志满怀，在逐梦蓝天的道路上飞得更高、飞得更远! 祖国的蓝天 感谢有你们守护！ 来源： 央视新闻综合人民空军、中部空军 本期编辑：石磊、方梓祎 点赞，致敬！ ↓ ↓ ↓
歼-20S，将彻底改变未来战场！,https://mp.weixin.qq.com/s/M4IGffsbQM3AUDN1L-eI0g,2025-09-23,9月3日上午， 歼击机梯队 飞过天安门广场上空，接受祖国和人民检阅。 梯队由歼-16D、歼-20、歼-20A、歼-20S、歼-35A组成。 作为我国自主研制的新型隐身战斗机， 歼-35A 可以执行制空作战任务及对地、对海多种突击任务，是隐身与反隐身作战体系的规模组成力量。 歼-20S 飞机是我国自主研发的新型隐身多用途战斗机，具有串列双座座舱。歼-20S飞行员表示，歼-20S的入列将重塑规则，彻底改变未来战场。 歼-20A 飞机是歼-20飞机的“升级版”，是未来空中作战行动的尖刀力量。 歼-16D 是我国自主研制的新型电子战飞机。 来源：人民网综合新华网文字实录、央视新闻 本期编辑：石磊、方梓祎 觉得好看，请点这里 ↓ ↓ ↓
来了！新闻早班车,https://mp.weixin.qq.com/s/pA55dC5yADeEBs4kPhI7qA,2025-09-23,点击这里，查看更多精彩内容 要闻 9月3日，纪念中国人民抗日战争暨世界反法西斯战争胜利80周年大会在京隆重举行，天安门广场举行盛大阅兵仪式， 中共中央总书记、国家主席、中央军委主席习近平 发表重要讲话并检阅受阅部队 。 9月3日，纪念中国人民抗日战争暨世界反法西斯战争胜利80周年招待会在北京人民大会堂隆重举行。中共中央总书记、国家主席、中央军委主席习近平出席招待会并发表重要讲话 。 纪念中国人民抗日战争暨世界反法西斯战争胜利80周年文艺晚会《正义必胜》3日晚在北京人民大会堂隆重举行。习近平、李强、赵乐际、王沪宁、蔡奇、丁薛祥、李希、韩正等党和国家领导人，与约6000名中外人士一起观看晚会，共同纪念这个光辉的日子 。 中央军委主席习近平9月3日签署通令，嘉奖参加纪念中国人民抗日战争暨世界反法西斯战争胜利80周年阅兵全体人员 。 9 月3日下午，国家主席习近平在北京人民大会堂会见专程来华出席纪念中国人民抗日战争暨世界反法西斯战争胜利80周年活动的印度尼西亚总统普拉博沃 。 工信部消息，今年前7个月我国信息技术服务收入57246亿元，同比增长13.4%，占软件业收入的68.8% 。 中国物流与采购联合会消息，8月份我国铁路运输业、航空运输业、邮政快递业新订单指数均在55%以上的较高水平 。 国家能源局消息，截至2024年底，全国已建成投运新型储能7376万千瓦/1.68亿千瓦时，装机规模占全球总装机比例超过40% 。 由国家民委组织的2025年全国少数民族参观团活动近日在京启动 。 社会 自然资源部与中国气象局联合发布地质灾害气象风险预警：预计3日20时至4日20时，山西西南部、河南西北部、湖北中西部、四川东北部、陕西南部、甘肃中部、青海东部发生地质灾害的气象风险较高 。 数据显示，7月1日至8月31日，长三角铁路部门共发送旅客1.84亿人次，同比增幅达3.4%，暑运旅客发送人数创下历年来新高 。 2025年全国游泳锦标赛将于9月5日至12日在成都举行。汪顺、潘展乐、徐嘉余、张雨霏、余依婷等名将均会参赛 。 8月，上海港集装箱吞吐量突破502万标箱，创月度吞吐量新高 。 2日，侵华日军南京大屠杀遇难同胞纪念馆举行文物史料捐赠仪式，一批反映侵华日军罪行及抗战胜利等主题的文物史料入藏纪念馆 。 最新数据显示，今年经阿拉山口铁路口岸通行中欧（中亚）班列数量已超5000列 。 我国科学家近日成功研制出超宽带光电融合集成系统，首次实现全频段、灵活可调谐的高速无线通信，有望为未来更畅通可靠的6G无线通信提供保障 。 四川成都一男子落入湍急水中，附近餐厅的员工白玛初发现后，拿起桥边配备的救生圈跃入水中，与岸边群众合力救起落水者 。 政策 山西印发措施，支持智能化标注工具研发应用。对符合要求的研发项目，给予不超过总投资30%、最高200万元的一次性奖励 。 海南发布通知，缴存人申请提取住房公积金，用于偿还异地住房公积金贷款的，无需提供本人或配偶在购房所在地的户籍证明、城镇职工养老（医疗）保险或住房公积金缴存证明等相关材料 。 重庆印发规定，要求电动自行车实行实名登记制，电动自行车所有人应当以本人名义申请注册登记 。 今日天气 黑龙江中西部、青海东部、甘肃南部、四川盆地北部、陕西中南部、山西南部、河南中西部、湖北中北部、山东半岛等地部分地区有中到大雨。其中，四川盆地东北部、陕西中南部、山西南部、山东半岛、河南南部和西部、湖北北部等地部分地区有暴雨或大暴雨 。 早安中国 　　每个清晨，遇见大美中国。 江西吉安市井冈山，地处罗霄山脉中段，山势雄险。这里当年是中国第一个农村革命根据地，现在是国家级风景名胜区、国家级自然保护区。生长着白豆杉、银杏树等保护植物，有黄腹角雉、猴面鹰等保护动物栖息繁衍。风光秀美，景色宜人，井冈山欢迎您 。 　　人生旅途，重在努力前行的过程。我们每一步积累的能量，都是未来成功的基石。当奔赴在热爱里，活得精彩有趣，你就会变得闪闪发光。新的一天，早安 ！ 本期编辑：林帆、陈子涵 ，实习生： 甘雨欣 、 朱雨恬 ｜主播： 韦礼义 觉得好看，请点这里 ↓ ↓ ↓
纪念中国人民抗日战争暨世界反法西斯战争胜利80周年文艺晚会《正义必胜》在京隆重举行 习近平等出席观看,https://mp.weixin.qq.com/s/FRpW8aXvyWJ4Ab3rzw2duA,2025-09-23,纪念中国人民抗日战争暨世界反法西斯战争胜利80周年文艺晚会《正义必胜》在京隆重举行 习近平李强赵乐际王沪宁蔡奇丁薛祥李希韩正出席观看 歌声嘹亮，唱响胜利华章；舞姿雄壮，展现正义力量。纪念中国人民抗日战争暨世界反法西斯战争胜利80周年文艺晚会《正义必胜》3日晚在北京人民大会堂隆重举行。习近平、李强、赵乐际、王沪宁、蔡奇、丁薛祥、李希、韩正等党和国家领导人，与约6000名中外人士一起观看晚会，共同纪念这个光辉的日子。 人民大会堂万人大礼堂灯火辉煌，二楼眺台悬挂着“铭记历史 缅怀先烈 珍爱和平 开创未来”的横幅。舞台正中，“正义必胜”4个金色大字熠熠生辉，庄严雄伟的长城造型象征着中华民族不屈的精神脊梁。 晚会开始前，少先队员向前来观看演出的抗战老战士老同志代表献花。随后，老战士老同志们在少先队员的簇拥下，来到大礼堂观众席就座，全场起立报以热烈掌声，向他们致以崇高敬意。 19时55分许，欢快的迎宾曲响起，习近平等领导同志步入大礼堂，同抗战老战士老同志代表亲切握手。 在8声庄严肃穆的钟声中，音诗画《山河铭记》拉开整场晚会的序幕。 第一场“怒吼吧，黄河”中，情境表演《中华民族到了最危险的时候》、情境歌舞《血染的白桦林》、舞蹈《殇》悲壮沉痛，朗诵与合唱《怒吼吧，黄河》慷慨激昂，表现了在中国共产党号召和领导下，中国人民奋起反抗侵略者的英勇无畏。第二场“红星照耀中国”中，情境诗朗诵《这束光》、歌舞《延安！延安！》激情洋溢，情境表演《窑洞与战壕》感人至深，展现了中国共产党高举抗战旗帜，成为全民族抗战的中流砥柱。第三场“不可战胜的力量”中，组舞与组歌《遍地烽火》、情境戏剧《永远的番号》和男子群舞《血战到底》气吞山河，彰显了党领导的人民战争的磅礴力量。第四场“共同的黎明”中，舞蹈《乘风》、情境演唱《不朽的旋律》、歌曲《无名者勋章》凝重深情，讴歌了中国人民以巨大牺牲支撑起世界反法西斯战争东方主战场，为世界反法西斯战争胜利作出的历史性贡献。第五场“正义永恒”中，情境对话《如你所愿》情感真挚，仪式仪仗表演《守护正义》、领唱与合唱《势不可挡》将演出推向高潮，描绘了新时代中国的壮阔气象，昭示正义必胜的真理力量。尾声环节，歌舞《命运与共》唱响人类命运共同体的和合乐章。 演出结束时，全场起立，共同高唱《歌唱祖国》，热烈的掌声经久不息。 整场晚会将历史时空、艺术时空、情感时空交织融合，深情回顾了中国人民抗日战争和世界反法西斯战争波澜壮阔的历史，突出表现了中国共产党在抗战中的中流砥柱作用，唱响了中国人民抗击侵略的英雄凯歌，彰显了中华民族自立于世界民族之林的精神风貌。 中共中央、全国人大常委会、国务院、最高人民法院、最高人民检察院、全国政协、中央军委领导同志，香港特别行政区行政长官、澳门特别行政区行政长官观看晚会。 出席观看晚会的还有：中央党政军群各部门和北京市主要负责同志，参加过抗战的老战士、老同志，抗战烈士亲属代表，国民党抗日老兵代表，海内外爱国人士、抗战将领遗属代表，在京中管金融机构、企业主要负责同志，在京中央委员、候补中央委员、中央纪委委员、国家监委委员、全国人大常委会委员、全国政协常委，各民主党派中央、全国工商联负责人和无党派人士代表，老同志代表，部分已故老同志亲属，功勋荣誉获得者代表，全国先进模范人物代表，港澳台同胞、海外侨胞代表，首都各界群众代表，驻京部队官兵代表，以及各国驻华使节、武官和国际组织驻华代表，为中国抗战胜利作出贡献的国际友人或其遗属代表等。 来源：人民日报客户端 本期编辑：胡程远、郑薛飞腾 觉得好看，请点这里 ↓ ↓ ↓
阅兵长长长长卷，骄傲转发！,https://mp.weixin.qq.com/s/YvUaeb0TnmhZQ4SMSQxAOA,2025-09-23,来源：人民日报客户端 本期编辑：胡程远、郑薛飞腾 觉得好看，请点这里 ↓ ↓ ↓
【夜读】新学期来了，这10个好习惯，孩子越早养成越好！,https://mp.weixin.qq.com/s/l6bUamcB59rWRQQUFL3KdQ,2025-09-23,九月，新学期正式拉开帷幕 对孩子来说 正是养成好习惯的最好时候 下面这些好习惯  家长一定要讲给孩子听  陪着孩子一起养成 1 早睡早起 规律作息对孩子的成长至关重要。如果经常熬夜、睡眠不足，孩子白天很容易注意力涣散、记忆力下降。 坚持早睡早起，既能为身体发育提供充足保障，又能让孩子保持饱满的精神状态投入学习和生活。 2 坚持阅读 阅读能帮助孩子拓展知识面，还能引导他们运用所学开动脑筋，主动思考、分析并解决问题。 新学期可以和孩子一起选几本感兴趣的书 ， 在课外时间合理规划阅读节奏，让阅读 融入 日常。 3 自主预习 上课前花十几分钟翻翻课本，对孩子听课帮助很大。 提前翻阅教材、查阅资料，梳理新知识的重点与难点，带着疑问走进课堂，能让孩子更快跟上老师思路，实现 “ 事半功倍 ”  的学习效果。 4 专心听课 在课堂上要集中精神，专心听老师讲课 。 哪怕是已经学会了的知识点也要认真听， 对比老师的讲解与自己的理解 ， 留意 其他 同学的不同思路， 能在潜移默化中 加深记忆 。 5 善于提问 我们要鼓励孩子主动请教，遇到疑惑不必藏在心里。 无论是向老师询问知识点，还是与同学探讨问题，亦或是和家长交流想法，提问本身就是主动思考的体现。 在解惑的过程中，不仅能 填补知识漏洞 ，更能培养 孩子的 探索精神。 6 复习归纳 复习的本质，是帮助孩子消化所学、加深理解，同时将零散的 内容 串联成体系，避免知识碎片化。 每天在复习上花点时间， 养成 “ 每日复盘、每周总结、每章梳理 ” 的习惯，这样才能把知识学扎实、记得牢。 7 制定计划 培养时间观念，不妨从规划日常小事入手。 家长可以和孩子一起制定每日任务清单，跟着计划推进每一件事。 做事 效率提升的同时，孩子能在实践中学会 合理分配 时间，渐渐形成有序的生活节奏。 8 适度使用电子产品 家长要先做好榜样，在孩子面前不要沉迷于刷手机。 对于孩子使用电子产品的需求，不用完全禁止，但要和孩子一起定好规则，比如规定每天使用的 时长 、什么时间段可以用，让孩子在遵守约定的过程中学会自我约束，避免沉迷。 9 坚持运动 　　规律运动能增强体质、提振精神，让孩子保持活力满满的状态。 　　每天坚持运动，也是在提升孩子的自我约束力。这种自律的品质能够帮助孩子更从容地应对学习与成长中的挑战。 10 保持微笑 微笑是一种简单又积极的生活方式。对自己微笑，能让心情更轻松；对他人微笑，能传递善意与温暖。 新学期，家长要试着多夸奖孩子的优点，多陪伴孩子，让孩子绽放灿烂的笑容。同时，孩子们也要学会如何调整心态，学会用积极的状态面对生活。 新学期，新起点 让我们陪着孩子从这些习惯做起 一步一个脚印 共同成长为更优秀的自己！ 来源：人民日报夜读，综合中国教育报、每晚一卷书等 |  主播：赵文龙 本期编辑：王若彤、冯昌泰，实习生：陈皓迪 觉得好看，请点这里↓ ↓ ↓
满屏震撼！阅兵高清大图（一定收藏）,https://mp.weixin.qq.com/s/WH5mJxMUl55K_lBMWhPlWQ,2025-09-23,9月3日上午 中国以一场盛大阅兵 纪念中国人民抗日战争 暨世界反法西斯战争胜利80周年 威 武帅气、整齐划一的人民军队 令全国人民心潮澎湃 我们精选了多张高清照片 一起回味激动人心的瞬间！ 中华民族伟大复兴势不可挡！ 人类和平与发展的崇高事业必将胜利！ 来源：综合新华社、人民日报客户端 本期编辑：胡程远、郑薛飞腾 骄傲转发！ ↓ ↓ ↓
今天，我们的战机只飞一遍！,https://mp.weixin.qq.com/s/GO6AFOAtCm9lpVP0uU5cDQ,2025-09-23,1949年开国大典 我们的飞机只有17架 受阅飞机因数量不够 不得不“飞两遍” 而今天 百余架战机 飞过天安门广场 接受祖国和人民检阅 从飞机要飞两遍 到庞大的空中机群 我们走过了一条 艰难又值得骄傲的路 先辈们 你们看到了吗？ 我们的战机 守护着祖国的天空 山河记得你们 人民记得你们 这盛世，如你们所愿 来源： 新华社微信（摄影记者：孙凡越）、 人民日报视频号 本期编辑：胡程远、郑薛飞腾 觉得好看，请点这里 ↓ ↓ ↓
珍藏！九三阅兵装备图鉴请收好,https://mp.weixin.qq.com/s/BYutJGJmU8j5cw1EKSl9Dg,2025-09-23,来源：人民日报客户端，策划制作：张意轩、梁昌杰、岳小乔、皇甫凌雨、韩文鋆、王宇峰 本期编辑：胡程远、郑薛飞腾 觉得好看，请点这里 ↓ ↓ ↓
再看亿遍！​“覆盖全球”的东风-5C有多大？网友：三辆军车才拉得下,https://mp.weixin.qq.com/s/jC_oQXIMx5vK2ODwv5Ov4Q,2025-09-23,今天上午 纪念中国人民抗日战争 暨世界反法西斯战争胜利80周年大会 在北京天安门广场隆重举行 受阅的装备方阵中的战略打击群 由巡航导弹方队、高超声速导弹方队、 核导弹第一方队、核导弹第二方队组成 以威武阵容展现战略军种的强军风采 彰显保卫祖国安全 和维护世界和平的强大能力 尤其是最后 出场的 东风-5C液体洲际战略核导弹 威风凛凛、雷霆万钧 展现了大国重器的威武雄姿 东风-5C液体洲际战略核导弹 由三台特种装备车分段搭载 其中，弹头部分独立展示 它采用的是圆锥形的设计 核导弹第二方队王黎明介绍 东风-5C 打击范围覆盖全球 是此次战略打击群 最后亮相的战略重拳 东风-5C有多大？ 网友：三辆军车才能拉得下！ 帅照再看亿遍↓↓↓ 国之重器，压舱基石 以武止戈，砥定乾坤 来源：人民日报客户端， 摄影：林渊、安然、 朱笑熺，综合央视新闻 本期编辑：胡程远、郑薛飞腾 骄傲！点赞！ ↓ ↓ ↓
中央军委主席习近平签署通令,https://mp.weixin.qq.com/s/WieweQMaPIFclbDN4mrs9w,2025-09-23,中央军委主席习近平签署通令 嘉奖参加纪念中国人民抗日战争暨世界反法西斯战争胜利80周年阅兵全体人员 中央军委主席习近平9月3日签署通令，嘉奖参加纪念中国人民抗日战争暨世界反法西斯战争胜利80周年阅兵全体人员。 嘉奖令指出，在中国人民抗日战争暨世界反法西斯战争胜利80周年盛大纪念活动中，受阅部队作为共和国武装力量的代表，以整齐豪迈的铿锵步伐、威武雄壮的钢铁战阵、奋发进取的昂扬姿态、大气磅礴的恢弘气势，光荣接受了党和人民的检阅，奉献了一场弘扬抗战精神、体现时代特色、具有大国气派、展示强军风采的阅兵盛典。受阅部队精彩出色的表现，充分彰显了全军官兵坚定维护核心、坚决听党指挥的政治本色和血脉传承，全面展示了新时代人民军队政治建军新风貌、力量结构新布局、现代化建设新进展、备战打仗新成效，集中体现了人民军队坚决捍卫国家主权、安全、发展利益，坚定不移维护世界和平的决心意志和硬核实力，极大振奋了民族精神、激发了爱国热情、凝聚了奋斗力量，更加坚定了全党全军全国各族人民以中国式现代化全面推进强国建设、民族复兴伟业的信心决心。 嘉奖令指出，阅兵任务胜利完成，是受阅部队坚决贯彻党中央、中央军委决策指示，牢记使命责任、上下凝心聚力、矢志奋斗攻坚的结果。广大受阅官兵敢打硬仗、苦练精训、追求卓越，各级指挥机构精心筹划、严密组织、科学指导，各类保障力量密切协作、默默奉献、全力支撑，为圆满完成阅兵任务作出应有贡献。阅兵实践中，受阅部队表现出对党忠诚、听令景从的政治品格，勇扛重任、不辱使命的担当精神，争创一流、敢于胜利的进取意识，苦干实干、顽强拼搏的优良作风，立起了新时代人民军队的好样子、革命军人的好样子。 嘉奖令号召，全军部队和广大官兵要向受阅部队学习，坚定信念、听党指挥，践行初心、担当使命，锐意进取、团结奋斗，奋力推进强军事业，坚决履行肩负职责。各级要坚持以习近平新时代中国特色社会主义思想为指导，全面贯彻党的二十大和二十届二中、三中全会精神，深入贯彻习近平强军思想，深入贯彻新时代军事战略方针，深刻领悟“两个确立”的决定性意义，增强“四个意识”、坚定“四个自信”、做到“两个维护”，贯彻军委主席负责制，坚持党对人民军队的绝对领导，坚持政治建军、改革强军、科技强军、人才强军、依法治军，深化政治整训，弘扬优良传统，聚力练兵备战，强化改革创新，狠抓工作落实，把我们党领导的这支英雄军队锻造得更加坚强，为如期实现建军一百年奋斗目标、加快把人民军队建成世界一流军队不懈奋斗！ 来源：新华社 本期编辑：胡程远、郑薛飞腾 觉得好看，请点这里 ↓ ↓ ↓
这6位与总书记握手的老战士是谁？,https://mp.weixin.qq.com/s/bCPdmnC-7DVxdDVmN8Ykig,2025-09-23,来源：人民日报客户端 本期编辑：胡程远、郑薛飞腾 觉得好看，请点这里 ↓ ↓ ↓
纪念中国人民抗日战争暨世界反法西斯战争胜利80周年大会在京隆重举行 习近平发表重要讲话并检阅受阅部队,https://mp.weixin.qq.com/s/3tByJrSSpxnRRiTmrjRQXw,2025-09-23,纪念中国人民抗日战争暨世界反法西斯战争胜利80周年大会在京隆重举行 天安门广场举行盛大阅兵仪式 习近平发表重要讲话并检阅受阅部队 习近平强调，隆重纪念中国人民抗日战争暨世界反法西斯战争胜利80周年，目的是铭记历史、缅怀先烈、珍爱和平、开创未来。中华民族是不畏强暴、自立自强的伟大民族。中国人民解放军始终是党和人民完全可以信赖的英雄部队。要坚定不移走中国特色社会主义道路，传承和弘扬伟大抗战精神，踔厉奋发、勇毅前行。中华民族伟大复兴势不可挡！人类和平与发展的崇高事业必将胜利！ 李强主持 赵乐际王沪宁蔡奇丁薛祥李希韩正出席 62位外国领导人及有关国家高级别代表、国际组织负责人、前政要等应邀出席大会 铭记伟大历史胜利，凝聚正义和平力量。9月3日上午，纪念中国人民抗日战争暨世界反法西斯战争胜利80周年大会在北京天安门广场隆重举行，以盛大阅兵仪式，同世界人民一道纪念这个伟大的日子，共同开创更加光明的未来。中共中央总书记、国家主席、中央军委主席习近平发表重要讲话并检阅受阅部队。 中共中央政治局常委李强主持大会。中共中央政治局常委赵乐际、王沪宁、蔡奇、丁薛祥、李希，国家副主席韩正出席大会。62位外国国家元首、政府首脑及有关国家高级别代表、国际组织负责人、前政要等出席大会。 首都北京，花团锦簇，旌旗飘扬。天安门城楼庄严雄伟，天安门广场气象恢宏。人民英雄纪念碑前，“钢铁长城”主题景观巍然矗立，14座烽燧托举起“1945”“2025”字样，14只“和平鸽”振翅飞翔。从空中俯瞰，广场中“众”字造型观礼台蔚为壮观，象征着在中国共产党领导下中国人民万众一心、众志成城，向着中华民族伟大复兴昂扬奋进。 上午8时35分，习近平同出席大会的外方代表团团长拾级而上，登上天安门城楼。习近平同抗战老战士老同志代表亲切握手，向他们表示崇高敬意。 《松花江上》《在太行山上》《保卫黄河》《没有共产党就没有新中国》，一首首诞生于抗战烽火中的经典歌曲连唱，让大家重温中华民族那段艰苦卓绝、气壮山河的峥嵘岁月。 8时55分，习近平等中外领导人来到天安门城楼主席台，全场爆发出雷鸣般的掌声。 电子屏幕上出现钟摆的画面。随着钟摆，1945、1955、1965……2025的年份数字依次显现。9时整，报时钟声响起，纪念大会开始。 全体肃立，80响礼炮震彻云霄，国旗护卫队官兵护卫着五星红旗，迈着矫健的步伐，从人民英雄纪念碑行进至广场北侧升旗区。中国人民解放军联合军乐团奏响雄壮的《义勇军进行曲》，全场齐声高唱中华人民共和国国歌，鲜艳夺目的五星红旗冉冉升起，在天安门广场上空高高飘扬。 在热烈的掌声中，习近平发表重要讲话。他表示，今天，我们隆重集会，纪念中国人民抗日战争暨世界反法西斯战争胜利80周年，目的是铭记历史、缅怀先烈、珍爱和平、开创未来。 习近平代表中共中央、全国人大、国务院、全国政协、中央军委，向全国参加过抗日战争的老战士、老同志、爱国人士和抗日将领，向为中国人民抗日战争胜利作出重大贡献的海内外中华儿女致以崇高敬意，向支援和帮助过中国人民抵抗侵略的外国政府和国际友人表示衷心感谢，向参加今天大会的各国来宾表示热烈欢迎。 习近平指出，中国人民抗日战争是艰苦卓绝的伟大战争。在中国共产党倡导建立的抗日民族统一战线旗帜下，中国人民以铮铮铁骨战强敌、以血肉之躯筑长城，取得近代以来反抗外敌入侵的第一次完全胜利。中国人民抗日战争是世界反法西斯战争的重要组成部分，中国人民以巨大的民族牺牲，为拯救人类文明、保卫世界和平作出了重大贡献。历史警示我们，人类命运休戚与共，各个国家、各个民族只有平等相待、和睦相处、守望相助，才能维护共同安全，消弭战争根源，不让历史悲剧重演。 习近平强调，中华民族是不畏强暴、自立自强的伟大民族。当年，面对正义与邪恶、光明与黑暗、进步与反动的生死较量，中国人民同仇敌忾、奋起反抗，为国家生存而战，为民族复兴而战，为人类正义而战。今天，人类又面临和平还是战争、对话还是对抗、共赢还是零和的抉择。中国人民坚定站在历史正确一边、站在人类文明进步一边，坚持走和平发展道路，与各国人民携手构建人类命运共同体。 习近平指出，中国人民解放军始终是党和人民完全可以信赖的英雄部队。全军将士要忠实履行神圣职责，加快建设世界一流军队，坚决维护国家主权、统一、领土完整，为实现中华民族伟大复兴提供战略支撑，为世界和平与发展作出更大贡献。 习近平强调，新时代新征程，全国各族人民要在中国共产党坚强领导下，坚持马克思列宁主义、毛泽东思想、邓小平理论、“三个代表”重要思想、科学发展观，全面贯彻新时代中国特色社会主义思想，坚定不移走中国特色社会主义道路，传承和弘扬伟大抗战精神，踔厉奋发、勇毅前行，为以中国式现代化全面推进强国建设、民族复兴伟业而团结奋斗。 习近平最后强调，中华民族伟大复兴势不可挡！人类和平与发展的崇高事业必将胜利！ 习近平讲话结束时，全场响起长时间热烈掌声。 9时15分，阅兵仪式开始，标兵就位，军乐团吹响阅兵式号角。习近平乘红旗检阅车，经过金水桥，驶上长安街。阅兵总指挥韩胜延报告受阅部队列队完毕，习近平下达检阅开始的命令。中国共产党党旗、中华人民共和国国旗、中国人民解放军军旗在受阅部队最前方，习近平乘车行进至党旗、国旗、军旗前，向旗帜行注目礼。 雄壮的军乐声中，习近平乘车沿着宽阔的长安街，依次检阅13个徒步方队、1个战旗方队、22个装备方队。受阅部队军容严整、意气风发，铁甲战车整齐列阵、威风凛凛。这是人民军队奋进建军百年的崭新亮相，这是中华民族捍卫世界和平的坚定宣示。 “同志们好！”“同志们辛苦了！”习近平的亲切问候振奋军心。“主席好！”“为人民服务！”受阅官兵斗志昂扬，响亮的回答声震长空。习近平乘车驶回天安门途中，受阅官兵齐声高呼：“听党指挥！能打胜仗！作风优良！”“正义必胜！和平必胜！人民必胜！” 检阅完毕，习近平登上天安门城楼。 9时44分，空中护旗梯队率先亮相，揭开阅兵分列式的序幕——3架直升机分别悬挂中国共产党党旗、中华人民共和国国旗、中国人民解放军军旗迎风向前，26架直升机组成巨大的“80”字样，3架直升机分别悬挂“正义必胜”“和平必胜”“人民必胜”条幅飞过天安门广场。 这次阅兵，共有45个方（梯）队受阅，多数武器装备首次亮相，充分展现抗战英雄部队的血脉传承，充分展示新时代人民军队政治建军新风貌、力量结构新布局、现代化建设新进展、备战打仗新成效。 雄师列阵，气势如虹。仪仗方队高擎党旗、国旗、军旗，沿着东长安街阔步走来。中国共产党领导的人民军队，永远是国家的捍卫者，永远是社会主义的捍卫者，永远是人民利益的捍卫者。人民军队全面深化改革后形成新型军兵种结构布局，4个军种、4个兵种和武警部队方队，首次擎军兵种军旗和武警部队旗集中亮相。陆军方队、海军方队、空军方队、火箭军方队威武雄壮，展示钢铁长城的时代风貌；军事航天部队方队、网络空间部队方队、信息支援部队方队、联勤保障部队方队精神抖擞，反映改革强军的崭新气象；武警部队方队雄姿勃发，彰显忠诚卫士的使命责任；预备役部队方队、民兵方队气势昂扬，展现国防后备力量建设的时代风采；维和部队方队步履铿锵，体现中国军队用行动谱写大国担当、为构建人类命运共同体作出的重要贡献。 战旗猎猎，铁流滚滚。80面抗战英模部队荣誉旗帜组成的战旗方队，承载着历史荣光浩荡而来。这些英雄的旗帜、胜利的旗帜、不朽的旗帜，激励着人民军队勇往直前。装备方队编组陆上作战群、海上作战群、防空反导群、信息作战群、无人作战群、后装保障群、战略打击群隆隆驶来，接受检阅。新型坦克、无人智能、网电作战、高超声速、防空反导、战略导弹……从抗战时期土枪土炮到今天新型作战力量，国产现役主战装备和战略重器在天安门城楼前一一通过，展示坚决捍卫国家主权安全发展利益、坚定维护世界和平的钢铁意志和强大实力。 战鹰呼啸，振翅长空。预警指挥机、特种机、运输机、轰炸机、加受油机、歼击机、舰载机等空中梯队依次低空飞过天安门广场，受阅的预警侦察、远程打击、制空作战、战略投送、支援保障等机型，成体系展示我军快速提升的空中作战能力。教练机梯队拉出14道彩烟，寓意着中华民族14年可歌可泣的抗战历程，象征着14亿多中国人民奔向强国复兴的光明前景。 习近平等中外领导人频频鼓掌，现场响起一阵阵掌声和欢呼声。 8万羽和平鸽展翅高飞，8万只气球腾空而起，《歌唱祖国》的激昂乐曲响彻整个广场。习近平等向各界群众频频致意，广场内外汇成一片欢腾的海洋。 大会历时1小时26分钟，于10时26分圆满结束。 大会开始前，习近平和夫人彭丽媛在端门外广场迎接出席大会的外方代表团团长及其配偶，并同他们合影留念。 出席大会的国际贵宾有：俄罗斯总统普京，朝鲜劳动党总书记、国务委员长金正恩，柬埔寨国王西哈莫尼，越南国家主席梁强，老挝人民革命党中央委员会总书记、国家主席通伦，印度尼西亚总统普拉博沃，马来西亚总理安瓦尔，蒙古国总统呼日勒苏赫，巴基斯坦总理夏巴兹，尼泊尔总理奥利，马尔代夫总统穆伊兹，哈萨克斯坦总统托卡耶夫，乌兹别克斯坦总统米尔济约耶夫，塔吉克斯坦总统拉赫蒙，吉尔吉斯斯坦总统扎帕罗夫，土库曼斯坦总统别尔德穆哈梅多夫，白俄罗斯总统卢卡申科，阿塞拜疆总统阿利耶夫，亚美尼亚总理帕什尼扬，伊朗总统佩泽希齐扬，刚果（布）总统萨苏，津巴布韦总统姆南加古瓦，塞尔维亚总统武契奇，斯洛伐克总理菲佐，古巴共产党中央第一书记、国家主席迪亚斯-卡内尔，缅甸代总统敏昂莱，韩国国会议长禹元植，东帝汶国民议会议长费尔南达，委内瑞拉全国代表大会主席罗德里格斯，新加坡副总理颜金勇，埃及总统特使、副总理瓦齐尔，保加利亚政府副总理、社会党主席扎菲罗夫，土耳其总统埃尔多安代表、外长费丹，土耳其总统埃尔多安代表、能源和自然资源部部长巴伊拉克塔尔，巴西总统首席特别顾问阿莫林，巴西政府代表、巴西驻华大使高望，尼加拉瓜政府代表、总统顾问劳雷亚诺，匈牙利政府代表、外交与对外经济部长西雅尔多，文莱皇家武装部队司令哈扎伊米，孟加拉国临时政府代表、国家安全顾问拉赫曼，欧洲议会议员多斯塔尔，联合国副秘书长李军华，联合国粮农组织总干事屈冬玉，新开发银行行长罗塞芙，亚洲基础设施投资银行行长金立群，上海合作组织秘书长叶尔梅克巴耶夫，上海合作组织地区反恐怖机构执行委员会主任沙尔舍耶夫，亚洲相互协作与信任措施会议秘书长萨雷拜，独立国家联合体秘书长列别杰夫，集体安全条约组织秘书长塔斯马加姆别托夫，欧亚经济委员会执行委员会主席萨金塔耶夫，日本前首相鸠山由纪夫，瑞士前联邦主席兼财政部长毛雷尔，比利时前首相莱特姆，希腊前总理帕潘德里欧，意大利前总理达莱马，罗马尼亚前总理讷斯塔塞、登奇勒，新西兰前总理克拉克、约翰·基，澳大利亚前外长卡尔，澳大利亚维多利亚州前州长安德鲁斯。 出席大会的还有：马兴瑞、王毅、尹力、石泰峰、刘国中、李干杰、李书磊、李鸿忠、何立峰、张又侠、张国清、陈文清、陈吉宁、陈敏尔、袁家军、黄坤明、李瑞环、温家宝、贾庆林、张德江、俞正声、栗战书、汪洋、李岚清、曾庆红、吴官正、李长春、贺国强、刘云山、王岐山、张高丽，中共中央书记处、全国人大常委会、国务院、最高人民法院、最高人民检察院、全国政协、中央军委领导同志和从领导职务上退下来的同志，香港特别行政区行政长官李家超、澳门特别行政区行政长官岑浩辉。 在京中央党政军群各部门和北京市负责同志，参加过抗战的老战士、老同志、支前模范代表，抗战烈士亲属代表，国民党抗日老兵代表，海内外爱国人士、抗战将领遗属代表，老同志代表，在京中管金融机构、企业、高校等单位主要负责同志，在京中央委员、候补中央委员、党的二十大代表、中央纪委委员、国家监委委员、全国人大代表、全国政协委员，各民主党派中央在京委员、全国工商联在京执委和无党派人士代表，“共和国勋章”“七一勋章”“八一勋章”和国家荣誉称号获得者代表，全国先进模范人物代表，十一世班禅额尔德尼·确吉杰布，全国性宗教团体主要负责人，全国少数民族代表，在京中国科学院院士和中国工程院院士，烈士及因公牺牲人员遗属代表，优秀留学回国人才代表，部分已故老同志亲属，全国重点优抚对象，港澳台同胞、海外侨胞代表，首都各界群众代表，驻京部队官兵代表等出席大会。 外方代表团成员代表，各国驻华使节、武官和国际组织驻华代表，为中国抗战胜利作出贡献的国际友人或其遗属代表，在京外国专家代表也应邀出席大会。 来源：人民日报客户端 本期编辑：胡程远、郑薛飞腾 觉得好看，请点这里 ↓ ↓ ↓
这就是中国最帅天团！（动图珍藏版）,https://mp.weixin.qq.com/s/Nrh86CBpGS2mrlqGUQBWtQ,2025-09-23,今天 纪念中国人民抗日战争 暨世界反法西斯战争胜利80周年大会 在北京天安门广场隆重举行 威 武帅气、整齐划一的人民军队 令全国人民心潮澎湃！ 中国最帅天团 阅兵分列式完整视频来了 一起看↓ ↓↓ 空中护旗梯队 仪仗 方队 陆军方队 海军方队 空军方队 火箭军方队 军事航天部队方队 网络空间部队方队 信息支援部队方队 联勤保障部队方队 武警部队方队 预备役部队方队 民兵方队 维和部队方队 战旗方队 地面突击方队 两栖突击方队 空降突击方队 远程火炮方队 舰载防空武器方队 反舰导弹方队 水下兵器方队 预警探测方队 对空抗击方队 反无人机方队 网络空间作战方队 电子对抗方队 信息支援方队 陆上无人作战方队 海上无人作战方队 空中无人作战方队 后勤保障方队 装备保障方队 巡航导弹方队 高超声速导弹方队 核导弹第一方队 核导弹第二方队 预警指挥机梯队 特种机梯队 运输机梯队 轰炸机梯队 加受油机梯队 歼击机梯队 舰载机梯队 教练机梯队 中国军人，中国排面！ 威武！威武！威武！ 来源：人民日报微信 本期编辑：刘杰、朱田恬、方梓祎、阮可欣 转发收藏！一起 点赞！ ↓ ↓ ↓
打击范围覆盖全球！“东风-5C”，亮相！,https://mp.weixin.qq.com/s/YyNlBQBIoGkt7FR4vnpe7Q,2025-09-23,　　核导弹第一方队3日上午震撼登场，接受祖国和人民检阅。 　　受阅的“惊雷-1”空基远程导弹、“巨浪-3”潜射洲际导弹、“东风-61”陆基洲际导弹、“东风-31”新型陆基洲际导弹，首次集中展示我军陆、海、空基“三位一体”战略核力量，是维护国家主权、捍卫民族尊严的战略“王牌”。核导弹第一方队由空军某基地、海军某基地、火箭军某基地某旅等混合编组。 　　核导弹第二方队3日上午通过天安门广场，光荣接受检阅。 　　12台大型导弹运输车载着“东风-5C”液体洲际战略核导弹浩荡而来。核导弹第二方队是装备方队压轴出场的方队。 “东风-5C”液体洲际战略核导弹是我国战略反击体系中的重要组成，打击范围覆盖全球，全时戒备、有效威慑，以武止戈、砥定乾坤。方队由火箭军某基地牵头抽组。 高清大图来了 ↓ 来源：人民日报微信，摄影：林渊，综合直播文字实录 本期编辑： 刘杰、朱田恬、方梓祎、阮可欣 点赞！ ↓ ↓ ↓
纪念中国人民抗日战争暨世界反法西斯战争胜利80周年招待会在京隆重举行,https://mp.weixin.qq.com/s/0y6W4-DKPcQPDVO7QnPqLA,2025-09-23,纪念中国人民抗日战争暨世界反法西斯战争胜利80周年招待会3日在人民大会堂隆重举行。中共中央总书记、国家主席、中央军委主席习近平出席招待会并发表重要讲话。 来源：人民日报客户端，记者： 杜尚泽， 图片： 新华社记者 谢环驰 黄敬文 田雨昊 摄 本期编辑： 刘杰、朱田恬、方梓祎、阮可欣 觉得好看，请点这里 ↓ ↓ ↓
高清大图！习近平出席纪念抗战胜利80周年大会,https://mp.weixin.qq.com/s/5jqyYAvpeCljYqFxx56DCQ,2025-09-23,　　9月3日，中共中央总书记、国家主席、中央军委主席习近平出席纪念中国人民抗日战争暨世界反法西斯战争胜利80周年大会。 来源： 新华社，摄影：谢环驰 燕雁 丁林 饶爱民 刘卫兵 申宏 王晔 丁海涛 岳月伟 本期编辑： 刘杰、朱田恬、方梓祎、阮可欣 点赞！ ↓ ↓ ↓
九三阅兵完整视频！（收藏版）,https://mp.weixin.qq.com/s/xnKlz-a9Dt1p-Bw39-jPLA,2025-09-23,转存！骄傲！ 阅兵完整视频来了 今天的中国 江山壮丽、人民豪迈 更无惧任何风浪 让我们一起铭记历史 从伟大胜利走向伟大复兴 来源：人民日报视频号 本期编辑：刘杰、朱田恬、方梓祎、阮可欣 转发收藏！ ↓ ↓ ↓
1945和2025！阅兵车牌，细节泪目,https://mp.weixin.qq.com/s/bXj1JFAopXjPcFSuYYD3NA,2025-09-23,阅兵车牌号是 1945 和 2025 其中的深意，你看懂了吗？ 9月3日上午 纪念中国人民抗日战争 暨世界反法西斯战争胜利80周年大会 在北京天安门广场隆重举行 中国人民以盛大阅兵仪式 同世界人民一道纪念这个伟大的日子 英雄一直都在 这盛世，他们一定看得到！ 来源： 人民日报微信 本期编辑： 刘杰、朱田恬、方梓祎、阮可欣 致敬！转发！ ↓ ↓ ↓
真的泪目！老战士起身敬礼场面看哭了,https://mp.weixin.qq.com/s/SFdC4YtAgiTGCd3sGUMM1A,2025-09-23,阅兵仪式期间 天安门城楼上 参加过抗战的老战士老同志 颤颤巍巍地起身敬军礼 这一幕，感动！ 网友：这是您浴血守卫的山河 致敬！ 来源：人民日报客户端，记者：杜尚泽 本期编辑： 刘杰、朱田恬、方梓祎、阮可欣 觉得好看，请点这里 ↓ ↓ ↓
九三胜利日，习近平总书记重要讲话金句来了！,https://mp.weixin.qq.com/s/2nw9PlcynRVkN9eL_y6jDA,2025-09-23,来源：人民日报客户端， 策划：梁昌杰 岳小乔 王宇峰 本期编辑：刘杰、朱田恬、方梓祎、阮可欣 觉得好看，请点这里 ↓ ↓ ↓
号外！,https://mp.weixin.qq.com/s/4DPvFiAb2lmPSNmkWGKDvQ,2025-09-23,来源：人民日报客户端 本期编辑：刘杰、朱田恬、方梓祎、阮可欣 觉得好看，请点这里 ↓ ↓ ↓
习近平：在纪念中国人民抗日战争暨世界反法西斯战争胜利80周年大会上的讲话,https://mp.weixin.qq.com/s/nNBnAWf8FilDSJUktSvmKw,2025-09-23,在纪念中国人民抗日战争暨世界反法西斯战争胜利80周年大会上的讲话 （2025年9月3日，上午） 习近平 全国同胞们， 尊敬的各位国家元首、政府首脑和国际组织代表， 尊敬的各位来宾， 全体受阅将士们， 同志们、朋友们： 　　今天，我们隆重集会，纪念中国人民抗日战争暨世界反法西斯战争胜利80周年，共同铭记历史、缅怀先烈、珍爱和平、开创未来。 　　我代表中共中央、全国人大、国务院、全国政协、中央军委，向全国参加过抗日战争的老战士、老同志、爱国人士和抗日将领，向为中国人民抗日战争胜利作出重大贡献的海内外中华儿女，致以崇高敬意！向支援和帮助过中国人民抵抗侵略的外国政府和国际友人，表示衷心感谢！向参加今天大会的各国来宾，表示热烈欢迎！ 　　同志们、朋友们！ 　　中国人民抗日战争是艰苦卓绝的伟大战争。在中国共产党倡导建立的抗日民族统一战线旗帜下，中国人民以铮铮铁骨战强敌、以血肉之躯筑长城，取得近代以来反抗外敌入侵的第一次完全胜利。 　　中国人民抗日战争是世界反法西斯战争的重要组成部分，中国人民以巨大的民族牺牲，为拯救人类文明、保卫世界和平作出了重大贡献。 　　历史警示我们，人类命运休戚与共，各个国家、各个民族只有平等相待、和睦相处、守望相助，才能维护共同安全，消弭战争根源，不让历史悲剧重演！ 　　同志们、朋友们！ 　　中华民族是不畏强暴、自立自强的伟大民族。当年，面对正义与邪恶、光明与黑暗、进步与反动的生死较量，中国人民同仇敌忾、奋起反抗，为国家生存而战，为民族复兴而战，为人类正义而战。今天，人类又面临和平还是战争、对话还是对抗、共赢还是零和的抉择。中国人民坚定站在历史正确一边、站在人类文明进步一边，坚持走和平发展道路，与各国人民携手构建人类命运共同体。 　　中国人民解放军始终是党和人民完全可以信赖的英雄部队。全军将士要忠实履行神圣职责，加快建设世界一流军队，坚决维护国家主权、统一、领土完整，为实现中华民族伟大复兴提供战略支撑，为世界和平与发展作出更大贡献！ 　　历史承载过去，也启迪未来。新时代新征程，全国各族人民要在中国共产党坚强领导下，坚持马克思列宁主义、毛泽东思想、邓小平理论、“三个代表”重要思想、科学发展观，全面贯彻新时代中国特色社会主义思想，坚定不移走中国特色社会主义道路，传承和弘扬伟大抗战精神，踔厉奋发、勇毅前行，为以中国式现代化全面推进强国建设、民族复兴伟业而团结奋斗！ 　　中华民族伟大复兴势不可挡！人类和平与发展的崇高事业必将胜利！ 来源：人民日报客户端 本期编辑：刘杰、朱田恬、方梓祎、阮可欣 觉得好看，请点这里 ↓ ↓ ↓
阅兵开始！多想告诉您，山河已无恙！,https://mp.weixin.qq.com/s/ke9hoB6OduQd7gYNwbMhSg,2025-09-23,山河已无恙 英魂耀中华 今天，我们以庄严之礼 告慰英烈先辈 山河锦绣， 家国盛景 今日中国， 如您所愿 来源：人民日报微信，海报设计：宋嵩 本期编辑：刘杰 转发！致敬先烈 ↓ ↓ ↓
致敬英雄！习近平同抗战老兵亲切握手,https://mp.weixin.qq.com/s/K18sbBrae1qOyTFhRJH7cg,2025-09-23,9月3日上午，纪念中国人民抗日战争暨世界反法西斯战争胜利80周年大会在北京天安门广场隆重举行。 　　纪念大会开始前，习近平同抗战老战士老同志代表亲切握手，向他们表示崇高敬意。 来源： 人民日报微信 本期编辑：刘杰、朱田恬、方梓祎、阮可欣 点赞！ ↓ ↓ ↓
每个中国人，都不能忘记这些日子！,https://mp.weixin.qq.com/s/cJiEWcHjbN35xJbEX1ceSg,2025-09-23,今天上午 纪念中国人民抗日战争 暨世界反法西斯战争胜利 80 周年大会 在北京天安门广场隆重举行   14 年浴血奋战 14 年艰苦卓绝 四万万人不屈抗争 这场胜利来之不易 这些日子 每个中国人，都不会忘记！ 需要铭记的 不只是日历上这几个醒目的日子 14年抗战的艰苦卓绝 5000多个日夜的煎熬 这段苦难与辉煌交织的历史 每个中国人 都应当永远铭记 纪念抗战伟大胜利 铭记历史、缅怀先烈 珍爱和平、开创未来 我们不敢忘，也不能忘！ 来源：人民日报微信，海报设计：陈泉伊 本期编辑：刘杰、王若彤 铭记历史，吾辈自强！ ↓ ↓ ↓
准备就绪！,https://mp.weixin.qq.com/s/M1a6c2aGVSzg3kSepw51YQ,2025-09-23,9月3日上午 纪念中国人民抗日战争 暨世界反法西斯战争胜利80周年大会 将在北京天安门广场隆重举行 受阅部队已集结准备 战士们身如青松挺拔 战车如钢铁长城列阵 天安门城楼巍峨矗立 长安街庄严静待 目前 受阅方队集结完毕 整装待发 来源：人民日报微信（摄影： 朱笑熺、 巩晗、 杨皓铭、 翁奇羽、 雷鹏、 张璁）、新华社 本期编辑：刘杰、方梓祎、阮可欣 转发！共同期待！ ↓ ↓ ↓
今日，阅兵！,https://mp.weixin.qq.com/s/LB1VlaKaQfwJioc5Pey0Qg,2025-09-23,今天是2025年9月3日 中国人民将以最庄严的方式 向胜利致敬！ 长安街上，军乐声中 人民军队将豪迈受阅 纪念中国人民抗日战争 暨世界反法西斯战争胜利80周年 这一刻 江河涌起波澜，山岳为之震颤 这一刻 承载多少记忆，凝聚多少期盼 这是一次振奋精神的盛典 45个方（梯）队 在党旗、国旗、军旗引领下 按照实战化、 模块化、体系化编组 三军浩荡，声如千骑疾 铁甲生辉，气卷万山来 这是一次传承光荣的行进 刘老庄连、雁门关伏击战英雄连 老虎团、战斗模范团…… 一面面胜利的旗帜 将高擎在英雄传人的肩头 这是一次面向未来的启程 我军力量结构新布局在阅兵中 首次集中亮相 部分陆海空基战略重器 高超精打、无人和反无人装备 第一次对外展示 这是一次捍卫历史的纪念 来自五大洲的国家元首、政府首脑和嘉宾 来华出席纪念活动 展现国际社会对中国抗战历史贡献 和世界意义的普遍认可 一次阅兵 既是检阅，也是锤炼 火箭军某部常年担负值班任务 参加阅兵训练前 他们潜入深山执行战备任务长达4个月 海军某部一年四季驻扎在野外训练场 阅兵方队抽组人员装备后 直接从驻训场开赴阅兵训练场 今天，加入光荣的人民军队 正成为越来越多中国人的渴望 80年来 硝烟已散，精神永存 从伟大胜利走向伟大复兴 亿万人民共赴爱国主义的伟大实践   最近一段时间 “ 除了‘太齐了’，还能怎么形容阅兵 ” 成为网上的热门话题 如果说 80年前 那场伟大胜利 是实现河山光复 那么今天我们面对的 则是实现中华民族伟大复兴 那威武的方队，那铿锵的步伐 那年轻的面孔，那自信的表达 激发的是奋斗热情 振奋的是民族精神 起来！起来！起来！ 这是捍卫祖国的宣言 向前！向前！向前！ 这是强军兴军的交响 当雄壮的国歌响起 钢铁之师浩荡前行 胜利的荣光、历史的回响、未来的希望 激荡在中华大地上 激荡在亿万人民心中 威武！自豪！ 一起见证！ 来源：人民日报微信，图片： 新华社（琚振华、鞠焕宗、 殷刚、张铖、王焕斌）、中部号角（ 孙雪松、 向雄） 本期编辑：石磊 觉得好看，请点这里 ↓ ↓ ↓
真的很想你！,https://mp.weixin.qq.com/s/sAZ1G2rk8an5VgPtS2A1HA,2025-09-23,来源： 人民日报微信，策划： 胡程远、郑薛飞腾、王若彤 本期编辑： 郑薛飞腾 觉得好看，请点这里 ↓ ↓ ↓
来了！新闻早班车,https://mp.weixin.qq.com/s/xv3sBjs70m2dgN1h3LS99A,2025-09-23,点击这里，查看更多精彩内容 要闻 9月2日上午，国家主席习近平同俄罗斯总统普京、蒙古国总统呼日勒苏赫在北京人民大会堂举行中俄蒙三国元首第七次会晤。 9月2日上午，国家主席习近平在北京人民大会堂同来华出席2025年上海合作组织峰会和纪念中国人民抗日战争暨世界反法西斯战争胜利80周年活动的俄罗斯总统普京举行会谈。 9月2日上午，国家主席习近平在北京人民大会堂会见来华出席2025年上海合作组织峰会和纪念中国人民抗日战争暨世界反法西斯战争胜利80周年活动的蒙古国总统呼日勒苏赫。 9月2日上午，国家主席习近平在北京人民大会堂会见来华出席2025年上海合作组织峰会和纪念中国人民抗日战争暨世界反法西斯战争胜利80周年活动的乌兹别克斯坦总统米尔济约耶夫。 9月2日下午，国家主席习近平在北京人民大会堂会见来华出席2025年上海合作组织峰会和纪念中国人民抗日战争暨世界反法西斯战争胜利80周年活动的土库曼斯坦总统别尔德穆哈梅多夫。 9月2日下午，国家主席习近平在北京人民大会堂会见来华出席2025年上海合作组织峰会和纪念中国人民抗日战争暨世界反法西斯战争胜利80周年活动的伊朗总统佩泽希齐扬。 9月2日晚，国家主席习近平在北京人民大会堂会见来华出席2025年上海合作组织峰会和纪念中国人民抗日战争暨世界反法西斯战争胜利80周年活动的塔吉克斯坦总统拉赫蒙。 9月2日上午，国家主席习近平在北京人民大会堂会见来华出席2025年上海合作组织峰会和纪念中国人民抗日战争暨世界反法西斯战争胜利80周年活动的巴基斯坦总理夏巴兹。 9月2日晚，国家主席习近平在北京人民大会堂会见来华出席纪念中国人民抗日战争暨世界反法西斯战争胜利80周年活动的马来西亚总理安瓦尔。 我国海上稠油热采累计产量突破500万吨，成为全球首个实现海上稠油规模化热采开发的国家。 截至今年6月底，我国智能算力规模达788百亿亿次/秒，在全球位居前列。 中方决定自2025年9月15日至2026年9月14日，对俄罗斯持普通护照人员试行免签政策。 社会 中央农办部署加强农村高额彩礼问题综合整治，提出依法依规出台一些“低彩礼”和“零彩礼”激励措施。 市场监管总局开展重点工业产品质量安全隐患排查治理三年行动，聚焦消防产品、建筑保温材料、电动自行车等23类产品。 中国物流与采购联合会发布数据，8月份中国物流业景气指数50.9%，较上月上升0.4个百分点，需求持续向好。 截至8月31日，上市公司半年报披露完毕，A股全市场近六成公司营收正增长，先进制造领域业绩居前。 工信部消息，今年前7个月我国软件业务收入83246亿元，同比增长12.3%。 进入9月 ，内蒙古根河、额尔古纳开始集中供暖，将持续到明年5月31日。这是全国供暖期最早、最长的两座城市。 云南大理治理违规进入苍山的各类行为，守护苍山生态环境，8月共劝返1500余人、车辆110辆。 近日，科研团队在塔克拉玛干沙漠边缘发现嗜盐甲壳动物“盐水丰年虾”，为发展盐碱水养殖产业提供了本土种源参考。 9月1日，济南8岁男孩“小石头”入读小学，校方为他提供了轮椅车位和陪读休息室。此前，他因罹患罕见病，直到6岁才凭借自己的双腿站立。 政策 工信部、国家林草局发文推进“宽带林草”建设，提出到2027年底，穿越林区和草原的国道和重点省道沿线按需实现4G/5G网络覆盖。 第41个教师节期间，山西出台系列惠师举措，包括专属游览优惠、购书优惠等。 广西发布通知，要求义务教育阶段学校每天开设1节体育课，中小学生每天综合体育活动不低于2小时。 今日天气 　　新疆北疆、陕西中南部、山西南部、河南中西部、四川东部、重庆北部、湖北西部和南部、江苏南部、浙江东北部、福建东部、广东东部等地的部分地区有中到大雨，其中，陕西中南部、河南西部等地的部分地区有暴雨。 早安中国 　　每个清晨，遇见大美中国。 　　今天，我们隆重纪念中国人民抗日战争暨世界反法西斯战争胜利80周年。从白山黑水间的第一声炮响，到卢沟桥畔的烽火硝烟，再到反抗外来侵略取得完全胜利的历史性时刻……十四载风雨如磐，中国人民前仆后继共赴国难，以铮铮铁骨战强敌、以血肉之躯筑长城，谱写了惊天地、泣鬼神的雄壮史诗。伟大抗战精神，是中国人民弥足珍贵的精神财富，将永远激励中国人民克服一切艰难险阻、为实现中华民族伟大复兴而奋斗。 　　人生的主动权，往往不依赖运气的偏爱，而是用奋斗来争取。真正的自信，不是自以为是的任性，而是胸有成竹的笃定。你现在的每一分积累，都是给未来的自己最坚定的托举。新的一天，早安！ 本期编辑：石磊、陈子涵 ，实习生： 洪舒云、 勇佩言、孙小雯 ｜主播：韦礼义 觉得好看，请点这里 ↓ ↓ ↓
今天，致敬伟大胜利！,https://mp.weixin.qq.com/s/IWXmDNJKJUAJCnlnz7fQiw,2025-09-23,正义必胜！ 和平必胜！ 人民必胜！ 来源：人民日报客户端（制图：安然 胡润新 陈露） 本期编辑：李娜、郑薛飞腾 铭记，致敬↓ ↓ ↓
【夜读】跑起来，人生真的不一样,https://mp.weixin.qq.com/s/CWyfPd2AlOX2HnJTsIbb4w,2025-09-23,唤醒健康，释放情绪 嘿，朋友！你喜欢跑步吗？跑步时，有人喜欢独自戴上耳机，伴着音乐与心跳的节奏前行；也有人选择与三五好友结伴而跑，在交谈与笑声中拉近彼此的距离。 跑步的魅力，就在于它简单而纯粹：不挑地点，不分时段，只要愿意动起来，就能收获健康与快乐。 当你真正坚持跑下去，身体的改变会悄悄出现。爬楼梯时不再气喘吁吁，穿衣服时也觉得舒适合身；清晨醒来，精神更饱满，步伐更轻快。这些变化或许细微，却能带来踏实的满足感 。 更重要的是，跑步能成为消极情绪的出口。一天的疲惫，在汗水中被一点点释放。随着呼吸的平稳，心绪也慢慢沉淀下来。那一刻，你会发现自己轻松了许多，那些不安和烦躁，仿佛随着汗水被一并带走 。 只有跑起来 你才知道自己有多强 在跑步的过程中，总会遇到这样的时候：双腿发沉，心里冒出“要不今天先到这吧”的念头。可如果你咬牙坚持，再跑过几百米，你就会惊讶地发现，自己并没有想象中那么脆弱。 每一次突破极限的瞬间，都是在向自己证明：原来我还能再坚持一下 。 跑步带给我们的变化，不只是身体上的，更是心态上的。它让人学会与“放弃”的念头较量，也让人看到“坚持”的回报。今天比昨天多跑一点，速度比上次快一点，这些微小的进步，都会累积成自信，成为面对生活挑战的底气 。 跑步中，每一次迈步都是在告诉自己：我能做到。正是在这种不断自我超越的过程中，我们也变得更坚韧、更勇敢。 跑步不仅是一种运动 更蕴含着生活哲学 坚持跑步的人都知道：气喘吁吁时调整呼吸，膝盖疼痛时适时停下，这些运动时的智慧，最终都会变成生活的解法。 跑步教会人等待和沉淀。刚开始时或许气喘吁吁，但只要一天天坚持，总会看到自己变轻盈的身形。生活中的许多成长也是这样，它们不会立刻显现，却会在日复一日的坚持中，悄然发生改变 。 跑步让人学会享受过程。跑在晨光里，感受第一缕阳光的温暖；跑在傍晚，看着天边的晚霞渐渐铺开。你会发现，不必急着抵达终点，过程本身就足够美好。 跑步的意义，从来不止是燃烧卡路里，在你亲身体验后，就会知道其中滋味。 所以，不妨试试迈开双腿，运动起来吧 ！ 来源：人民日报夜读，综合央视新闻、浙江宣传 | 主播：赵文龙 本期编辑：林帆、冯昌泰 ，实习生： 余典 觉得好看，请点这里 ↓ ↓ ↓
九三阅兵超全观看指南，请收好！,https://mp.weixin.qq.com/s/DPS3_KMMU7eGHAjp7JCAiw,2025-09-23,把这份观看指南 转给家人朋友 明天一起观看盛大阅兵 来源：人民日报客户端（策划： 梁昌杰 岳小乔 皇甫凌雨 刘珂君 马宇杭 ） 本期编辑：李娜、郑薛飞腾 觉得好看，请点这里 ↓ ↓ ↓
天安门广场布置，最新消息！,https://mp.weixin.qq.com/s/Nq9kk8iAZiGYLxOSY6utpQ,2025-09-23,　　纪念中国人民抗日战争暨世界反法西斯战争胜利80周年大会即将于明天（3日）举行， 目前天安门广场核心区布置基本就绪 。按照主题鲜明、庄严庄重、简洁安全的原则，活动策划团队在上百个设计方案中反复研讨挑选、细化落实，最终年号台的呈现，让人眼前一亮。 此次纪念活动， 天安门广场的景观布置遵循“尚中”的原则 ，也就是以北京中轴线为主要通道，两侧对称布局。在颜色的选择上也相对统一且庄重，分别是红、金、绿。 最具代表性的是这两座年号台，宛若两扇矗立的大门缓缓拉开一场大幕。同样，它也选择了长城这一国际性的文化符号。 最下方绿色的自然花境象征着大地，而在大地之上是缓缓升起、泛着金光的红日，不仅托举起两个重要的年份，更是象征着中华民族前进的曙光。 在正式活动当中，三军仪仗队将会在人民英雄纪念碑下集结出发。 　　此次天安门广场核心区布置设计方案由中央美术学院设计团队策划创意，年号台的色彩过渡与三色相间的临时观礼台形成呼应，保持了整体基调的统一，又在细节处略有不同。 纪念大会服务保障和广场活动指挥部策划设计部部长田忠利介绍， 整个广场布局上来说，把年号台矗立在人民英雄纪念碑前面的两侧，托举起1945、2025年号，很好地阐释了“众志成城”纪念大会的主题。 　　此外，年号台的主体 选用了长城作为标志性设计语言 ，与广场外围绿植上的长城纹交相呼应。 左右各7只和平鸽雕塑则象征着中华民族14年抗战的光荣历程 。其设计原型是我国本土的鸽子“北京白”，设计人员在深入分析了鸽子的骨架结构后，最终确定通过圆雕加浮雕的方式还原和平鸽活灵活现的姿态。 田忠利介绍， 14只和平鸽，也是这次年号台设计的画眼， 代表了亿万中华儿女、世界爱好和平的人民共同追求的和平、守望的和平。 一起期待！ 来源：央视新闻 本期编辑：李娜、郑薛飞腾 觉得好看，请点这里 ↓ ↓ ↓
一个人的人生能有多传奇？短剧都不敢这么拍！,https://mp.weixin.qq.com/s/ESRqzHfVuIzkGc6gbTmOpA,2025-09-23,还记得他吗？ 十年前的9月3日 他身着八路军军装 经过天安门时 坚定而郑重地敬了一个军礼 让无数网友热泪盈眶 这位抗战老兵叫 余新元 他的传奇人生 让许多网友直呼 “短剧都不敢这么拍” 今天，我们讲述 这位老兵的传奇人生 看完之后 你或许能明白 我们为什么要纪念80年前 那场伟大胜利 时间倒回90年前 1935年 是余新元第一次见到红军 余新元出生在 甘肃静宁县一个贫苦人家 9岁时，家里遭了土匪 母亲不堪受辱跳井而亡 后来，他的两个妹妹也活活饿死 当时，余新元只能靠 给地主扛活、放羊为生 那一年，在家乡的小戏台 经常有红军宣传抗日道理 余新元并不是都能听明白 但有一句话他听懂了： “红军是穷人的队伍” 几个月后 13岁的余新元 赶着地主家的200只羊 投奔了红军 成为了一名“红小鬼” 甘肃静宁界石铺， 以余新元为原型的“红军娃”雕塑。 1939年 余新元参加了抗日战争史上 著名的 黄土岭战斗 这一战，日本 中将 阿部规秀 被击毙在了黄土岭 这也是抗日战争中在战场上 被八路军击毙的侵华日军最高级别将领 黄土岭战斗中八路军的炮兵阵地。图片来源：中国人民抗日战争纪念馆 战斗中 余新元的左腿受伤 “被炸成了马蜂窝” 医疗点的医生决定给他截肢 这时，来了一位外国医生 他通过翻译询问： “你多大了？” 余新元回答： “16岁多，快17了” 外国医生摸着他的头说： “太年轻了，少了一条腿 将来可怎么办啊！ 手术我来做 尽量保住他的腿！” 当时，前线缺少麻醉药 余新元咬牙硬撑 疼得浑身是汗 外国医生鼓励他说： “你很坚强！坚持住！” 资料图 手术很成功 余新元的腿保住了 后来，他才知道 给他做手术的外国医生 叫做白求恩 那次巡诊中 白求恩在抢救其他伤员时不慎感染 患上败血病 为余新元做完手术的第5天 白求恩以身殉职 白求恩带领医生做示范手术。北京白求恩基金会供图 1941年，日军集中5000余兵力 对晋察冀边区狼牙山地区疯狂扫荡 时任八路军晋察冀军区某连副排长的余新元 奉命带4名战士阻击敌人 为团主力和群众转移争取时间  5个人、15发子弹、47枚手榴弹 这仗怎么打？ 余新元组织大家 利用有利地形展开阻击 手榴弹、“石头炮弹”全面开花 连续打退敌人19次进攻 当敌人发起第20次进攻时 他们已精疲力竭 战友 张连第 脑袋被打掉了半个 袁根成 胳膊断了 冯正祥 负重伤 战士 张祥 ，只有17岁 他的父母都是被日军杀害的 战斗中，他的两条腿被炸掉 弥留之际 张祥给余新元留下三句话： 第一句话： “副排长，我能不能成为 中国共产党的党员？” “我现在就介绍你入党！” 战场上，余新元介绍张祥入党 张祥年轻的脸上浮起一丝笑意 努力地举了举右手 第二句话： “每年的清明节 能不能到我父母的坟前 替我张祥添把土？” “我们能回去的话，就照你说的办！ ” 第三句话： “你告诉我的姑姑，不要哭 我是为了打倒日本帝国主义 我死是光荣的” 说完，张祥趴在自己的阵地上 壮烈地牺牲了 面对野兽般狂扫的日军 孤军奋战的余新元冲上前去 “老子和你们拼了！” 他打完最后一发子弹 刚要低头搬石头的一刹那 被敌人的子弹打穿胸部 滚落山崖…… 后来，同在一个连 担负掩护任务的 马宝玉、 葛振林、宋学义、胡德林、胡福才 5人主动将敌人引上了 狼牙山棋盘陀峰顶绝路 在弹尽粮绝的情况下 5位战士毅然跳下悬崖 他们是余新元的战友 也是我们课本上学过的 “狼牙山五壮士” 后来，余新元在当地村民 王义珍老妈妈的精心照顾下 才捡回一条命 此次战斗 余新元和战友们 打死打伤日军120多人 张祥被追认为中共党员 余新元被授予“抗日战斗模范” 几十年后，再回忆起那场战斗 余新元说： “我们武器跟他们比差太多了 但中国人打的是意志 打的是爱国，打的是英勇顽强” 1951年的余新元。余新元家属供图 抗日战争时期 余新元参加了 黄土岭战斗、平型关作战 百团大战、狼牙山反扫荡战斗等 大小战斗500余次 7次身负重伤 荣立2次大功、1次中功、2次小功 后来，在辽沈战役中 余新元失去了半个脚掌 之后被分配到 辽宁省辽阳市兵役局工作 另一段传奇故事 就从这里开始了 余新元的假肢和拐杖。人民日报记者 林帆 摄 1959年 11月8日 一个操着湖南口音的“小个子”青年 来到时任辽阳市兵役局副政委 余新元的办公室 倾诉自己因为没通过体检 不能如愿参军入伍的沮丧心情 余新元耐心地给青年解释了 参军的程序和条件 没想到，连续好几天 这个青年都来余新元办公室“报到” 看小伙子没有地方住 余新元只能带着他 回到自己家 这一住，就是58天 一天，余新元的爱人包了包子 一家人边吃边唠家常 余新元问青年： “你家在哪儿？父母是做什么的？” 青年把包子放下，流下了眼泪： “余叔，我家里就剩我一个人了” 青年的苦难经历 深深打动了有同样悲惨童年的余新元 “余叔，当兵是我的愿望 我是解放军解放的 共产党培养的 请批准我拿起枪杆子 保卫来之不易的幸福生活” 左图为余新元和爱人的合影，右图为余新元年轻时的照片。 朝夕相处中 青年的生活、学习、言行 余新元都看在了眼里 他多次向组织汇报 介绍青年的实际情况 在坚持不懈的努力下 这名青年终于被同意入伍 有人问：“出了差错谁担责？” 余新元说： “我以22年的党龄作担保 出了事我负全责” 1960年1月8日 余新元和爱人 拎着20个红皮鸡蛋赶往车站 送20岁的青年入伍 这位青年的名字 后来在中国家喻户晓 他的名字 叫做雷锋 雷锋入伍照 雷锋送给余新元的照片，照片背面写着“赠给敬爱的余政委留念”。这张照片余新元一直保存在身边。 后来的几十年间 余新元一直讲雷锋的故事 宣传雷锋精神 值得一提的是 1977年 余新元又把一个年轻人 送上了去部队的列车 并嘱咐他要向雷锋学习 这个年轻人叫 郭明义 后来，他被授予 “当代雷锋” 称号 2015年 得知自己受邀参加 抗战胜利70周年阅兵时 余新元激动得 几个晚上都睡不着觉 2015年9月3日 经过天安门时 余新元坚定有力地敬了一个军礼 他说： “我是代表抗日战争中 牺牲的先烈过天安门的 不是代表我自己 我自己仅仅完成了 党和人民交给我的责任和任务” 2022年12月28日 余新元 逝世 享年99岁 2022年7月 曾有人问余新元 “您说当年我们是靠什么赢得 抗日战争胜利的？” 余老拿起笔 颤颤巍巍地写下： “靠党的领导 靠中国人民胜利的” 辽宁省军区鞍山第二离职干部休养所供图 有人说 余新元的人生实在太过传奇 这些英雄人物的故事 甚至都不在同一本语文课本上 却都在余新元的人生中 “串联”起来 这一刻，我们才明白 原来“传奇”的背后 是“传承” 那个在戏台下听讲后 决定参军的放羊娃 几十年后将雷锋送入了部队 那个被白求恩救治的小战士 在狼牙山与敌人浴血奋战 这些看似巧合的联系 是薪火相传 是生生不息 伟大的抗战精神 就是这样一代代传承下去 流淌在我们每个人的血液之中 余新元讲述自身经历。 鞍山市退役军人事务局供图 致敬英雄 铭记历史 来源：人民日报微信（作者：李娜），资料来源：余新元回忆录《红星闪耀：执着的追求》《红军战士余新元》、中国军视网，鸣谢： 中共鞍山市委宣传部、中共辽阳市委宣传部、辽宁省军区鞍山第二离职干部休养所、辽宁省鞍山市退役军人事务局、辽阳雷锋纪念馆、北京白求恩公益基金会、余新元家属：余晓 本期编辑：李娜、林帆 实习生：余典 洪舒云 觉得好看，请点这里 ↓ ↓ ↓
中国对俄罗斯试行免签政策！,https://mp.weixin.qq.com/s/zVZeO2WcO-qtxNyBaMsgNQ,2025-09-23,今天，外交部发言人郭嘉昆主持例行记者会。 有记者提问，据报道，中俄双方一直在探讨便利人员往来的新举措。请问此次双方领导人会晤是否就此进行了讨论、有何成果？发言人能否介绍有关情况? 郭嘉昆表示，为进一步便利中外人员往来，中方决定扩大免签国家范围， 自2025年9月15日至2026年9月14日，对俄罗斯持普通护照人员试行免签政策。俄罗斯持普通护照人员来华经商、旅游、观光、探亲访友、交流访问，过境不超过30天，可免办签证入境。 在两国元首战略引领下，中俄关系保持高水平运行。中方高度重视两国人员往来便利化问题，支持两国民众加强交往，为推动中俄新时代全面战略协作伙伴关系作出积极贡献。我们欢迎更多的俄罗斯朋友多来中国、常来中国。 来源： 人民日报客户端，记者： 陈熙芮 本期编辑：李娜、郑薛飞腾 觉得好看，请点这里 ↓ ↓ ↓
如果有人要问，我们在纪念什么,https://mp.weixin.qq.com/s/EdC8cTpMSeFmAetXxzM6rg,2025-09-23,80年光阴流转 亲历过抗战的人日渐稀少 那段硝烟中的历史 我们为何必须反复讲述 永远铭记 人民日报新媒体推出 纪念抗战胜利80周年主题演讲 《 我们在纪念什么》 让我们一起回望那段 山河破碎却又众志成城的岁月 在历史的回响中 感受一个民 族的 坚韧、不屈与担当 纪念，为了铭记 1937年8月28日 成千上万的平民聚集在上海南站 试图逃离这个随时要化为火海的城市 伴随着日军轰炸机的 呼啸 一颗颗炸弹从天而降 刹那间   天桥倾倒   站台崩塌  血肉横飞 …… 直 到硝烟散开 一个孩子浑身是血地坐在站台边 哭声在废墟中回响 这个一岁多孩子的照片 被上亿人看到 成为揭露日军暴行的证据 80多年前，这张 《中国娃娃》的照片震惊了世界。 在东北大地 侵华日军第七三一部队 犯下令人发指的反人类罪行 “解剖的时候，人还是温热的 有血喷出” 七三一部队原队员 胡桃泽正邦 亲口承认 侵华日军为了制造毒力更强的细菌 就要让细菌通过活体的血液 这样才能达到效果 细菌实验、毒气实验、活体解剖 …… 据统计，从1940年到1945年 有至少3000人在七三一部队本部监狱丧生 侵华日军第七三一部队罪证陈列馆展出的解剖实验场景 七三一部队原队员胡桃泽 正邦在七三一部队期间进行人体解剖时使用的器具 像这样刻骨的伤痕 在那时的中国大地上 比比皆是 14年抗战 3500多万同胞伤亡 930多座城市被先后侵占 这一个个数字背后 是多少被战争碾碎的人生 多少没能长大的童年 多少再未相逢的别离   我们拒绝遗忘 如果挨打的人都忘记了 那打人的人还会记得吗 我们纪念 是要铭记民族的牺牲、历史的真相 要记住今天的安定生活绝非上天的馈赠 而是无数双手从历史深渊里奋力托举 纪念，为了传承    河北平山 一 名 战士歼灭 8个日军后 壮烈牺牲 他叫王家川 很快，他的弟弟前来参军 被问到名字 弟弟执拗地说 “俺也叫王家川！ 俺牺牲了，家里还有一个弟弟 他也叫王家川！ 俺村还有上百青年 他们都叫王家川！ ” “ 战死一个王家川 又站出一个王家川 王家川是牺牲不完的！” 王家川的英勇事迹在《抗敌报》刊出后，平山县掀起新一轮的参军支前热潮。 当铁蹄践踏家园 无数英雄挺起铮铮铁骨 有 狼牙山五壮士的血战到底 有 四行仓库 “八百壮士”的慷慨悲歌 有 平型关的 “子弹打光拼刺刀” 有 台儿庄的 “无墙不饮弹，无土不沃血” 有 太行山上 “母亲送儿打日寇，妻子送郎上战场” 以血肉之躯护山河 这场 80年前的胜利 源自 无数共产党人 顶在抗日战争最前线 作为全民族抗战的中流砥柱 支撑起救亡图存的希望 源自 无数中华儿女 用同一个心跳、同一份信念 用血肉筑起新的长城 今天 当我们走过张自忠路、尚志大街 走过靖宇县、黄骅市 英雄们的 名字写满祖国山河 他们的精神 已化作永恒的路标 指引着我们跨越一切艰难险阻 续写英雄们未竟的征途   纪念，为了和平 这位医生 把手术台设在离火线最近的地方 曾经 连续工作 69个小时 为 115名 八路军 重伤员做了手术 他叫白求恩 来自万里之外 最终倒在中国抗日的战场上 这是怎样的道义和情谊 左图是白求恩，右图是白求恩在晋察冀边区涞源县临时手术室里为伤员做手术。 1937年12月到1938年3月 在南京江南水泥厂工作的 贝恩哈尔·辛德贝格 面对日军的疯狂大屠杀 没有退缩 而是利用外国人的身份 设立难民营和难民医院 庇护并救治了约2万名中国难民 江南水 泥厂难民收容所内的难民 他还用照片和信件 记录当时日军战争犯罪的事实 向国际社会传播 日军南京大屠杀的真相 辛德贝格在江南水泥厂难民区 80多年前 中国人民以巨大民族牺牲 支撑起世界反法西斯战争的 东方主战场 而爱好和平与正义的国家与人民 也支援着中国 这一份份跨越国界的情谊 让我们懂得 正义从不会孤军奋战 和平是全人类共同的 祈盼 9 月 3 日 我们将同各国一道 隆重纪念中国人民抗日战争 暨世界反法西斯战争胜利 80 周年   要用最响亮的声音 告诉历史、告诉未来、告诉世界 “我们不忘，永远不忘” 演讲者（从左到右）：张子枫、何政军、韩庚 历史无法改变 未来可以塑造 历经苦难、浴火重生的中国 愿与所有善良的人们携手 铭记历史 捍卫和平 续写更加繁荣美好的未来 来源：人民日报新媒体，演讲者：张子枫、何政军、韩庚 本期编辑：赵明琪、朱田恬，制图： 陈泉伊 刘珂君 觉得好看，请点这里 ↓ ↓ ↓
习近平同俄罗斯总统普京会谈,https://mp.weixin.qq.com/s/JDmLN_2bLUtHtjSA-DBn5w,2025-09-23,9月2日上午，国家主席习近平在北京人民大会堂同来华出席2025年上海合作组织峰会和纪念中国人民抗日战争暨世界反法西斯战争胜利80周年活动的俄罗斯总统普京举行会谈。 习近平指出，中俄关系经受住了国际风云变幻的考验，树立了永久睦邻友好、全面战略协作、互利合作共赢的大国关系典范。双方坚守初心、保持定力，各领域合作取得积极成果。中方愿同俄方密切高层交往，支持彼此发展振兴，在涉及两国核心利益和重大关切问题上及时协调立场，推动中俄关系取得更大发展。 习近平强调，中俄两国各自发展振兴都有强大动力，双方要以大项目引领合作，打造标杆合作项目，促进深层次利益融合。要增强合作韧性，提升合作默契，全力巩固和维护合作大局。 习近平指出，中俄两国元首相互出席对方国家举办的纪念世界反法西斯战争胜利庆典，充分彰显了作为第二次世界大战主要战胜国和联合国安理会常任理事国的大国担当，展示了维护二战胜利成果、捍卫正确二战史观的坚定决心。我提出全球治理倡议，就是要会同所有志同道合国家，坚定捍卫联合国宪章宗旨和原则，推动建设更加公正合理的全球治理体系。中俄两国都强调主权平等、国际法治、多边主义，要继续在联合国、上海合作组织、金砖国家、二十国集团等多边平台加强协作，携手推动构建人类命运共同体。 普京表示，在我同习近平主席引领下，俄中关系体现了高度的战略性，达到历史最高水平。习近平主席5月对俄罗斯进行国事访问并出席纪念苏联伟大卫国战争胜利80周年活动，我明天出席纪念中国人民抗日战争胜利80周年活动，这是两国向世界展现俄中在世界反法西斯战争中守望相助、并肩作战，为欧洲主战场和东方主战场取得胜利发挥的关键作用，表明共同捍卫历史真相、维护二战胜利成果的坚定立场。俄中在世界反法西斯战争中的团结合作也成为新时代俄中关系发展的坚实基础。祝贺中国成功举办上海合作组织天津峰会，引领会议达成多项共识，有力推动了上海合作组织发展。习近平主席提出全球治理倡议非常及时和必要，将为解决全球治理赤字发挥重要作用。俄方愿同中方保持战略协作，密切高层交往，加强各领域务实合作，推动两国关系继续高水平发展。 两国元首还就共同关心的国际和地区问题深入交换了意见。 当天中午，习近平同普京小范围茶叙并宴请。 双方签署能源、航天、人工智能、农业、检验检疫、卫生、科研、教育、媒体等领域20余份双边合作文件。 蔡奇、王毅参加上述活动。 来源：人民日报客户端，图片： 新华社记者 黄敬文 丁海涛  摄 本期编辑：胡程远、方梓祎 觉得好看，请点这里 ↓ ↓ ↓
习近平主持中俄蒙元首第七次会晤,https://mp.weixin.qq.com/s/081nfI2Fzzc9PjxwimUTag,2025-09-23,9月2日上午，国家主席习近平同俄罗斯总统普京、蒙古国总统呼日勒苏赫在北京人民大会堂举行中俄蒙三国元首第七次会晤。 习近平指出，近年来，中俄蒙三方合作稳步发展，取得实实在在的成果。三方合作中期路线图顺利实施，三国贸易额节节攀升，经贸、科技、生态保护、人文合作不断深化。作为山水相连、休戚与共的友好邻邦，中方愿同俄方、蒙方一道，坚守合作初心，排除外部干扰，携手推动三方合作高质量发展。 习近平就推进中俄蒙合作提出3点建议。 一是夯实政治互信。越是国际形势变乱交织，中俄蒙三方越要加强团结协作，加大相互支持，尊重彼此核心利益和重大关切，成为各自发展振兴道路上的坚实战略依托。 二是深化互利合作。把“硬联通”作为重要方向，积极推动联通三国的跨境基础设施和能源项目，丰富合作内涵；把“软联通”作为重要支撑，加强发展战略对接，扩大本币结算规模；把“心联通”作为重要基础，密切三国毗邻省州往来，加强旅游和文化遗产保护合作。 三是密切在上海合作组织框架内协作。上海合作组织是地区国家共护安全、共谋发展的主要平台。要用好天津峰会期间中方推动成立的各种合作平台和中心，拓展更广阔合作空间。 普京表示，俄中蒙是友好邻邦，有着悠久合作传统。增进政治互信很重要，有利于夯实三方关系基础。俄方愿同中、蒙开展平等互利、面向未来的战略合作，使三方合作同双边合作相互补充、相互促进。三方要密切发展战略对接，加强互联互通，扩大贸易和投资规模，深化金融、能源、数字经济、教育、环保、旅游等领域合作交流，助力各自经济发展，促进区域经济融合，增进民心相通。 呼日勒苏赫表示，中俄是蒙古国的重要邻国，蒙方致力于密切双边关系，拓展三方合作，推进中蒙俄经济走廊建设，增进人文交流，造福三国人民，促进地区发展繁荣。今年是中国人民抗日战争和苏联伟大卫国战争胜利80周年，蒙中俄三国人民要共同庆祝和纪念这一历史时刻，弘扬正确二战史观。 蔡奇、王毅参加会晤。 来源：人民日报客户端，图片：新华社记者  丁海涛 摄 本期编辑：胡程远、方梓祎 觉得好看，请点这里 ↓ ↓ ↓
明天，盛大阅兵！直播预约→,https://mp.weixin.qq.com/s/M84U2JKG1Yy2JM5UAxDavw,2025-09-23,明天（9月3日） 是中国人民抗日战争 暨世界反法西斯战争胜利80周年纪念日 上午9时 北京天安门广场举行纪念大会 中共中央总书记、国家主席 中央军委主席习近平 将发表重要讲话并检阅部队 人民日报将 全程直播 点击下方预约按钮 一起见证这一庄严时刻 阅兵活动按阅兵式、分列式进行 时长约70分钟 其中，阅兵式环节 受阅部队在长安街列阵 光荣接受中共中央总书记、国家主席 中央军委主席习近平的检阅 分列式环节 按空中护旗梯队、徒步方队 战旗方队、装备方队、空中梯队顺序 依次通过天安门广场 60秒抢先看阅兵训练高燃画面 共同期待9月3日！ 来源：人民日报客户端、人民日报视频号 本期编辑：胡程远、方梓祎 共同期待！ ↓ ↓ ↓
3种颜色的观礼服务包，里面装了啥？,https://mp.weixin.qq.com/s/PgNyrORzRvcszy2t3wkAog,2025-09-23,据报道，在明天（3日）纪念活动中，北京市本着服务群众和节俭的原则，为观礼人员准备了服务包，提供了相应的临时保障物品，这款服务包有什么独具匠心的设计？ 总台记者 王 胜东 ： 在观礼人员服务包的存储仓库，这些服务包已经被装载完毕，静待发车。先来了解一下服务包的外部设计特点和使用功能。 它上面有一个小口袋，可以装风油精和纸巾，下面还有一个小口袋，可以装背包袋，旁边的网兜，可以装水瓶或者水壶。 它能够基本满足广场上观礼群众当天的保障需求， 这三个小口袋就构成了“80”字样 ，契合今年抗战胜利80周年的主题。服务包一共划分为三个颜色，分别是 城墙红、丰饶金和橄榄绿 ，它们与广场上座椅的颜色是一一对应的，也就是说在广场上处于不同的观礼位置，就会得到不同颜色的服务包。 服务包的包身上还配有纪念大会标识，同时作为多功能随身包类，各类物品有不同的分区，做到了纪念性、美观性与实用性的结合。服务包中 每一件物品的选择都经过了多层考量，共有12种观礼人员用品 ，其中不仅有矿泉水和电解质水等用于补充水分和能量的饮用品，还有遮阳帽、雨披等应对各类天气的户外用品，同时配备了国旗和纪念大会标识旗，仪式感满满。 观礼台服务指挥部现场服务及用品保障部工作人员 任思雨： 每一件观礼包内的物品都是经过精心包装和设计，来保证严丝合缝放到包内，确保整体的美观和整洁。在所有的分装步骤完成之后我们会对单包进行称重，每只在1.47~1.52千克之间。 目前，观礼服务包的分装工作已经全部完成，今天（9月2日）陆续运往观礼区域，完成相关布置。 来源：央视新闻 本期编辑：胡程远、方梓祎 觉得好看，请点这里 ↓ ↓ ↓
胜利！,https://mp.weixin.qq.com/s/OD3x7iZu1Ju5Akikm984kA,2025-09-23,80年前的9月2日，日本签署投降书。9月3日，成为中国人民抗日战争暨世界反法西斯战争胜利纪念日。这是中国人民的胜利，也是世界人民的胜利！今天，人民日报推出中英日三语种主题片《胜利》。此刻，共同传递：珍视和平，命运与共，开创未来，吾辈自强！ 来源：人民日报新媒体 本期编辑：胡程远、方梓祎 觉得好看，请点这里 ↓ ↓ ↓
重磅！任仲平来了,https://mp.weixin.qq.com/s/qBudAwd3zeBb1BDXfMwC-g,2025-09-23,为什么中国能够取得近代以来抗击外敌入侵的第一次完全胜利？为什么“正义必胜！和平必胜！人民必胜！”是历史昭示的伟大真理？中国人民抗日战争暨世界反法西斯战争胜利80周年之际，《人民日报》推出任仲平文章指出，从胜利走向新的胜利，历史中有深刻答案。 正义必胜 和平必胜 人民必胜 ——写在中国人民抗日战争暨世界反法西斯战争胜利80周年之际 （一） 习近平主席指出：“铭记历史不是为了延续仇恨，而是为了更好地开创未来。” 2025年9月3日，纪念中国人民抗日战争暨世界反法西斯战争胜利80周年大会将在北京天安门广场隆重举行。共同铭记历史，正是要弘扬伟大爱国主义精神、伟大抗战精神，从中汲取开创未来的智慧和力量。 历史是国家和人类的传记，更是最好的教科书。 1945年9月2日，在中国等9个受降国代表注视下，日本代表在投降书上签字。9月3日，被确定为中国人民抗日战争胜利纪念日，也是世界反法西斯战争胜利纪念日。 为了这一刻，中国人民以伤亡超过3500万人的巨大民族牺牲，支撑起了世界反法西斯战争的东方主战场，为世界反法西斯战争胜利作出了重大贡献，捍卫了人类正义与和平的伟大事业，成为世界反法西斯战争的重要组成部分。 以生命守护生命，用信念点燃信念。中国人民同世界人民在战火中淬炼出守望相助的深情厚谊，赢得了世界崇尚正义、爱好和平人民的尊敬，重新确立了中国在世界上的大国地位。 为了这一刻，中国人民历经14年不屈不挠的斗争，彻底打败了穷凶极恶的日本军国主义侵略者，彻底洗刷了近代以来抗击外来侵略屡战屡败的民族耻辱，捍卫了中华民族5000多年发展的文明成果。 一寸山河一寸血，一抔热土一抔魂。全体中华儿女共同谱写了惊天地、泣鬼神的雄壮史诗，实现了中华民族从近代以来陷入深重危机走向伟大复兴的历史转折，开启了古老中国凤凰涅槃、浴火重生的历史新征程。 为什么中国能够取得近代以来抗击外敌入侵的第一次完全胜利？ 为什么“正义必胜！和平必胜！人民必胜！”是历史昭示的伟大真理？ 从胜利走向新的胜利，历史中有深刻答案。 （二） 中国当年是一个积贫积弱的国家，何以战胜不可一世的日本军国主义、夺取抗日战争的伟大胜利？无数人这样叩问历史。 “中国共产党人勇敢战斗在抗日战争最前线，支撑起中华民族救亡图存的希望，成为全民族抗战的中流砥柱！”习近平总书记的重要论述，是我们把握近代以来中国历史的指针。 1840年鸦片战争以后，国家蒙辱、人民蒙难、文明蒙尘，中华民族遭受了前所未有的劫难。从太平天国运动到辛亥革命，多少上下求索，多少壮志未酬！中国产生了共产党，这是开天辟地的大事变，中国革命的面貌从此焕然一新。应运而生的中国共产党，成为挽狂澜于既倒、扶大厦之将倾的关键力量。 ——中国共产党是中国人民和中华民族的主心骨，成为夺取抗战胜利的民族先锋。 九一八事变后的第三天，中共中央发表宣言，号召全中国工农劳苦民众“一致动员武装起来，给日本强盗与一切帝国主义以严重的回答”。九一八事变成为中国人民抗日战争的起点，并揭开了世界反法西斯战争的序幕。 长征路上，中国共产党“北上抗日”的坚定战略方针，“抗日则生，不抗日则死”的“八一宣言”，有力鼓舞和推动着抗日救亡运动的发展。 七七事变后的第二天，中共中央向全国发出通电，号召“筑成民族统一战线的坚固长城，抵抗日寇的侵掠”。七七事变成为中国全民族抗战的开端，由此开辟了世界反法西斯战争的东方主战场。 从雁门关伏击战到黄土岭战斗，从百团大战到车桥战役，在全国抗战时期，共对敌作战12.5万余次，歼灭日伪军171.4万余人，建立19块抗日民主根据地，解放人口约1亿，到战争后期抗击着约60%的侵华日军和95%的伪军……在英勇顽强的斗争中，中国共产党领导的抗日武装发展成为抗战的骨干和主力，开辟的敌后战场上升为抗战的主要战场。 “捍卫民族独立最坚定，维护民族利益最坚决，反抗外来侵略最勇敢”，中国共产党成为坚持抗战的中坚力量；“坚定不移推动全民族坚持抗战、团结、进步，反对妥协、分裂、倒退”，中国共产党成为全民族团结抗战的核心。 在中国共产党倡导建立的以国共合作为基础的抗日民族统一战线旗帜下，全体中华儿女的爱国热情像火山一样迸发出来，以铮铮铁骨战强敌、以血肉之躯筑长城、以前仆后继赴国难，奏响了一曲气壮山河的抗击日本侵略的英雄凯歌。 自从中国共产党成立，“中国人民开始从精神上由被动转为主动”。在抗日战争中就体现在，中国人民为争取民族独立和解放的斗争有了主心骨，民族觉醒和民族精神升华达到了全新的高度，是近代以后“中国人民的一切伟大的斗争没有一次比得上的”。 ——中国共产党坚持马克思主义中国化，引领着夺取抗战胜利的正确方向。 在近代中国的至暗时刻，马克思主义如壮丽的日出。中国共产党把马克思主义基本原理同中国具体实际相结合，以真理之光激活了中华文明的基因，照亮了中国革命的胜利之路。 “遥望中原烽火急，狂流一柱在延安。”陕西延安，凤凰山下，一排窑洞，一间小屋，一张桌子，见证着历史。 在简陋的窑洞里，毛泽东同志写下著名的《论持久战》，科学地预见到抗日战争将经过战略防御、战略相持、战略反攻三个阶段，明确指出最后胜利属于中国，打破了黎明前的沉沉暗夜。 日方史料显示，当年侵华日军分析认为，“领导中国思想战的主体是共产党”“共产党（军）巧妙地争取民众，更对日军不断实施思想瓦解工作，将来实为值得忧虑之事”…… 从发表《抗日游击战争的战略问题》，到阐明“战争的伟力之最深厚的根源，存在于民众之中”，从制定全面抗战路线，到明确持久战战略总方针，中国共产党以卓越的政治领导力和正确的战略策略，指引了中国抗战的前进方向。 “风在吼，马在叫，黄河在咆哮，黄河在咆哮……”《黄河大合唱》的旋律自延安窑洞传出，随后响彻大江南北。从《义勇军进行曲》到《松花江上》《长城谣》……一大批反映党的抗日主张、彰显民族精神、团结鼓舞人心的歌曲、电影、戏剧产生，在动员群众、打击敌人中发挥了强大作用。 “建立中华民族的新文化，这就是我们在文化领域中的目的。”从延安文艺运动的蓬勃兴起，到抗日文化统一战线的建立，中国共产党着力建设民族的、科学的、大众的新民主主义文化，极大地增强了人民力量、振奋了民族精神。 起来！前进！ 自从中国共产党成立，“中华民族开始艰难地但不可逆转地走向伟大复兴”。在抗日战争中就体现在，有了马克思主义的真理力量，中国人民在党的领导下把握了历史主动，独立自主开拓前进道路，把国家和民族的前途命运牢牢掌握在自己手中。 从甲午失败到抗战胜利，两场战争、两种命运深刻启示，中国共产党的中流砥柱作用是中国人民抗日战争胜利的关键，为中国人民夺取战争胜利提供了强大精神支柱和动力源泉。 烽火连天的革命岁月，“四万万人齐蹈厉”；热火朝天的建设年代，“敢教日月换新天”；激情燃烧的历史新时期，“越是艰险越向前”；波澜壮阔的新时代，“踏平坎坷成大道”……在中国共产党的领导下，中华民族迎来了从站起来、富起来到强起来的伟大飞跃。 历史的卷轴在砥砺前行中铺展，给予人们深刻的启迪。 为什么中国人民和中华民族能够扭转近代以后的历史命运、取得今天的伟大成就？为什么中国共产党能够领导人民在一次次求索、一次次挫折、一次次开拓中完成中国其他各种政治力量不可能完成的艰巨任务？ “坚持和完善党的领导，是党和国家的根本所在、命脉所在，是全国各族人民的利益所在、幸福所在。” “中国共产党为什么能，中国特色社会主义为什么好，归根到底是马克思主义行，是中国化时代化的马克思主义行。” 这是历史所归，更是未来所向。 （三） “正义必胜”的伟大真理，揭示得道多助、邪不胜正的历史发展规律。中国人民更加坚定坚持公道正义，坚定捍卫国际公平正义，为人类正义事业而奋斗。 “中国人民抗日战争的伟大胜利，将永远铭刻在中华民族史册上！永远铭刻在人类正义事业史册上！”习近平总书记的重要论断，深刻阐明了这场正义之战的历史地位，更深刻启示这一伟大胜利所绽放的正义之光，将永远照耀人类社会的前行之路。 中国人民抗日战争，是挽救民族危亡、实现民族独立和人民解放的正义事业，全体中华儿女为国家生存而战、为民族复兴而战，焕发出正义事业必然胜利的坚定信念，迸发出排山倒海的历史伟力—— 南京大屠杀是日本军国主义在侵华战争中犯下的残暴罪行。当年，约翰·马吉冒着生命危险，秘密使用16毫米摄影机记录下了人类文明史上最黑暗的一页。2015年10月，《南京大屠杀档案》列入联合国教科文组织的《世界记忆名录》，马吉使用的摄影机和胶片成为重要组成部分。 8月15日，日本战败投降日。 2025年这一天，位于黑龙江哈尔滨的侵华日军第七三一部队罪证陈列馆公布一批新史料，包括3010页档案、194分钟影像，详细揭露日本细菌战罪行。 同一天，上海书展。“战争审判文献数据库”和纪录片《正义的审判》现场发布，以确凿证据揭露侵华日军罪行，多元立体还原中国依据法理精神审判战犯的全过程，让正义的审判之声再次铿锵回响。 日本军国主义惨无人道的侵略行径、惨绝人寰的屠杀罪行、野蛮残暴的掠夺破坏，从一开始就决定了中国人民抗日战争是反抗侵略、奴役和掠夺的正义战争，是为了捍卫国家独立和民族尊严而进行的顽强不屈的英勇斗争。 毛泽东同志指出：“凡属正义的革命的战争，其力量是很大的，它能改造很多事物，或为改造事物开辟道路。”这场正义之战，激发了中华儿女威武不能屈的浩然正气、成仁取义的民族道统，激起了中国人民“誓死不当亡国奴”的民族自尊，誓与侵略者战斗到底的坚强意志，充分印证“正义的事业是任何敌人也攻不破的”。 中国人民抗日战争的伟大胜利，坚定了中国人民追求民族独立、自由、解放的意志，开辟了中华民族伟大复兴的光明前景。 中国人民抗日战争和世界反法西斯战争，是正义和邪恶、光明和黑暗、进步和反动的大决战，全体中华儿女为人类正义而战，赢得了世界人民的道义支持和宝贵援助，中国人民与各国人民并肩战斗，形成了世界反法西斯战争的强大合力—— 美国记者史沫特莱，随八路军转战华北前线，她时常忘记“自己并不是一个中国人”； 加拿大医生白求恩，在中国抗战爆发后毅然表示，“我愿意到中国去，同你们一起战斗”； 印度医生柯棣华，主动申请加入援华医疗队，他在家书中写道，“我们的责任，正像每一个中国人和每一个热爱和平的人的责任一样，就是抗击日寇，反对法西斯”； 从苏联援华航空队率先赴华参战，到美国“飞虎队”冒险开辟驼峰航线，从20多个国家的反法西斯战士支援东方主战场，到中国军队在东南亚的热带雨林里与盟军并肩作战…… 无数外国友人为中国人民鼓与呼、奔与走，各种反法西斯力量与中国人民同心协力，深刻诠释了什么叫公道自在人心。 “中国在20世纪三四十年代参与那场艰苦卓绝的战争，不仅仅是为了国家尊严和生存，还为了所有同盟国的胜利。”美国哈佛大学教授拉纳·米特说：“东西方一起抗击了有史以来最黑暗的邪恶力量。” “我们的敌人是世界性的敌人，中国的抗战是世界性的抗战。”中国战场长期牵制和抗击了日本军国主义的主要兵力，配合了欧洲战场和太平洋战场的战略行动，捍卫了世界公义和人类良知。 80年来，“正义必胜”的信念在这片土地上历久弥坚。 习近平总书记强调：“以中国式现代化全面推进强国建设、民族复兴伟业，既是中国人民追求美好幸福生活的光明之路，也是促进世界和平和发展的正义之路。” 世界要公道，不要霸道。台湾回归中国正是二战的胜利成果，是战后国际秩序重要组成部分。“我们坚信，世界各国人民都会选择站在历史正确一边、站在公平正义一边。” 中国始终坚持正确义利观，践行真正的多边主义，反对一切形式的霸权主义和强权政治，维护公正合理、平等有序的国际秩序，牢牢占据着国际道义制高点，成为更具国际影响力、道义感召力的负责任大国。 走人间正道，干正义事业。 （四） “和平必胜”的伟大真理，揭示同球共济、和合共生的时代发展潮流。中国坚定不移走和平发展道路，坚定不移维护世界和平，同各国一道致力于让和平的阳光永远普照人类生活的星球。 “中国人民抗日战争，从一开始就具有拯救人类文明、保卫世界和平的重大意义”“这一伟大胜利，将永载中华民族史册，永载人类和平史册”。习近平总书记的重要论述，深刻诠释了这场战争有力捍卫人类和平事业的本质属性，更深刻启示这一伟大胜利所绽放的和平之光，将永远照亮人类发展进步的前程。 “朋友来了有美酒，豺狼来了有猎枪”，中国人民不惹事也不怕事，中华民族吓不倒、压不垮，有同侵略者血战到底的气概，有在自力更生的基础上光复旧物的决心，有自立于世界民族之林的能力—— 1937年，年工业产值，日本是60亿美元，中国为13.6亿美元；年钢铁产量，日本是580万吨，中国为4万吨；年产飞机数，日本是1580架，中国几乎为零……国力孱弱，何以率先扛起世界反法西斯战争的大旗？ 平型关大捷纪念馆，一张兵力装备对比表引人驻足：兵力，我军1万余人，日军2.2万余人；手枪，我军3821支，日军9476支……实力悬殊，何以铸就以弱胜强的战争奇观？ 这是一个几经演绎、流传甚广的故事，所传递的以必死之心求必胜的勇毅动人心魄。抗战期间，有外国记者拦住一名奔赴前线的中国士兵。问：你多大了？答：16岁。问：你觉得中国会胜利吗？答：中国一定会胜利的。问：当中国胜利后，你准备干什么？娶妻生子？还是继续参军？士兵笑了笑，回答道：那时候，我已经战死沙场。 面对侵略者，抱定抗战到底的信念，抱定光复河山的决心！中国人民深知，对待侵略者，就得用他们听得懂的语言同他们对话，这就是以战止战、以武止戈，用胜利赢得和平、赢得尊重。 尽管国际形势风云变幻，但和平是人心所向，和平发展的大势不可阻挡，让和平的薪火代代相传是中国与世界各国人民的共同期待—— “我非常荣幸地以和平、和谐与友谊之名义捐赠这本相册。”2022年11月，美国小伙埃文·凯尔将一本包含侵华日军暴行照片的二战相册郑重地交给了中国。 从位于重庆万州的库里申科烈士墓园，到位于河北唐县的白求恩柯棣华纪念馆，无数外国友人把生命留在中国，无数国人为英雄守墓、讲述，接力守护他们的英灵。 2025年8月15日，国际友人约翰·拉贝之孙托马斯·拉贝等，郑重接受第四批“南京大屠杀历史记忆传承人”证书。当年，约翰·拉贝等20多位外籍人士冒着生命危险，收容保护了25万余名中国难民。 昭昭前事，惕惕后人。中国通过立法确定了中国人民抗日战争胜利纪念日、烈士纪念日、南京大屠杀死难者国家公祭日，举行隆重纪念活动。 今年7月，《为了民族解放与世界和平》主题展览在中国人民抗日战争纪念馆正式面向公众开放，全景式展现中国人民为维护世界和平付出的巨大牺牲、作出的重大贡献。 中国人民抗日战争和世界反法西斯战争的胜利给我们留下的最宝贵的启示，就是必须毫不动摇走和平发展道路。 纽约联合国总部陈列着一件中国艺术品，顶部龙饰象征守望和平，两侧象首、凤鸟寓意天下太平、人民安康。这是2015年9月，习近平主席代表中国政府赠送给联合国的“和平尊”。 从“和平共处五项原则”的历史答案，到“构建人类命运共同体”的时代答案，新中国成立70多年来，中国没有主动挑起过任何一场战争和冲突，没有侵占过别国一寸土地，是唯一将和平发展写入宪法和执政党党章、上升为国家意志的大国。 东方雄狮已经醒来，但这是“一只和平的、可亲的、文明的狮子”。中国力量每增长一分，世界和平希望就增多一分，中国的发展始终是世界和平力量的增长。 2025年5月30日，国际调解院公约签署仪式在中国香港特别行政区举行。33个国家现场签署公约，成为创始成员国。这一维护世界和平的中国方案，致力于通过对话、协商解决国际争端，成为促进和平的一种制度创新。 第二次世界大战的战火遍及亚洲、欧洲、非洲、大洋洲，军队和民众伤亡超过1亿人。血的教训告诉人们，弱肉强食、丛林法则不是人类共存之道，穷兵黩武、强权独霸不是人类和平之策，赢者通吃、零和博弈不是人类发展之路。 和平是人类共同事业，需要各方共同争取和维护。只有人人都珍爱和平、维护和平，只有人人都记取战争的惨痛教训，和平才有希望。世界进入新的动荡变革期，我们更要不忘联合国宪章初心，牢记守护和平使命。 世界潮流，浩浩荡荡，顺之则昌，逆之则亡。不为一时一事所惑，不为风险所惧，勇敢面对挑战，向着构建人类命运共同体的目标勇毅前行，一定能共同建设持久和平、共同繁荣的和谐世界。 和平发展、合作共赢，天下之大道。 （五） “人民必胜”的伟大真理，揭示“人民是历史的创造者，是真正的英雄”的人类发展进步逻辑。牢记人民至上，一切为了人民、一切依靠人民，推进中国式现代化就拥有最可靠、最深厚、最持久的力量源泉。 “中国人民抗日战争胜利是全体中华儿女勠力同心、以弱胜强的雄浑史诗，显示了中国人民和中华儿女坚不可摧的磅礴力量！”习近平总书记的重要论述，深刻阐明了抗战胜利的根本动力，更深刻启示人民是决定党和国家前途命运的根本力量，永远是我们党最坚实的依托、最强大的底气。 人民有伟大精神，激发出来就是钢铁长城—— “记住，咱们是中国人，到死也不能忘了祖宗！”英雄母亲邓玉芬，教育孩子英勇抗日，她的丈夫和5个儿子前线杀敌、全部战死沙场。 “愿人人战死而失台，决不愿拱手而让台”，在日本侵占台湾的半个世纪里，台湾同胞不断进行反抗，共有65万多人壮烈殉国。 以枯草、树皮和棉絮果腹的杨靖宇，只身与敌人周旋直至牺牲；为掩护大部队撤退，怀有身孕的李林和突击队引开敌人，她将最后一颗子弹留给自己…… “未惜头颅新故国，甘将热血沃中华。”从赵一曼、左权，到佟麟阁、赵登禹，从八路军“狼牙山五壮士”，到国民党军“八百壮士”，千千万万爱国将士浴血奋战，全体中华儿女同仇敌忾，向世界展示了天下兴亡、匹夫有责的爱国情怀，视死如归、宁死不屈的民族气节，不畏强暴、血战到底的英雄气概，百折不挠、坚忍不拔的必胜信念。 “宁愿站着死，决不跪着生。”中国人民抗日战争胜利是以爱国主义为核心的民族精神的伟大胜利，所铸就的伟大抗战精神，永远是激励中国人民克服一切艰难险阻、为实现中华民族伟大复兴而奋斗的强大精神动力。 人民有磅礴伟力，动员起来就是铜墙铁壁—— “母亲送儿打日寇，妻子送郎上战场，男女老少齐动员”，这是抗战中处处可见的场景。 “今天南北战场上，是争着死，抢着死，因为大家有绝对的信仰，知道牺牲自己，是换取中华民族子子孙孙万代的独立自由，并且确有把握，一定达到。”这泣血的文字，写照着这场人民战争的坚忍顽强。 3200多名南洋华侨青年响应爱国侨领陈嘉庚的号召毅然归国，不惜用生命打通一条“不沉的补给线”；全面抗战爆发后，海外华侨汇款占军费开支总数的43%，5年捐献各种飞机达217架…… 在抗日民族统一战线旗帜下，抗击侵略、救亡图存成为中国各党派、各民族、各阶级、各阶层、各团体以及海外华侨华人的共同意志，中国共产党领导开辟的敌后战场和国民党指挥的正面战场协力合作，形成了共同抗击日本侵略者的战略局面。 习近平总书记深刻指出：“中国人民抗日战争胜利是全民族抗战的胜利，是全体中华儿女的荣光！” 人民有无穷智慧，汇聚起来就是汪洋大海—— “地道战，嘿，地道战，埋伏下神兵千百万……”北京焦庄户地道战遗址纪念馆，幽深曲折的地道宛如“地下长城”，村通着村、户连着户，当年民兵们可以从水井、碾盘、庙台等地出其不意打击敌人。 利用白洋淀的芦苇荡和沟壕地形，傍晚时分伏击日军运输物资的船只，冬天则自制带冰刀的冰车作为“土坦克”……河北白洋淀雁翎队纪念馆，记录着令敌人胆寒的水上游击战场景。 挺进敌占区建立根据地，伏击战、破袭战、地雷战、麻雀战……中国共产党坚持兵民是胜利之本，善用人民的智、勇、谋、略，提出一整套人民战争的战略战术、各种创造性的战术战法，使日本侵略者陷入了人民战争的汪洋大海。 回望近代以后的历史，中国呈现各自为政、一盘散沙的乱象，这是日本军国主义敢于发动全面侵华战争的重要原因。 抗日战争的伟大胜利表明，动员起来、组织起来、团结起来的中国人民是惹不得的，也是战胜不了的。 1936年，美国记者埃德加·斯诺访问延安。看到毛泽东住在十分简陋的窑洞、周恩来睡的是土炕、彭德怀穿着用缴获的降落伞做的背心，他感受到一种“东方魔力”，断言这是“兴国之光”。这“东方魔力”正源于我们党“把屁股端端地坐在老百姓的这一面”。 1944年，抵达延安的美军观察组撰写报告认为：“共产党的政府和军队，是中国近代史中第一次受有积极的广大人民支持的政府和军队。他们得到这种支持，是因为这个政府和军队真正是属于人民的。” 人民是党的生命之根、执政之基、力量之源。 从千家万户齐参战打破侵略者的“三光政策”“九路围攻”，到凭借“一锤一钎一双手”在悬崖峭壁上开凿出“人工天河”红旗渠，从按下包产到户“红手印”拉开农村改革的大幕，到以只争朝夕的干劲、久久为功的韧劲建设雄安未来之城……历史是人民书写的，一切成就归功于人民。 回望历史，党紧紧依靠人民创造了无数奇迹；新征程上，党仍然要依靠人民创造新的历史伟业。 “只要我们党始终保持同人民群众的血肉联系，始终与人民同呼吸、共命运、心连心，就能拥有战胜一切艰难险阻的强大力量。” （六） 历史无法重来，未来可以开创。 80年前，见证日本代表签字投降的《大公报》记者朱启平，用力透纸背的笔触写下感怀：“旧耻已湔雪，中国应新生。” 80年来，中国共产党团结带领中国人民，实现了民族独立和人民解放，创造了“两大奇迹”，走出了一条既发展自身又造福世界的现代化之路，中华民族伟大复兴进入了不可逆转的历史进程。 从完成脱贫攻坚、全面建成小康社会的历史任务，到稳居世界第二大经济体、货物贸易第一大国……新时代的伟大成就，充分彰显了“两个确立”的决定性意义，更加坚定了中国人民走自己的路的必胜信念。 习近平总书记指出，“中国式现代化，是我们为如何唤醒‘睡狮’、实现民族复兴这个重大历史课题所给出的答案”。 眺望前方，强国建设、民族复兴伟业已经展开壮美画卷并呈现出无比光明的前景—— 2025年，收官“十四五”、谋划“十五五”，随后进入“夯实基础、全面发力”的关键时期。集中力量办好自己的事，确保基本实现社会主义现代化取得决定性进展，我们重任在肩。 2035年，基本实现社会主义现代化；本世纪中叶，把我国建设成为综合国力和国际影响力领先的社会主义现代化强国。“到那时，社会主义中国的分量和作用就不同了，我们就可以对人类有较大的贡献”，我们信心满怀。 放眼世界，百年变局之下我们不移公平正义之心、不坠互利共赢之志—— 中国式现代化是走和平发展道路的现代化，将为世界各国提供更多新机遇，为维护世界和平、促进共同发展注入新动力。 中国没有称王称霸的基因，始终高举和平、发展、合作、共赢旗帜，在坚定维护世界和平与发展中谋求自身发展，又以自身发展更好维护世界和平与发展。 历史长河奔涌向前。习近平总书记的铿锵话语贯通历史、现在、未来—— “任何艰难险阻都挡不住中国人民追求美好生活的前进步伐，都挡不住我们推进强国建设、民族复兴的历史进程。” “中国人民愿携手世界各国人民，维护世界和平，促进共同发展，推动构建人类命运共同体，开创人类更加美好的未来！” 来源：《人民日报》 （ 2025年09月02日  第05版） 本期编辑：胡程远、方梓祎 觉得好看，请点这里 ↓ ↓ ↓
考高水平运动队前韧带断裂！她靠裸分考上清华！,https://mp.weixin.qq.com/s/zjCIXbZKI74dJkpRUl9wXQ,2025-09-23,16岁获得“国家一级运动员”称号 曾在多个省级田径赛事夺冠 她原本希望通过体育特长进入理想大学 然而在距离跳远高水平测试仅剩20天 距离高考不到60天时 她前叉韧带断裂，无法参加测试 突如其来的挫折没有将她打倒 反而让她 “丢掉心理包袱，轻装上阵” 她迅速调整心态 全身心投入高考备考中 以668分的成绩圆梦清华 她就是 清华大学法学类2025级本科新生 苟曾妮 2021年 在成都市举行的一场跳远比赛中 没有接受过任何系统训练的 初三女孩 苟曾妮 以 5米17 的成绩一举夺得全市亚军 惊艳全场 “当时好多教练现场就来找我” 就这样，她遇到了人生重要的引路人 世界大学生运动会三级跳远冠军 顾俊杰 学业成绩一向优异的苟曾妮 从此在教练顾俊杰的指导下 走上了跳远运动员的道路 苟曾妮与教练合影 短短一年时间 苟曾妮的成绩就跃升至 5米67 两年后 她已 达到国家一级运动员水平 先后 在四川省青少年田径锦标赛、 四川省中学生田径锦标赛等赛事中夺冠 2024年 她在全国U系列田径联赛上 更是 跳出了 6米22 的 个人最好成绩 赛场上捷报频传的同时 她的文化课成绩也始终名列前茅 根据相关政策 苟曾妮有很大的机会 通过高水平运动队的方式 录取到理想大学 父母、老师和教练对此都寄予厚望 然而，命运却在给她开了个玩笑 在跳远高水平测试仅剩20天、 高考不到60天 时 苟曾妮在训练中意外受伤 前叉韧带断裂 无法参加测试 消息传来 所有人都对苟曾妮的遭遇感到惋惜 尤其是她的教练 “顾教练1米9的大个子 哭得最伤心的就是他” 但苟曾妮并没有被这场意外打倒 受伤后 她反而感受到一种“奇怪的解脱感” “身边的人都说，你体育那么好 肯定能稳上一所好大学 但是我受伤了 我好像就有一个借口了 可以不用回应别人的期待了 从那一刻起 我感到我是真正为我自己而高考 ” 她迅速调整心态： “韧带会断裂，但意志不会 从赛场到学堂，变的只是赛道 不变的是永远向前的决心！” 她相信“一切都是最好的安排” 自己要做的是好好地体验这段人生 于是，这个曾经在体育赛场上 追逐梦想的女孩 转身投入了另一个“赛道”的冲刺 她想用实力证明： 真正的强者 从不在乎战场在哪儿 苟曾妮在跳远赛场上 受伤前 苟曾妮需要兼顾训练和学习 她每天17:25下课 紧接着要进行两个小时的高强度训练 训练结束后则回到教室晚自习 苟曾妮难免感到压力 受伤后，苟曾妮可以把时间 全部投入到学业中 这反而让她的学习节奏更加从容 从医院重返校园的那一天起 她变得更加坚定 更加努力，也更加豁达 苟曾妮高中时的笔记 跳远是个充满变数的项目 比赛中每个运动员最多有6次试跳机会 可能这一跳领先，下一跳就被反超 甚至可能因为踩线犯规而前功尽弃 苟曾妮至今记得一次比赛的经历： 前三跳全部犯规 如果第四跳再犯规，成绩将为零 这种必须在几分钟内 平复心态、调整策略的极端压力 成为了她备战高考时的宝贵财富 高考临近 面对密集的考试和起伏的成绩 从赛场迁移而来的抗压能力 帮助苟曾妮度过了低迷的时期 韧带断裂后 她忍着病痛依旧每天保持 十几个小时的高强度学习 功夫不负有心人！ 苟曾妮不仅考上了 自己梦想已久的清华大学 还被录取到自己理想的专业 苟曾妮与父母在迎新展板前合影 初秋的清华园里 刚做完韧带修复手术不久的苟曾妮 站在清华大学二校门前 手握紫色的录取通知书 在阳光下格外耀眼 属于她的新征程在这一刻开启 小学时，苟曾妮初次参观清华 就对美丽的校园印象 深刻 成为一名运动员后 她了解到“无体育，不清华”的口号 更坚定了来到清华的愿望 而因为父母都是法律工作者 在耳濡目染下 苟曾妮也对法学类专业充满向往 苟曾妮爱好广泛、 多才多艺 她 擅长打棒垒球 通过了钢琴十级，还会唱歌剧 小升初时甚至差点走上艺术特长生路线 初中时三次获得校园歌手大赛一等奖 “人生不应该被单一标签定义 就像我既能在赛场上拼搏 也能在钢琴前沉醉 我也期待将来在法学领域探索新的可能” 苟曾妮初中时参加校园歌手大赛 谈及未来的规划 苟曾妮希望在清华大学 既能延续运动员的专注与韧性 也能拥抱更多可能 “人生就像跳远，落地前一切未定 未来四年，对我而言最重要的是 想清楚自己 对自己、对家人、对国家、对民族 能做什么 ” 苟曾妮，继续加油！ 未来可期！ 来源：综合清华大学 本期编辑：刘杰、朱田恬 为 苟曾妮点赞！ ↓ ↓ ↓
当心被它叮咬！已有人被送进ICU→,https://mp.weixin.qq.com/s/YmNre0Uygyiq9ZUoFlo4pQ,2025-09-23,近日，一位八旬老人被蜱虫叮咬住进ICU。为何蜱虫叮咬会造成这么严重的后果？被蜱虫叮咬后该如何处理？这份防虫攻略请收好↓↓ 八旬老人因蜱虫叮咬 在ICU住了15天 据老人的家人介绍，她7月底开始连续发烧， 送医后被确诊为蜱虫叮咬导致的发热伴血小板减少综合征。 因情况危急，老人被转入ICU重症病房，治疗15天后才转出。 蜱虫可携带多种病毒、细菌和原虫， 并引发莱姆病、发热伴血小板减少综合征、森林脑炎等多种疾病，给健康带来很大危害。 以发热伴血小板减少综合征为例， 此病症以发热、血小板及白细胞减少为主要特征，常伴恶心、呕吐等消化道症状， 如不及时诊治，病死率可高达20%。这种病目前尚无疫苗，也无特异性治疗手段，及时对症支持治疗可减少重症和死亡。 被蜱虫叮咬后有啥症状？ 出现这些情况千万别大意！ 蜱虫是一种吸血节肢动物，身形从芝麻粒大到米粒大不等，它一旦将口器埋入人体皮肤开始吸血，体形能膨胀到黄豆粒大小。 蜱虫吸血过程可能会持续数小时，当你发现蜱虫还没有脱落，外观是一个越来越大的黑色皮疹时，就是被蜱虫“叮”上了！出现这些症状千万别大意↓ 1、叮咬处红肿、瘙痒、疼痛 蜱虫叮咬后最常见的反应是， 叮咬处可能出现轻度的红肿、瘙痒、疼痛感， 部分叮咬区域出现硬结、丘疹或溃疡结痂。 2、过敏反应 部分敏感体质的人可能会因为蜱虫的毒液出现过敏反应， 严重者可能出现呼吸困难、过敏性休克等情况。 另外， 蜱虫叮咬可能会使得部分人对某些红肉过敏 （红肉主要是指牛肉、羊肉、猪肉等），导致进食红肉后可能存在迟发性过敏反应。 3、下肢肌无力 部分蜱虫唾液毒素在叮咬后4~7天，可能引发“蜱麻痹”， 大部分这类患者可能出现双下肢进行性肌无力、步态不稳。肌无力的症状逐渐波及上肢、颅神经等，甚至可能出现呼吸肌无力， 若不干预最终可能导致患者死亡。 被蜱虫叮咬如何处理？ 记好这4步！ 1、拔：正确拔出蜱虫 用不含激素的软膏（如红霉素、黄霉素软膏），挤在蜱虫身体上。 半小时后，用直口小镊子从皮肤和蜱虫之间插进去并夹紧，注意不要夹断，用力向上把蜱虫拔出来。拔出来之后要检查，蜱虫的口器和八个爪是否完整。 2、清：彻底清洁伤口 拔出蜱虫后， 立即用肥皂和清水彻底清洁叮咬部位和双手，并用酒精或碘酒消毒， 避免感染。 3、观：密切观察症状 叮咬后两周内，密切观察身体状况。 一旦出现发热、恶心、腹泻、食欲缺乏等疑似症状，应及早就医， 并告知医生蜱虫叮咬史。 4、存：保存蜱虫样本 可以将拔出的蜱虫保存在密封的容器中， 若后续出现症状，可将其提供给医生或属地疾控机构，便于检测和诊断。 预防蜱虫叮咬 做好这几件事 蜱虫叮咬后会释放麻醉性唾液，不疼不痒很难察觉。因此，做好事前防护很重要。 1、不在草地上随便坐卧 蜱虫偏好出现在草地、灌木丛、森林边缘、牧场及农田等植被茂密、宿主（鼠类、家畜）丰富的区域。因此， 不要随便在任何一个草地上坐卧。 要观察外出小宠物身上有没有被蜱虫叮咬， 可以定期到宠物医院用驱蜱方法保护小动物。 2、去野外要扎紧“五口” 去野外要穿浅颜色、光滑的衣服，扎紧“五口”， 即领口、两个袖口、两个腿口都要扎紧。 进家门前将衣服抖一抖，不要把蜱虫带进家 3、涂抹驱虫剂 在裸露的皮肤上涂抹含有避蚊胺成分的驱避剂，以防止蜱虫附着 4、检查全身 进屋后要先洗澡，检查头皮、耳后、前胸后背是否有蜱虫叮咬。 5、清理环境 定期清理房屋周围的杂草，清除垃圾，打扫禽畜圈舍，避免蜱虫滋生。 来源： 央视一套综合央视新闻、《生活圈》 本期编辑：胡程远、方梓祎 觉得好看，请点这里 ↓ ↓ ↓
来了！新闻早班车,https://mp.weixin.qq.com/s/Z5DsubOcslLswpaAFvhQSw,2025-09-23,点击这里，查看更多精彩内容 要闻 9月1日上午，上海合作组织成员国元首理事会第二十五次会议在天津梅江会展中心举行。中国国家主席习近平主持会议并发表题为《牢记初心使命 开创美好未来》的重要讲话。 9月1日下午，“上海合作组织+”会议在天津梅江会展中心举行。国家主席习近平主持会议并发表题为《凝聚上合力量 完善全球治理》的重要讲话。 纪念中国人民抗日战争暨世界反法西斯战争胜利80周年大会和文艺晚会将于9月3日在京举行。 全国中小学幼儿园陆续迎来新学期，多地以抗战精神为主题开启“开学第一课”，弘扬抗战精神、厚植家国情怀。 首个全国科普月活动全面启动，将在全国范围开展“科普报告话前沿”“科普阵地探未来”“千万IP创科普”等系列特色活动。 国家医保局消息， 目前，全国20个地区全面实现生育津贴直接发放至个人 。 2025年铁路暑运圆满收官，累计发送旅客9.43亿人次，创历史同期新高。 国家电影局发布数据， 2025年暑期档电影票房达119.66亿元，观影人次达3.21亿。 世界知识产权组织发布最新报告显示，深圳－香港－广州集群超越东京－横滨集群，跃居全球创新集群排行榜首。 阿富汗东部8月31日晚发生强震，超过800人死亡、2800人受伤。我外交部表示，愿根据阿富汗的需求提供救灾援助。 社会 应急管理部消息，9月份，东北、华东、华南、西北等地部分地区洪涝和风雹灾害风险高，可能有2—3个台风登陆或影响我国。 进入9月，北方秋意初显。中央气象台预计，1日夜间至3日，青海、甘肃、内蒙古等地有4~6℃降温，局地降温幅度达8℃以上。 9月1日， 黄渤海区结束伏季休渔，3万余艘渔船集中出海作业。至此，今年我国三大海域均迎来“开渔”。 当地时间8月31日，在巴黎羽毛球世锦赛男单决赛中，中国队选手石宇奇夺得冠军。这是国羽时隔10年再夺世锦赛男单冠军。 辽宁男篮功勋球员、主力中锋韩德君退役，结束18年职业生涯。 今年我国人形机器人销量有望突破1万台，同比增长125%。人形机器人产业正进入规模化落地阶段。 三峡电站累计发电量突破1.8万亿千瓦时，相当于节约标准煤约5.4亿吨。 浙江义乌文具出海步伐加快。据统计，今年1-7月，义乌市出口文具产品4.1亿元，增长12.3%。 （被轰炸后的闸北一角。上海，1937年） 上海淞沪抗战纪念馆将推出《正义昭昭 大道同行——战后审判与世界和平主题展览》，法国友人马库斯捐赠的抗战历史照片将展出。 近日，摄影师首次在云南德宏拍摄到兰花螳螂的清晰野外影像。兰花螳螂是昆虫界著名的“拟态大师”，停驻花瓣时与绽放的兰花几乎难辨真伪。 政策 国家发改委就《信用修复管理办法（征求意见稿）》公开征求意见，拟规定最短公示期届满后，信用主体方可按规定申请信用修复。 《中小学生午休课桌椅通用技术要求》国家标准 出台，要求午休课桌椅形态尺寸兼顾学习与午休的舒适。 《浙江省住宅工程质量分户验收管理办法》本月起施行，未进行分户验收或分户验收不合格的，不得组织竣工验收。 今日天气 　　新疆北疆北部、西藏中东部、西北地区东部、安徽东部、江苏中南部、浙江中北部、湖南北部、江西中部和北部、福建中东部、台湾岛大部等地部分地区有中到大雨，其中，青海东部、江苏中南部、湖南北部、江西东部等地部分地区有暴雨。 早安中国 　　每个清晨，遇见大美中国。 　　陕西延安市，中国革命的圣地、新中国的摇篮。1935年至1948年，老一辈革命家在这里生活和战斗了13个春秋，领导中国革命事业从低潮走向高潮、实现历史性转折，扭转了中国前途命运。初秋时节，天高气爽，宝塔山下，弦歌不辍。延安欢迎您！ 　　坚守热爱，不是一时兴起的冲动，而是日复一日的奔赴。它会在迷茫时给你方向，在低谷时给你力量，让平凡的日子也闪着光芒。新的一天，愿你带着热爱勇敢出发，在自己选择的道路上稳步前行。早安！ 本期编辑：石磊、阮可欣 ，实习生：余典 、 孟媚 ｜主播：蓝艳 觉得好看，请点这里 ↓ ↓ ↓
睡眠质量不太好，吃点这种坚果试一试,https://mp.weixin.qq.com/s/07yu-B-r-j3w8bJ_ZluQnw,2025-09-23,说起补脑，代表食物里一定有核桃，它布满褶皱的果实不仅形似大脑，还藏着多种大脑喜欢的营养物质。 一项新研究发现，核桃除了对大脑好，还有助提高睡眠质量。 01 晚餐吃点核桃，可能睡得更香 近日，西班牙巴塞罗那大学研究团队在《食物·功能》期刊发表的一项研究发现， 晚餐时吃点核桃，就能调节身体褪黑素代谢水平，从而显著改善睡眠质量，达到助眠的效果。 实验中，参试者每天晚餐时食用40克核桃，持续8周，通过与对照组的结果对比发现：晚餐食用核桃组缩短了入睡潜伏期，并提高了整体睡眠质量评分，同时降低了日间嗜睡程度，睡眠效率提高了0.72%。 研究人员表示，核桃富含色氨酸，而色氨酸是褪黑素的前体，能够促进褪黑素的合成。此外，核桃中的植物性褪黑素也有助于改善睡眠质量。 02 解剖一颗核桃的营养成分 解放军总医院第八医学中心营养科主任左小霞表示，核桃就像一个天然营养宝库，含有很多有益于心血管健康的成分。 不饱和脂肪 核桃所含脂肪成分中，以不饱和脂肪酸为主，具有调节血脂、维护血管弹性等作用，对心血管健康有益。同时，核桃仁磷脂对脑组织非常有益，有“天然脑黄金”之称。 膳食纤维 促进胃肠蠕动，防止便秘，增加饱腹感。 氨基酸 既往研究显示，核桃蛋白因含有18种氨基酸，且8种必需氨基酸种类齐全，其构成与人体氨基酸模式近似，对生长发育有益。 维生素和矿物质 核桃中富含的维生素E，有助抗氧化、抗衰老，还能帮助提高身体的抵抗力。其中的锌元素是脑垂体的关键组成成分，有助治疗高血压和心血管疾病。 活性成分 核桃中富含酚类物质。多酚类物质的摄入对降低大脑细胞炎症反应、改善神经元之间的传递等均有帮助，与记忆力、认知灵活性、信息处理速度以及整体的认知功能改善有关，有利于预防认知退化。 2025年，美国《癌症预防研究》刊登的最新研究发现，经常吃核桃可以减少炎症，降低结肠癌风险，原因就在于其富含的多酚化合物。 03 核桃“补”全身有4个前提 中国农业大学食品科学与营养工程学院教授范志红表示，如果要全面享受核桃抗氧化的健康益处，需要满足4个前提： 核桃是新鲜的， 没有脂肪氧化。 核桃是原味的， 没有加盐、加糖。 核桃是直接剥出来吃的，或者只是轻轻烤一下， 没有经过油炸或过度烤制，因为120℃以上的加热，温度越高、时间越长，产生的促炎物质越多。 核桃仁外层的褐色皮没有被剥掉， 抗氧化成分很大一部分在这层皮里。 我国膳食指南推荐，健康人每天10克坚果仁（大概1~2个核桃）。最多吃到25~28克也没问题，但需要相应减少其他食物摄入，比如用核桃仁来替代饼干、薯片、牛肉干等零食，或者在烹调时用少油的蒸煮菜来替代煎炒菜肴。 来源：生命时报微信 本期编辑：刘杰、朱田恬 分享给家人朋友 ↓ ↓ ↓
【夜读】从9月1日开始自律，坚持30天后会有多惊艳？,https://mp.weixin.qq.com/s/KOagqjRlU3jQDaNCfXTzBw,2025-09-23,"9 月，是新学期的起点 也是给生活 按下 “重启键”的好时机   如果你想养成运动习惯、摆脱熬夜困扰、 调整饮食结构...... 却总因不知从何入手而犹豫 这份9月全方位自律计划 为你定制好了！ 你可以选择一项或多项 进行挑战和打卡 一步步稳扎稳打 30天后，你定会遇见 更清爽、更从容、更有力量的自己！ 运动篇 第一周： 每天晨起或睡前做10分钟拉伸运动； 久坐或学习时，每小时起身走动2-3分钟，做简单扩胸运动。 第二周： 将10分钟拉伸升级为20分钟""轻运动""，如快走、简易健身操； 每周保持2-3次30分钟中等强度运动，如慢跑、跳绳。 第三周： 每周至少3天，进行30分钟以上跑步、快走、游泳等有氧运动； 复盘前两周运动状态，若某项运动觉得吃力，换成更适合自己的形式。 第四周： 在保持规律有氧运动的基础上，每周安排2-3次中高强度运动，可以适当加入力量训练。 作息篇 第一周： 以当前入睡时间为基准，本周提前15分钟入睡，起床时间也提前15分钟。 第二周： 在第一周基础上，再提前15分钟入睡、提前15分钟起床（累计提前30分钟）； 睡前半小时关闭电子设备，用听轻音乐代替刷手机。 第三周： 在第二周基础上，再提前30分钟入睡、30分钟起床（累计提前1小时）； 至少3天睡前1小时不看手机，用看纸质书、写日记等方式代替。 第四周： 保持此前养成的作息，严格执行每天睡前1小时不看手机。 饮食篇 第一周： 保持三餐规律，早餐不省略、午餐不推迟、晚餐不过晚吃。 第二周： 尝试均衡饮食，减少油炸、辛辣食物的频率； 将饮料饮用次数减半，用淡茶或水替代。 第三周： 保持均衡饮食，戒掉辛辣油腻食物、高糖饮料； 用坚果、水果替代薯片、饼干等加工零食； 记录每天饮食清单，检查是否存在饮食结构不协调等问题。 第四周： 延续健康饮食习惯的基础上，本周尝试自己下厨做饭2~3次，注重荤素搭配、营养均衡。 阅读篇 第一周： 每天花10分钟看1篇短篇文章或看几页书，不追求阅读量，培养翻开书的习惯。 第二周： 每天读15页以上的书，不管是文学类、艺术类还是教育类书籍都可以。 第三周： 利用空闲时间每天阅读20-30分钟，找到最喜欢或对自己最有帮助的书籍类型。 第四周： 每天阅读30分钟以上，本周完整读一本书。 学习篇 第一周： 学习时手机放在视线之外，专注学习20分钟即可短暂休息一会； 梳理本周核心任务，每天完成1件具体小事。 第二周： 每次专注学习30分钟，就休息5分钟； 整理本周学习笔记，标注重点内容，梳理出简单的知识框架。 第三周： 将专注时长提升至40分钟/次； 针对前两周的疑点向他人请教或查阅资料，逐一突破。 第四周： 每次专注1小时再放松休息； 做1套模拟试题，对比第一周做题效果，感受进步。 心态篇 第一周： 转发这篇文章到朋友圈，给自己加油鼓劲！ 第二周： 每天睡前总结 “今天克服的1个小困难”，强化坚持的动力。 第三周： 利用空闲时间写本周复盘，记录 “做到的事”“没做到的原因” 及 “下周调整方法”。 第四周： 对比第一周和第四周状态，记录下自己明显的变化； 简单规划下一周的目标，让自律持续延伸。 自律不是遥不可及的目标 可以从生活中的点滴小事做起 今天起，就跟着这份计划稳步向前吧！ 你打算先从哪件事入手？ 欢迎在评论区留言打卡 30天后，我们一起见证 彼此的成长与蜕变！ 来源：人民日报夜读 本期编辑：王若彤、冯昌泰，实习生：洪舒云 觉得好看，请点这里↓ ↓ ↓"
纪念大会和文艺晚会，时间定了！,https://mp.weixin.qq.com/s/39Msp9Q6F5Rll83TkhxwSQ,2025-09-23,纪念中国人民抗日战争暨世界反法西斯战争胜利80周年大会和文艺晚会将于9月3日在京举行 9月3日是中国人民抗日战争暨世界反法西斯战争胜利80周年纪念日。当天上午9时，北京天安门广场举行纪念大会。中共中央总书记、国家主席、中央军委主席习近平将发表重要讲话并检阅部队。 当天晚上8时，纪念中国人民抗日战争暨世界反法西斯战争胜利80周年文艺晚会《正义必胜》在北京人民大会堂举行，习近平等将出席观看。 届时，中央广播电视总台将进行现场直播，新华网进行图文直播。 来源：人民日报客户端 本期编辑：刘杰、朱田恬 点赞！期待！ ↓ ↓ ↓
陕西为什么拼作Shaanxi，而不是Shanxi？回应来了,https://mp.weixin.qq.com/s/1e9QZWkW4dRgi8M0U6G6Zg,2025-09-23,近日，有网友发帖称，在陕西历史博物馆游览 时，注意到馆内标示牌上 “陕西”的拼音写为“Shaanxi”，而非“Shanxi”。 这让网友心生疑惑，引发了不少关注与讨论。 记者注意到，早在2021年， 在陕西举办的 第14届全运会上，就有 不少网友以为是拼写错了。有报道指出， 上海地铁陕西南路站更是为此解释了十几次 。 记者询问了一位来自陕西西安的00后樊女士， 她的记忆里“从小就知道拼作 Shaanxi”。而她随机问了几位外地的同事，结果发现“大家都不知道”。 8月30日， 有记者就此事联系到陕西历史博物馆。工作人员明确回应， “Shaanxi”是“陕西”的官方标准拼音，这样的拼写并非错误， 其核心目的是为了与“山西”的拼音“Shanxi”作出清晰区分， 避免在实际使用中因拼音相同而产生混淆。 那么，为何“山西”拼作“Shanxi”，“陕西”却要拼作“Shaanxi”呢？ 有专家指出， 为使中国地名进入国际社会，国家测绘局地名研究所在绘制汉语拼音版《中华人民共和国分省地图集》时， 参考了“国语罗马字”的标调法，将‘陕西’拼写为‘Shaanxi’，尔后就使用开来。 由于该声调拼写方法十分复杂，大致可以解释为：一声不标调，二声元音字母后面加r，三声重复主要的元音字母，四声元音字母后面加h。因此，读作第三声的“陕”采用复写元音的方法作“Shaan”，故而“陕西”拼作“Shaanxi”。 目前在陕西省政府、《陕西日报》网站中，陕西的拼法均写作“Shaanxi”。此外，譬如上海的陕西南路路名标牌也使用了“Shaanxi”的拼法。 “Shaanxi 多一个“a”，这是独一无二的文化身份。 有媒体评论称， 既尊重既有国际规则，又保持地域文化的独特性，保持身份标识的辨识度，无不彰显扎根中华大地的文化自信。 来源： 中国青年报综合经视直播、澎湃新闻、湖北日报评论、网友评论等 本期编辑：刘杰、朱田恬 觉得好看，请点这里 ↓ ↓ ↓
热搜第一！纸质火车票即将正式退出历史舞台,https://mp.weixin.qq.com/s/cyc_mclDKzBZJMdBgJIBJQ,2025-09-23,　　9 月 1 日，“纸质火车票将正式退出历史舞台”的话题登上热搜，引发关注。 　　根据铁路部门规定， 9月30日之后，纸质报销凭证将全面停用，由电子发票取代。 纸质报销凭证。 图片来源：中国铁路 　　2024年11月1日起，我国铁路客运开始推广使用全面数字化的电子发票，旅客若要报销，不再需要到火车站、车票代售点、自助机上打印铁路车票，也就是纸质报销凭证，直接在线上就能开具电子发票。 　　不过，为了方便旅客和单位，铁路客运在全面数字化电子发票推行使用期间设置了过渡期，过渡期截至2025年9月30日。 过渡期内“纸电并行”，旅客仍可使用纸质报销凭证报销。 　　如今，过渡期还有一个月就要结束，纸质火车票也将正式退出历史舞台。 电子发票。 图片来源：中国铁路 　　8月31日，记者向铁路12306确认，9月30日之后旅客是否就没有办法再领取纸质报销凭证。“目前纸质报销凭证只开具到9月30日，之后车站就不提供了，都是电子的了，之后怎么规定还没有收到新的通知。”铁路12306客服人员说。 　　记者了解到，我国火车票“无纸化”进程从2018年就开始了。2018年11月，海南环岛高铁率先试点铁路电子客票；次年7月，电子客票试点范围扩大，成渝高铁沿线13个车站被纳入其中；2020年6月，电子客票在全国普速铁路推广实施，乘客可持有效身份证件“一证通行”，也是从那时起，旅客在纸质火车票上会看到“仅供报销使用”几个字。 　　如今，纸质火车票作为报销凭证的功能也将被电子发票取代。 网友不禁疑虑，以后老年旅客会不会遭遇“乘车难”？莫慌，虽然纸质火车票没了，旅客仍可以在自助机上打印行程信息单，上面 有发车时间、到发车站、座位号、检票口等车票上的所有信息，方便旅客查看。 纸质行程信息单。 图片来源：中国铁路 火车票报销如何操作？ 一文读懂 电子发票在哪里下载打印？ 　　采用全面数字化的电子发票后，旅客不再需要到火车站、车票代售点、自助机上打印纸质报销凭证。 可直接登录本人铁路12306账户申请开具电子发票。 开具电子发票需要填写哪些信息？ 　　输入购买方名称、统一社会信用代码等信息。 开具电子发票有时间要求吗？发票信息填写错误怎么办？ 　　旅客在行程结束或者支付退票（改签）费用后180天内，可登录本人铁路12306账户申请开具电子发票 ， 在输入购买方名称、统一社会信用代码等信息后，系统将据实开具电子发票，并向税务部门上传电子发票的数据文件。旅客可通过铁路12306或个人所得税App查询、下载电子发票。 　　旅客如填写发票信息有误，或遇运输服务中止致行程改变等情况， 可在原电子发票开具时限内按照准确信息或实际行程重新申请开具1次新的电子发票， 原电子发票作废。 来源 ： 封面新闻，记者：曹菲 本期编辑：刘杰、朱田恬 转发周知 ↓ ↓ ↓
习近平在“上海合作组织+”会议上的讲话（全文）,https://mp.weixin.qq.com/s/q579zj-xccxuo3uiXgkAMw,2025-09-23,凝聚上合力量 完善全球治理 ——在“上海合作组织+”会议上的讲话 （2025年9月1日，天津） 中华人民共和国主席 习近平 尊敬的各位同事： 　　今年是世界反法西斯战争胜利和联合国成立80周年，是铭记历史、共创未来的重要时刻。80年前，两次世界大战的浩劫让国际社会痛定思痛，联合国应运而生，全球治理掀开新的一页。80年后，和平、发展、合作、共赢的时代潮流没有变，但冷战思维、霸权主义、保护主义阴霾不散，新威胁新挑战有增无减，世界进入新的动荡变革期，全球治理走到新的十字路口。 　　历史告诉我们，越是困难时刻，越要秉持和平共处的初心，坚定合作共赢的信心，坚持在历史前进的逻辑中前进、在时代发展的潮流中发展。 　　为此，我愿提出全球治理倡议，同各国一道，推动构建更加公正合理的全球治理体系，携手迈向人类命运共同体。 　　第一，奉行主权平等。坚持各国无论大小、强弱、贫富，都在全球治理中平等参与、平等决策、平等受益。推进国际关系民主化，提升发展中国家的代表性和发言权。 　　第二，遵守国际法治。全面、充分、完整遵守联合国宪章宗旨和原则等公认的国际关系基本准则，确保国际法和国际规则平等统一适用，不搞“双标”，不将少数国家的“家规”强加于人。 　　第三，践行多边主义。坚持共商共建共享的全球治理观，加强团结协作，反对单边主义，坚定维护联合国地位和权威，切实发挥联合国在全球治理中不可替代的重要作用。 　　第四，倡导以人为本。改革完善全球治理体系，保障各国人民共同参与全球治理、共享全球治理成果，更好应对人类社会面临的共同挑战，更好弥合南北发展鸿沟，更好维护世界各国共同利益。 　　第五，注重行动导向。坚持系统谋划、整体推进，统筹协调全球行动，充分调动各方资源，打造更多可视成果，以务实合作避免治理滞后和碎片化。 　　各位同事！ 　　上海合作组织在成立宣言和组织宪章中开宗明义指出，要推动国际政治经济秩序朝着更加民主、公正、合理的方向发展。24年来，组织秉持互信、互利、平等、协商、尊重多样文明、谋求共同发展的“上海精神”，坚持地区事务共商、平台机制共建、合作成果共享，提出并实施许多全球治理新理念，日益成为全球治理体系建设和改革的积极推动力量。 　　面对加速演进的世界百年未有之大变局，上海合作组织要发挥引领作用，当好践行全球治理倡议的表率。 　　我们要为维护世界和平稳定贡献“上合力量”。各成员国着眼共同安全，缔结长期睦邻友好合作条约，高效开展安全合作，维护了区域稳定大局。我们要继续坚持不结盟、不对抗、不针对第三方原则，合力应对各类威胁挑战，发挥好刚成立的应对安全威胁与挑战综合中心和禁毒中心作用，构筑地区安全共同体，坚定做动荡世界中的稳定力量。 　　我们要为推动全球开放合作展现“上合担当”。各成员国能源资源丰富、市场规模庞大、内生动力强劲，对世界经济增长的贡献率持续提升。我们要继续坚持拆墙不筑墙、融合不脱钩，推进高质量共建“一带一路”，推动经济全球化朝着更加普惠包容的方向发展。 　　中方愿积极分享超大规模市场机遇，持续实施面向上海合作组织大家庭的经贸合作高质量发展行动计划。中方将成立中国－上海合作组织能源、绿色产业、数字经济三大合作平台，以及科技创新、高等教育、职业技术教育三大合作中心，并在未来5年同上海合作组织其他国家一道实施新增“千万千瓦光伏”和“千万千瓦风电”项目。中方愿同各方共同建设好人工智能应用合作中心，共享人工智能发展红利。欢迎各方使用北斗卫星导航系统，请有条件的国家参与国际月球科研站建设。 　　我们要为弘扬全人类共同价值作出“上合示范”。各成员国人文交流亮点纷呈，民间往来密切热络，多样文明竞相绽放。我们要继续促进文明交流互鉴，书写不同历史文化、不同社会制度、不同发展阶段国家和平和睦和谐相处的璀璨篇章。 　　中方将办好上海合作组织政党论坛、绿色和可持续发展论坛、传统医学论坛。未来5年，中方将为上海合作组织其他国家治疗500名先天性心脏病患者、实施5000例白内障手术、开展1万例癌症筛查。 　　我们要为捍卫国际公平正义采取“上合行动”。各成员国秉持公正公道原则，建设性参与国际和地区事务，捍卫全球南方共同利益。我们要继续旗帜鲜明反对霸权主义和强权政治，践行真正的多边主义，担当起推动世界多极化和国际关系民主化的中流砥柱。 　　中方支持上海合作组织同联合国、东盟、欧亚经济联盟、亚信等多边机制扩大合作，共同维护国际经贸秩序，共同完善全球和区域治理。 　　各位同事！ 　　“执大象，天下往。”再过两天，中方将在北京隆重举行纪念中国人民抗日战争暨世界反法西斯战争胜利80周年活动，很多同事都将出席。中方愿同各方一道，勇担大义、笃行大道，弘扬正确二战史观，坚定维护二战胜利成果，让推进全球治理体系变革、推动构建人类命运共同体的成果更多更好造福全人类！ 　　谢谢大家。 来源：人民日报客户端 本期编辑：刘杰、朱田恬 觉得好看，请点这里 ↓ ↓ ↓
习近平提出全球治理倡议,https://mp.weixin.qq.com/s/WZz-wyUr5S3u3d7q3gRfUg,2025-09-23,在相继提出全球发展倡议、全球安全倡议、全球文明倡议之后，习近平主席于9月1日在天津召开的“上海合作组织+”会议上，提出全球治理倡议：第一，奉行主权平等；第二，遵守国际法治；第三，践行多边主义；第四，倡导以人为本；第五，注重行动导向。 来源：人民日报客户端 本期编辑：刘杰、朱田恬 觉得好看，请点这里 ↓ ↓ ↓
1950年熊女士病历，成为揭露侵华日军暴行铁证！,https://mp.weixin.qq.com/s/m5ahTg5AQ50N5Lyie1Rlag,2025-09-23,8月31日，中南大学湘雅医学院首次公开一份特殊病历，该病历以翔实的医疗记录揭露了侵华日军在长沙实施暴行的历史真相。 此为1950年湘雅医院收治的熊女士就诊病历，系英文手写版本 病历上记载，1950年1月11日，36岁的长沙市民熊女士因“双侧输卵管炎”来到湘雅医院治疗。经医生询问得知，她的病情起源于日军占领长沙期间。 自1944年6月长沙沦陷，至1945年9月日本投降前夕，长沙一直在日军的控制之下。当时，熊女士是一名小学老师，尚未结婚。“1945年1月的一天，两名日军士兵对她实施了性侵犯。”中南大学湘雅医学院副院长黄耿文介绍，病历详细记录了受害者此后5年间的痛苦历程。 “患者遭受侵犯前身体健康，但被侵犯3天后便出现刀割般的腹痛，并且伴有痉挛性的加重。更不幸的是，一个月后发现怀孕，试图进行堕胎一直未成功，直到在被侵犯半年后，多次采取中药治疗和手法堕胎才得以成功。”之后，患者每隔三四个月就发作一次腹痛。1949年9月后腹痛频率更多，每个月都发生，有时还伴有血尿，于是入院检查。 此为1950年湘雅医院收治的熊女士就诊病历，系打字机打印版本，与手写病历相互印证 从病历上还得知，熊女士此次住院周期29天，经青霉素等抗菌药物治疗后，病情明显好转出院。 黄耿文说，这份病历有手写和打印两个版本。之所以采用全英文手写，是因为湘雅医学开办之初由中外合办，采用全英文教学，因此1951年之前的病历均是英文书写。“从患者入院到出院，从病史、体查到实验室检查，从诊断、医嘱到疗效，这份病历都有完整记录。它不仅是医学生病历书写的范本，更是揭露日军暴行的无声证人。” 长沙市委党史研究室原副主任李敏仔细翻阅病历后认为，“作为鲜活的物证，这份湘雅病历字里行间浸透了日军侵华的斑斑劣迹，写满了中国人民的声声控诉，是非常珍贵的史料。” 此份病历现作为“典籍里的湘雅”特展的重要展品展出 目前，湘雅医学院已对该病历进行数字化保存，并将作为抗战历史研究的重要物证加以保护。 来源：湖南日报·新湖南客户端（ 记者：段涵敏 周阳乐 周顺 通讯员：彭展） 本期编辑：胡程远、林帆、陈子涵 铁证如山！勿忘历史！ ↓ ↓ ↓
生育津贴直接发放至个人！这些地方已实现→,https://mp.weixin.qq.com/s/O_3KJqAdMfvYORp3t_InDA,2025-09-23,国家医保局消息，目前， 全国有20个省份（含新疆生产建设兵团）全面实现生育津贴直接发放至个人 ，即河北、山西、内蒙古、吉林、黑龙江、上海、浙江、福建、山东、河南、湖北、海南、重庆、四川、云南、西藏、甘肃、青海、宁夏、新疆生产建设兵团，实现生育津贴直接发放至个人的统筹区占比将近八成。 各统筹区生育津贴发放具体情况详见下表。 来源：国家医保局网站 本期编辑：胡程远、林帆、陈子涵 觉得好看，请点这里 ↓ ↓ ↓
“青岛即墨最深情的男人”,https://mp.weixin.qq.com/s/GeigCxaz8_rWYOq09apasw,2025-09-23,这个男人 被网友称为 山东青岛即墨最深情的男人 ↓↓↓ 只因他十二年如一日 守候在失明妻子的身旁 成了妻子的 “眼” 他叫李居鑫，今年39岁 2006年，李居鑫告别军营 回到家乡山东即墨， 开了个汽修铺 2008年，他与妻子张锡英结婚 生活一步步走向美好 “我们俩就想着，好好干 平平淡淡过日子就挺好” 张锡英回忆起当年的日子 声音里仿佛仍能触摸到 那段充满烟火气的安稳时光 命运的转折 在2013年春天猝不及防地降临 一场突如其来的眼疾 慢慢 吞噬了 张锡英眼前的光明 青岛、北京辗转求医 夫妻俩花了四十多万 搭上了全部家底， 四处举债 奇迹却并没有发生…… 视神经萎缩、无法治愈 妻子的眼睛完全失去光感 得知这个消息的 时候 正值年关 提起那个春节 一向坚毅如铁的 李居鑫 落下了滚烫的泪水 “ 一家人在那里包饺子 都不说话 仿佛从天堂掉到地狱” 2014年6月 张锡英的世界彻底沉入了黑暗 接下来的日子 他成了她的眼睛 她成了他的信念 那双谈恋爱时都不常牵起的手 在妻子失明后 被他毫不犹豫地 一直紧紧握在了掌心 “人生剩下的这几十年 咱俩一起走过去” 李居鑫牵着 张锡英 一步一步地重新认识这个世界 有了他的陪伴 她的生命里好像也逐渐有了光亮 妻子失明后 汽修铺成了全家唯一的收入来源 生活负担都压在了 李居鑫身上 回想起当初的日子 李居鑫深感不易 “那会儿真多亏了战友、朋友和亲戚 这家借几千，那家凑一点 靠着大家帮衬才勉强撑过来 ” 虽然目前仍未还清债务 但遇到急用钱的亲朋 李居鑫也总会竭力筹措 “咱有难时人家二话不说帮咱 人家需要时，咱也得帮上 这是做人的本分” 为了让张锡英走出心理阴霾 家人、亲友轮番开导 李居鑫从来没挪动过 家里物品 只为将那间汽修铺和小小的家 一点点刻进妻子的生命里 慢慢地 张锡英也重新鼓起了勇气 “日子总得往前过 为了这个家，我不能垮” 如今，除了自理 张锡英已经能熟练地做饭 “还是那个熟悉的味道！” 两口子乐观地说 “‘摸黑’做菜也算是一种能力吧 孩子睡觉关灯了 还能包饺子呢” 而对于网友给的“最深情男人”称号 李居鑫说 这只是他应该做的事 2020年 在夫妻俩辛勤努力下 生活渐趋稳定 就在可以稍微松口气时 李居鑫做出了重要决定 加入即墨区蓝天救援队，投身公益 “家里情况好些了，孩子也大了 我就琢磨做点什么回馈社会 去帮帮需要帮助的人” 李居鑫说，他的想法 得到妻子的大力支持 如今，在那小小的汽修铺里 李居鑫每日忙碌依旧 张锡英早已不是 蜷缩在黑暗角落的无助者 她力所能及地做家务 熟练烹制可口饭菜 还能在年节时为家人包饺子 这一家人的坚韧与乐观 如同穿透厚厚云层的阳光 原来， 最深情的模样 不只是刹那间的轰轰烈烈 还是将爱意化入日复一日的寻常 是在泥泞中爬起后 依然选择用滚烫的心去温暖人间 他让她 “看见”了世界 她用坚韧回应陪伴 爱 是他们黑暗中的光 也是他们照亮他人的太阳 来源：综合青岛广电生活在线（作者：夏洪垚）、 齐鲁晚报青岛融媒、齐鲁壹点 本期编辑：胡程远、林帆、陈子涵 觉得好看，请点这里 ↓ ↓ ↓
科学家发现“最延寿运动”，散步、游泳都不如它,https://mp.weixin.qq.com/s/ft6KO51mH4EPDsxEYMyEmQ,2025-09-23,人人都知道运动有益健康，那么多运动项目，哪个性价比最高？哪个对长寿更有益？欧洲科学家对此做了研究， 发现“最延寿”的运动是球拍运动。 一篇发表在国际期刊《老年科学》的研究对专业运动员的寿命数据进行分析，揭示了运动类型与寿命延长之间的联系。研究人员纳入了183个国家的95210名运动员和44个运动项目，计算分析后得出结论， 球拍（挥拍）类运动 在男性群体中将寿命延长了5.7年，女性则延长了2.8年。 不仅如此，与之相关的全因死亡率降低达47%， 游泳和散步虽好，但仅分别降低28%和36%， 球拍运动的心血管死亡风险降低幅度更是高达56%。 球拍运动 从头到脚修复身体 有益心血管 不仅有助于提高心肌供氧能力和心脏功能，降低血压、血脂、血液黏稠度以及身体炎症水平，还能改善机体代谢。 健脑护眼 在击球前，眼睛要判断球路，大脑快速对球速、角度、力量等作出判断，神经系统将综合分析结果快速传递给运动系统，调动相应肌肉群完成一系列动作。 缓解颈椎病 长时间伏案工作或玩手机的人，颈椎大多出现僵硬。打羽毛球时，颈部肌肉能从中得到拉伸，从而缓解肌肉紧张与疲劳。 提高身体灵活性 在打球、接球的过程中，身体迅速摆动，能增强肌肉力量，提高身体敏捷性和协调性。 改善情绪 挥拍运动趣味性和互动性强，通过奔跑和变换身体姿势感受接球的互动，当击球者赢球时会有一种满足感，能极大愉悦身心。 建议做球拍运动时 要做好以下准备 选对场地与装备 最好在有龙骨地板或塑胶场地上运动，避免水泥、瓷砖等硬地，减少关节劳损。同时，根据自身技术、打法、能力挑选适合的装备。 做好热身与拉伸 运动前要先进行热身，常采用慢跑、操类运动进行神经肌肉动态激活；运动后，可采用按摩或静态拉伸放松，消除疲劳，促进恢复。 掌握正确技术动作 研究显示，技术动作不合理导致的损伤占1/3以上，是首位运动伤害原因。每项运动、每个动作都有不同要求，建议开始运动前请专业教练进行规范指导，或通过视频学习正规动作要领，再做锻炼。 适量锻炼，增强体能 身体疲劳会导致技术动作变形，引起多种急性损伤。建议一周运动3到5次，每次时长控制在45~60分钟。 来源：生命时报 本期编辑：胡程远、林帆、陈子涵 觉得好看，请点这里 ↓ ↓ ↓
消费贷“国补”，来了！,https://mp.weixin.qq.com/s/-p8qFUBwrEyk32HzCCkbNQ,2025-09-23,消费贷的“国补”，来了！ 《个人消费贷款财政贴息政策实施方案》提出， 2025年9月1日至2026年8月31日期间，居民个人使用贷款经办机构发放的个人消费贷款（不含信用卡业务）中实际用于消费，且贷款经办机构可通过贷款发放账户等识别借款人相关消费交易信息的部分，可按规定享受贴息政策。 也就是说，从今年9月1日起一年内，无论是 吃饭等小额消费，还是买车、装修等大额消费，或者是旅游、养老等服务消费，只要你在相关机构获得了消费贷款，并真实消费了，就可以享受年化1个百分点的财政贴息。 举个例子，在政策执行期内，小李申请了一笔5万元的消费贷，年利率是3%，还款方式为先息后本。他装修、买家电，把这5万元都花完了，就可享受年化1个百分点的贴息，原本一年要支付1500元的利息，就只要付1000元。 如何领到这份“贴息红包”？ 要满足两个条件： 首先，必须是从 工农中建交等18家银行 （包括 6家国有大型商业银行和 12家全国性股份制商业银行 ） ，以及 招联等 5家个人消费贷款发放机构 获得消费贷款。 其次，在申请消费贷款之后，还要 签署补充协议 ，授权银行查询消费交易信息就可以。 之后，银行等贷款机构会自动识别并帮你申请贴息。 假如消费者 8月份申请了消费贷，9月份使用这笔贷款， 能享受贴息吗？多家银行表示，可以享受贴息。 需要注意的是， 如果把贷款取出来，用现金进行消费，银行就无法判断资金用途，消费者就无法享受贴息 。 消费贷款转账给个人，包括扫商户的个人收款码付款，以及刷信用卡消费，都不能享受贴息； 直接刷借记卡，用微信、支付宝等扫码消费，银行大多是可以识别的，符合条件的消费都可以贴息。 如果消费者发生了银行不能自动识别的消费，没有享受到贴息，消费者 可以到银行网点提交消费发票等材料，或者线上提交发票，银行审核通过后，就会给消费者补上相应的贴息 。 提醒： 即使有贴息，消费者申请消费贷时也要控制好个人债务负担，理性消费 ，更不能违规挪用消费贷资金用于投资理财等。 来源：央视新闻 本期编辑：胡程远、林帆、陈子涵 关注！转扩！ ↓ ↓ ↓
习近平在上海合作组织成员国元首理事会第二十五次会议上的讲话（全文）,https://mp.weixin.qq.com/s/TfsRrr8APyGmERHRoXMQJA,2025-09-23,牢记初心使命 开创美好未来 ——在上海合作组织成员国元首理事会 第二十五次会议上的讲话 （2025年9月1日，天津） 中华人民共和国主席 习近平 尊敬的各位同事： 24年前，上海合作组织刚一成立，就确立了互信、互利、平等、协商、尊重多样文明、谋求共同发展的“上海精神”。24年来，成员国秉持这一初心，共享机遇、共谋发展，推动上海合作组织建设和合作取得一系列开创性成果、历史性成就。 我们率先建立边境地区军事领域信任机制，把绵延万里的边界打造成友好、互信、合作的纽带。最早采取打击“三股势力”多边行动，扎实推进执法安全合作，妥善管控处理矛盾分歧，旗帜鲜明反对外部干涉，维护了地区和平安宁。 我们率先启动共建“一带一路”合作，一大批标志性工程和“小而美”民生项目落地生根，产业投资合作积极推进，地区发展繁荣动力更加充足。我提出的中方同上海合作组织其他国家累计贸易额突破2.3万亿美元的目标提前实现。立体互联互通网络更加完善，成员国之间开通国际公路运输线路近1.4万公里，开行中欧班列累计超过11万列。 我们率先缔结长期睦邻友好合作条约，宣告世代友好、永不为敌。创设并充分发挥上海合作组织睦邻友好合作委员会等机制作用，打造民间友好交流网络，拓展地方、媒体、智库、妇女、青年等合作，促进了各成员国人民相亲、民心相通。 我们率先提出共商共建共享的全球治理观，践行真正的多边主义。同联合国等国际组织深化合作，建设性参与国际和地区事务，始终站在国际公平正义一边，倡导文明包容互鉴，反对霸权强权，为促进世界和平与发展发挥了积极作用。 各位同事！ 当前，上海合作组织已经成长为26国参与、在50多个领域开展合作、经济总量接近30万亿美元的世界最大区域组织，国际影响力和感召力日益增强。 回首来路，尽管乱云飞渡，我们践行“上海精神”而取得成功。展望未来，世界动荡变革，我们仍须遵循“上海精神”，脚踏实地砥砺奋进，更好发挥组织功能。 一是坚持求同存异。志同道合是力量、是优势，求同存异是胸怀、是智慧。上海合作组织成员国都是朋友和伙伴，要尊重彼此差异，保持战略沟通，凝聚集体共识，加强团结协作，把合作盘子做大，把各国禀赋用好，把促进本地区和平稳定和发展繁荣的责任共同扛在肩上。 二是坚持互利共赢。深化发展战略对接，高质量共建“一带一路”，在共商共建共享中增强地区发展动能、增进人民福祉。利用超大规模市场优势和各成员国经济互补优势，提升贸易和投资便利化水平，加强能源、基础设施、绿色产业、数字经济、科技创新、人工智能等领域合作，在彼此成就、共创未来中共同迈向现代化。 三是坚持开放包容。亚欧大陆孕育了古老文明，引领过东西交融，推动着人类进步。各国人民自古互通有无、取长补短。上海合作组织成员国要在人文交流中相知相亲，在经济合作中鼎力支持，携手打造立己达人、美美与共、和合共生的文明百花园。 四是坚持公平正义。弘扬正确二战史观，反对冷战思维、阵营对抗和霸凌行径。维护以联合国为核心的国际体系，支持以世界贸易组织为核心的多边贸易体制。倡导平等有序的世界多极化、普惠包容的经济全球化，推动构建更加公正合理的全球治理体系。 五是坚持务实高效。持续推进上海合作组织改革，加强资源投入和能力建设，让组织机制更完善、决策更科学、行动更高效。尽快启用应对安全威胁与挑战综合中心和禁毒中心，尽快建成上海合作组织开发银行，为成员国安全和经济合作提供更有力支撑。 各位同事！ 中国始终将自身发展同上海合作组织发展联系起来，同各成员国人民对美好生活的向往联系起来。截至目前，中国对上海合作组织其他成员国投资存量超过840亿美元，同其他成员国年度双边贸易额突破5000亿美元。 推动上海合作组织更好发展，中方始终讲求一个“实”字。中方计划在有需要的成员国实施100个“小而美”民生项目；今年年内向成员国提供20亿元人民币无偿援助，未来3年对银行联合体成员行新增发放100亿元人民币贷款；从明年开始，在现有基础上将上海合作组织专项奖学金名额翻一番，实施上海合作组织博士生创新培养计划，共育学术科研卓越人才；未来5年，在成员国建设10所“鲁班工坊”，提供1万个人力资源研修培训名额。 各位同事！ “志之所趋，无远弗届。”让我们牢记初心使命，积极担当作为，以更加昂扬的姿态、更加务实的举措，推动上海合作组织行稳致远，朝着构建人类命运共同体的美好未来坚定前行！ 谢谢大家。 来源：人民日报客户端 本期编辑：胡程远、林帆、陈子涵 觉得好看，请点这里 ↓ ↓ ↓
义乌，又一品类火了！全球下单,https://mp.weixin.qq.com/s/jQ8nJWwfxsGNULqlp0SOog,2025-09-23,在海外，中国生产的文具新品深受青睐。 在拥有数千家文具文创企业的浙江义乌，文具出海的步伐正在加快。近期发布的数据显示， 今年1至7月，义乌市出口文具产品4.1亿元，增长12.3%。 义乌文具如何扬帆出海？ 在泰国曼谷，来自浙江义乌的65家文具文创企业举行了一场别开生面的产品订货会，1万多种文具单品吸引了泰国200多名批发商前来交流洽谈。  泰国采购商 曾先生： 现在中国的产品质量很不错，看起来很可爱，很好用。 张靓洁是一名采购专员，她的公司在泰国有70多家连锁店。为快速把握优质源头厂家信息，这次她派出6名专员在现场进行地毯式扫货，两个小时就加了20多位参展商微信。 泰国企业采购专员 张靓洁： 直面见到各个厂家的老板，价格是最大的优势，我们也希望借助这个大的平台，帮我们品牌更加丰富化、国际化、潮流化。 泰国订货会参展商 程晋俊： 通过这次和客人的深度合作，我们能够实现明年泰国的营业额翻两倍甚至翻三倍。 目前，在义乌有3000多家文具文创企业，涵盖传统文具、文创与潮流文具、办公与学生用品等四大板块，和以往的出海卖产品不同，这样的 “源头工厂+产品订货会” 是以义乌当地文具企业招收海外代理的方式展开，该模式具有低成本、高成效、可复制的优势。 浙江义乌文化用品行业协会会长 黄昌潮： 这次订货会成功以后，未来我们可能会转到菲律宾、越南，有可能到欧洲、南美的地方去做。 出海新模式带来新的增量订单。在义乌的一家文具生产企业，300余名工人正加班加点生产。负责人介绍，企业在东南亚、中东、欧美等市场持续参展推广产品，外贸订单增长迅速。 浙江义乌某文具企业生产经理 肖鹿： 全力以赴在生产国内开学季的订单。 外贸订单业务已经对接到10月份以后 ，公司全力以赴赶制欧美订单和东南亚订单。 来源：央视财经 本期编辑：胡程远、林帆、陈子涵 觉得好看，请点这里 ↓ ↓ ↓
香港上空，这一幕令人震撼！,https://mp.weixin.qq.com/s/qcjc2OboRFfm4S4tzk95hw,2025-09-23,8月30日20时，1200架无人机在香港湾仔水上运动及康乐主题区缓缓升空，于维多利亚港夜幕中变换编队，将艰苦卓绝的抗战岁月图景徐徐重现。 在众人欢呼声中，一只巨大的钟在维港上空徐徐摆动，下面有一行字：“九·一八 勿忘国耻”，由此拉开此次纪念中国人民抗日战争暨世界反法西斯战争胜利80周年大型无人机汇演的序幕。其后，卢沟桥事变、持枪立于船头的东江纵队战士、庆祝台儿庄大捷的漫天烟花，以及《大公报》1945年8月15日头版报道“日本投降矣”等画面依次出现，将历史节点与城市记忆串联，展现全民同心、共御外侮的峥嵘岁月。 8月30日晚，由紫荆文化集团主办的纪念中国人民抗日战争暨世界反法西斯战争胜利80周年大型无人机汇演在香港湾仔海滨举行。图为无人机重现1945年8月15日当天《大公报》头版图案。 站在海边观看的香港市民和游客们不约而同举起手机拍摄，不少家长带着孩子前来，并向他们讲述每一幕的历史由来。当夜空中军人敬礼的图案渐渐消散，迎来紫荆花开，有一位市民自发用手提音箱播放《歌唱祖国》，令现场气氛更加热烈。 图源：“紫荆”微信公众号 从内地来港读硕士的苟嘉沁带着母亲前来观看，“这是一次非常精彩、非常有意义的无人机表演。”她对记者表示，在课本上学过的历史事件以如此生动立体的方式呈现在眼前，感到非常震撼。“这次汇演融合了不少香港抗战的历史，例如东江纵队的事迹等，我以前不太了解，之后想要多读一些这方面的书，也想去乌蛟腾抗日英烈纪念碑看看。” “抗战主题的无人机汇演在香港难得一见，非常震撼。”香港市民黄先生特意带儿子前来观看，让他从小了解国家的历史，培养爱国情怀。 8月30日晚，由紫荆文化集团主办的纪念中国人民抗日战争暨世界反法西斯战争胜利80周年大型无人机汇演在香港湾仔海滨举行。图为无人机展示的东江纵队图案。 此次无人机汇演由紫荆文化集团主办、紫荆杂志社承办。主办方表示，希望通过汇演回望历史、致敬英烈，以创新形式弘扬爱国主义精神，传承抗战记忆。 来源 ： 中国新闻网（ 记者：韩星童 摄影： 中新社记者李志华） 本期编辑：胡程远、林帆、 陈子涵 觉得好看，请点这里 ↓ ↓ ↓
男子七夕送金镯分手后要女友还钱，法院判了,https://mp.weixin.qq.com/s/VMCXcklN7oruAa_eECap3Q,2025-09-23,近日，中国裁判文书网披露的一纸判决书引发关注。 2022年，25岁男子小邵与女子小李通过网络游戏相识，2024年初小李与前男友分手后，小邵开始追求她。小邵称，小李未明确拒绝，但要求小邵花钱证明诚意。 2024年8月5日，小邵主动为小李报销1440元机票，希望确定关系。七夕前夕，两人同往深圳水贝， 小邵花费20692元购买金手镯赠予小李，赠送前明确表示“以结婚为目的购买”。 一周后小邵见了小李家长，但两人感情不顺、争吵不断。11月， 小邵又购买1088.62元黄金戒指作为订婚戒指送给小李，希望推进结婚进程。 最终，两人恋爱关系仅维持不到八个月。 分手后小邵要求小李返还机票、金镯及戒指等共计23220.62元，称其“收礼不结婚属感情诱导”。 广东省惠州市龙门县人民法院审理查明，对于金额较大的金手镯，双方确认金手镯为定情信物，并未在成立赠与合同当时表示或确认系以结婚为条件。 小邵送礼系自愿为促进感情作出的赠与，金额未明显超出正常交往开支，且难以认定附有条件，故驳回其全部诉讼请求。本判决为终审判决。 北京市岳成律师事务所高级合伙人岳屾山表示，对于一些特定的日子， 比如情人节、七夕支出“520”“1314”等具有特殊含义的金额， 在没有其他证据的情况下，法院通常也会认定是双方相互之间的赠与，付款之后一般要不回来。 来源： 中国青年报综合中国裁判文书网、@看看新闻knews、新闻晨报 本期编辑：胡程远、林帆、陈子涵 觉得好看，请点这里 ↓ ↓ ↓
来了！新闻早班车！,https://mp.weixin.qq.com/s/69D1RZzjsGahHbSXq8TEQA,2025-09-23,点击这里，查看更多精彩内容 要闻 8月31日晚，国家主席习近平和夫人彭丽媛在天津梅江会展中心举行宴会，欢迎来华出席2025年上海合作组织峰会的国际贵宾。 8 月 31 日上午，国家主席习近平在天津迎宾馆会见来华出席 2025 年上海合作组织峰会和纪念中国人民抗日战争暨世界反法西斯战争胜利 80 周年活动的马尔代夫总统穆伊兹。 8 月 31 日上午，国家主席习近平在天津迎宾馆会见来华出席 2025 年上海合作组织峰会和纪念中国人民抗日战争暨世界反法西斯战争胜利 80 周年活动的阿塞拜疆总统阿利耶夫。 8 月 31 日上午，国家主席习近平在天津迎宾馆会见来华出席 2025 年上海合作组织峰会和纪念中国人民抗日战争暨世界反法西斯战争胜利 80 周年活动的白俄罗斯总统卢卡申科。 8 月 31 日上午，国家主席习近平在天津迎宾馆会见来华出席 2025 年上海合作组织峰会和纪念中国人民抗日战争暨世界反法西斯战争胜利 80 周年活动的吉尔吉斯斯坦总统扎帕罗夫。 8 月 31 日下午，国家主席习近平在天津迎宾馆会见来华出席 2025 年上海合作组织峰会的土耳其总统埃尔多安。 8 月 31 日上午，国家主席习近平在天津迎宾馆会见来华出席 2025 年上海合作组织峰会和纪念中国人民抗日战争暨世界反法西斯战争胜利 80 周年活动的亚美尼亚总理帕什尼扬。 8 月 31 日中午，国家主席习近平在天津迎宾馆会见来华出席 2025 年上海合作组织峰会的印度总理莫迪。 8 月 31 日下午，国家主席习近平在天津迎宾馆会见来华出席 2025 年上海合作组织峰会的越南总理范明政。 9 月 1 日出版的第 17 期《求是》杂志将发表中共中央总书记、国家主席、中央军委主席习近平的重要文章《弘扬伟大抗战精神，向着中华民族伟大复兴的光辉彼岸奋勇前进》。 9月1 日下午 3 时，中国人民抗日战争暨世界反法西斯战争胜利 80 周年纪念活动新闻中心将举办第二场记者见面会 。 《永久基本农田保护红线管理办法》近日正式公布，将 自 10 月 1 日起施行。 中国物流与采购联合会数据显示， 8 月份制造业采购经理指数（ PMI ）为 49.4% ，比上月上升 0.1 个百分点。 今 年上半年，我国全市场上市公司实现营业收入 35.01 万亿元，同比增长 0.16% 。 社会 水利部和中国气象局联合发布黄色山洪灾害气象预警 ，预计今天 吉林东部、黑龙江东南部、西藏西北部等地部分地区发生山洪灾害可能性较大 。 根据财政部等四部门的政策安排，9月 1 日起，我国将对符合条件的个人消费贷款进行贴息。 9月1 日起，电动自行车新国标《电动自行车安全技术规范》正式实施。 电动自行车最高设计车速不得超过 25 公里每小时。 今 年 1—7 月职工医保个人账户共济人次 2.31 亿，金额 304.57 亿元。 今年暑运期间，全国民航预计累计运输旅客 1.47 亿人次，日均 237 万人次，同比增长 3.6% 。 截至8月 31 日 13 时 51 分， 2025 年度中国电影总票房（含海外）突破 400 亿元。 东北抗联遗址出土文物特展 日前 在中国共产党历史展览馆开展。 8月31 日， 中国乒乓球协会发布关于对四川丰谷俱乐部运动员孙闻进行处罚的决定 。 详讯 《中国纳米科技产业白皮书（2025）》显示，中国纳米专利居全球首位，产业发展动能持续增强。 近日，贵州都匀一男童不慎被卡进河道石缝，危急时刻，游客自发组成人墙阻挡水流，热心群众肖锋踩进急流试图将孩子抱出。最终，男童在众人帮助下被成功转移上岸。 政策 河北印发通知，义务教育阶段学校 所有服务性收费和代收费必须事先以书面形式告知学生家长，并经家长书面同意后实施。 河南印发通知，推出一批现代服务业紧缺急需的职业培训项目，对参加培训并符合条件人员按照规定给予职业培训补贴。 浙江发文，加快推进会展经济， 对于紧急来华的参展人员，提供 24 小时口岸签证服务 。 对境外来浙参展人员，可凭邀请函件集中办理入境手续。 今日天气 　　新疆阿勒泰和沿天山地区、西藏西部、吉林东部、辽宁东部、重庆东南部、湖北东部和南部、湖南北部和东部、江西北部和西部、安徽中南部、江苏南部、浙江北部、上海、福建中北部、广东西南部、海南岛、云南西部等地的部分地区有中到大雨，其中，黑龙江东南部、吉林东部、湖北东部和南部、湖南北部等地局地有暴雨。 早安中国 　　每个清晨，遇见大美中国。 　　西藏林芝市南迦巴瓦峰，海拔7782米，山势险峻，异峰突起。日照金山时，雪山之巅熠熠生辉，美不胜收。今天是9月的第一天，愿您带着全新的自己出发，与所有美好不期而遇。林芝市欢迎您！        生活中 有无数美好等着与我们相遇，不要让一时的遗憾遮挡住视线。内心有光的人，总能把生活过得灿烂明媚。在多彩的生活中，去感受人生的美好吧！新的一天，早安！ 本期编辑：王若彤， 实习生：余典、 鲁钦轲 ｜主播：蓝艳 觉得好看，请点这里 ↓ ↓ ↓
习近平和彭丽媛为出席2025年上海合作组织峰会的国际贵宾举行欢迎宴会,https://mp.weixin.qq.com/s/VruWzXMQkWX8vPDnGVFJmA,2025-09-23,8月31日晚，国家主席习近平和夫人彭丽媛在天津梅江会展中心举行宴会，欢迎来华出席2025年上海合作组织峰会的国际贵宾。 海河之畔，灯光璀璨。 出席峰会的上海合作组织成员国、观察员国、对话伙伴国、主席国客人等20多位外国国家元首、政府首脑及配偶，联合国秘书长等10位国际组织负责人陆续抵达。礼兵列队致敬。伴随着各国名曲音乐，国际贵宾穿过由与会各国国旗、上海合作组织会旗和联合国旗帜组成的恢弘旗阵，沿着红地毯前行。 习近平和彭丽媛热情迎接外方领导人夫妇，同他们亲切握手，互致问候并合影留念。 在悠扬的迎宾曲中，习近平和彭丽媛同贵宾们共同步入宴会厅。 习近平发表致辞，代表中国政府和中国人民对来华出席上海合作组织峰会的国际贵宾表示热烈欢迎。 习近平强调，上海合作组织自成立以来，始终秉持“上海精神”，巩固团结互信，深化务实合作，参与国际和地区事务，成为推动构建新型国际关系和人类命运共同体的重要力量。当前，世界百年变局加速演进，不稳定、不确定、难预料因素明显增多，上海合作组织维护地区和平稳定、促进各国发展繁荣的责任更加重大。这次峰会肩负着凝聚各方共识、激发合作动能、擘画发展蓝图的重要使命。相信在各方共同努力下，峰会一定能够圆满成功，上海合作组织必将展现更大作为、实现更大发展，为促进成员国团结协作、汇聚全球南方力量、助力人类文明进步事业作出更大贡献。 习近平指出，天津是一座开放包容的城市，自古为京畿要地，是中国改革开放先行区。在京津冀协同发展战略引领下，中国式现代化天津篇章不断展现新气象。在天津举办这次峰会，一定能给上海合作组织可持续发展注入新的活力。 宴会后，习近平和彭丽媛同贵宾们共同观看《共创未来》文艺演出，欣赏文明互鉴、百川汇海的和合之美，感受上海合作组织大家庭团结合作、共创辉煌的奋进力量。 蔡奇、王毅、陈敏尔、王小洪等出席活动。 欢迎宴会开始前，贵宾们参观了天津非物质文化遗产展示。 来源：人民日报客户端，图片 ：新华社记者 黄敬文、谢环驰、丁海涛 摄 本期编辑：石磊、方梓祎 觉得好看，请点这里 ↓ ↓ ↓
【夜读】分享5个细微但是很有用的习惯,https://mp.weixin.qq.com/s/P-z62rSwybB5T0CKJymaSg,2025-09-23,维护一份“思绪备忘录” 　　我们的思绪有时像天上的云朵，前一秒还清晰萦绕在脑海中的想法，下一秒可能就被琐事冲散，再想捕捉时，只剩下模糊的碎片。维护一份“思绪备忘录”，可以给那些易逝的想法一个安放之处。 　　突然涌起的情绪，或是灵光一闪的念头，都可以随手记录下来。不用在意文字是否工整、逻辑是否清晰，只需忠实地呈现当下的内心。当你偶尔翻看时，会发现它像是一面镜子，映照出你内心的成长与变化。 　　那些曾经困扰你的情绪，在记录与回望中会慢慢变得平和；那些曾经被忽略的美好想法，或许会在某个时刻重新绽放光彩，给你带来新的启发。 每天用一句话记录自己的进步 　　我们常常会关注到自己未完成的目标，却很少停下来，认真看看自己每天的小进步。其实，进步不一定是惊天动地的成就，可能只是今天比昨天多坚持了一会儿，比昨天多学了一个小知识，比昨天更耐心地对待了一件事。 　　每天用一句话记录自己的进步，是给生活增添一份小小的仪式感，也是给自己一份温暖的鼓励。比如“今天我听到了一个很棒的观点，这是我的进步”，又或者 “今天我克服了懒惰，按时完成了计划，很棒”。 　　坚持记录，你会发现自己原来在不知不觉中成长了这么多。那些看似微不足道的小进步，积累起来便会成为巨大的力量，让我们更有信心面对生活中的挑战。 事情遇到瓶颈时 停下来，动动手 　　生活中，难免会有一些事情陷入瓶颈，让我们感到懊恼、焦虑：是一项难以推进的工作，一个解不开的难题，或是一段难舍的感情。这时，我们会不停地在脑海里纠结、挣扎，却始终找不到突破口，反而让自己越来越疲惫。 　　其实，事情遇到瓶颈时，不妨试着停下来，动动手做一些简单的小事。比如整理一下桌面，泡一杯热茶，或者只是简单地叠一叠衣服。这些看似与当前难题无关的小动作，却能在不知不觉中缓解我们的焦虑情绪。 　　动手的过程，能让我们的注意力从混乱的思绪中转移出来，让大脑得到短暂的放松。专注于手中的小事，完成后会收获一份小小的成就感，我们带着这份成就感再去看之前的难题，或许会发现新的思路，找到突破瓶颈的方法。 　　有时候，停下来不是放弃，而是为了更好地出发。 用提问来提升学习效果 　　学习是一个伴随我们一生的过程，好的学习方式，能让学到的东西真正内化为自己的能力。 　　用提问来提升学习效果，就是在学习的过程中，主动与所学的内容进行互动。不要只是单纯地看和听，而是在脑海里多问自己几个为什么。比如读完一篇文章后，问问自己“这篇文章的核心观点是什么？作者为什么会提出这样的观点？” 　　提问的过程，其实是在主动梳理所学内容的逻辑，加深对知识的理解和记忆。它能让我们从知识被动的接收者变成主动的思考者，让学习的过程不再枯燥。 多和身边人分享美好 　　清晨窗外清脆的鸟鸣，午后温暖的阳光，傍晚绚烂的晚霞……生活中有许多小美好，若只是自己独自欣赏，难免会显得有些孤单。 　　多和身边人分享美好，能让更多人感受到生活的温暖与善意。不用刻意准备什么，只是在吃到好吃的食物时，随口说一句“这个真的很不错，你也试试”；在看到美丽的风景时，拉着身边人一起驻足欣赏，分享内心的喜悦。 　　这种分享，会拉近人与人之间的距离，让彼此的关系变得更加亲密、温暖。在分享美好的过程中，我们也会让自己的生活充满阳光与欢笑，让日子变得更加有滋有味。 来源：人民日报夜读综合L先生说 |  主播：赵文龙 本期编辑：郑薛飞腾，实习生：甘雨欣 觉得好看，请点这里↓ ↓ ↓
习近平在上海合作组织峰会欢迎宴会上的祝酒辞（全文）,https://mp.weixin.qq.com/s/3KMxuBTCmAgrlilzACPuLA,2025-09-23,在上海合作组织峰会欢迎宴会上的祝酒辞 （2025年8月31日，天津） 中华人民共和国主席　习近平 尊敬的各位同事、各位来宾， 女士们，先生们，朋友们： 大家晚上好！ 灯火海河畔，津门纳百川。我谨代表中国政府和中国人民，欢迎各位嘉宾来到天津做客。 今天是上海合作组织成员国领导人同各位新老朋友欢聚一堂的日子，也是吉尔吉斯斯坦独立日和马来西亚国庆日。借此机会，谨向扎帕罗夫总统、安瓦尔总理，向友好的吉尔吉斯斯坦人民、马来西亚人民，表示诚挚的祝贺！ 天津是一座开放包容的城市，自古为京畿要地，是中国改革开放先行区。这些年来，在京津冀协同发展战略引领下，中国式现代化天津篇章不断展现新气象。中方相信，在天津举办这次峰会，一定能给上海合作组织可持续发展注入新的活力。 上海合作组织自成立以来，始终秉持“上海精神”，巩固团结互信，深化务实合作，参与国际和地区事务，成为推动构建新型国际关系和人类命运共同体的重要力量。 当前，世界百年变局加速演进，不稳定、不确定、难预料因素明显增多，上海合作组织维护地区和平稳定、促进各国发展繁荣的责任更加重大。 这次峰会肩负着凝聚各方共识、激发合作动能、擘画发展蓝图的重要使命。明天，我将同成员国各位同事举行元首理事会会议，同更多友好国家和国际组织举行“上海合作组织+”会议，共商合作发展大计，推动完善全球治理。 我相信，在各方共同努力下，这次峰会一定能够圆满成功，上海合作组织必将展现更大作为、实现更大发展，为促进成员国团结协作、汇聚全球南方力量、助力人类文明进步事业作出更大贡献。 百舸争流，奋楫者先。让我们在“上海精神”指引下，从天津再出发，向着更加美好的未来，开启充满希望的新航程！ 现在，我提议，大家共同举杯， 为天津峰会取得丰硕成果， 为上海合作组织实现宗旨目标， 为各国发展繁荣、人民幸福美满， 为各位来宾和家人的健康， 干杯！ 来源：人民日报客户端 本期编辑：石磊、方梓祎 觉得好看，请点这里 ↓ ↓ ↓
“好好吃饭，好好睡觉，不要把别人家拆了”,https://mp.weixin.qq.com/s/vRCan4k49Bnzz__Ihv2ROg,2025-09-23,在军营中 军犬是一群特殊的“战士” 它们勇敢无畏、忠诚可靠 近日， 武警上海总队某支队 为退役的4条军犬 举行了军犬退役暨领养仪式 “到了新家 好好吃饭，好好睡觉 不要把别人家拆了” 训导员与退役军犬告别的这一幕 让很多网友泪目了 仪式开始前 退役军犬在训导员的指令下 进行最后一次训练 看着军犬熟练地执行命令完成动作 训导员眼中满是不舍 这4条军犬在服役期间 凭借敏锐的嗅觉 敏捷的身手和无畏的勇气 在反恐处突、抢险救援等 各项演训任务中 发挥了不可替代的作用 1 巡逻犬“马特” “马特”是一条10岁的马里努阿犬 参加各类演习及安保任务三十余次 曾在2017年，协助公安民警 抓捕了5名赌博人员 在2018年的 武警部队“忠勇”警犬比武中 获得携犬400米接力第三名 最开始 “马特”是个脾气倔强的“小毛孩” 训练总是不配合 简单的“坐”“卧”指令 它都要磨蹭好久 有时甚至直接扭头跑开 但训导员没有气馁 每天第一个来到犬舍 给“马特”喂食、梳理毛发 训练时，从基础的互动游戏开始 扔球、拔河…… 渐渐地，“马特”的态度有了转变 训练时也更专注了 能听从训导员的每一个指令 迅速穿越障碍 精准完成扑咬动作 在 多次 任务中表现出色 2 搜爆犬“开瑞” “开瑞”是一条10岁的史宾格犬 刚到训导员手上时 它还是一只怯生生的小奶狗 不敢上下楼梯 甚至不敢出犬舍门 前期训练都是由训导员 抱着上训练场 一次 “开瑞”在障碍训练中摔瘸了腿 兽医说它可能再也跳不了高墙 训导员抱着它在犬舍住了半个月 每天用温水给它敷腿 夜里把它搂在怀里 有天凌晨 训导员被轻轻的舔舐弄醒 看见“开瑞”正用没受伤的前爪 一下下扒着他的胳膊 喉咙里发出哼唧声 像是在说“我还能练” 经过不懈努力 “开瑞”成功克服困难 成为一只优秀的搜爆犬 3 搜爆犬“叶莉” “叶莉”是一条8岁的拉布拉多犬 训导员第一次见到“叶莉”时 它只有五个月大 像一个“黑毛球” 这些年，它和训导员 一起参加了各种任务 小到结业考核，大到专项任务 每一次 “叶莉”都能出色完成任务 每次一听到命令 她立马就会警觉起来 在人群中穿梭 搜索隐藏的危险 在一次大项任务中 “叶莉”发现一个行人包内 有携带爆炸物的嫌疑 经查实，行人携带了三瓶甲烷 打算乘坐地铁 “叶莉”成功遏制了事故发生 做出了重大贡献 4 搜救犬“马惊天” “马惊天”是一条10岁的马里努阿犬 多次参加总队演习 常态担负大项任务的战备犬 刚接触训导员时 它害怕得躲在角落里 散放时，也常常夹着尾巴 有人认为它不能成为军犬 但训导员没有放弃 耐心训练、培养它的自信心 终于让它学会了扑咬技能 咬靶后，它从不松口 奔跑追击时勇猛无比，从不退缩 2019年，台风“利奇马”来袭 “马惊天”担负救援任务 成功找到三名被困人员 为了让退役军犬度过舒适的晚年 支队根据规定 为它们精心寻找了领养人 退役命令宣布后 训导员为退役军犬 戴上象征着荣誉的“光荣花” 回想起并肩走过的日夜 不少训导员红了眼眶 仪式结束后 训导员拉着领养人细细叮嘱 每一句嘱咐都包含着 对“战友”的牵挂 领养人们认真学习，耐心记录 郑重接过这份特殊的责任 如今 4条退役军犬已经在新家 开启了幸福的退休生活 向“无言的战友”致敬 愿它们在温暖的陪伴中 安享岁月静好 向“汪汪队”致敬！ 来源：中央广电总台中国之声、人民日报视频号 本期编辑：石磊、方梓祎 觉得好看，请点这里 ↓ ↓ ↓
中国乒协发布处罚决定！,https://mp.weixin.qq.com/s/sZmfEl6iEcMr1BXGUkvmJQ,2025-09-23,中国乒乓球协会关于对四川丰谷俱乐部运动员孙闻进行处罚的决定 在8月30日晚进行的2025赛季中国乒乓球俱乐部超级联赛常规赛第三阶段男子团体山东魏桥·向尚运动对阵四川丰谷的第四场单打比赛中，四川丰谷俱乐部运动员孙闻2:3负于山东魏桥·向尚运动俱乐部运动员林昀儒后，情绪失控摔拍引发争议。 考虑到孙闻 此行为违背了体育精神和道德风尚，损害了乒超联赛及乒乓球项目的社会形象。 根据国家体育总局《体育赛事活动赛风赛纪管理办法》和中国乒乓球协会《全国乒乓球赛事活动赛风赛纪管理办法实施细则》的相关规定， 中国乒乓球协会现对孙闻给予本阶段比赛停赛1轮的处罚， 即孙闻在2025年8月31日上午四川丰谷对阵中超电缆·福建安井的比赛中不得出场参赛。　 此外，根据中国乒乓球协会《关于对国家队人员加强自身行为规范的管理规定》，国家乒乓球队要求孙闻对于自己的行为做出深刻的检讨。国家乒乓球队将根据其对于错误的认识和反省态度，另行做出处理意见。 请所有乒超联赛俱乐部引以为戒，加强对运动员的思想道德教育，引导运动员提高职业素养。各参赛运动员应加强学习，时刻谨记尊重观众、尊重对手、尊重裁判、遵守联赛纪律，展现国球文化、国球精神和良好的精神风貌。　　 中国乒乓球协会 2025年8月31日 来源：中国乒协官网 本期编辑：石磊、方梓祎 引以为戒！ ↓ ↓ ↓
别慌！体检报告查出这4个“异常”反而更健康,https://mp.weixin.qq.com/s/R0dyQbjgV2q23A4h8RiQqw,2025-09-23,体检报告上的 “异常”箭头让你心慌？先别急！有些“异常”非但不用治，反而是长寿体质给的“隐藏福利”。快看看你的报告单，这些 “ 异常 ” 指标， 你中了几个？ 01 体检查出4个“异常”指标 或是长寿信号 1.  心率 较 慢 研究发现，静息心率越快，寿命可能就越短。反之， 静息心率低一点，死亡风险更低，寿命更长。 2024 年，《科学报告》期刊上发表的一项研究深度分析了 7000 多人的长期追踪数据，结果发现： 静息心率超过 90 次 / 分钟的受试者，平均寿命为 70.27 岁，而静息心率低于 60 次 / 分钟的受试者的寿命为 79.30 岁，整整相差了 9 年。 2.  高 密度脂蛋白 偏 高 高密度脂蛋白 也被称为 “好胆固醇” ， 有助于预防斑块形成，降低发生动脉粥样硬化病变（例如心梗、脑梗等）的风险。 所以，高密度脂蛋白轻度升高是好现象，意味着发生心脑血管病的风险较低。 反之，如果高密度脂蛋白降低，则意味着更容易发生心脑血管病。 如果高密度脂蛋白胆固醇＜ 1mmol/L 就被视为降低，要及时关注就医。 3.  血压 偏低 2024 年，中国医学科学院阜外医院的研究团队在《柳叶刀》上发表的一项重磅研究回答了高血压患者长期关心的问题：“血压到底降到多少更安全？” 结果表明， 对于心血管风险较高的高血压患者（如合并糖尿病、慢性肾病或曾发生心脑血管事件等），将收缩压严格控制在 120mmHg 以下（传统标准是 140mmHg 以下），可以显著降低 12% 的重度心血管事件风险（包括心梗、心衰住院、中风、心血管死亡等） ， 而 且安全性良好。 因此， 如果血压只是偏低一点点，且没有头晕、眼前发黑（提示脑供血不足）或胸闷、气短（提示心功能异常）等症状，通常无需太过担心。 4.  抗体阳性升高 抗体阳性升高意味着个人不易被病毒感染。 例如， 乙肝表面抗体升高 ≠感染乙肝，而是疫苗起效或曾感染已康复。 因此， 某些抗体高，代表身体对病毒 / 细菌有免疫力， 没必要过度担心。 02 体检查出这6种疾病 不需要过度治疗 体检报告上出现一些听起来“吓人”的医学术语时，也无需过度惊慌——很多被冠以“ 疾病”之名的状况，其实并不需要特殊治疗。 1.  较小且稳定的颈动脉斑块 体检查出颈动脉斑块后，如果颈动脉斑块较小，没有引起明显的血管狭窄（狭窄程度＜ 50% ），同时斑块表现为强回声或等回声，提示为稳定性斑块，表面纤维帽完整，不易破裂形成血栓。 一般不需要针对斑块进行特殊的药物治疗，但需要改善生活方式，并定期复查颈动脉超声，观察斑块的变化。 2.  窦性心律不齐 造成窦性心律不齐的因素主要有两类：一类是生理性因素，一类是病理性因素。 生理性的窦性心律不齐是由于患者做心脏检查时情绪紧张、心理压力过大、体力活动等原因导致，通常不需要做特殊的处理。 大多数的窦性心律不齐，都是这个原因。所以患者一般不用特别担心，保持良好的心情和规律的作息就足够。 3.  慢性浅表性胃炎 很多胃不好的人，经常检查出 “慢性浅表性胃炎”。对于这种情况， 不需要过度的治疗和情绪紧张，只需要改变一下生活方式，少吃辛辣刺激的食物，并且细嚼慢咽慢慢吃饭， 通过一段时间的调整，也许慢性浅表性胃炎，就能够得到很好的缓解甚至是恢复到健康的胃部状态。 但如果出现了嗳气、反酸、食欲不振、上腹不适等症状，建议大家要配合医生，对症治疗。 4.  4 毫米及以下的肺结节 肺结节完全不同于肺癌，两者在医学概念上存在本质的区别，两者在发病率上有巨大的差异。 常见的钙化结节一般是结核或其他炎症痊愈之后留下的一个高密度的点， 对于有钙化的结节，几乎都是良性； 实性结节和磨玻璃结节密度逐渐变低，这样的肺钙化结节可能是良性病变也可能是恶性病变。 如果在影像学报告上看到肺里有微小结节， 4 毫米及以下，这样的结节在成年人中较为常见，完全不需要担心。 只有 4 毫米以上的非钙化结节，才有可能是恶性肿瘤，但也不必恐慌，因为结节与肺癌的发病率相差数百倍。 总而言之， 发现肺结节并不等同于确诊肺癌，大家需要理性对待。 5.  低危型 HPV 感染 目前，有三类 HPV （人乳头瘤病毒）感染不需要治疗。分别为： （ 1 ）低危型 HPV 感染： 这些病毒通常不会引起宫颈癌或其他严重的健康问题，因此通常不需要治疗。 （ 2 ）非生殖器 HPV 感染： 这些病毒株通常不会影响生殖器，而是影响其他部位，如手部和足部，通常也不需要治疗。 （ 3 ）自限性 HPV 感染： 这些病毒株在感染后通常会在一段时间内自行清除，因此不需要治疗。 6.  无症状的 骨质增生 骨质增生是每个人生命进程中逐步发生的自然现象，这种生理上的变化并不会直接带来疾病， 只有当骨质增生压迫神经，或者对周围软组织产生刺激的时候，才会产生疼痛。 在没有症状的情况下，无需做治疗处理，要注重养护即可。 如果骨质增生同时伴随着局部疼痛， 最好尽快到专科就诊。 来源：健康时报 本期编辑：石磊、方梓祎 提醒！转发给家人朋友 ↓ ↓ ↓
“小电驴”新国标，明起实施！,https://mp.weixin.qq.com/s/NnvNM8wipHt1Vmy0LGsFBQ,2025-09-23,明天（9月1日） 电动自行车新国标 《电动自行车安全技术规范》 （GB 17761—2024） 正式实施 新标准都有哪些变化？ 本次发布的新标准—— 强化了 非金属材料防火阻燃 要求； 明确了电动自行车 使用塑料的总质量不应超过整车质量的5.5% ； 增加了电动机低速运行转矩等要求； 完善了 电池组、控制器、限速器的防篡改要求 ； 提升了制动性能要求； 将使用铅酸蓄电池的电动自行车整车质量上限由55公斤提升到63公斤； 新增了企业质量保证能力和产品一致性要求； 要求电动自行车 具备北斗定位、通信与动态安全监测功能 ； 不再强制要求所有车型均安装脚踏骑行装置 ； 明确了电动自行车鼓励安装后视镜； 要求生产企业明确电动自行车的建议使用年限，并在铭牌、产品合格证上进行标注。 新标准实施后，将降低火灾事故隐患和危害，减少交通事故风险，有效防范非法改装，提升车辆整体安全性能，更好满足消费者日常使用需求。 如何理解新规这些变化？ 新国标规定，铅酸蓄电池车型重量从55公斤提至63公斤， 以提升续航里程 ； 要求 厂家 改善制动性能，缩短一半刹车距离， 雨天刹车不打滑 ； 完善控制器防篡改要求， 车速超25公里/小时 ， 电机就不再提供动力 ； 塑料材质占整车重量比例不超5.5%， 以减火灾风险 ； 电动自行车需具备北斗定位功能， 私家“小电驴” 可 选 择不装， 即使有北斗定位功能，私家“小电驴”也可以关闭 。 北斗模块可提供经度、纬度、速度、定位时间等信息，主要为用户提供实时三维位置、速度和时间服务。 北斗模块在提供定位服务的过程中不收费 。 新规实施后旧车还能骑吗？ 2025年9月1日以后，所有新生产的电动自行车都必须符合新国标要求。在销售方面，新国标则额外给予2025年8月31日及之前按照旧标准生产的车辆3个月的销售过渡期，允许销售至2025年11月30日； 2025年12月1日之后，所有销售的电动自行车产品均必须符合新标准规定。 消费者已经购买的不符合新标准的车辆不会被强制淘汰， 可由各地政府根据当地实际情况，借助以旧换新等政策加速更新换代 。 新规实施后，如何选购新车？   ■  看CCC认证 出厂销售的电动自行车 应当获得认证并在车身上标注CCC标志 ，表明这辆电动自行车经过指定认证机构的认证，符合强制性国家标准要求，可以放心购买和使用。   ■ 看产品合格证 根据相关法律法规要求， 出厂销售的电动自行车应有产品合格证，一车一证。 消费者在购买时可核对随车附带产品合格证上的产品型号、整车编码等信息参数与实车一致。 如需进一步核实产品合格证真伪和CCC认证证书是否有效， 可扫描产品合格证上的二维码或登录全国认证认可信息公共服务平台（cx.cnca.cn）查询确认。 △ 首页中点击“认证结果”，在“证书编号”栏中输入CC C证书编号，然后点击“查询”， 即可查看该认证证书的状态 。 来源：央视新闻综合 国家应急广播，记者：岳群、朱江、孙蓟潍、张娜、张昊 本期编辑：石磊、方梓祎 转发周知！ ↓ ↓ ↓
事发景德镇街头！全网点赞,https://mp.weixin.qq.com/s/e4MNDSvUw_a2YQ2XWwR_PQ,2025-09-23,8月21日清晨 在江西景德镇市昌江区的 一个红绿灯路口 一辆货车发生侧翻 运送的2万多瓶矿泉水 铺满了路面 导致交通受阻 此时距早高峰仅1个多小时 若不及时清理 可能造成二次事故 “水洒得太多了 一眼望不到头” 接到报警后 民辅警火速赶到现场 看到小坡般的矿泉水 心里只有一个念头 必须赶在早高峰前 把路清出来！ 9位民辅警 迅速分工 一组在来车方向 设置警示标志 引导车辆绕行 另一组则立刻俯身 往转运车上搬矿泉水 期间 不少路过的市民 主动加入帮忙的队伍 随着艳阳升起 汗水很快浸湿了大伙的衣服 但伸出援手的人 却越来越多 当地环卫局得知情况后 派出杂物车、快速保洁车 帮忙的队伍越发壮大 瓶装水组成的 “山坡”眼见着缩小 “搬的时候没觉得累 满脑子都是‘再快点、再快点’ 等停下来才发现 胳膊都抬不起来了” 参与清理的民警王成说 经过2个多小时的紧张忙碌 从天边泛白 到烈日当空 大伙终于把最后一瓶矿泉水 也搬上转运车 早高峰的车流逐渐增多 但道路已恢复畅通 “搬了2万多瓶水 他们却一瓶都没喝！” 驾驶员万师傅感慨说 交警和热心市民及时赶到 不仅为公司挽回了经济损失 也避免了路口陷入混乱 “感谢人民好交警 危难时刻显真情” 8月28日上午 受助矿泉水公司员工 走进景德镇市公安局 交管支队二大队 为民警们送上锦旗 不仅如此 这份善意 像接力棒般 继续传递下来 8月28日起 受帮助的矿泉水公司 在当地路边 设置“爱心送水站” 连续三天向过往市民 免费发放矿泉水 保洁员 快递小哥 外卖骑手 …… 每位接过矿泉水的人 都露出笑容 一位喝上免费矿泉水的 外卖骑手说 “知道这个故事后 在热天喝上一口冰水 心里暖和” 一瓶水 暖一城人 人与人之间的脉脉温情 如同水流一样 生生不息 来源： 新华社微信（记者：熊家林 参与采写：周喆、李梦婷），素材支持：江西公安、昌江区委宣传部、瓷都公安 本期编辑：刘杰、朱田恬 为他们点赞！ ↓ ↓ ↓
这种“长寿果”，心血管真的很爱！,https://mp.weixin.qq.com/s/xypu0FBST4YtJTmh-8vslA,2025-09-23,　　你可 能没想到，一种我们日常生活中很常见常的食物，虽然脂肪含量不低，却常常出现在各种健康饮食推荐里，它就是——花生。 　　外表平平无奇的它，其实暗藏着丰富的营养和健康密码。那么，吃花生都能为我们身体带来哪些好处呢？每天吃多少才合适？今天让我们来聊一聊。 高植物优质蛋白+“好”脂肪 花生的营养真不错 　　花生不仅仅是一种美味的食物，更是一个营养宝库。根据《中国食物成分表（标准版）》的数据，每100克生花生仁的营养成分如下： 1、优质蛋白质的来源 　　花生是植物性蛋白质的良好来源，其蛋白质含量可与豆类媲美。每100克花生约含25克蛋白质，在坚果中名列前茅。 　　花生蛋白含有人体所需的8种必需氨基酸， 虽然其氨基酸组成与动物蛋白略有差异（例如蛋氨酸含量相对较低），但在日常饮食中与谷物等其他食物搭配食用，可以起到蛋白质互补作用，提高整体蛋白质利用率。对于素食者或希望增加植物蛋白摄入的人群来说，花生无疑是一个很好的选择。 花生的真消化率较为突出 2、脂肪含量高，但“好”脂肪占比大 　　花生中脂肪含量较高，每100克生花生仁含有44.3克脂肪。但其脂肪构成 以不饱和脂肪酸为主 ，其中单不饱和脂肪酸（MUFA）和多不饱和脂肪酸（PUFA）含量高。 　　这些“好脂肪”有助于降低“坏胆固醇”水平，同时保持甚至提高“好胆固醇”水平，从而有益于降低心血管疾病风险，这也是为什么高脂肪的花生，对心血管有好处。 3、弥补精白米B族维生素的不足 　　在现代饮食中，精白米面是许多人的主食。然而，在加工过程中，谷物中的一些重要营养素，特别是B族维生素，会大量流失。 　　花生仁富含维 生素B 1、烟酸、胆碱等B族维生素 ，比如每100克生花生仁含有0.72毫克维生素B1。维生素B1参与能量代谢，维持神经系统和心脏的正常功能。 　　再比如每100克生花生仁含有17.9mg的烟酸，这含量在天然食物中名列前茅，有助于维护皮肤、黏膜和神经系统的健康。 4、丰富的抗 氧化 成分 　　花生含有多种具有强大抗氧化能力的生物活性成分，如白藜芦醇、间香豆酸、类黄酮等。这些天然抗氧化剂能够帮助身体清除自由基，减少氧化应激对细胞的损伤，从而在延缓衰老、预防慢性疾病方面发挥作用。这也是花生被称为“长寿果”的重要原因之一。 有助于延缓衰老 保护心血管、辅助降血糖 　　花生因富含营养且具有多重健康益处，自古便有“长寿果”的美誉。现代科学研究更是不断揭示，这种看似普通的食物，在抗氧化、心血管健康乃至血糖调节方面，都展现出令人惊喜的潜力。 1、有助于延缓衰老 　　一项研究发现，每天食用25克带皮烤花生，能够显著增加参与者细胞染色体末端的“端粒”长度 。端粒长度与细胞寿命和衰老速度密切相关，这项研究提示花生可能通过保护端粒来延缓衰老。这个作用主要归因于花生中的单不饱和脂肪酸和间香豆酸等抗氧化成分。 2、有助于心血管健康 　　一项大型研究 发现经常食用花生的人群，中风和心脑血管疾病的风险显著降低，尤其是缺血性中风的风险 。 3、对血 糖 友 好 　　花生属于低血糖指数（GI）食物，其 血 糖指数仅为14 ，这意味着食用后血糖上升速度和幅度都相对缓慢，属于血糖友好型食物。 　　一项发表在《营养素》上的随机对照试验显示，花生组的参与者空腹血糖和餐后2小时血糖与基线相比均有下降的趋势。另一项研究也发现，饭前食用35克低盐烤花生有助于改善血糖控制。 营养虽好，还得注意吃法 　　虽然花生营养丰富、益处多多，但只有科学合理地食用才能充分发挥其健康价值。在食用花生时，应注意以下几点： 1、警惕霉变花生：健康食用的底线 　　花生在储存过程中如果受潮，容易被黄曲霉等霉菌污染，产生强致癌物质黄曲霉毒素，对肝脏损害严重。 　　千万不要食用已经发霉、变色或有异味的花生。一旦发现花生表面有黄绿色霉斑或闻到霉味，应立即丢弃。 2、注意摄入量：适量为宜 　　花生营养丰富，但热量和脂肪含量也较高。每100克生花生仁约含580千卡热量，相当于一斤大米饭的热量（100g米饭的热量为 116kcal）。 　　根据《中国居民膳食指南（2022 版）》的建议，每天大豆及坚果摄入建议25～35g。也就是说， 如果你今天没吃大豆和豆制品，也没吃其他坚果，一天吃25～35g花生仁是没问题的；如果你吃了大豆或豆制品，但没有吃其他坚果，花生仁每天15~20g即可 。 3、吃法有讲 究：生熟 与烹调方式 　　不同的烹调方式，花生仁的营养有比较大的区别。生的、烤的和炸的有什么区别呢？这里罗列的是变化较大的成分，每100g食物的含量： 数据来源：《中国食物成分表（标准版）》 　　从数据可以看出，无论哪种烹调方式，花生的热量差别不大。而加热后，维生素B1等水溶性维生素有一定的损失。不过，烤花生仁的矿物质都有大幅度提升，而煎炸的则有一定损失，可能是因为一部分矿物质溶解在油里造成的损失。 　　建议根据自己的喜好和营养保留角度进行烹调，比如生吃、水煮、低温烤制就是不错的选择。 这几类人吃花生要注意 　　尽管花生对大多数人来说是健康的食物，但对于特定人群，食用花生时需要格外注意，甚至避免。 1、花生过敏者：一定不要吃 　　花生是常见的八大过敏原之一，过敏反应可能非常严重，甚至危及生命。症状包括皮肤瘙痒、呼吸困难、消化道不适，甚至过敏性休克。 　　对于花生过敏的人群，必须严格避免食用花生及其所有制品。购买成品食物时，仔细阅读食品包装，看配料表是否有花生以及制品，生产线是否加工过花生。 核桃乳饮料中，可能含有花生 2、肥胖人群：严格控制摄入量 　　上面提到花生的热量高，肥胖或减肥人群如果不控制摄入量，容易导致热量超标，影响体重管理。建议严格控制摄入量，在不吃其他坚果的情况下每天10g，选择生吃、水煮或低温烘烤的花生。 3、5岁以下的儿童：选择安全的吃法 　　5岁以下的宝宝吞咽功能还没有完全完善，建议在吃花生仁时不要大哭大笑，以免花生堵塞气道，发生悲剧。建议给小宝宝吃花生时，做成花生酱或花生碎，减少窒息风险。 4、其他代谢性疾病患者：谨 慎 选择 　　高脂血症患者： 虽花生不饱和脂肪酸有益，但过量摄入仍可能加重血脂异常。建议在医生或营养师指导下适量食用。 　　消化功能不佳者： 花生脂肪和膳食纤维较多，过量食用可能引起消化不良。建议少量多次食用，或选择易消化的烹调方式。 　　会吃、善吃，将花生作为均衡膳食的一部分，既能为身体提供必需的营养，又有助于预防多种慢性疾病。 来源 ： 科普中国，作者：李纯  注册营养师 中国科普作家协会会员， 审核丨张娜 北京大学公共卫生学院副研究员、中国营养学会会员 本期编辑：刘杰、朱田恬 分享给家人朋友！ ↓ ↓ ↓
习近平会见印度总理莫迪,https://mp.weixin.qq.com/s/JBvDPX-v6qANK7WAiZjy7Q,2025-09-23,8月31日中午，国家主席习近平在天津迎宾馆会见来华出席2025年上海合作组织峰会的印度总理莫迪。 习近平指出，去年我们在喀山成功会晤，中印关系重启再出发，两国交往合作不断取得新进展。中国和印度是两大东方文明古国，是世界上人口最多的两个国家，也是全球南方重要成员，肩负着造福两国人民、促进发展中国家团结振兴、推动人类社会进步的重要责任。做睦邻友好的朋友、相互成就的伙伴，实现“龙象共舞”，应当是中印双方的正确选择。 习近平强调，今年是中印建交75周年。双方要从战略高度和长远角度看待和处理中印关系，通过天津会晤再提升，推动两国关系持续健康稳定发展。首先要加强战略沟通，深化彼此互信。只要把准了是合作伙伴而不是对手、互为发展机遇而不是威胁这个大方向，中印关系就能纲举目张、行稳致远。二要扩大交往合作，实现互利共赢。中印都处在发展振兴的关键阶段，应该聚焦发展这个最大公约数，相互支持、相互促进、相互成就。三要照顾彼此关切，坚持和睦相处。中印两国老一辈领导人70多年前倡导的和平共处五项原则，需要珍视和弘扬。要合力维护边境地区和平安宁，不要让边界问题定义整体中印关系。四要加强多边协作，维护共同利益。要共同展现历史担当，坚持多边主义，加强在重大国际和地区问题上的沟通和协作，捍卫国际公平正义，携手推动世界多极化和国际关系民主化，为维护亚洲乃至世界和平和繁荣作出应有贡献。 莫迪表示，我同习近平主席喀山会晤为印中关系发展指明方向，印中关系重回积极轨道，边境保持和平稳定，即将恢复直航，这些成果不仅惠及印中两国人民，也有利于世界。印中是伙伴而不是对手，共识远大于分歧，印方愿从长远角度看待和发展两国关系。面对世界经济高度不确定性，印中作为全球重要经济体，加强合作十分重要。印方愿同中方寻求公平合理、双方都能接受的边界问题解决方案。印中都坚持战略自主和独立外交，两国关系不受第三方影响，两国合作将使21世纪真正成为亚洲世纪，双方携手将在国际事务中增强多边主义的力量。祝贺中国成功担任上海合作组织轮值主席国，预祝天津峰会圆满成功。 蔡奇、王毅、陈敏尔等参加会见。 来源：人民日报客户端，图片：新华社记者  谢环驰 摄 本期编辑：石磊、方梓祎 觉得好看，请点这里 ↓ ↓ ↓
破400亿元！,https://mp.weixin.qq.com/s/_xgylSAtTCqRt9fX8_kjqw,2025-09-23,据网络平台数据 截至8月31日13时51分 2025年度中国电影总票房（含海外） 突破400亿元 其中 国内市场总票房 392.3亿元 观影人次 超9.09亿 ，均超去年同期 🎉🎉🎉 今年以来 在《哪吒之魔童闹海》 《南京照相馆》等影片带动下 中国电影海外市场票房 折合人民币已 超7.7亿元 创下多年新高 点赞！祝福中国电影 今年，你看了哪些电影？ 来源：央视新闻客户端 本期编辑：刘杰、朱田恬 觉得好看，请点这里 ↓ ↓ ↓
小时候以为大人不爱吃零食是“装”的，直到现在才发现……🤯,https://mp.weixin.qq.com/s/kxkm2nyEAJjUGeR3oZKHzg,2025-09-23,前段时间 “小时候以为大人不爱吃零食是装的” 这一话题登上了热榜 并获得了许多网友的关注 许多网友发现 自己在逛超市时 竟然失去了购买零食的欲望 一些网友评论 “已经到了爱吃水果的年龄了” “一进超市直奔水果区” 还有一些网友表示 除了对零食的兴趣减退 一些小时候不爱吃的食物 比如家常菜、桃酥…… 长大后 竟成为了自己的“心头好” 饮食习惯的改变是成长的见证 随着年龄渐长 我们也正在从生活的其它细节中 不断解锁那些隐藏的 “大人属性” 今天，一起来看看 还有哪些瞬间 让你意识到自己长大了呢？ 在我突然意识到 自己的审美发生变化的时候...... 有一些网友分享 小时候对 系统自带 表情“完全无感” 直到长大了才体会到 这些看似简单的表情 “真的既好看又很实用” 除此之外 有些网友还分享 小时候更喜欢“黑白灰”系列的衣服 现在却爱上粉嫩的颜色 喜欢碎花的样式 “原来，这就是长大啊” 以前总是不理解 大人的头像为什么都是花花草草 直到…… 而且 现在看到花花草草就想拍照 有时还会特地发个朋友圈 甚至…… 看到空盆还有种花的冲动 其实 审美的种种改变 都隐藏着我们成长的痕迹 在我发现自己 正在囤“瓶瓶袋袋”的时候…… 小时候不理解 大人为什么总是喜欢留着废纸箱 直到有一天发现 自己也在做同样的事 小时候 看着爸妈把塑料袋塞满抽屉 我们满脸不解 如今的我们却…… “留着吧，万一哪天用得到呢” “这个塑料袋可以用来装垃圾” “这个袋子好啊，用来装夏天的衣服” （但好像从来没用到过 ） 吃完水果罐头后 还会自觉地拿罐头瓶子做水杯 不过，还是要安全提醒： 罐头瓶子 不要用来接滚烫的热水 因为可能会炸裂！ 在我发现自己 被叫“叔叔/阿姨”的时候…… 屏幕前的你有没有 被叫 “叔叔/阿姨” 的经历呢？ 在我们小时候 “叔叔”“阿姨”是我们用来称呼大人的 如今，这声称呼也落在了自己身上 现实已经在悄悄提醒我们 “你现在也已经是个大人啦~” 此外，还有网友分享 总觉得自己离着高中毕业还没多久 但是…… 2007年出生的小朋友 今年都要上大学了！ 就连中学时期的同学 都已经结婚了 也许是因为还在读大学的缘故 有时候会觉得 自己 还是个“没长大的孩子” 但这些瞬间 真的让我们直观地感受到 “我们，真的长大了” 没有父母照顾的日子 我依然可以顶起自己的一片天 以前出远门 总离不开家人的陪伴 而现在 我们可以独自搭乘航班 穿梭于陌生的城市之间 长大后的我们 能带着家人去他们没去过的城市 我们规划行程、处理突发状况 让他们放心看世界 以前自己生病了 总有爸爸妈妈忙前忙后 如今却可以自己一个人去医院 挂号、候诊、取药 长大后的我们 也越来越习惯走进厨房 不是为了煮一碗泡面 而是认真做一餐饭 甚至愿意花一个下午的时间 去调馅、和面、擀皮、包饺子…… 也许真正的长大 给予我们的不仅仅是年龄的累加 更多的是让我们学会了如何生活 长大后的我们 能享受热闹、能安于独处 也能在遇到困难时 对自己说一句“问题不大” 你有 哪些瞬间 感觉自己长大了呢？ 在评论区分享一下 关于你的成长故事吧~ 来源：学校共青团 本期编辑：刘杰、朱田恬 原来，这就是长大啊！ ↓ ↓ ↓
投诉“鲁迅抽烟墙画”的孙女士，道歉了！,https://mp.weixin.qq.com/s/EwQFO_-CLAnkYVdI-6ZLdA,2025-09-23,近日，游客孙女士在社交平台上发文， 认为绍兴鲁迅故里景区鲁迅抽烟的墙画不妥当， 并在8月22日将此事投诉到了浙里办，建议将画面换成鲁迅右手握拳伏案版画，引发持续热议。 8月28日， 孙女士对其投诉鲁迅故里墙画一事发布道歉视频。 孙女士称，会投诉鲁迅夹烟墙画是因为“这里是真的有好多人在墙前打卡陪一根，学点烟，被迫闻二手烟毒气。而周围都是孩子。如果没有这样，我可能也不会建议。” 并称“希望以后鲁迅墙画前，不要再有人吸烟，学点烟。” 评论中 有网友认为她的底层逻辑出现了偏差， 是典型的“我解决不了吸烟，所以我选择解决掉鲁迅”，对此孙女士回应“我对鲁迅没有针对性，这画是任何一个别的人，我都会建议换”。 引发投诉的墙画 图据绍兴鲁迅纪念馆官微 另据澎湃新闻报道，8月30日凌晨，孙女士在社交平台贴出了绍兴故里景区对其投诉的答复意见。 答复意见提到， “我们理解您的担忧。景区设置这幅景墙的初衷，是希望通过艺术化的手法，展现一个真实、立体、鲜活的鲁迅先生形象。目前，就景区景墙的处理意见，绍兴鲁迅纪念馆已于2025年8月25日作出官方回应，景区将始终坚持尊重鲁迅、尊重历史、尊重艺术，不轻易改变鲁迅故里在广大游客中的既有形象。 在管理方面，目前景区范围内已覆盖禁烟标识，并有文明引导员对游客抽烟行为进行劝阻。 下一步，景区将进一步加强控烟管理，通过增加禁烟提示、增派人员管理、强化文明宣传等措施，提升景区管理水平。我们也将更积极地在面向青少年的宣传中，弘扬鲁迅先生的文学精神和爱国情怀，引导他们树立正确的价值观。我们也呼吁广大游客和网友文明参观，共同维护一个健康、文明的旅游环境，以正确的方式缅怀和纪念鲁迅先生。” 不过截至发稿，孙女士的社交账号显示 “该账号因被投诉违反《微博社区公约》的相关规定，现已无法查看。” 据微博社区观察员官方账号@围脖侠 ，经核实，所示违规用户@非吸烟者权益策略师Ada  存在多次借控烟之名违规推广所谓尼古丁袋等行为， 因违反法律法规和社区公约的有关规定，现已受到关闭账号的处置。 此前报道 8月25日晚，微信公众号“绍兴鲁迅纪念馆”还发文回应称，“鲁迅故里景区始终坚持尊重鲁迅、尊重历史、尊重艺术， 不轻易改变鲁迅故里在广大游客中的既有形象。” 来源： 中国青年报综合九派新闻、澎湃新闻、“绍兴鲁迅纪念馆”官微等 本期编辑：刘杰、朱田恬 你怎么看？ ↓ ↓ ↓
习语｜“大道不孤，众行致远”,https://mp.weixin.qq.com/s/SzQpSQOOko4oZHl3PDhxsw,2025-09-23,“大道不孤，众行致远。”习近平主席曾用这句话表达对上海合作组织未来发展越来越好、不断壮大的坚定信心。2025年上海合作组织峰会即将在天津举行，让我们一起期待“上合时刻”，祝福上合美好未来！ 来源：人民日报微信 本期编辑：刘杰、方梓祎 点赞！共同期待 ↓ ↓ ↓
“志合者，不以山海为远”,https://mp.weixin.qq.com/s/2huz93qSyxcU5FyME3Staw,2025-09-23,“志合者，不以山海为远”“人心之间，有路相通”“有团结的地方，定有幸福相随”……上海合作组织是成员国的共同家园，许多国家的古语、谚语、诗歌与“上海精神”高度契合。 2025年上海合作组织峰会将于8月31日至9月1日在天津举行。让我们跟随习近平主席的原声，通过一句句各国古语、谚语，读懂“上海精神”，感受“上合力量”。 来源：人民日报新媒体 本期编辑：方梓祎 觉得好看，请点这里 ↓ ↓ ↓
明天起，这些新规将影响你的生活,https://mp.weixin.qq.com/s/ahCWu3Fk-2cwymDw0Qe1KQ,2025-09-23,来源：人民日报微信，制图：王宇峰 本期编辑：石磊，实习生： 陈皓迪 觉得好看，请点这里 ↓ ↓ ↓
一组公开的警察“结婚证件照”,https://mp.weixin.qq.com/s/6Hcrv5N80X6u50WmaP6Qkg,2025-09-23,“男同志向女同志靠近点 女同志向男同志靠近点 ” …… 📷 近日 云南警方 公开发布一组警察结婚证件照 爱在左 使命在右 穿上警服 他们守护山河无恙 脱下警服 他们护彼此一生时光 双警家庭 双份付出 双重责任 祝愿 是爱人亦是战友的他们 未来的路 一起加油 来源 ： 云南警方 本期编辑：刘杰、朱田恬 点赞！祝福！ ↓ ↓ ↓
安检仪视角！颗颗分明的“小珠子”是什么？,https://mp.weixin.qq.com/s/6xIrFZe--6zDY1au60W4YA,2025-09-23,近日 湖北汉川站安检仪上 出现了一个个鼓鼓囊囊的包装袋 安检仪视角下能看到 袋里颗颗分明的“小珠子” 格外显眼 凑近一瞧  原来 里面装着的是圆润饱满 带着淡淡清香的 汉川莲子 候车室里 旅客们惬意地休息 很多人手里拿的、嘴里吃的 都是莲子 长江之滨的 湖北汉川 自古便是莲藕之乡 这里地处江汉平原 大小湖泊星罗棋布 房前屋后的池塘随处可见 万亩荷塘碧浪翻涌 肥沃的淤泥、充足的水源等 得天独厚的自然条件 孕育出了粒大饱满的汉川莲子 汉宜铁路开通后 这片水乡 一下子 活了起来 外地游客坐着动车直奔汉川站 出了站就直奔荷塘 看中了心仪的莲蓬当场下单 莲蓬、莲藕也成为 当地人引以为豪的土特产 不少村民扩大了莲藕种植面积 还搞起了“荷塘采摘游” 游客特意趁着假期带着孩子 来到汉川的荷塘边 体验亲手采摘鲜莲蓬的乐趣 临走时 大家总要装满几大袋 想把这份清甜带给远方的亲友 心动不如行动 快快坐上动车去汉川 尝莲子，赏美景！ 来 源： 中国铁路 本期编辑：刘杰、朱田恬 觉得好看，请点这里 ↓ ↓ ↓
来了！新闻早班车,https://mp.weixin.qq.com/s/s9-TbZtFsLS0P0uc-8rxfg,2025-09-23,点击这里，查看更多精彩内容 要闻 8月30日晚，国家主席习近平在天津迎宾馆会见来华出席2025年上海合作组织峰会和纪念中国人民抗日战争暨世界反法西斯战争胜利80周年活动的哈萨克斯坦总统托卡耶夫。 8月30日下午，国家主席习近平在天津迎宾馆会见来华出席2025年上海合作组织峰会和纪念中国人民抗日战争暨世界反法西斯战争胜利80周年活动的缅甸代总统敏昂莱。 8月30日下午，国家主席习近平在天津迎宾馆会见来华出席2025年上海合作组织峰会的埃及总理马德布利。 8月30日下午，国家主席习近平在天津迎宾馆会见来华出席2025年上海合作组织峰会的柬埔寨首相洪玛奈。 8月30日下午，国家主席习近平在天津迎宾馆会见来华出席2025年上海合作组织峰会和纪念中国人民抗日战争暨世界反法西斯战争胜利80周年活动的尼泊尔总理奥利。 8月30日下午，国家主席习近平在天津迎宾馆会见来华出席2025年上海合作组织峰会的联合国秘书长古特雷斯。 31日10时，中国人民抗日战争暨世界反法西斯战争胜利80周年纪念活动第三场记者招待会将举行。 工信部消息，截至目前，我国低空装备产品数量超400万台。 教育部发布预警，提醒近期拟赴菲律宾留学人员进一步加强风险评估，切实增强防范意识，谨慎规划留学安排。 美国联邦巡回上诉法院29日裁定，特朗普对多国征收关税违法。 社会 水利部和中国气象局发布预警，30日20时至31日20时，辽宁东部、吉林东南部、四川中部、西藏南部、新疆北部等地部分地区发生山洪灾害可能性较大。 国家卫健委制定《职业病医院基本标准（二级、三级）》，对二级、三级职业病医院的床位、人员、设备等提出明确要求。 截至7月末，三家基础电信企业的固定互联网宽带接入用户总数达6.86亿户。 9月2日、3日，北京部分地铁线路车站将做出停运、车站封闭、提前结束运营时间等运营调整。 30日，中国物流与采购联合会正式启动物流工程师培养基地。 中国汽车工业协会消息，国产开源车用操作系统初步形成了自身的产业生态。 最新数据显示，今年经霍尔果斯铁路口岸通行中欧（中亚）班列数量已超6600列，同比增长21.8%。 日前，我国拥有完全自主知识产权，全球最大26兆瓦级海上风力发电机组在山东完成吊装。 近日，因“移花接木”编造传播“陕西洪灾”谣言，网红彭某被处罚。 近日，福建厦门两名男子在海边涨潮时遇险，71岁的何玉财听闻呼救后，不顾危险两次入海，将二人救上岸。 政策 浙江出台措施，支持各地引进举办高规格体育赛事，予以最高800万元的激励。 重庆出台措施，对2025年内销售量达50辆及以上的氢燃料电池汽车全新车型，每款车型给予一次性新产品开发奖励200万元。 广东印发方案，对年新增投资总额10亿元以上、符合条件的重点引资项目，允许各地统筹使用市域内污染物排放总量指标。 今日天气 　　吉林东部、辽宁东部、山东东部和南部、河南南部、江苏中北部、安徽中北部、湖北东部和南部、湖南北部、重庆中北部、川西高原南部以及广东西南部沿海、广西南部沿海、海南岛西南部等地部分地区有大到暴雨 。 早安中国 　　每个清晨，遇见大美中国。 　　云南昆明阳宗海，碧波粼粼，湖水清澈。岸旁生长着云南松、华山松、云南油杉，花䱻、云南光唇鱼等鱼类在水中游弋。山花烂漫，馥郁芬芳，阳宗海欢迎您！ 平日努力打拼，周末不妨给自己放个假。读一本好书，听听喜欢的音乐，或是到户外走一走，让心情回归轻松平静，让身体重新积蓄能量。劳逸结合，张弛有度，才能更加游刃有余。周末，早安！ 来源：郑薛飞腾 ，实习生：甘雨欣、余典、 赵梦媛   ｜主播：蓝艳 觉得好看，请点这里 ↓ ↓ ↓
【夜读】永远相信美好的事情即将发生,https://mp.weixin.qq.com/s/FdAy3VwFPIVVunxVgcKCdA,2025-09-23,当你往好的方向想 事情就会慢慢变好 生活里，你是否会有这样的感受：有些事本身能不能做成，常常不取决于事情本身有多难，而是取决于自己的状态和信念感。如果能保持一个好的状态和积极的信念感，就算开头难，之后也会越来越顺。 很多事情，你只要往好的方向想，它就会慢慢变好。 把精力和时间留给热爱，而不是用来内耗：“把时间分给睡眠，分给书籍，分给运动，分给花鸟树木和山川湖海，分给你对这个世界的热爱，而不是将自己浪费在无聊的人和事上。当你开始做时间的主人，你会感受到平淡生活中喷涌而出的平静的力量，至于那些焦虑与不安，自然烟消云散。” 允许情绪流过 学会接纳自己 心理学有一个概念，叫“以己为景”，即允许万事万物自由地流过自己，观察它，描述它，体验它，但不被它裹挟带走。 事情发生了，观察这些事情在心里引起的震荡，但是我们不沉浸其中。面对挫折和烦恼，不要急于回避和控制，这个时候，我们反倒应该是冷静的、包容的、开放的，把眼前的挫折看作更深层次领悟生命的时机。允许自己与内在的困扰、外在的困境和平共处，正是一个人变成熟的开始。 “我允许”，是一种很厉害的人生心态。允许遗憾，允许脆弱，允许不完美。只有先允许，才能接纳和释怀，然后勇敢地继续往前走。 永远相信 美好的事情即将发生 一个对未来有信念感的人是怎样的？ “我允许自己栽跟头，爬起来继续走就好。” “我相信我永远有反思、学习和站起来的勇气。” “我的人生没有失败，要么成功，要么成长。” “我有资格获得世界上一切美好的事物，我相信自己值得。” 磨砺都是暂时的。十年前曾以为不得了的事，十年后再回看，发现根本没什么大不了。 人生中，那些你曾以为难以跨过的山，其实都已经跨过了。那些你曾以为无法克服的难关，有一天或许会后知后觉地发现，那里藏着人生的转机。 生活充满了选择，遗憾也不过是常态。赶路的你，只管向前走，给好运一点时间，走过漫长夜路，美丽的朝霞就会出现。 请永远相信，美好的事情即将发生。 来源：人民日报夜读，综合央视新闻等 |  主播：赵文龙 本期编辑：李娜，实习生：洪舒云 觉得好看，请点这里↓ ↓ ↓
教育部发布留学预警,https://mp.weixin.qq.com/s/tLxRBUL7YFN972sgXlHo_A,2025-09-23,教育部发布2025年第3号留学预警 近段时间以来，菲律宾针对中国公民的恶性案件持续多发，菲治安形势和留学环境不佳。教育部再次提醒近期拟赴菲留学人员进一步加强风险评估，切实增强防范意识，谨慎规划留学安排。 网站截图 来源：教育部教育涉外监管信息网 本期编辑：胡程远、林帆 转发提醒！ ↓ ↓ ↓
国台办：依法追责，坚决打击！,https://mp.weixin.qq.com/s/iKdXbbItH0skCwtyqg6HDw,2025-09-23,2025年8月29日，国务院台办发言人朱凤莲答记者问。 问：9月3日，抗战胜利80周年纪念活动将在北京隆重举行。民进党当局有人扬言，国民党曾任政务官者参加大陆有关活动都会有风险，只要指标性人物去就会查办。对此有何评论? 答：抗战胜利是全民族的胜利，也是世界反法西斯战争胜利重要组成部分。为了民族解放、台湾光复，打败日本法西斯，包括台湾同胞在内的全体中华儿女为此付出巨大牺牲、作出重要贡献。 台湾各界代表人士来京参加抗战胜利80周年纪念活动，是秉持民族大义的体现，是坚持正义良知的体现，堂堂正正，无可非议 ，有利于两岸同胞铭记历史、缅怀先烈，弘扬伟大抗战精神，共同致力于两岸关系和平发展、中华民族伟大复兴。 民进党当局对此如临大敌，百般阻挠、威胁恐吓，完全丧失民族立场，背弃正义和良知，严重违背两岸同胞意愿，严重伤害两岸同胞感情，充分暴露其“台独”本性，卑鄙龌龊，令人不齿。 对于民进党当局个别人公开叫嚣，甘当“台独”打手、帮凶，我们将依法追责，坚决打击。 来源：人民日报客户端，记者：张烁 本期编辑：胡程远、林帆 觉得好看，请点这里 ↓ ↓ ↓
损害器官、提高患病风险……这种“厨房神器”，真的别再用了！,https://mp.weixin.qq.com/s/wbHXRW9cJq2Oe99IBlsncg,2025-09-23,很多人都有这样的习惯，将矿泉水瓶、饮料瓶洗干净用以储物，比如装酱油、醋等调料，大饮料瓶装米、面、粮、油等，一些人还把塑料瓶称作“厨房神器”。 然而，看起来环保节约的废物利用，却隐藏着不小的健康隐患。 01 不推荐重复使用饮料瓶、矿泉水瓶 生活中，塑料制品随处可见，它们之间其实有差别。 在塑料制品上，我们通常都能找到一个三角箭头的标志，标志中的序号从1—7不等， 代表的是它们原料树脂的规格 。 不同 等级的塑料制品，有着不同的特性和 应 用场景。 大家常见的饮料瓶、矿泉水瓶、一次性包装袋等，通常都是1号PET材质，即聚对苯二甲酸乙二醇酯。这种材料轻巧、无异味、化学性能稳定、气密性强， 可直接用于食品包装 ，是应用最广的饮料包装材料。 市场上的PET塑料品，只要遵守国家标准，在符合存放条件、存放周期的情况下，有害物质的迁移量都低于标准量，不会给人体带来健康风险。 但 如果重复使用，或更换盛放的东西、在不适合的条件下存放，可能导致本来安全的塑料瓶变得不安全。 改变盛放的东西，可能带来安全风险 饮料瓶、矿泉水瓶等在设计生产时主要针对水、碳酸饮料、果汁等液体，如果让它来盛装其他液体，可能会因为液体性质的变化而 释放 有害物质。 比如，用饮料瓶盛放醋，液体的pH值降低，很可能会让有害物质的迁移量增多。 有研究发现， 用PET塑料瓶分别装4%的乙酸、10%的乙醇和20%的乙醇时，装乙酸的瓶中，有害物质锑的迁移量明显高于另外两种 。 高温会让饮料瓶变得不安全 PET不耐高温，如果盛装过热食品就会形变，同时迁移出危害人体健康的有害物质。 有人用饮料瓶、矿泉水瓶分装食用油，并放在炉灶周围，高温环境会急剧加剧饮料瓶中有害物质的迁移与扩散，带来健康风险。 饮料瓶会老化，带来健康风险 PET会因长时间使用而老化，从而导致有害物质的迁移量增加。有些人用塑料饮料瓶装大米、小米、红豆、调味料等食物，好几年都不换，会带来健康风险。 02 迁移出的有害物质有这些危害 饮料瓶、矿泉水瓶等PET塑料瓶，在使用过程中迁出的有害物质，可大致分为两类： 制作过程中使用的金属催化剂“锑” 锑具有生物毒性，可通过皮肤、消化道等路径进入人体，对皮肤、心脏、肝脏、肾脏等组织或器官造成损害。 虽然小剂量的锑对人体影响不明显，但它存在一定的蓄积作用， 长期慢性摄入，会给人体各器官、各系统带来不可逆的损伤 。 其他有机物 为了增加PET的耐用性、强度等，通常在制作过程中会加入一定量的塑化剂。塑化剂会扰乱人体的内分泌系统，同时提高癌症风险，给健康带来潜在隐患 。 03 如何正确使用塑料制品？ 除了“1号 PET”，这里整理了日常生活中，大家经常接触到的其他几类塑料及其使用注意事项。 2号 HDPE 高密度聚乙烯 对于高温的耐受力稍高一些。除了制作成塑料袋、塑料桶等形式，多用作建筑中的管材、门窗、纤维制品、中空容器、薄膜以及注塑制品等等。 HDPE同样会在长期使用中释放有害物质， 不建议用于盛放食品 。 3号 PVC 聚氯乙烯 分硬性和软性两种，通常用于日用品类，比如塑料手套、塑料板材、日用品塑料瓶等。 一些保鲜膜，也会使用PVC材料，这种保鲜膜不适合高温加热。 4号 LDPE 低密度聚乙烯 常见的有保鲜膜、密封袋等，可适当耐受90 ℃ 左右的温度， 不建议装高温食物 。 5号 PP 聚丙烯 如果习惯用塑料盒装食物，可以专门购买符合标准的PP塑料盒。 PP塑料制作的微波炉餐盒、奶瓶等耐高温，可以装热水、热食物等。 需要注意的是，一些可进微波炉的餐盒盒体是PP材质，但盒盖可能不是。因此加热时需要拿掉盒盖，否则也会导致有害物质释放。 6号 PS 聚苯乙烯 主要应用于一次性餐具、饼干盒、文具等，耐热性较差， 不建议盛装高温食物 。 7号 OTHER  其他所有未列出的树脂及混合料 其他所有未列出的树脂及混合料。如聚碳酸酯（PC）：无色透明、耐热，具有抗冲击，可以用于制作可重复使用的水瓶、奶瓶等，也可用于制造日用品，如水桶、行李 箱等。 PC产品应避免盛装高热食物，有裂纹/破损要停止使用。 来源：科普中国微信 本期编辑：胡程远、林帆 觉得好看，请点这里 ↓ ↓ ↓
去年是红裙子，今年是黑裙子，又是她！,https://mp.weixin.qq.com/s/c5KBn_mlGLu-Q7qfw9orSw,2025-09-23,去年是红裙子 今年是黑裙子 谢雅萍 又是你！ 8月25日夜晚9点多 浙江省嘉兴市 秀洲油车港镇正阳路菱坊路口 一位老人走在机动车道 头上戴着头盔 手里拎着袋子 偶尔驶过的车辆 让他微驼的身子不时驻足躲避 一辆红色轿车发现了老人 穿着黑色连衣裙的驾驶员 立刻减速掉头喊住他 “大爷，您去哪啊？要不要帮忙？” 老人有些呆愣 半天也说不出一句话 女子迅速靠边停车询问老人情况 但老人应该是累坏了 意识有些模糊 嘴里只是不断重复着 “你是好心人！你是好心人！” 她打开老人手中的袋子 从里面找到了几张病历 原来老人姓蒋，今年73岁 当天去了医院配药 估计是迷路了 黑裙女子立刻拨打报警电话 并一直陪着老人在原地等待 还给他递上了水和纸巾 不到5分钟 油车港派出所值班民警赶到现场 很快联系上了他的儿子 “谢谢谢谢！ 我刚准备出门去找他了 没想到你们就给送回来了 也替我谢谢那位姑娘！” 老人儿子赶来接回了父亲 得知有位姑娘帮助过父亲 希望民警能找到她 近日 穿黑裙子的好心人 找到了！ 她是浙江省嘉兴市公安局 治安管理支队职工谢雅萍 这不是她第一次 在深夜对老人出手相助了 去年一个下着暴雨的凌晨 穿着红色连衣裙的她 撑伞奔向迷路老人 成为雨夜里最暖的一抹亮色 “那天已经蛮晚了，路上人很少 老人看起来状态也不是很好 一个人走在机动车道上 前方又是一片工厂区 我就有些不放心 以前我也遇到过老人迷路的情况 所以还是决定回去看看” 一次次看似的偶然 都是善意的必然 为谢雅萍点赞！ 来源：嘉兴公安（ 刘夕豪 陈晓青  葛隽 ）、 浙江公安（王于京） 本期编辑：刘杰、王若彤 为 谢雅萍 点赞！ ↓ ↓ ↓
停止饮用这5种茶，小心伤肝又伤肾！不少人还在喝,https://mp.weixin.qq.com/s/lyZIGSWubCH216zErTOmcg,2025-09-23,　　茶与可可、咖啡并列为全球三大不含酒精的饮品。 　　刘某某是典型的茶饮爱好者：年轻的时候开始喝茶，到如今已经有68岁了，依然每天都要喝点茶。 　　近段时间，刘某某总感觉喉咙里有东西卡着，吐不出来也咽不下去，本来以为是咽炎，可买了药服用却不见好转。直到后来连喝水都变得困难，他才在老伴儿的陪同下到了医院检查， 结果被确诊食管癌晚期！ 　　问诊后，医生认为刘某某的食管癌与长期喝热茶有关—— 长期喝烫茶导致食管黏膜受损，被食管癌盯上了。 那么，经常饮茶的人 会增加罹患癌症的风险吗？ 在日常生活中 选择喝茶还是喝水 哪种更益于我们的健康呢？ 　　事实上，茶叶所含的茶多酚具有很强的抗氧化作用，能有效清除对人体有害的多余自由基。茶多酚和其氧化产物能吸收放射性物质，有助于预防和治疗辐射伤害。而茶叶中的咖啡因则有提神醒脑、利尿解乏的作用。 目前普遍认为，适当喝茶是有益健康的。 每天一杯茶 真的可以预防心血管疾病吗？ 　　《中国居民膳食指南（2022版）》对国内外的文献数据做了系统梳理，通过对这些文献的对比分析，查找了相关的科学证据，发现经常饮茶能够降低心血管疾病的发病风险。 　　另外一项荟萃分析的结果表明，每天饮一杯茶，也就是每天饮茶达到200毫升左右，可以使心脑血管疾病的发病风险降低4%。除此之外，每天饮茶不仅可以降低2型糖尿病的发病风险，还可以降低胃癌的发病风险。 茶叶中突出的 营养物质有哪些？ 　　1、茶多酚 　　它具有较强的抗氧化活性，有一定的抗癌作用，能够降低低密度脂蛋白的含量，有助于调控血糖、改善血脂，对降低心血管疾病的发病风险有很重要的作用。 　　2、茶氨酸 　　它是一种神经保护剂，有助于改善人体的认知功能，对抑制阿尔茨海默病有一定的积极作用。还可以舒缓情绪，改善睡眠质量。 　　3、咖啡碱 　　它可以刺激神经系统、降低患神经退行性疾病的风险，还具有利尿、增加肌肉耐力、抗疲劳等作用。 这5种茶不建议喝 　　1、浓茶 　　茶叶中含有鞣酸，大量饮用浓茶会影响铁的吸收。因此，缺铁性贫血的人应注意少喝浓茶。茶叶中含有咖啡碱，会影响对咖啡碱敏感者的睡眠，需要注意饮茶的时间和量。 　　2、霉变茶 　　茶叶发霉是因为受了青霉、曲霉等微生物的污染， 喝了发霉的茶轻则可能引起腹泻等食物中毒症状，重则可能会引发肝、肾等重要器官的病变。 受潮发霉的茶，闻起来多有潮湿阴霉的气味，尤其冲泡时这种气味更为明显，茶叶应该放在干燥处保存，以防霉变。 　　3、串味茶 　　茶叶含萜类物质，结构多孔，极易吸收异味，和其他有味道的东西放在一起一段时间后，很容易变味。有的味道含有毒素，如油漆味等，会对人体造成伤害。茶叶存放时要尽量隔绝有异味的食物，防止串味。需要注意的是，不同等级、不同品种的茶叶，也应分类存放。 　　4、久泡茶 　　冲泡时间过长，不仅茶汤色暗、味差，失去品尝价值，而且茶叶中的维生素等因氧化而减少，会使茶汤营养价值大大降低。另外，茶汤搁置时间太久，容易受到周围环境的污染，使茶汤中的微生物数量增多，很不卫生。 　　5、过烫茶 　　泡茶的水温一般在80℃~90℃，有时还是100℃的沸水，因此 不能在过烫时饮用，否则会烫伤口腔和食道黏膜，造成溃疡，久而久之可能诱发口腔癌、食道癌。 来源：广州日报综合CCTV生活圈、潮新闻、健康时报 本期编辑：刘杰、王若彤 转发提醒 ↓ ↓ ↓
6G，取得新突破！,https://mp.weixin.qq.com/s/YR2m2y8Rx1mc7XfGR9H01w,2025-09-23,我国科学家在6G无线通信领域取得新突破 我国科学家近日成功研制出超宽带光电融合集成系统，首次实现全频段、灵活可调谐的高速无线通信，有望为未来更畅通可靠的6G无线通信提供保障。该成果8月27日晚在线发表于《自然》杂志。 6G作为下一代无线通信网络，需要在多样化场景下满足各种频段的无线信号高速传输。然而，传统电子学硬件仅适应于单个频段，不同频段的器件又有不同的设计、结构和材料，很难实现跨频段或全频段范围的工作。 图为研究人员在北京大学实验室内调试系统链路。（受访者供图） 为此，北京大学、香港城市大学组成的联合研究团队，历经4年，自主研发出超宽带光电融合集成系统。该系统的无线信号从0.5GHz（千兆赫兹）到115GHz范围内任一频点都可实现高速传输——这一全频段兼容能力国际领先。该系统还具有灵活可调谐能力，在信号受到干扰时，能动态切换至安全频段建立新的通信通道，提升了通信的可靠性和频谱利用效率。 “这项技术就好比建了一条超宽的高速公路，车辆就是电子信号，车道是频段。过去，车都只能挤在一两个车道上，而现在有很多车道可选择。如果一条道堵了，车还能灵活换道再走，车走得更快，不会堵车。”北京大学电子学院副院长王兴军教授说。 图为基于相关研究，所构想的未来无线网络全场景图。（受访者供图） 王兴军表示，通过植入AI算法，这种新系统将催生更灵活智能的AI无线网络，不仅可在多种复杂场景下应用，同步实现实时数据传输与环境精准感知，还可自动规避干扰信号，让网络信号传输更安全通畅。 来源：新华社，记者：魏梦佳 本期编辑：刘杰、王若彤 点赞！祝贺！ ↓ ↓ ↓
白天穿着白大褂，晚上在八角笼KO对手？“女版黄飞鸿”来了,https://mp.weixin.qq.com/s/patbmZh1nwOuMekFQU2L_w,2025-09-23,白天，穿着白大褂 晚上，在八角笼中猛击对手 她，是谁？ 石铭 出生于1994年 娃娃脸，小酒窝 声音柔美，长笛满级 生活中的她 是一位 中医内科医师、针灸师 同时，她也是 一名 终极格斗冠军赛UFC的签约选手 因其反差感极强的双重身份 被网友称为 “地表最强女医生” “女版黄飞鸿” 今天 一起走近石铭 的“双重生活” ↓ ↓ UFC首秀 “输掉这场比赛，我真的很难过，觉得自己给中国丢脸了。” 谈及刚刚结束的比赛，石铭言语中充满愧疚。 8月22日，在上海举办的 终极格斗冠军赛 UFC首秀上， 石铭对阵巴西选手布鲁娜·布拉西尔。尽管打满三回合，最终以点数告负。 但不少网友被石铭的顽强打动。 石铭参加的这场比赛被安排成头条主赛。“这是我第一场比赛，然后就被安排成头条主赛，观众一直在喊我的名字，我背负了很多大家的期待。” 比赛中，石铭面对有多场UFC比赛经验的巴西选手，身高、臂展的劣势都成为对方击打的突破口。 “虽然我用了针对性的技术，但是体重、力量大的选手，可以用蛮力去逃脱。” 尽管石铭主动发起进攻，不停地往前压迫对手， 但由于受技战术发挥、生理期等影响，她在最后一回合没能发挥出最佳水平，最终输掉了比赛。 在与教练巴格复盘比赛时，石铭发现自己很多技术做得不够完美，“比如抱摔时，光往下拉不够，膝盖姿势也要完美，否则对手也能用蛮力挣脱。” “我让大家失望了。” 赛后，石铭在社交平台上发布了视频。然而她的评论区却全是鼓励的声音。 “像做错事的孩子，我们不失望。”“虽败犹荣，再练，打回去就是。” “我会用下一场比赛来证明自己。” 石铭说。 从兴趣班走出的格斗爱好者 石铭与格斗的缘分始于 小学时期的跆拳道兴趣班。 “刚开始练的是跆拳道，业余的兴趣班。”石铭说。家人对她的这个爱好十分支持，总是按时接送，风雨无阻。“那时候在跆拳道比赛，我还是以锻炼自己为主。” 十几岁时，她开始接触散打， “当时，大一点的小朋友或者是成人，他们就不上跆拳道的课，都练散打或者拳击。所以我就在练跆拳道的同时，上了一些散打课。” 2017年，石铭才真正开始练格斗。 这一年，她开始跟随巴格教练系统地学习，训练频率也稳定下来，一个星期三节课，一节课两个小时左右。 当时，综合格斗在中国刚刚兴起，开始举办比赛。 “综合格斗不太一样的是，输了也有一些奖金，赢了的话就加倍。”奖金的诱惑，让石铭对综合格斗比赛充满了期待。而且，大学时期时间相对宽裕，石铭也想借着比赛的机会出去看看外面的世界。 就这样，她带着简单而纯粹的想法，踏上了综合格斗的赛场。 从2017年开始，石铭从低级别的比赛打起，凭借着超高的胜率，走上了UFC的舞台。 UFC全名终极格斗冠军赛，是世界上顶级和规模最庞大的职业综合格斗赛事，这项比赛的擂台为标志性的八角笼，在开放式规则下为不同武术流派的格斗家提供统一的竞技平台，最终打出终极冠军。 2024年，石铭迎来了职业生涯的巅峰—— 在UFC格斗之夜澳门站精英之路女子草量级决赛中，她以一记高扫踢KO对手冯萧灿，夺得UFC合同。 这场胜利不仅让她成为第16位现役中国UFC运动员，更让她的名字登上了国际格斗舞台。 “女版黄飞鸿” “娃娃脸，声音柔美，三甲主治医生，副业是职业UFC选手，现在却告诉我她最厉害的是长笛，还是满级！” 在石铭的社交平台下，这是网友评论最多的一句话。 2013年，石铭受从事中医的爷爷的影响，报考了云南中医药大学针灸推拿学专业，2018年，石铭大学毕业， 进入昆明某医院，成为一名中医内科医师，针灸师。 在踏入职业赛场前，她和绝大多数人一样，专心读书之余有点自己的兴趣爱好。但和很多人不同的是， 在做好主业的同时，她把业余爱好也做到了极致，长笛满级十级，格斗登上了顶级的舞台。 因为医术高超，还精通长笛、格斗，网友戏称她为“地表最强女医生”，也有人叫她“女版黄飞鸿”。 而她对此只是腼腆一笑：“大家叫我什么都行，我都喜欢。” 为了平衡医生与运动员的双重身份，石铭不得不将时间压缩到极致。 “白天在医院接诊，晚上训练，周末加班攒假去比赛。” 为了备战这次的UFC上海站，石铭7月份连续加班，就是为了提前调出8月份的假期参加比赛。 为了更好地备战，她特意为自己加练了很多体能，比如有时间就去跑步，每天早上起床就开始做引体向上。 即便如此，她的训练强度仍远低于全职运动员。“我的课90%都是在技术。”她解释说，“因为技术是格斗的核心，尤其是面对力量型选手时，技术可以弥补身体劣势。” 石铭的故事刚刚开始 “比赛前，UFC拍摄团队去采访我妈妈，那时候她才知道什么是UFC。”尽管家人一直知道她在练格斗，但直到最近，家里人才真正理解这项运动的分量。石铭笑着说，“她当时很激动，但后来才明白，哦，原来我打的是这么重量级的比赛。” “以前，我还在看伟丽姐的昆仑决比赛，没想到后来能和她面对面交流。” 格斗选手张伟丽是石铭的偶像，张伟丽也是2019年UFC女子草量级世界冠军，亚洲首位UFC世界冠军。石铭说，张伟丽给了她很多精神上的鼓励。 “伟丽姐在赛前特意来更衣室鼓励我，赛后也发信息说：‘没有人会对你失望，输赢都是正常的事，你是兼职训练，打UFC每个人都是全职，你已经非常厉害了’。” 对于未来，石铭的目标很清晰：“我希望一年能打3到4场比赛，这样的话，我会有精力去适应UFC的节奏，再挑战身材相近的对手。因为 格斗不仅是竞技，更是一种精神，所以无论面对多大的困难，我都要坚持下去。 ” 而属于这位“地表最强女医生”的故事，才刚刚开始。 石铭，继续加油 未来可期！ 来源：大象新闻，记者：陈郑伊、彭丹、杜卉、蒋黎明 本期编辑：刘杰、王若彤 一起为石铭点赞！ ↓ ↓ ↓
人民币，大消息！,https://mp.weixin.qq.com/s/ocV6NBbqfg5TmCyQSnQBzg,2025-09-23,　　中国人民银行官网28日发布消息，经国务院批准，近日 中国人民银行与新西兰储备银行续签双边本币互换协议，互换规模为250亿元人民币，协议有效期五年， 经双方同意可以展期。 　　双方再次续签双边本币互换协议，有助于进一步深化两国货币金融合作，促进双边贸易和投资便利化，维护金融市场稳定。 来源：中国人民银行网站 本期编辑：刘杰、王若彤 觉得好看，请点这里 ↓ ↓ ↓
今天至9月3日，北京部分道路临时交通管控,https://mp.weixin.qq.com/s/99mqsLFzewRMFrP067iSnw,2025-09-23,8月29日，北京市公安局公安交通管理局发布《关于中国人民抗日战争暨世界反法西斯战争胜利80周年纪念大会期间采取临时交通管理措施的通告》。 2025年9月3日上午在北京天安门广场，隆重举行纪念中国人民抗日战争暨世界反法西斯战争胜利80周年大会（以下简称“纪念大会”）。 为保障纪念大会安全顺利，根据道路交通安全法律法规有关规定，决定对天安门地区及相关道路分时、分段采取临时交通管理措施。 具体如下—— 一、8月30日18时至9月3日14时 ，天安门前金水桥以北、故宫午门以南地区，中山公园，劳动人民文化宫，故宫及神武门外广场，西华门路口（不含）经西华门大街、西筒子河路、东筒子河路、东华门大街至东华门路口（不含），除持有纪念大会证件的机动车和人员外，禁止其他机动车、非机动车和行人通行。 二、9月2日7时至9时、12时至14时，9月3日19时30分至21时、9月4日1时至2时 ，昌平南口地区温南路、昌流路相关路段，除持有纪念大会证件的机动车和人员外，禁止其他机动车、非机动车和行人通行。 三、9月2日11时至9月3日22时， 广场东侧路，广场西侧路，人大会堂西路，新大路，除持有纪念大会证件的机动车和人员外，禁止其他机动车、非机动车和行人通行。 四、9月2日21时30分至9月3日18时 ，由府右街北口经府右街、北新华街至和平门路口向东，经前门西大街、前门东大街、崇文门西大街至崇文门路口，经北京站西街（不含南侧半幅）、北京站东街（不含南侧半幅）至北京站东街东口（不含）向北，经东二环西侧辅路（不含）至金宝街东口（不含）向西，经金宝街、金鱼胡同、东安门大街、东华门大街至东华门路口向北，经北池子大街、景山前街、文津街至府右街北口以内区域；长安街由府右街南口至复兴门桥（不含）；建国门外大街由建国门桥至国贸桥（不含）；前门大街，前门步行街；除持有纪念大会证件的机动车和人员外，禁止其他机动车、非机动车和行人通行，区域内居民可凭身份证等有效证件步行进入。 五、9月2日21时30分至9月3日18时 ，东华门大街，北河沿大街（沙滩路口至东华门大街东口），景山东街，景山西街，景山后街，北海南门停车场，宣武门东大街，前门西大街，前门东路、前门步行街，煤市街，前门东大街，崇文门西大街，正阳市场停车场，南新华街，祈年大街，东打磨厂街，除持有纪念大会证件的机动车外，禁止其他机动车和非机动车通行、停放。 六、9月2日21时30分至9月3日1时，9月3日10时至12时 ，西大望路由红庙路口（不含）至大望桥（不含），光华路由针织路口（不含）至光华路东口，除持有纪念大会证件的机动车和人员外，禁止其他机动车、非机动车和行人通行。 七、9月3日0时至2时 ，东二环路由朝阳门桥（不含）至东便门桥（不含），禁止机动车、非机动车和行人通行，车辆和行人可经东四十条桥、广渠门桥向东、西绕行。 八、9月3日9时30分至13时 ，复兴门桥，复兴门外大街，复兴路由木樨地桥至新兴桥（不含），除持有纪念大会证件的机动车和人员外，禁止其他机动车、非机动车和行人通行，社会车辆和行人可经广安路，紫竹院路，西直门外大街绕行。 九、9月3日10时至11时 ，西二环路由复兴门桥至官园桥（不含）南向北主、辅路，除持有纪念大会证件的机动车和人员外，禁止其他机动车、非机动车和行人通行。 十、9月3日10时至12时 ，东二环路由东直门桥（不含）至东便门桥（不含），禁止机动车、非机动车和行人通行，车辆和行人可经东直门北桥、广渠门桥向东、西绕行。 十一、9月3日10时10分至11时30分 ，平安里西大街，地安门西大街，地安门东大街，张自忠路至东四十条桥，除持有纪念大会证件的机动车和人员外，禁止其他机动车、非机动车和行人通行。 十二、9月3日10时40分至12时30分 ，工人体育场北路，农展馆南路，朝阳公园南路，甜水园街，金台路，除持有纪念大会证件的机动车和人员外，禁止其他机动车、非机动车和行人通行。 十三、9月3日18时至22时 ，长安街由府右街南口（不含）至南池子南口（不含），除持有纪念大会证件的机动车和人员外，禁止其他机动车、非机动车和行人通行。 十四、前往北京站的机动车和非机动车 ，可由东二环路东便门桥、崇文门东大街、北京站西街、北京站东街、东二环路单向循环通行。 除上述区域和道路外，交管部门将根据国事外事活动需要，适时对部分道路采取临时交通管控措施。管控期间， 交管部门将坚持“不扰民、少扰民”，最大限度压缩管控时间、范围，加大社会交通引导放行力度，全力服务群众出行 。 管控时间如有调整，将及时宣传告知。请社会单位及广大群众，对临时交通管控措施予以理解、支持和配合，合理安排出行时间、路线和方式，出行时绕开管控区域、道路，由此带来的不便，敬请谅解。 来源： 北京市公安局公安交通管理局网站 本期编辑：刘杰、王若彤 重要时刻，共同期待↓ ↓ ↓
“2号餐”，免费！,https://mp.weixin.qq.com/s/8tC9yiOV9ZDSpSRS2G3bow,2025-09-23,在 广东省广州市番禺区 一家餐厅有一份全网好评的招牌菜 “2号餐” 点这份餐的人并不多 可 老板黄展护 却坚持做这份餐 一做就是近十年 最近 ，黄展护 为陌生男孩 提供“2号餐”的视频 更是打动了无数人 免费的“2号餐”背后 是老板近10年的温暖坚持 8月13日 黄展护正在后厨炒菜 他的妻子曾春玲 则在门口的熟食档招呼客人 店门口 一个拖着行李箱的少年犹豫了许久 直到客人渐少，才鼓起勇气走进来 点了一份 “2号餐” 曾春玲 什么也没问 直接安排了一份“豪华套餐” 猪脚肉、盐焗鸡、香煎鱼、苦瓜煎蛋 还有一大份青菜和米饭 吃完饭后 男孩找到夫妻二人，浅浅鞠躬 说了声“谢谢” 少年口中的“2号餐”是 小店 的招牌菜 店门口有一张显眼的贴纸 写着 “免费2号餐” “如果你在广州找工作，生活暂时遇到困难 需要帮助的话 跟我们的店员说‘要个2号餐’ 不用不好意思，吃完直接走就行” “‘2’是个谐音字，也是‘爱’的意思” 黄展护还是一名退伍军人 这份温暖 他坚持了近10年 “自己淋过雨 所以选择为别人撑伞” 这份善意 源自黄展护自己的经历 2008年， 黄展护 来到广州打拼 初到大城市 也曾感到迷茫和无助 那时，房东通过免租、少收租金的方式 帮他度过了最难熬的阶段 这份雪中送炭的温情 黄展护 一直铭记于心 后来，黄展护和妻子 承包工厂盒饭 常有一些生活困难的人 悄悄进来寻找剩余的饭菜充饥 一次次目睹这样的场景后 他心里很不是滋味，便和妻子商量 决定以一种更体面的方式提供帮助 “希望‘2号餐’这个暗号 可以让他们少一些窘迫 更好地保护他们的尊严” 黄老板说，自己淋过雨 所以也想在自己有伞的时候 给别人撑开一点希望 而“火了”之后 一起“撑伞”的人越来越多 当饭店收款账户有人多付了1000元时 黄老板赶紧说 “等下我要退给你的 过来吃饭已经很感激了 真的很感谢你” 对来吃过“2号餐”的顾客 黄老板说他最大的愿望 是没有回头客 “不再来，证明他过得很好了 我希望大家都越来越好 我当时帮到你了 你以后能帮到别人，那就更好” 来源：央视新闻综合羊城晚报、广州日报 本期编辑：刘杰、王若彤 觉得好看，请点这里 ↓ ↓ ↓
带这些字眼的奶茶，尽量别点！,https://mp.weixin.qq.com/s/yoxiSABAzNUQzGYEi39nJw,2025-09-23,“喝奶茶吗？” 你或者你身边的同事朋友 是否会经常发出这样的邀约？ 但在这杯香甜可口的饮品背后 却潜藏着健康隐患 近日， “带这些字眼的奶茶尽量别点 ” 话题冲上热搜 奶茶，你选对了吗？ 我们在点奶茶的时候 经常会看到 “轻乳”“厚乳”“厚椰乳”等标识 你知道它们有什么区别吗？ 奶精 　　即植脂末。买奶茶时，如果看到店员用粉末冲调，大概率用的就是植脂末。 　　植脂末的本质是糖和油的组合， 摄入过多容易造成体重超标或者肥胖 。 有些植脂末中还可能含有一定量的反式脂肪酸，对心脏不利。 基底乳 　　越来越多的奶茶店用鲜萃、轻牛乳、丝绒等词汇，搭配茶风味的描述，组合成各种创新的奶茶名字。 一般来说，没有明确写“只有牛乳（或鲜奶）”的奶茶，大概率用的是基底乳 。 其乳成分可能只占3%~5%，蛋白质和钙很少，脂肪含量是牛奶的5~8倍。 厚乳 　　是一种浓缩牛奶，质地浓稠、口感醇厚，营养价值也较高。但如今不少奶茶店用的是调制厚乳，在浓缩牛奶里加了炼乳、淡奶油、白砂糖和乳化剂，风味更浓，糖和脂肪含量也更高。 　　有些基底乳也被包装成厚乳，如“生酪厚乳”“大米厚乳”，成本低，营养价值不高。 厚椰乳 　　它和乳制品没关系，靠丰富的脂肪带来醇厚的口感和椰香，热量较高，不利于心血管健康。 点奶茶时 应尽量避免点 使用奶精、基底乳、厚乳等品类 喝奶茶时 怎么辨别“科技与狠活”？ 奶茶都是“科技与狠活”吗？ 不少消费者 对其中的食品添加剂心存疑虑。 对此， 重庆市食品药品检验检测研究院 副院长陈世奇表示： 奶茶中，并非所有添加剂都是“科技与狠活”。 只要在国家标准规定的范围内使用，食品添加剂是安全的。 但如果超范围、超剂量使用添加剂，就可能危害健康。例如，超量使用色素，可能会损伤神经系统和消化系统；违规添加非食用物质，会严重威胁消费者的生命健康。 如何识别 奶茶里的“科技与狠活”？ 陈世奇给出了以下方法 　　一看标签。 　　预包装奶茶的包装上，必须清晰标注品名、配料表、生产日期、保质期等信息。配料表是关键，显示了奶茶是否有食品添加剂等。 　　二观色泽和质地。 　　用鲜牛奶和茶叶制作的奶茶，颜色是自然的浅棕色或米色，质地均匀。颜色过于鲜艳，如呈现亮粉色、鲜绿色等不自然的颜色，很可能添加了过量色素；如果奶茶看起来分层明显或者有沉淀，那可能是品质出现了问题。 　　三闻气味和尝口感。 　　优质的奶茶有浓郁的奶香味和茶香味。如果过于甜腻，可能是添加了过多的甜味剂；如果有异味、酸涩味或苦味，可能与原料质量不佳、添加剂超标有关。 很想喝奶茶该怎么喝？ 为了健康 当然是不建议大家频繁喝奶茶 但如果对奶茶没有抵抗力 偶然喝一杯时 该怎么挑选呢？ 专家给出了几点建议 　　1.选真奶做的 　　如果是现制奶茶，可以观察下店家是不是用鲜奶做的，有的会写“真鲜奶、无奶精、无植物奶油”，大品牌的相对比较放心，最好不要加奶盖；如果是速溶奶茶或预包装的液体奶茶，那就看看配料表，选第一位是真奶的，尽量不选奶精、植脂末的。 　　2.小料要选对 　　小料不要选波霸、椰纤果等加工食物，可以选择水果块、燕麦、龟苓膏、烧仙草等小料。 　　3.选无糖或少糖的 　　虽然市售无糖奶茶也存在有糖的可能，但毕竟还是比全糖奶茶低很多。 　　4.喝奶茶后少吃饭 　　奶茶的碳水化合物和脂肪含量都不低，喝了奶茶当天就少吃两口主食、减少烹调油用量。 　　5.喝完记得多运动 　　一杯奶茶的热量至少要运动1小时去消耗，建议增加快走、慢跑、打球、游泳等运动，平衡热量，预防长胖。 你身边有爱喝奶茶的小伙伴吗？ 转发提醒下Ta吧～ 来源：光明网综合 湖北日报、健康时报、科普中国 本期编辑：刘杰、王若彤 转发周知 ↓ ↓ ↓
来了！新闻早班车,https://mp.weixin.qq.com/s/P-et5XYeLokLH6bxWf98iA,2025-09-23,点击这里，查看更多精彩内容 要闻 中共中央政治局8月29日召开会议，审议《中国共产党思想政治工作条例》，研究《中华人民共和国民族团结进步促进法（草案）》。中共中央总书记习近平主持会议。 习近平作出重要指示强调，锲而不舍落实中央八项规定精神，推进作风建设常态化长效化。 近日，中办转发《中央宣传部、中央组织部关于认真组织学习〈习近平谈治国理政〉第五卷的通知》，并发出通知，要求各地区各部门结合实际认真贯彻落实。 国务院公布第四批34处国家级抗战纪念设施、遗址名录；退役军人事务部公布第四批43名著名抗日英烈、英雄群体名录。 中央网信办日前部署网上涉退役军人不当行为和有害信息内容专项整治。 详讯 1—7月，国有企业营业总收入473110.9亿元，与上年同期持平。 国家外汇管理局数据显示，7月，我国外汇市场总计成交28.28万亿元人民币。 29日，中国人民解放军南部战区组织海空兵力位中国黄岩岛领海周边海空域开展战备警巡。同日，中国海警位中国黄岩岛领海及周边区域开展执法巡查。 我外交部回应菲律宾纵容台湾当局外事部门负责人窜菲，菲方踩踏中方红线的行为必将付出代价，由此产生的一切后果必须由菲方承担。 当地时间29日，泰国宪法法院裁决泰国被停职总理佩通坦·钦那瓦违反宪法相关规定，即日起解除其总理职务。 社会 29日，财政部、应急管理部紧急预拨2.2亿元中央自然灾害救灾资金，重点支持北京、河北等7省（区、市）做好应急抢险救灾工作。 农业农村部数据显示，1到7月，我国水产品总产量近3600万吨，同比增长4.37%。 近日，黄河下游防洪工程全面竣工并投入运用，治理范围共计820公里。 自然资源部消息，北斗系统重要配套设施——全国卫星导航定位基准站一张网站点规模已达6951座，并形成国、省两级分布式数据及服务体系。 检察机关依法对河南省人大常委会原党组副书记、副主任刘满仓涉嫌受贿、利用影响力受贿案提起公诉。 贵州省政协党组成员、副主席唐德智涉嫌严重违纪违法，目前正接受纪律审查和监察调查。 日前，2025年暑期档电影总票房（含预售）已突破115亿。《南京照相馆》《浪浪山小妖怪》《捕风追影》分列暑期档票房榜前三位。 因在军事敏感区放飞无人机，疑似拍摄阅兵军机，军事爱好者赵某、无人机飞手杨某被行政处罚。 我国目前自主建造最大吨位、最大储气量的新型海上浮式液化天然气生产装置——“NGUYA”（恩古雅）号日前在江苏南通举行启航仪式。 政策 国家文物局近日印发《全国重点文物保护单位文物建筑预防性保护技术导则（试行）》，这是首个针对不可移动文物预防性保护的规范性文件。 新疆将在全区范围内开展技工院校重点专业和精品课程项目申报评选工作，评选重点专业、精品课程各6个，分别给予20万元和10万元的资金支持。 安徽发文，将“产前常规检查”等44个价格项目纳入医保支付范围。 今日天气 　　辽宁南部、山东东部和南部、江苏北部、安徽中北部、河南东部和南部、湖北东部和西部、陕西南部、四川盆地北部、广东西南部、海南岛、广西南部、云南西部、西藏东南部等地部分地区有大到暴雨，其中，山东东北部、海南岛南部等地局地大暴雨。 早安中国 　　每个清晨，遇见大美中国。 　　西藏日喀则市仲巴县，湖泊众多，湿地广袤无垠。藏羚羊、藏野驴、牦牛等野生动物在这里悠然栖息，黑颈鹤等众多珍稀鸟类自由翱翔。高原风光壮美，万物生机勃勃，仲巴县欢迎您！      成功没有一蹴而就，我们需要具备足够的耐心，不断在实践中开阔眼界、丰富自己。只有自己强大起来，机遇才会随之而来。如果你能沉得住气，踏实走好每一步，相信前方定有美景在等你。早安！ 本期编辑：朱田恬，实习生：甘雨欣、 史怡菲  ｜主播：蓝艳 觉得好看，请点这里 ↓ ↓ ↓
【夜读】爱自己的50种方式，建议收藏,https://mp.weixin.qq.com/s/XZM23Hsu7ka7JB2UXkb8yQ,2025-09-23,今天是七夕 有人说 比起被别人所爱 我们更应该主动去爱自己 爱自己，才是浪漫的开始 今天， 我们想和你分享 爱自己的50种方式 呵护自己的健康 晨起喝一杯温水，为身体补充水分。 记得吃顿营养早餐，开启元气满满的一天。 别熬夜了，让疲惫的身体好好充充电。 睡前冲个热水澡，或者泡泡脚，放松紧绷的大脑。 不过度用眼，多向窗外远眺，看看天上飘过的云。   不要久坐，时不时站起来活动活动筋骨。 坚持散步、慢跑等运动，每周保持锻炼。 觉得累了就去歇一会儿，不要透支身体。 饮食清淡均衡，饭后半小时活动一下，不立即坐着躺着。 定期体检，及时掌握健康状况。 照顾自己的情绪 起床时暗暗告诉自己，今天也会是很棒的一天。 听听舒缓的轻音乐，找寻内心的平静。 不顺心时不急于抱怨，试着深呼吸30秒，缓解身心紧张。 烦躁时去绿树成荫的公园走一走，听听鸟儿的鸣叫。 不自信时，尝试对着镜子夸夸自己，给自己一些鼓励。 看一部喜剧电影，在欢声笑语中让自己快乐起来。 写写日记，梳理老照片，回忆美好的往事。 难过时，想哭就哭，释放情绪，别压抑自己。 和好朋友吃一顿火锅，唠唠嗑，分享自己遇到的好事坏事。 哪怕进步很小，也毫不吝啬地给自己点赞。 优化自己的习惯 少说“我不行”这样的丧气话，多对自己说，“我可以试试”。 凡事提前10分钟准备，让自己更从容。 有目标就第一时间执行 ，拖延只会错失机会。 决定做一件事，就告诉自己坚持下去，不轻言放弃。 尝试拒绝不合理的要求，为重要的事情留出精力。 在纸上写下近期事务的优先级，做完一件，打一个勾。 沉迷刷短视频只会让时间偷偷溜走，适时放下手机，拥抱线下生活。 遇事多换位思考，不少矛盾可以迎刃而解。 不过度依赖他人，学会独立思考。 学会每天复盘，在笔记本上记录一天的得失，看看有哪些环节可以进一步提高。 打磨自己的心态 接纳自己的不完美，努力提升但不必耿耿于怀。   听从内心的选择，不因外界的干扰轻易改变方向。 直面过错，勇于承担责任，不逃避、不退缩。 允许做事有瑕疵，对自己说“万事开头难，今后会越做越好”。 不盲目攀比， 接纳看似普通的生活，多从寻常处发现美和感动，在平凡里创造爱与诗意。   凡事尽力去做，学会享受过程中获得的成长。 中肯的意见和提醒，及时接纳，不合理的一笑置之。 从自己擅长的事做起，在正反馈中不断强化信心。 戒掉“玻璃心”，别想太多， 放下无谓的纠结。 多一些感恩，少一些抱怨，积极传递温暖和善意。 专注自己的成长 假期参观博物馆、美术馆，提升自己的审美。 再忙也别放弃阅读，从中获得知识和灵感。 上网学习一道喜欢的菜肴，试着做出来。 学习一门新的语言，坚持每天背10个单词。 有空出门旅游，体验不同的风土人情，开拓眼界。 在备忘录里写下自己的优点和长处，持续精进。 保持天马行空的想象力，大胆说出自己的新想法新思路。 勇敢挑战现阶段对自己有难度的事，事后及时总结，不断调整成长路线。 学会深度思考，提升自己的分析和判断能力。 每晚看一篇人民日报夜读。 来源：人民日报夜读综合央视新闻、洞见等   |   主播：赵文龙 本期编辑：胡程远，实习生：余典 觉得好看，请点这里↓ ↓ ↓
“不要相信晚上11点半后的大脑”上热搜，网友：已经开始后悔了,https://mp.weixin.qq.com/s/aGi4Z7KcsmGqBhwNMWC-Pg,2025-09-23,近日，“ 不要相信晚上十一点半后的大脑” 的话题 冲上热搜，引发网友热议。 有网友表示，一到晚上就做出莫名其妙的决定，不仅疯狂清空购物车，还老想吃东西。天亮后大脑宕机：这我买的？这我吃的？ 晚上不睡觉，不仅钱包“受伤”，还容易陷入焦虑。 冲动消费、自我怀疑、情绪低落……为什么有的人一到晚上就容易干 “傻事” ？ 心理学上，这种表现叫 “深夜效应” ： 白天大脑分泌的 血清素 有助于 维持情感稳定 ，深夜这种物质 分泌水平会下降 ，情绪管理能力减弱 ，负面情绪被放大，容易因情绪波动造成冲动决策。 而且，经历长时间的工作和活动，身体与脑力能量大量消耗， 自控力会变差 。到了晚上，大脑认知资源近乎枯竭，没有能力做出全面的分析， 决策能力大幅下降 。 此外，白天我们被各种社会角色约束，言行保持着理性；可一到夜里，大家就容易过度关注甚至放大负面感受。 这种持续、反复 自我审视 会让人在不悦、悲伤中 越陷越深 ，继而做出冲动、失控的选择。 “夜里，当我们的思绪集中在某些问题上时，它们可能会变得黑暗和可怕。但是到了早晨，所有这些又会像梦一样消失 。 ” 如果你不仅晚上容易冲动，在白天也经常莫名愤怒、烦躁，那可能是 身体严重缺觉 了。平时出现以下几种表现，其实都是身体释放的 “缺觉信号”。 1. 倒头就睡 经常躺下后5分钟内就入睡，可能存在严重睡眠不足。 2. 容易健忘 睡眠不足会导致难以形成记忆，逻辑思维不清。 3. 饥饿感强 睡不够影响瘦素和生长素等激素，增加人们对食物的渴望。 4. 笨手笨脚 睡眠不足会导致行走不稳、协调性差以及意外频繁发生。 5. 更易走神 开车时错过公路出口、忘记转弯，或做事注意力不集中，都可能与睡眠不足有关。 6. 口齿不清 缺觉时，人往往很难有自发性的复杂话语，更容易出现口齿不清、口吃和说话单调等问题。 你有没有在晚上 做出过“脑袋一热”的决定 欢迎来留言区聊聊 来源：外研社UNIPUS、生命时报 本期编辑：石磊、方梓祎 觉得好看，请点这里 ↓ ↓ ↓
“最亲爱的惠呵，我们又要离别了……”,https://mp.weixin.qq.com/s/OjxVHqu99ejAhcKMz0RW7w,2025-09-23,全民族抗战爆发后 在 安徽舒城办学的 胡孟晋 毅然辞别老母、妻儿 步行数百里 找到新四军，投身抗战 1938年10月 胡孟晋加入中国共产党   “最亲爱的惠呵 我们又要离别了 ……” 1939年11月 胡孟晋即将返回前线 面对依依不舍的妻子 写下这封辞别书     “ 国之不存 ， 家何在？ ” “要知道你爱人的走 不是故意地抛弃你 而是为着革命 为着独立自由幸福的新中国 而努力奋斗的啊 ”   辞别时 胡孟晋还留下殷殷嘱托 希望 妻子 动员更多的力量 投身抗日斗争     1947年 胡孟晋因积劳成疾 病逝于河北故城 年仅 35 岁 解放后 妻子千里北上 用一床棉被 将他的遗骸辗转背回家乡     胡孟晋 与 妻子在 战斗中 共同进步 与 成长 在血火交织的岁月里 还有 很多 和他们一样 经历生死考验 战火洗礼的革命爱情   “战士自有战士的爱情 忠贞不渝，新美如画 ” 在 他们的故事里 最深 的爱、 最 真的情 是 生死相托的信任 是 志同道合的 理想 是并肩前行 的 信仰 是 以身许国的 践行   烽火时代 一封封家书铭刻着血与泪 字字句句写满深深的眷恋 也映照着 不屈的民族精神与无悔的报国信仰 在纪念中国人民抗日战争 暨世界反法西斯战争胜利 80周年之际 人民日报新媒体推出 “烽火家书”特别策划      致敬英雄 ，缅怀先烈 山河已无恙 吾辈当自强！ 来源：人民日报客户端，封图经AI修复处理，朗诵：青年演员 张若昀 本期编辑：石磊、方梓祎 致敬！缅怀！ ↓ ↓ ↓
习近平作出重要指示强调 锲而不舍落实中央八项规定精神 推进作风建设常态化长效化,https://mp.weixin.qq.com/s/0yn3yJf20ALtwJhqI-HFvg,2025-09-23,习近平作出重要指示强调 锲而不舍落实中央八项规定精神 推进作风建设常态化长效化 蔡奇主持中央党的建设工作领导小组会议并讲话 李希出席并讲话 中共中央总书记、国家主席、中央军委主席习近平近日作出重要指示强调，党的作风就是党的形象，关系人心向背，关系党的生死存亡。要持续抓好中央八项规定精神贯彻落实，进一步下大气力把党建设好，打造一支党性纯洁的队伍、纪律严明的队伍，使我们党始终不负人民，团结带领人民顺利完成所肩负的历史使命。 习近平指出，这次深入贯彻中央八项规定精神学习教育，坚持学查改一体推进，坚持从上到下一贯到底，坚持严的基调不动摇，坚持务实精准组织实施，工作开展扎实，取得明显成效。 习近平强调，“四风”问题具有顽固性、反复性，必须以打攻坚战、持久战的决心和恒心，锲而不舍落实中央八项规定精神，推进作风建设常态化长效化，以优良作风凝心聚力、真抓实干，不断开创事业发展新局面。要增强作风教育针对性实效性，突出新提拔干部、年轻干部、关键岗位干部的教育引导。要建立健全经常性发现问题、解决问题机制，动真格整改整治，持续释放一抓到底、一严到底的强烈信号。要强化监督执纪，抓实党组织日常监督，有效发挥群众监督作用，对顶风违纪的速查严处。要落实作风建设政治责任，严负其责、严管所辖，以铁规矩锻造好作风，推动党员干部干事创业、担当作为、为民造福。 中央党的建设工作领导小组29日召开会议，传达习近平重要指示，总结深入贯彻中央八项规定精神学习教育，研究部署巩固拓展学习教育成果、锲而不舍落实中央八项规定精神、推进作风建设常态化长效化工作。中共中央政治局常委、中央党的建设工作领导小组组长蔡奇主持会议并讲话，中共中央政治局常委、中央党的建设工作领导小组副组长李希出席会议并讲话。 会议强调，习近平总书记再次就作风建设作出重要指示，进一步深刻阐明制定和实施中央八项规定、加强党的作风建设的重要性紧迫性，充分肯定学习教育成效，对巩固拓展学习教育成果、锲而不舍落实中央八项规定精神、推进作风建设常态化长效化提出明确要求，对于全党适应新时代新征程形势任务加强作风建设、深入推进全面从严治党具有重大意义。对习近平总书记的重要指示，全党要认真学习领会、全面贯彻落实。 会议指出，这次深入贯彻中央八项规定精神学习教育，在以习近平同志为核心的党中央坚强领导下，各级党组织扛牢政治责任、精心组织实施，广大党员干部积极响应、认真参与，人民群众广泛关注、热情支持，在一体推进学查改、动真碰硬解决“四风”突出问题和补齐作风建设制度短板、强化制度执行力等方面取得明显成效，达到预期目的。 会议强调，要深入学习贯彻习近平总书记重要讲话和重要指示精神，以更高政治站位深化对作风建设的认识，牢固树立经常抓、深入抓、持久抓的思想观念。要以多种方式强化作风教育，引导党员干部加强理论武装，筑牢思想堤坝，自觉养成严格遵守中央八项规定及其实施细则精神的好习惯。要持续纠治作风顽疾，健全经常性发现和解决作风问题机制，提高监督穿透力和有效性，对需要长期根治的问题盯住不放、寸步不让。要深入推进风腐同查同治，铲除“四风”问题土壤。要完善作风建设制度机制，狠抓制度执行，切实把制度成果转化为治理效能。要坚持以上率下，强化严管严治，层层传导压力，推动作风建设各项部署和要求落到实处。 石泰峰、李书磊、穆虹出席会议。 中央党的建设工作领导小组成员等参加会议。 来源：新华社 本期编辑：石磊、方梓祎 觉得好看，请点这里 ↓ ↓ ↓
首次！空军将向公众静态展示歼-20→,https://mp.weixin.qq.com/s/nu-uFXm1_mML-d2t8pQyIA,2025-09-23,　　8月28日下午，国防部举行例行记者会，国防部新闻发言人张晓刚大校答记者问。 记者： 据报道，9月19日至23日，空军将在长春举办航空开放活动。请发言人介绍有关情况。 张晓刚： 此次空军航空开放活动以“追梦空天、制胜未来”为主题，有3个特点： 一是集中展出百余型空军现役飞机、地面装备以及退役经典装备， 首次静态展示歼-20，首次安排轰炸机编队通场， “八一”“红鹰”“天之翼”表演队将献上精彩表演。 二是增强装备开放体验，设置模拟飞行、无人机操控、跳伞等沉浸式体验区，同步组织军营开放活动，让公众更直观深入了解空军。 三是打造空军主题展馆，以及招飞、空管、地面院校招生等展区，设立航空文化沙龙，组织无人机年会、空军军乐队巡演等系列活动，空军优秀飞行员代表也将与社会各界互动交流，共同营造“爱我空军、翼展长春”的浓厚氛围。 来源： 人民日报客户端，记者： 金正波 本期编辑：石磊、方梓祎 期待！ ↓↓ ↓
佩通坦，被解除泰国总理职务,https://mp.weixin.qq.com/s/mGeu1spA2YQ80cvRi7uD8g,2025-09-23,当地时间8月29日，泰国宪法法院裁决泰国被停职总理佩通坦·钦那瓦违反宪法相关规定， 即日起解除其总理职务。 △佩通坦（资料图） 6月中旬，佩通坦同柬埔寨参议院主席洪森关于泰柬边境局势的一段通话录音流出，在泰国引发争议 。 在 通话中，佩通坦称呼洪森为“叔叔”，请求洪森协助自己解决两国的边境问题， 甚至批 评一名泰国陆军前线指挥官加剧紧张局势。 随后， 泰国36名参 议员提请宪法法院调查佩通坦是否违反宪法与政治道德标准。 泰国宪法法院7 月1日宣布，受理有关调查总理佩通坦是否存在违宪行为的请愿书，并暂停佩通坦行使总理职权。8月21日，佩通坦亲自出庭接受质询，并按法院要求在25日前提交了最后陈词。 据泰国媒体此前报道，如果裁决佩通坦被正式解职， 泰国政府将面临重组或触发提前大选。 泰国最年轻总理 佩通坦生于1986年，是泰国前总理他信的小女儿。 2024年8月16日，佩通坦在泰国国会下议院特别会议投票中获得过半数议员支持，当选新任泰国总理。泰国国王玛哈·哇集拉隆功随后批准她担任泰国总理。她成为泰国历史上第二位女总理，也是最年轻的总理。 来源：央视新闻， 记者： 杨探骊 本期编辑：石磊、方梓祎 关注！ ↓ ↓ ↓
杨利伟人民日报撰文,https://mp.weixin.qq.com/s/Px2Icz6QwOvmHSOhrkQ8eA,2025-09-23,“航天与抗战，看似毫不相干，实则精神相通。都是向不可能发起的挑战，都需要超乎寻常的勇气与毅力。”8月29日，中国载人航天工程副总设计师杨利伟在人民日报撰文，回忆语文课本里难忘的抗战英雄故事，讲述自己如何从英雄精神中汲取力量，勇往直前，不断突破极限。以下为全文—— 英雄故事回荡在宇宙之间 杨利伟 2003年，我乘坐神舟五号飞船在太空绕地球飞行了14圈，当我从舷窗俯瞰这颗蓝色星球，总会被一种奇妙的感觉攫住。在这无垠宇宙中，地球不过是一粒微尘，然而在这微尘之上，曾经上演过多少可歌可泣的故事！作为航天员，我的目光常投向浩瀚星海，但我的心始终系着那片生我养我的土地，常想起语文课本里那些永不褪色的英雄故事。 记得小时候读过《狼牙山五壮士》的课文，五位战士浴血奋战至弹尽粮绝，最终纵身跃下悬崖。老师朗读时声音哽咽，我们这些孩子眼中闪着泪光。那时虽不能完全理解什么是“民族大义”，但心灵已被某种崇高的事物击中。还有杨靖宇将军的故事——他在冰天雪地中与敌周旋数月，牺牲后日军剖开他的肠胃，发现的只有草根、树皮和棉絮。这些故事如同一粒粒种子，在我幼小的心田里生根发芽。 谁能想到，当年那个被英雄故事感动得热泪盈眶的男孩，有朝一日会翱翔太空？ 在严格的航天员训练中，每当几近身体极限时，我总会想起那些在极端环境下坚持战斗、永不言弃的英雄们，他们用生命诠释的坚韧与勇敢，成了我突破自我极限的精神源泉。 在太空中，每当飞越祖国上空，我总会格外仔细地凝视这片土地。从东北的白山黑水到西南的崇山峻岭，从华北平原到长江黄河，每一寸山河都见证过不屈的抗争。 有时我会想，若英雄们有机会从太空俯瞰他们誓死保卫的祖国，该是何等欣慰？这片他们用热血浇灌的土地，如今已是繁花似锦、星河灿烂。 航天与抗战，看似毫不相干，实则精神相通。都是向不可能发起的挑战，都需要超乎寻常的勇气与毅力。 火箭点火升空时的壮丽，恰似民族觉醒的火焰；航天飞行任务中的多系统协同作业，仿佛是当年全民抗战的现代缩影。作为航天员，我们承载的不仅是科学探索的使命，更是一种精神的传承——那种自强不息、勇往直前的民族魂。 难忘语文课本中赵一曼烈士的绝笔信：“母亲对于你没有能尽到教育的责任，实在是遗憾的事情。母亲因为坚决地做了反满抗日的斗争，今天已经到了牺牲的前夕了。”这份家书我至今能诵。在太空的寂静中，这些文字常常回响耳畔，提醒着我：今天的星辰大海之梦，奠基于一代代革命先辈们的奉献与奋斗。 当烈焰划破天际，一次次的火箭腾飞，都让我们感到这是在以另一种方式延续英雄们的梦想——一个让民族屹立于世界之林的梦想；当五星红旗在太空展示，一次次的星际征途，都让我们看到民族复兴的曙光，更是英雄们精神不灭的回响。 他们的牺牲与奋斗，使我们得以仰望星空；我们的探索与前行，将使他们的精神永耀寰宇。这种精神将永远指引着我们前进的方向，永远燃烧在民族的血脉之中，历久弥新，源远流长。 值此抗日战争胜利80周年之际，回望历史，我更加深刻地理解到： 英雄不是教科书上的符号，而是一种不灭的精神象征。他们的牺牲，换来了今天的和平与发展；他们的精神，激励着我们不断突破极限、追求卓越。 课本里的抗日英雄们，如今早已化作星空中的永恒星座。星空无言，但英雄的故事永远回荡在宇宙之间；大地沉静，但英雄的精神持续滋养着生生不息的中华文明。作为航天人，我们将带着这份崇敬与热情，继续书写人类探索太空的新篇章，以此向英雄们致敬。 在纪念中国人民抗日战争 暨世界反法西斯战争胜利80周年之际 人民日报社文艺部、新媒体中心 共同组织推荐“大地书单” 以“铭记历史，开创未来”为主题 用好书向抗战历史和先烈致敬! ↓↓ ↓ 让我们一起翻阅书页 聆听讲述 读懂历史深处的 民族情感与民族精神! 来源： 《人民日报》（2025年8月29日 第20版）、 人民日报客户端 本期编辑：刘杰、林帆 铭记历史，开创未来！ ↓ ↓ ↓
中共中央政治局召开会议 习近平主持会议,https://mp.weixin.qq.com/s/GTfUEkUtp3ovmRYn71ojMw,2025-09-23,中共中央政治局召开会议 审议《中国共产党思想政治工作条例》 研究《中华人民共和国民族团结进步促进法（草案）》 中共中央总书记习近平主持会议 中共中央政治局8月29日召开会议，审议《中国共产党思想政治工作条例》，研究《中华人民共和国民族团结进步促进法（草案）》。中共中央总书记习近平主持会议。 会议指出，思想政治工作是党的优良传统、鲜明特色和突出政治优势，制定出台《中国共产党思想政治工作条例》，对于坚持和加强党对思想政治工作的全面领导，提高思想政治工作科学化制度化规范化水平，具有重要意义。 会议强调，要充分发挥思想政治工作的引领作用，坚持把用习近平新时代中国特色社会主义思想凝心铸魂放在首位，以理想信念教育为核心，紧密结合实际加强学习宣传教育，更好统一思想、凝聚共识、坚定信心、鼓舞斗志。要加强和改进新形势下思想政治工作，适应社会群体发展变化，增强工作针对性和实效性。要坚持和加强党对思想政治工作的全面领导，党委（党组）要加强组织领导，抓好贯彻落实。全体党员特别是领导干部要加强党性锻炼，以身作则开展思想政治工作，推动思想政治工作不断开创新局面。 会议指出，制定《中华人民共和国民族团结进步促进法》，目的是通过国家立法的方式把党在民族工作中取得的重大理论和实践成果转化为国家意志，健全铸牢中华民族共同体意识制度机制，进一步增强中华民族凝聚力向心力。 会议强调，要不断巩固各民族团结奋斗的共同思想政治基础，始终坚持党的全面领导，坚定不移走中国特色解决民族问题的正确道路。要坚持铸牢中华民族共同体意识，推进中华民族共同体建设，进一步促进各民族广泛交往交流交融、共同团结奋斗、共同繁荣发展。要做好法律案制定出台和贯彻实施工作，不断提高依法治理民族事务的能力和水平。 会议还就进一步抓好安全生产和防范自然灾害各项工作提出要求。会议强调，要坚持以人民为中心的发展思想，始终把人民群众生命安全放在第一位，牢牢守住发展不能以牺牲安全为代价这条底线。要精准防范化解安全风险，全力开展抢险救援救灾，及时妥善安置受灾群众。各地区各部门要坚决落实安全生产责任，毫不松懈抓好安全生产和防范自然灾害各项工作，更好统筹高质量发展和高水平安全。 会议还研究了其他事项。 来源：新华社 本期编辑：石磊、方梓祎 觉得好看，请点这里 ↓ ↓ ↓
在军事敏感区放飞无人机，疑似拍摄阅兵军机，2人被罚！,https://mp.weixin.qq.com/s/lbkkBIzumQoNHAirYVnwog,2025-09-23,9月3日上午，纪念中国人民抗日战争暨世界反法西斯战争胜利80周年阅兵活动将在北京天安门广场举行。我军新一代武器装备将集中亮相，引起不少军事爱好者关注。 近日，12339国家安全机关举报受理电话接到群众举报， 北京某军用机场、空军训练基地等涉军区域周边多次出现无人机盘旋，疑似拍摄参加阅兵的军机训练情况。 接到举报后，国家安全机关第一时间开展调查发现，军事爱好者赵某、无人机飞手杨某出于娱乐和好奇目的，在未经相关部门批准的情况下，多次在军事敏感区域周围违规放飞无人机。 最终，有关部门对其违规行为进行了行政处罚 ， 国家安全机关依照《公民举报危害国家安全行为奖励办法》对举报人给予了现金奖励。 国家安全机关提示 为确保阅兵活动安全，北京市人民政府先后发布《关于在本市部分行政区域内禁止放飞、升放影响飞行安全的鸟类动物和其他物体的通告》《关于增设净空限制区的通告》， 自2025年7月16日零时起至9月3日24时止，将东城、西城、朝阳、海淀、丰台、石景山、通州、昌平、门头沟等 9个区的行政区域设置为净空限制区， 明确在净空限制区内禁止升放无人机、穿越机等影响飞行安全的物体。 自2025年8月29日零时起至9月3日24时止， 将大兴、顺义、房山、平谷、怀柔、密云、延庆等7个区的行政区域增设为净空限制区， 在增设的净空限制区内，禁止升放一切未经批准的无人机、穿越机以及风筝、气球、孔明灯等影响飞行安全的物体。 广大人民群众应自觉遵守相关法律法规，如发现私自拍摄敏感军事装备的违法行为或违规放飞无人驾驶航空器线索，可通过12339国家安全机关举报受理电话、网络举报平台（www.12339.gov.cn）、国家安全部微信公众号举报受理渠道或者直接向当地国家安全机关举报。 来源：国家安全部 本期编辑：刘杰、林帆 觉得好看，请点这里 ↓ ↓ ↓
中国纪念抗战胜利正当且必要，日本无权说三道四,https://mp.weixin.qq.com/s/qvaUNJmGq1xCYOjVY2JS6w,2025-09-23,近日，日本政府被曝通过外交渠道呼吁各国不要参加中国举办的抗战胜利纪念活动，还将其污名化为“过度聚焦历史、反日色彩浓重”。 这无疑是对中国人民感情的又一次伤害，更是对战后国际秩序与历史正义的公然挑衅。 中国政府隆重纪念中国人民抗日战争暨世界反法西斯战争胜利80周年， 根本目的在于铭记历史、缅怀先烈、珍爱和平、开创未来。 作为世界反法西斯战争的东方主战场，中国以3500万以上军民伤亡的惨重代价，为战争胜利作出不可磨灭的贡献。纪念这一历史，是对先烈牺牲的告慰，也是对世界和平的坚守，更是对历史正义的捍卫。 将这一庄重仪式曲解为“反日”，恰恰暴露了日本右翼分子和某些政客至今仍未真正反省侵略历史、仍未与军国主义彻底切割的心理现实。 二战期间，日本的侵略行径给众多国家带来了沉重灾难，这是不容置疑的历史事实。然而战后，日本右翼分子和某些政客通过一系列系统性操作，试图掩盖侵略历史。在教育领域，部分历史教科书对侵略行为轻描淡写、歪曲事实，将侵略战争美化、模糊化，导致年轻一代难以了解真实历史；政治层面，一些政客公然参拜靖国神社，这种行为不仅伤害了受害国人民的感情，更是对侵略历史的否认与亵渎；社会舆论方面，日本把发动的侵略战争说成是“自存自卫”，甚至美化成对亚洲占领地的“解放”。 这种对侵略历史的掩盖与遗忘，是对历史正义的公然践踏，更是对人类良知的挑战。 纵观国际社会，俄罗斯纪念卫国战争胜利、欧洲各国悼念诺曼底登陆与奥斯维辛解放，皆以铭记历史、防止悲剧重演为共识。德国领导人曾在受害国墓碑前下跪忏悔，正确认识和对待历史让德国赢得了欧洲的信任。反观日本，非但未能坦荡面对历史、切实汲取历史教训，反而试图干扰他国的正当纪念活动。 这种违背国际道义的行为，只会让世界再次质疑日本是否真正懂得了战后和平的宝贵意义。 习近平总书记强调：“我们纪念中国人民抗日战争和世界反法西斯战争的胜利，谴责侵略者的残暴，强调牢记历史经验和教训，不是要延续仇恨，而是要唤起善良的人们对和平的向往和坚守”。中国举办抗战胜利纪念活动，是对历史的负责，是对未来的期许，是在以实际行动践行“以史为鉴、面向未来，共同珍爱和平、维护和平”的理念。中国人民对战争带来的苦难有着刻骨铭心的记忆，对和平有着孜孜不倦的追求。 我们的纪念活动不是反日，不是为了报复，而是为了让历史的悲剧不再重演，让和平的薪火代代相传。 “历史就是历史，事实就是事实，任何人都不可能改变历史和事实。”历史不会因回避而消失，正义不会因打压而沉默。 中国举办抗战胜利纪念活动，是为了让历史的记忆和真相不随岁月流逝而褪色，是为了让历史带给我们的启迪永远映照现实、昭示未来，日本无权对此说三道四。 日本应该以诚实态度正视和反省侵略历史，同军国主义彻底切割，坚持走和平发展道路，以实际行动取信于国际社会，而不是一边逃避历史，一边阻挠他人铭记历史。 来源： 人民日报客户端，作者：刘光明 国防大学国家安全学院教授 ， 海报：陈泉伊 本期编辑：刘杰、林帆 铭记历史！ ↓ ↓ ↓
唐德智被查！,https://mp.weixin.qq.com/s/SA6UJLssQ6rB5K1NK5FETA,2025-09-23,贵州省政协党组成员、副主席唐德智涉嫌严重违纪违法，目前正接受中央纪委国家监委纪律审查和监察调查。 来源：人民日报客户端 本期编辑：刘杰、林帆 觉得好看，请点这里 ↓ ↓ ↓
生娃养娃，国家给你这些真金白银的支持,https://mp.weixin.qq.com/s/aGMQ85_8KvdnXBn3eoHDIw,2025-09-23,来源：中国政府网 本期编辑：刘杰、林帆 觉得好看，请点这里 ↓ ↓ ↓
刘满仓被提起公诉！,https://mp.weixin.qq.com/s/d0-a5vJhXhtK6I3kSKj7Kg,2025-09-23,河南省人大常委会原党组副书记、副主任刘满仓涉嫌受贿、利用影响力受贿一案，由国家监察委员会调查终结，经最高人民检察院指定，由 江苏 省 苏州 市 人民检察院审查起诉。近日， 苏州 市 人民检察院已向 苏州 市 中级人民法院提起公诉。 检察机关在审查起诉阶段 ， 依法告知了被告人 刘满仓 享有的诉讼权利，并讯问了被告人，听取了辩护人的意见。检察机关起诉指控：被告人 刘满仓利用担任 商丘市委常委、组织部部长，商丘市委副书记、市长，商丘市委书记，河南省委常委、副省长，河南省委常委、政法委书记，河南省人大常委会党组副书记、副主任等职务上的便利 ， 为他人谋取利益，以及 利用 本人职权或者地位形成的便利条件，通过其他国家工作人员职务上的行为，为他人谋取不正当利益 ，非法收受他人财物，数额特别巨大； 离职后，利用原担任河南省人大常委会党组副书记、副主任等职权或者地位形成的便利条件，通过其他国家工作人员职务上的行为，为他人谋取不正当利益，非法收受他人财物，数额特别巨大 ， 依法应当以受贿罪 、 利用影响力受贿 罪 追究其刑事责任。 来源：人民日报客户端，记者：倪弋 本期编辑：刘杰、林帆 觉得好看，请点这里 ↓ ↓ ↓
句句不提🧡，句句都是🧡,https://mp.weixin.qq.com/s/DowuBCGOVJyPjnKGAxVOzw,2025-09-23,"句句不提🧡，句句都是🧡                                             ,     ,     ,    "
痛别！巨星陨落,https://mp.weixin.qq.com/s/phqFWOLi9lqd3G7COA1COQ,2025-09-23,中国共产党优秀党员，忠诚的共产主义战士，我国防空导弹专家，中国工程院院士，中国航天科工集团有限公司、二院、二部科技委高级顾问于本水同志，因病医治无效，于2025年8月27日11时08分在北京逝世，享年91岁。 于本水同志是我国具有重大影响力的空天防御技术专家，长期从事防空导弹研制工作，曾主持地空导弹、舰空导弹研制和先进防御武器系统发展战略研究工作，曾任多型防空导弹武器系统总设计师、副总设计师，是我国防空导弹和武器系统技术专家，为航天事业发展做出创造性成就。他先后荣获国家科技进步奖特等奖和一等奖、国防科技进步一等奖、全国科学大会奖、航空航天部劳模、“军工先锋榜样”、航空航天月桂奖终身奉献奖、航天系统“有突出贡献专家”、中国航天基金荣誉奖等荣誉。 于本水院士生前访谈。（来源：中国航天科工集团二院二部） 于本水是我国拦截低空超低空目标导弹、拦截掠海目标导弹及陆军野战防空导弹的开拓者。他参加了我国防空导弹创业和第一代防空导弹研制，从543导弹仿制到红旗二号方案论证和研制，在解决拦截高空高速和机动目标等技术方面做出了重要贡献。他主导研究的“近快战法”在航天和我国防空作战历史上留下了印记。 于本水院士生前访谈。（来源：中国航天科工集团二院二部） 他在我国第一个第二代防空导弹研制过程中，主持和参与攻破了快速反应高集成度导弹设计和拦截超低空目标等关键技术，达到了世界先进水平。他作为我国野战防空导弹武器系统总设计师，主持了方案制定和技术攻关。他还主持B610导弹研制工作，创新性将防空导弹改为飞航式地地导弹，为相关领域发展作出巨大贡献。 致敬！ 一路走好 来源： 人民日报客户端， 记者： 刘诗瑶 本期编辑：刘杰、林帆 致敬 ↓ ↓ ↓
别吃！寄生虫达上千条，近期大量出现,https://mp.weixin.qq.com/s/M9uEa5rC42Ud713OuFn-Wg,2025-09-23,
来了！新闻早班车,https://mp.weixin.qq.com/s/Wgi-2SM4w2leswTVzAk_Mw,2025-09-23,点击这里，查看更多精彩内容 要闻 应中国国家主席习近平邀请， 26 位外国国家元首和政府首脑将出席中国人民抗日战争暨世界反法西斯战争胜利 80 周 年纪念活动。 9 月 3 日晚，人民大会堂将举办纪念中国人民抗日战争暨世界反法西斯战争胜利 80 周年文艺晚 会。 8月 28 日，《中共中央　国务院关于推动城市高质量发展的意见》 对外 公布。 近日，中央教育工作领导小组印发《高等教育学科专业设置调整优化行动方案（ 2025—20 27 年 ）》。 今年前 7 月，全国 社会物流总额 201.9 万亿元，同比增长 5.2% 。 中纪委 28 日 消息，今年 7 月全国查处违反中央八项规定精神问题 2 5420 起。 水利部数据显示，“十四五”以来，我国新增水土流失治理面积达到2 8.17万平方 公里。 中国人民银行定于 9 月 3 日起陆续发行中国人民抗日战争暨世界反法西斯战争胜利 80 周年纪 念币。 9 月 3 日，《中国人民抗日战争暨世界反法西斯战争胜利八十周年》纪念邮票将正式发行，包含 1 套 13 枚 、小型张 1 枚，全套面值为 20.8 元。 应越南国防部邀请， 8 月下旬至 9 月初，中国人民解放军仪仗司礼大队将抽组仪仗分队，赴越南 参加越南八月革命暨 越南国庆 80 周年纪念活动。 社会 中央气象台 28 日发布高温黄色预警，预计今天白天，新疆吐鲁番盆地和南疆盆地、山东中南部、 河南东部和南部等 多地有 35 ℃以上高温天气。 全 国工商联 2 8 日发布“ 2025 中国民营企业 500 强” ，京东集团、阿里巴巴（中国）有限公司、恒力集团有限公司位居前三。 市 场监管总局发布2025年食品补充检验方法“揭榜挂帅”榜单，面向全 社会公 开征集研制单位。 近期，多家中小银行宣布下调 人民币存款利率，降幅达 10 到 20 个基点。 近日，重大职务犯罪嫌疑人梁小 菲在境外落网并被遣返 回国。 我国防空导弹专家、中国工程院院士于本水同志，因病医治无效， 27 日在北 京逝世，享年 91 岁。 我国科学家近日成功研制出超宽带光电融合集成系统，有望为未来更畅通可 靠的 6G 无线通信提供保障。 截至目前，山西大同云冈石窟的 45 个主要洞窟及 5.9 万多尊造像中，已有 80% 完成 全数字化 采集。 28日，四川成都高新区市场监管局发布针对 “有车主反映 50 升油箱被加了 67.96 升汽油”问题的情况通报。 详情 河北保定一高速公路上发生车祸，车辆驾驶室严重变形，司机被困。过往车主纷纷停车自发救援，喊着号子 “拔河式”救人，  最终 成功救出被困者。 政策 重庆明确，将社保卡 “一卡通”应用场景清单拓展到 266 项，覆盖政务服务、人力社保、就 医购药、交通出行、文 化旅游等全领域。 辽宁出台措施，发展赛事经济促进体育消费，对符合条件的体育赛事，经评审可获 得最高 300 万元赛事补贴。 山东印发方案，因地制宜开展农机手技能提升培训，着力培养一批高素质农机手、 农业生产无人 机飞手。 今日天气 四川盆地西部和北部、陕西南部、甘肃东南部、云南北部、河南北部和西南部、湖北西北部、山东中东部、广东西南部、广西南部、海南岛等地部分地区有大到暴 雨 ，其中，四川盆地西部、山东中部、广东西南部沿海、海南岛东部等地局地有大暴雨。 早安中国 每个清晨，遇见大美中国。 今日七夕，早安。爱，藏在不期而遇的惊喜里；爱，藏在“执子之手”的承诺里。从怦然心动、逐渐懂得到彼此接纳、相互珍视，愿你遇见的爱，都是最好的模样。七夕佳节至，愿你有所爱，亦被爱！        松弛，是一种对生活状态的积极把控。 感觉 单调时，涂抹上一丝喜欢的色彩；平淡乏味时，添加上几味鲜香的佐料。很多时候，我们无需用力过猛，找到一份松弛感，保持理智清醒、从容自如就好。新的一天，早安！ 本期编辑：方梓祎，实习生：陈皓迪、 李小碟、李沐洋 ｜主播：蓝艳 觉得好看，请点这里 ↓ ↓ ↓
注意！缺觉，可能会让肚子长胖,https://mp.weixin.qq.com/s/BI3Mv_rFDj-aepqKkVs2yw,2025-09-23,随着年龄增长，有些人身体变胖的速度会加快，有的人尤其会胖肚子。除了饮食不合理、生活压力大、久坐等原因之外， 还有一个影响因素： 缺觉 。 01 缺觉2个星期 就可能会让肚子长胖 科学家做了一项试验，证实了睡眠不足与腹部肥胖之间的关联。 受试者 分为两组， 都处于久坐环境、食物不限量供应： 缺觉组： 每天只能睡4小时； 饱睡组： 睡饱睡足，每天不超过9小时。 结果显示，虽然两组受试者的能量支出、基础代谢率都差不多， 但“缺觉组”却无意识吃得更多、胖得更多，2周时间里就平白无故胖了1斤， 肚子胖得 尤其 明显，腹部脂肪面积显著增加了9%。 究其原因，科学家们推测，可能是 睡眠不足。 缺觉，会让大脑对食物刺激更敏感 ，激活处理饥饿等信号的区域、激发食欲和觅食本能 。 研究中， 缺觉让人多吃的热量高达308千卡 ，相当于每天加餐一份麦乐鸡+一支圆筒冰淇淋 ……脂肪悄悄累积，变成实打实的油肚。 而这些，都只是“缺觉”作恶的起点。 02 缺觉长出来的脂肪 可能是“内脏脂肪” 都是胖肚子，却有胖“皮下”和胖“内脏”的区别。 科学家在发现“缺觉会导致肚子长胖”后，又进一步分析了内脏脂肪的占比，得到了这样的结论： 睡饱睡足、不缺觉的人，即使不小心吃多、稍稍发胖一些，也主要是存在皮下，内脏脂肪面积没有出现明显增加。 反观缺觉的人，不仅更容易胖， 内脏脂肪面积也足足增加了11%， 就算是缺觉后立马补觉也无济于事。 缺觉时脂肪存储机制变化，更容易把脂肪转移到肚子内部，变成“内脏脂肪”，包围各大内脏器官，损伤心血管、影响身体代谢。 内脏脂肪增多，和很多疾病风险增加相关 ， 例如高血压、 中风、心脏病、糖尿病等，还可能脑部萎缩，影响大脑信息处理的能力，甚至多个癌症风险同时飙升。 不想被缺觉 “ 做局”，加速肚子长胖、伤害身体健康，真得想法设法多睡会儿。 03 多睡一小时真能减肥 如果你每晚睡眠时间小于5小时，全身肥胖和腹型肥胖风险分别增加27%和16%，5天就能让人平均胖出1.6斤。 而睡够6小时以 上，各种类型的肥胖 风险都没有显著增加。 如果你能做到再多睡一小时，甚至能实现“无痛减肥” 。 研究发现， 平均睡眠小于6.5小时的人，只要每晚多睡1小时，每天的热量摄入就会减少约162千卡。坚持2周后，没睡够的人胖了0.39千克，多睡一小时的则成功减重0.48千克，两组人体重相差0.87公斤。 不节食不运动，躺着就能瘦的方法，这不就来了：睡够7～8小时 。 睡饱不仅能减肥，还和我们全身上下的健康息息相关 —— ✅保护心血管，改善代谢健康； ✅提高认知与表现，提升注意力、工作效率； ✅帮助情绪稳定，维护心理健康，降低抑郁、焦虑等疾病风险； ✅稳定激素分泌，维持皮质醇昼夜节律，降低压力负荷； ✅降低身体炎症，减少系统性炎症标志物； ✅改善免疫功能，降低全因死亡率…… 转发提醒家人朋友们 就从今天开始 早点睡觉吧 晚安，好梦 来源：丁香医生、科普中国，审核： 张宇 中国疾病预防控制中心研究员/博士、国家健康科普专家、中国医师协会健康传播工作委员会委员 本期编辑：李娜、王若彤 觉得好看，请点这里 ↓ ↓ ↓
【夜读】请珍惜那个能接住你情绪的人！,https://mp.weixin.qq.com/s/0A9aswMFqtmJE8z4cI2FWA,2025-09-23,01 珍惜懂得倾听，而不是急着说教的人 有时候，我们和亲近的人倾诉烦恼时，之所以会越说越委屈，是因为我们的情绪没有被对方很好地“接住”。心里委屈的人，需要的不是大道理，而是一个能安静听自己说完的人。 很多时候，认真倾听比讲大道理更有力量。因为“我懂你”比“你得坚强”更能让人安心。真正懂得倾听的人，会耐心等对方讲完，为对方创造一个可以安全宣泄情绪的空间，再一起寻找解决问题的方法。 当生命里有人愿意一次次倾听你说话，一次次尝试理解你的心情，请一定要珍惜。 02 珍惜不求完美，接纳你的小缺陷的人 每个人都有一些小缺陷：脾气有点急，偶尔“玻璃心”，有点小冲动……我们常常选择掩饰自己的缺点，是因为害怕被批评或者被疏远。 其实，在真正能接住你情绪的人面前，你不必刻意掩饰自己的小毛病，也不必伪装成无懈可击的样子。真正爱你的人，不会因为你的小缺点而否定你，更不会把你的情绪当作负担。因为有这份包容，在他们面前，你也能放心去成为自己。 这份接纳，是一种更深的理解：每个人都不完美，真正的亲密关系，是看到彼此的缺点后依然选择靠近。能遇见这样的人，本身就是一份难得的幸运 。 03 珍惜你脆弱的时候，总在你身边的人 这世上从来没有一帆风顺的人生，真心对你好的人，不一定总是与你形影不离，而是会在你需要的时候，第一时间出现在你身边。 很多时候，他们没有义务，却选择了义气；不是亲人，却胜似亲人。他们帮你时不会考虑太多，甚至不等你开口，就已经开始为你奔走。有他们在，你会知道自己并不孤单，在人生的道路上，始终会有人陪伴。 如果你的身边，有能够接住你情绪的人，请一定要珍惜和感恩。同时，也要努力成为一个可以接住别人情绪的人， 成为彼此的依靠，共同成长。 来源：人民日报夜读综合 央视新闻、心悦在这 等 | 主播：赵文龙 本期编辑：林帆，实习生： 甘雨欣、余典 觉得好看，请点这里↓ ↓ ↓
这所学校校服免费领！网友：建议全国推广,https://mp.weixin.qq.com/s/3YoJ3L-GGNqCP0cXrPWxAA,2025-09-23,“这是我从学校领的校服 是不是很漂亮！” 临近开学 河南郑州一年级小学生董承谕 时不时拿出校服试穿 兴致勃勃地等待开学 有别于买来的校服 董承谕的校服上面 还带着上一任“小主人”的名字 而且完全免费 近日 郑州市二七区长江东路小学 新生入学报名现场 登记即可领取的“免费校服” 吸引大量网友的关注和好评 有网友表示 这种做法不仅节省了资源 也减少了负担 建议全国推广 网友评论截图。 即将升入四年级的赵梓桐 已经第二次参与校服“循环” 今年暑假 他将入学时领取的130码校服 洗净后交还给学校 又免费领取了一套150码的校服 “入学前，并不知道校服可以免费领” 赵梓桐的妈妈申蕾回忆 原本准备花钱买校服 了解到学校的免费校服后 既意外又惊喜 “孩子长得快，校服也换得快 六年下来，能省下一笔不小的费用” 长江东路小学新生在比对校服尺码。 这些校服从何而来？ 穿上身是否安全？ 据二七区长江东路小学教育集团 校长胡建玲介绍 这些校服来自学校毕业生捐赠 或高年级学生“以旧换旧” 经学校统一送往专业机构清洗消毒后 再免费向低年级同学传递 “校服并没有破损 只是随着孩子成长变得不合身了 留着压箱底，扔了又可惜” 胡建玲很早就关注到这一现象 并着手让校服“循环” “希望在延续校服生命力的同时 在孩子心中播下环保、节约的种子” 家长们现场挑选免费校服。 经过多年的努力 免费的“循环校服” 得到越来越多家长和同学的 认可与参与 “我并不在意孩子穿二手校服 也不认为这样‘不体面’” 学生家长徐浩表示 很多多子女家庭 小宝也会穿大宝的旧衣服 通过参加“循环校服”活动 孩子们 不仅形成了 勤俭节约、不攀比的意识 越来越多的家庭 也形成了低碳环保的生活理念 一位家长说 “小孩子们都很单纯 有攀比心理的其实是家长” 已历经 三任“小主人”的校服。 小小校服 就像一株小树苗 在家长和孩子心中种下了 绿色生活的理念 为他们点赞！ 来源：新华社 本期编辑：李娜、王若彤 觉得好看，请点这里 ↓ ↓ ↓
中国人民抗日战争暨世界反法西斯战争胜利80周年纪念币将发行,https://mp.weixin.qq.com/s/Az8bTHsMZiBra3j6umnmxQ,2025-09-23,　　据中国人民银行网站消息， 中国人民银行定于2025年9月3日起陆续发行中国人民抗日战争暨世界反法西斯战争胜利80周年纪念币。 纪念币共4枚，其中双色铜合金纪念币1枚，8克金币1枚，150克银币1枚，30克银币1枚，均为中华人民共和国法定货币。 　　双色铜合金纪念币 　　双色铜合金纪念币正面图案为中华人民共和国国徽，国徽上方刊“中华人民共和国”国名，下方刊年号“2025”字样。 　　双色铜合金纪念币背面主景图案为中国人民抗日战争暨世界反法西斯战争胜利80周年纪念活动标识，并刊“中国人民抗日战争暨世界反法西斯战争胜利80周年”字样及面额“10元”字样。 　　双色铜合金纪念币面额为10元，直径为27毫米，材质为双色铜合金，发行数量为8000万枚。 　　金银纪 念币 　　该套金银纪念币正面图案均为中华人民共和国国徽，国徽上方刊“中华人民共和国”国名，下方刊年号“2025”字样。 　　8克圆形金质纪念币背面图案由延安宝塔山、“胜利的号角响彻山河”雕塑等元素构成，并刊“中国人民抗日战争暨世界反法西斯战争胜利80周年”字样及面额“100元”字样。 　　150克圆形银质纪念币背面图案由人民英雄纪念碑“抗日游击战”浮雕、卢沟桥等元素构成，并刊“中国人民抗日战争暨世界反法西斯战争胜利80周年”字样及面额“50元”字样。 　　30克圆形银质纪念币背面图案由“大刀进行曲”雕塑、“九·一八”历史博物馆“残历碑”雕塑等元素构成，并刊“中国人民抗日战争暨世界反法西斯战争胜利80周年”字样及面额“10元”字样。 　　8克圆形金质纪念币为精制币，含纯金8克，直径22毫米，面额100元，成色99.9%，最大发行量10000枚。 　　150克圆形银质纪念币为精制币，含纯银150克，直径70毫米，面额50元，成色99.9%，最大发行量5000枚。 　　30克圆形银质纪念币为精制币，含纯银30克，直径40毫米，面额10元，成色99.9%，最大发行量20000枚。 来源：人民网，记者：罗知之 本期编辑：李娜、王若彤 觉得好看，请点这里 ↓ ↓ ↓
中国民企500强出炉！（附榜单）,https://mp.weixin.qq.com/s/BGcaenTOJsDAapJFkXcWtg,2025-09-23,8月28日，全国工商联在辽宁沈阳发布 “2025中国民营企业500强”。 记者了解到，此次民营企业500强入围门槛增至270.23亿元； 营业收入总额达到43.05万亿元； 净利润合计1.80万亿元；研发费用总额1.13万亿元，研发人员总数115.17万人，平均研发经费投入强度2.77%；纳税总额达1.27万亿元，纳税额超过10亿元的企业有240家，占500强比例为48.00%。 今年全国工商联组织开展第27次上规模民营企业调研，共有6379家2024年营业收入10亿元以上的企业参加，其中营业收入前500位的企业为“2025中国民营企业500强”。 来源：人民日报客户端（记者 ： 杨昊 ） 、全国工商联 本期编辑：李娜、王若彤 觉得好看，请点这里 ↓ ↓ ↓
成都加油站事件，最新通报！,https://mp.weixin.qq.com/s/yhfhoQ_IYJ-KB406L7zgcw,2025-09-23,情况通报 针对社会关注“有车主反映50升油箱被加了67.96升汽油”问题，现将初步调查结果通报如下。 一、前期情况 8月9日，涉事车主到中石油高新天山加油站（以下简称：天山加油站）加油时发生消费纠纷后报警。在民警见证下，天山加油站对涉事06#加油枪进行封存（至今仍处于停用状态）。8月11日，高新区芳草街街道市场监管所收到车主投诉后及时沟通，于次日到现场核查，并请车主提供加油票据等资料。8月12日，天山加油站进行了先行赔付。8月17日，成都市城市运行和政务服务办进行回访，车主称纠纷已解决。8月20日，车主向芳草街街道市场监管所提供加油小票等证据材料，高新区市场监管局开展进一步调查。8月21日，成都高新区分管负责同志召集相关部门，对中石油四川成都销售分公司进行了联合约谈，督促其严格落实主体责任，切实维护消费者合法权益。同日，成都高新区发展改革局向其发出《提醒督促函》，要求其高度重视，妥善处置相关情况，合法依规开展经营。 二、调查情况 经核实，车主投诉加油被多收200元的情况属实。8月20日至8月27日，成都高新区市场监管局在省、市市场监管部门的指导下，邀请中国测试技术研究院、北京市计量检测科学研究院等专业机构，以及计量、数据安全、计算机通讯等方面的专家，围绕“机、人、车、费”四个方面进行全面调查，车主反映被多收费的情况属实，其原因初步判定为加油机设备软硬件及信息交互故障而导致重复计费。 （一）关于加油机计量准确性的调查情况 经多次现场检查，涉事加油机计控主板、编码器、流量计等关键设备铅封完好，型式评价一致性检查符合要求，且涉事加油机在计量强制检定有效期内（检定日期为2025年6月5日，有效期半年）。未发现擅自改动加油机主板和主要零部件、故意破坏计量器具准确度的行为。 （二）关于天山加油站工作人员操作规范性的调查情况 执法人员和技术专家通过调取监控、查询交易支付流水、询问当班工作人员等方式，反复查验加油现场操作情况，未发现工作人员存在异常操作行为。 （三）关于涉事车辆油箱容量的调查情况 8月21日，邀请车主到天山加油站，在公证人员见证下，按照“原车原枪”的原则，以清空再加满方式对涉事车辆进行了3次实验，测试结果与涉事车辆油箱标称的50L容量基本一致，排除涉事车辆油箱实际容量超过标称容量的问题。 （四）关于加油交易计费异常的调查情况 通过提取涉事06#加油枪对应加油机投运以来的加油日志、收费记录、计量微处理器和税控微处理器数据等，并要求加油机生产厂商到现场配合调查，发现涉事06#加油枪的后台数据将上一笔交易的27.18L（交易金额200元）叠加计入涉事车加油量。涉事车辆实际加油量为40.78L。通过进一步调取数据，涉事06#加油枪自2025年6月5日检定以来，加油记录共2863笔，仅有涉事交易这一笔数据传输出现异常，原因初步判定为加油机设备软硬件及信息交互故障。 三、下一步措施 成都高新区市场监管局将督促中石油四川成都销售分公司全面整改，向消费者公开致歉，举一反三，全面排查，切实落实主体责任，改进服务态度，提升服务质量。同时，我局将进一步强化监督管理，提升工作质效，完善投诉举报机制，积极回应群众关切，切实维护消费者合法权益。 感谢社会各界、新闻媒体的关注和监督。 成都高新区市场监督管理局                          2025年8月28日 来源：成都高新区市场监督管理局 本期编辑：李娜、王若彤
这种插线板早就被禁用了！家里有的赶紧扔掉,https://mp.weixin.qq.com/s/7WAySaQcnz1NchCo-PjQvg,2025-09-23,　　插线板，这个几乎家家户户都会用到的工具，藏着一个被很多人忽视的安全隐患：使用不当，很可能成为家庭火灾的导火索。 01 万能插排已经被淘汰了 　　今年3月15日，浙江舟山六横镇一自建房起火，消防救援人员迅速赶赴现场并扑灭了火势。 　　火灾初步判定是 插 线板短 路 产生的电火花引燃周边可燃物所致。 　　今年6月12日，上海徐汇区一居民住宅因卧室床头插线板故障引发火灾，好在未造成人员伤亡。 　　排查发现该户 大量使用插线板，部分外壳老化， 日常用电超负荷，存在极大隐患。 　　据消防部门的调查显示，由插线板短路导致的火灾往往源于几个常见错误： 使用老化的“高龄”插线板、多个大功率电器共用一个插线板、继续使用国家早已明令禁止的“万能插线板”。 　　国网浙江电力高级专家徐家宁表示，这些错误行为中， 最危险的当属已经被国家明令禁止的“万能插线板”。 　　“万能插线板/万用孔”，也就是在 同一个插位，既可以插两极插头，又可以插三极插头的万用型插座， 从2010年6月起就被禁止生产了。 　　这种插线板为了兼容各种插头，设计上存在致命缺陷—— 插片与电器插头接触面积小，容易产生电弧和高温，其引发火灾的风险是普通插线板的数倍。 　　更可怕的是，很多家庭至今仍在继续使用这种产品。 02 插线板的3个错误用法 　　除了万能插线板，插线板在使用时可能还有3个安全隐患。 超负荷使用 　　市面上常见的家用插线板，额定电流通常为6安（A）、10安（A）和16安（A）。 　　如果同时接入多个大功率电器，比如将电热水壶【1500瓦（W）】和微波炉【1000瓦（W）】插在同一个10安（A）的插线板上，总功率就会超过插线板2200瓦（W）的承载极限，若同时开启就会导致过热甚至起火。 使用劣质产品 　　一些不良商家为了降低成本，采用非阻燃材料制作外壳，或者用导电性能差的铝代替铜作为导线，这样的插线板一旦遇到高负载，极易短路起火。 忽视使用寿命 　　插线板一般使用3~5年就需要更换，如果出现插孔发黑、插头松动等情况，说明它已经“超期服役”，必须立即淘汰。 03 4个习惯，让用电更安全 　　要确保用电安全，必须要养成几个关键习惯。这些看似简单的措施，很可能是避免一场灾难的关键。 大功率电器“专插专用” 　　家中的插座不要同时使用超过额定功率的电器，大功率电器（如空调、冰箱、电热水器等）一定要单独使用专用的插线板。 电器不用时要拔插头 　　电器关闭后，插头要是没拔掉，电表也是会走字的。长期不用的电器要及时拔掉插头，避免电路持续带电。 　　如果担心反复拔插头会坏，可换成带开关的插座面板。这样除了节省电费，还能减少不拔插头带来的火灾隐患。 拔插头尽量用双手 　　拔插头时切记要握住插头而非拉扯电线，尽量双手操作，一手固定插座，一手插拔插头，避免插拔插头时发生晃动，产生电火花。 　　要注意佩戴的金属首饰不要触碰到插座，并且要保证手部干燥。 插线板老化立即更换 　　发现插线板温度异常或是插孔变色，需要立即停止使用。发现插线板老化，需要换新的，严禁自行改造电器插头。 转发提醒家人朋友 让用电更安全 来源：生命时报 本期编辑：李娜、王若彤 转发提醒↓ ↓ ↓
商务部：中方贸易谈判代表将赴美会见美方相关官员,https://mp.weixin.qq.com/s/AGgL7cwjc3H7ochf-vMJuw,2025-09-23,商务部今天举行新闻发布会，介绍近期商务领域重点工作有关情况并答记者问。 发言人介绍，商务部国际贸易谈判代表兼副部长李成钢率团于24日至27日访问加拿大，与加方共同主持召开中加经贸联委会，之后李成钢一行将赴美国华盛顿会见美方相关官员。中方愿与美方一道，继续发挥好中美经贸磋商机制作用，通过平等对话协商解决问题，共同维护中美经贸关系健康稳定可持续发展。 来源：人民日报客户端 本期编辑：李娜、王若彤 觉得好看，请点这里 ↓ ↓ ↓
22岁村支书黄念去世，仅上任几个月！网友心痛……,https://mp.weixin.qq.com/s/xuEVeWNAj_-GC6AsJMnmlQ,2025-09-23,近日，贵州 “22岁村支书因车祸意外去世” 的消息引发关注 不少网友在社交平台上 发帖悼念 据了解，这位村支书名叫 黄念 她大学毕业后 成为贵州望谟县打寒村的村支书 工作还不满一年 据九派新闻报道，8月27日 望谟县油迈乡政府 一工作人员证实该事件属实 事发于8月 女孩目前已经安葬 政府慰问了家属 在社交平台 一位自称黄念表姐的网友 发文表示，表妹22岁 于8月22日因为车祸去世 “很善良很可爱很活泼开朗的女孩 不敢相信这是真的” 据红星新闻报道 当地乡政府工作人员介绍 黄念是在乡上开展工作后 回村的路上遭遇交通事故的 事故责任认定 交警部门仍在处理中 去年才大学毕业 家属回应黄念事故细节 27日上午，黄念的小叔黄先生表示， 22岁的黄念于去年毕业 于西北民族大学，父母在浙江打工多年，她自小便在父母打工的地方上学，家里还有一个14岁的弟弟。 大学毕业后，她没跟着父母去浙江， 于今年2月开始在村里担任村支书，至今仅几个月时间。 黄念（右一）生前在村里开展工作 受访者供图 黄先生说，黄念在老家当村支书后，村民对她的评价都挺好的，说她很优秀。当地村民也对黄念的不幸去世表示惋惜，村民杨先生说： “（她）工作是负责任的，真的可惜。” 在黄念的个人社交账号中，她共发布了9条视频，内容多关于她的自拍以及养的猫。 最后一条回复在8月21日， 前一天晚上， 她发布自己的饭量和体重38.2kg的照片，笑称两者不成正比。 在评论区中被留言 “那么瘦” 她回了一个哭笑的表情 “我脸上有肉” 对于她的意外去世 不少人表示“心痛” 黄念，一路走好！ 来源：中国青年报（整理：张小松） 综合红星新闻（ 记者：姚永忠 ）、 九派新闻、当事人社交媒体等 本期编辑：胡程远、朱田恬 一路走好！↓↓↓
今天起，改掉这个晚餐坏习惯！,https://mp.weixin.qq.com/s/Whv7PX93nROB26oigLtNMw,2025-09-23,你重视自己的晚餐吗？ 和早餐、午餐比 很多人觉得晚餐并没有多么重要 不过，不少疾病都与晚餐有关 晚餐吃太晚 血糖悄悄失控 　　2025年6月，《电子生物医学》期刊发表了一项研究发现：如果我们能更早地吃完晚餐，并且把更多热量安排在白天，有助于提高胰岛素敏感性，降低2型糖尿病和肥胖的发生风险。 　　一般建议将主要热量摄入时间提前至较早时段（如17:00～19:00），并且晚餐占比不超过全天热量的30%。 ‌‌ 晚餐吃太晚 对身体多个系统造成负面影响 加重消化系统负担 引发胃肠疾病 　　胃的排空时间通常为进食后2～4小时（混合食物），若晚餐过晚，胃内食物未完全排空即进入睡眠状态，会导致以下问题： 胃食管反流： 　　平躺时胃酸更易反流入食管，刺激食管黏膜，引发烧心、反酸、胸骨后疼痛等症状；长期反复反流可导致反流性食管炎、食管黏膜糜烂，甚至增加食管癌风险（尤其长期未控制的严重反流）。 消化不良与胃肠功能紊乱： 　　夜间胃肠蠕动减慢，食物滞留胃内时间延长，易导致腹胀、早饱、嗳气；长期消化不全还可能诱发功能性消化不良、肠易激综合征。 胃黏膜损伤风险： 　　胃酸在空腹状态下仍会持续分泌，若胃内有食物中和部分胃酸，可能暂时“保护”胃黏膜；但长期晚餐过晚+过量进食，反而会刺激胃酸过度分泌，加重胃黏膜损伤，增加胃炎、胃溃疡风险。 干扰代谢节律 诱发肥胖与慢性代谢病 热量堆积，诱发肥胖： 　　夜间活动量减少，基础代谢率较白天降低，多余热量无法被消耗，易转化为脂肪储存（尤其堆积在内脏、腹部）。 胰岛素抵抗与糖尿病风险： 　　夜间胰岛素敏感性较白天下降，此时进食高碳水、高糖食物，会导致血糖快速升高，胰岛素大量分泌；长期如此会加重胰岛β细胞负担，诱发胰岛素抵抗，最终可能发展为2型糖尿病。 血脂异常： 　　夜间胆汁分泌减少，脂肪消化能力下降；晚餐过晚+高脂饮食（如烧烤、油炸食品）会导致血液中甘油三酯升高，长期可引发高脂血症，增加动脉粥样硬化风险。 影响睡眠质量 加剧昼夜节律紊乱 直接刺激胃肠，引发失眠： 　　胃内的食物消化活动会刺激迷走神经兴奋，导致心率加快、体温轻度升高，从而延迟入睡时间，增加夜间觉醒次数。 干扰神经递质平衡： 　　夜间，皮质醇（压力激素）分泌本应逐渐下降，若因胃部不适刺激应激反应，皮质醇水平升高会抑制褪黑素（助眠激素）分泌，进一步加重失眠。 破坏生物钟同步性： 　　长期晚餐过晚会打乱“进食-睡眠”的时间关联，导致生物钟紊乱，表现为白天嗜睡、夜间失眠，甚至增加抑郁症、认知功能下降风险。 其他潜在危害 心血管负担加重： 　　肥胖、高血脂、胰岛素抵抗等代谢问题会协同增加高血压、动脉硬化、冠心病风险；夜间血流速度减慢，高血脂还可能导致血液黏稠度升高，增加血栓形成概率（尤其对已有动脉斑块的患者）。 肾脏负担增加： 　　夜间肾脏滤过率下降，若晚餐过晚且高盐（如腌制食品），钠摄入过多会增加肾脏排钠负担，长期可能诱发或加重慢性肾病。 早点吃晚餐 好处竟然这么多 　　无论是要加班还是要聚餐，都尽量早点吃晚餐， 最好在睡前 4 小时内吃完 ，对身体好处多多。 预防肥胖 　　早点吃晚餐不仅有利于血糖控制，也更有利于燃烧脂肪。 早点结束晚餐，趁着还有精力，可以和家人或朋友出门散步，消耗热量，避 免脂肪囤积。 让血糖更好 　　一项研究表明，18点吃晚餐的人第二天24小时血糖水平比21点吃晚饭的人明显有所改善，而且次日的血脂代谢状况也有所改善。 改善脂肪肝 　　研究提示，对于患有脂肪肝的人群，如果条件允许，可以尽量在 17点前结束晚餐。不过需要注意的是， 脂肪肝要遵循医生的建议进行运动、饮食等 综合调整。 降低癌症风险 　　研究显示，与晚餐后立即睡觉的人相比，晚餐后间隔2小时或更长时间再睡觉的人，乳腺癌和前列腺癌的患癌风险降低20%；如果晚餐吃得更早（晚上9 点之前），且晚餐和睡眠之间的间隔时间更长（＞2小时），综合癌症风险将能显著降低24%。 来源 ：CCTV生活圈、科普中国 本期编辑：胡程远、朱田恬 觉得好看，请点这里 ↓ ↓ ↓
9月3日晚，在人民大会堂举办文艺晚会！,https://mp.weixin.qq.com/s/RW9Qrrrcf5RO8zKYBkupDQ,2025-09-23,今天上午，中国人民抗日战争暨世界反法西斯战争胜利80周年纪念活动新闻中心举办首场记者招待会，介绍纪念活动有关筹备进展，并回答记者提问。 相关负责人介绍， 定于2025年9月3日晚，在人民大会堂举办纪念中国人民抗日战争暨世界反法西斯战争胜利80周年文艺晚会。 届时，党和国家领导同志，抗战老战士、老同志，获得功勋荣誉表彰的代表，基层群众代表等各界人士将出席观看。 这场文艺晚会 以“铭记历史、缅怀先烈、珍爱和平、开创未来”为主题 ，以世界反法西斯战争东方主战场的重要历史节点和历史场景为主线。 这场晚会通过音乐、舞蹈、情境戏剧等多重舞台艺术形式， 潜在地贯穿了中国人民对这段历史的情感逻辑；综合运用舞台表演、多媒体沉浸式音效等多种表现手段， 形成一个个感人至深的历史情境。 这次晚会的创作演出中 大胆启用一批年轻的文艺工作者担当主力 ， 在导演编导、音乐、作曲等方面，一批80后年轻的艺术家承担了晚会创作的主体工作。在演员方面，一批90后、00后的年轻文艺工作者担纲主力。 截至目前，经过多轮修改论证，文艺演出已进入最后合成阶段。 来源：人民日报客户端 本期编辑：胡程远、朱田恬 觉得好看，请点这里 ↓ ↓ ↓
阅兵准备基本就绪，已进入倒计时！,https://mp.weixin.qq.com/s/jMwVj_c60bv8V5lZORe0_A,2025-09-23,今天上午，中国人民抗日战争暨世界反法西斯战争胜利80周年纪念活动新闻中心举办首场记者招待会。 阅兵领导小组办公室副主任、中央军委联合参谋部作战局少将副局长吴泽棵说，这次阅兵是中国人民抗日战争暨世界反法西斯战争胜利80周年纪念活动重要组成部分，参阅力量要素全，结构编成体系化，武器装备数量多，初次亮相占比高，是进入新时代新征程人民军队政治建军新风貌、力量结构新布局、现代化建设新进展、备战打仗新成效的一次集中展示。目前，已在天安门地区完成了三次综合演练，总体达到预期效果，全体受阅部队精神饱满、士气高昂，所有参阅武器装备始终保持良好状态，阅兵准备基本就绪，已经进入倒计时。 来源：人民日报客户端 本期编辑：胡程远、朱田恬 觉得好看，请点这里 ↓ ↓ ↓
名单来了！这些外国国家元首和政府首脑将出席纪念活动,https://mp.weixin.qq.com/s/PE6f4QgiXUq7gfhsFuHVaQ,2025-09-23,应中国国家主席习近平邀请，26位外国国家元首和政府首脑将出席中国人民抗日战争暨世界反法西斯战争胜利80周年纪念活动。他们是：俄罗斯总统普京，朝鲜劳动党总书记、国务委员长金正恩，柬埔寨国王西哈莫尼，越南国家主席梁强，老挝人民革命党中央委员会总书记、国家主席通伦，印度尼西亚总统普拉博沃，马来西亚总理安瓦尔，蒙古国总统呼日勒苏赫，巴基斯坦总理夏巴兹，尼泊尔总理奥利，马尔代夫总统穆伊兹，哈萨克斯坦总统托卡耶夫，乌兹别克斯坦总统米尔济约耶夫，塔吉克斯坦总统拉赫蒙，吉尔吉斯斯坦总统扎帕罗夫，土库曼斯坦总统谢尔达尔·别尔德穆哈梅多夫，白俄罗斯总统卢卡申科，阿塞拜疆总统阿利耶夫，亚美尼亚总理帕什尼扬，伊朗总统佩泽希齐扬，刚果（布）总统萨苏，津巴布韦总统姆南加古瓦，塞尔维亚总统武契奇，斯洛伐克总理菲佐，古巴共产党中央第一书记、国家主席迪亚斯-卡内尔，缅甸代总统敏昂莱。 应中国政府邀请，一些国家议长、政府副总理、高级别代表、国际组织负责人、前政要将出席纪念活动。 来源：人民日报客户端 本期编辑：胡程远、朱田恬 觉得好看，请点这里 ↓ ↓ ↓
有什么事不能开学再说？这些不能！,https://mp.weixin.qq.com/s/adlizkMgk1h1btZN78aWEQ,2025-09-23,新学期开始了~ 今年秋天 有这些政策值得关注 新学期，新气象 怀揣梦想，携手奋进向未来！ 来源：中国政府网 本期编辑：胡程远、朱田恬 觉得好看，请点这里 ↓ ↓ ↓
百万网友收藏！这首歌，写你,https://mp.weixin.qq.com/s/nF7QWWvyU9aKWlz8q602RQ,2025-09-23,八十年岁月流转 历史的容颜从未褪色 八十年风雨兼程 胜利的丰碑永放光芒 今年是中国人民抗日战争 暨世界反法西斯战争胜利 80周年 由人民日报社新媒体中心出品的 致敬英烈 主题曲 《写你》MV 重磅上线 写你，不屈的身影 挺立的脊梁如钢铁般坚毅 “宁死不当亡国奴！” 是你发出的悲壮怒吼 写你，深情的回眸 可爱的家国是你最深的眷念 寒露浸透衣衫，家书未写归期 你毅然转身，踏上烽火战场 写你，冲锋的脚步 敢于和强大的敌人硬碰硬地较量 即便在生命的最后时刻 你也始终保持战斗的姿态 写你，致敬你的牺牲 是每年的清明节 在你的墓前献上的一束鲜花 是你离开了，但我们的思念一直在 一曼街、张自忠路、靖宇县、左权县…… 你的名字早已融入这片土地 写你，续写你的梦想 是时空 变换了人间 你守护的中国 早已山河无恙、繁花似锦 是 追寻你高山的模样，奋勇前行 看 今天的阳光，多想有你在场 动人的旋律如清风拂过 今天，和歌手马嘉祺一起 用歌声与先辈展开一场跨时空对话 传递思念和敬意 激励奋进的力量 歌曲纯享版已上线 一起来听 ↓↓↓ 铭记历史、吾辈自强 致敬所有英勇抗战的中华儿女！ 愿大好河山永固，祖国繁荣富强！ 来源：人民日报新媒体 本期编辑：胡程远、朱田恬 觉得好看，请点这里 ↓ ↓ ↓
清华开学，庞众望脱稿演讲！,https://mp.weixin.qq.com/s/JIxouHAmQZgoKCQFOGPQWA,2025-09-23,　　近日，多名网友发视频称，在清华大学新生开学讲座上，感动中国2024年度人物、 清华大学精密仪器系 在读博士生庞众望作为优秀学生代表进行发言。 视频来源：中国新闻网 　　庞众望告诉学弟学妹们，清华足够大，可以满足大家无限的可能和想象。回想8年前，他和新生一样也是怀着激动的心情来到清华大学，面对未知的大学生活，也有一些迷茫和不安。 　　有位老师告诉他， 每位来到清华的学生都是一张白纸，未来的人生需要学生们自己去装点和描绘。 这句话使庞众望意识到在清华要直面未知、勇于探索、不断去认识发展自己。 　　据媒体报道 ，清华大学的大一新生 李同学称， 整个发言大约持续了5分钟。 之后学校播放了2025年招生宣传片，庞众望在其中亮相。 　　有新生在社交平台上分享了自己拍摄的视频，并称：“在清华，终于看到了儿时的榜样。”还有新生称：“演讲太励志了，全程脱稿。” 　　今年26岁的庞众望，出生于河北省沧州市吴桥县。 其父亲因病无法与人交流，母亲下肢残障行动 不便。 　　2017年， 庞众望 在高考中取得优异成绩，被清华大学精密仪器系录取。2021年，本科毕业后， 庞众望 继续留在清华大学精密仪器系攻读博士学位。 　　2025年8月16日，庞众望当选 “感动中国2024年度人物” 。 　　8月18日，在接受人民日报 专访时， 庞众望谈到自己的家庭说道， “ 跌倒、爬起来，再跌倒、再爬起来，那种韧性也是从小家庭带给我的一个底色。这种底色无论我以后走得多远，都不会褪色。 ” 　　对于给学弟学妹们的建议， 庞众望说， 要利用学校宝贵的资源，与优秀的老师、同学、校友多沟通。 一定不要畏惧，一定要争取。 愿庞众望的经历 带给你更多 前进的勇气！ 来源： 中国青年报，综合人民日报、 极目新闻、中国新闻网等 本期编辑：胡程远、朱田恬 觉得好看，请点这里 ↓ ↓ ↓
一个葫芦，怎么就惹了众怒？,https://mp.weixin.qq.com/s/3WS1LZ--Pm5NglRLKbXxZA,2025-09-23,这几天 沈阳二环高架的葫芦火了 沈阳市民张先生 驾车路过这里时 发现隔音板上挂着 一个圆滚滚胖乎乎的葫芦 张先生将偶遇大葫芦的视频 上传到了社交平台 沈阳二环的“网红葫芦”正式出道！ 葫芦在中国传统文化中 象征着“福禄” 这么个吉祥物 迅速引发了大量网友的围观 大家纷纷留言、打卡 一起守护大葫芦 有网友表示 有种集体守护“孩子成长”的感觉 也有不少人表示担心 这葫芦看着长得真不错 就怕有人惦记着给摘下来 大家就不能分享这份快乐了 一语成谶 8月23日更晚些时候 有网友称葫芦被摘走了 不少人也在评论区 确认了这一消息 但是事件的热度 并没有随着葫芦的消失 而烟消云散 摘下葫芦的人把摘葫芦的过程 也上传到了社交网络 画面显示 男子在二环快速路上违法停车后 使用工具不断击打葫芦 致使葫芦掉落 这一举动 不仅让众多网友的期待落了空 还是交通违法行为 社交平台评论区上万条评论 不断谴责其错误行为 8月25日 摘下葫芦的郭某 发布了道歉视频 他表示自己的不当行为 确实给大家带来了不良的感受 向大家道歉 自己一定会认真接受这次教训 深刻反思自身的问题 目前，郭某社交账号仅能浏览道歉视频。 8月25日 沈阳市公安局交通管理支队 沈河大队交警 约谈了视频中 在二环快速路上违停摘葫芦的当事人 对其开具了罚款单 作出了罚款200元扣9分的处罚 同时对其在二环快速路上违停的行为 进行了批评教育 美好是需要守护的 规则也是 想拥抱美好不是错 但独占美好、破坏规则 就是大家鄙视的行为  葫芦虽小 连接的情感却不能小视 大家想守护的不只是“葫芦兄弟” 还有生活中的“小确幸” 以及这份不言自明的群体默契 “葫芦兄弟”是生活中的刹那变量 它检视我们 对默契的尊重、对规则的遵守 来源： 新华网，综合北斗融媒、东北新闻网、指尖新闻沈阳晚报、辽沈晚报 本期编辑：胡程远、朱田恬 遵守规则，守护美好 ↓ ↓ ↓
来了！新闻早班车,https://mp.weixin.qq.com/s/xDyFAnzjaUxa_W3DiJK07A,2025-09-23,点击这里，查看更多精彩内容 要闻 最新数据显示，今年 1—7 月，我国跨区域 人员流动量达 39 4.6 亿人次。 国家统计局 消息 ， 7 月份，制造业利润同比增长 6.8% ，增速较 6 月份加快 5.4 个百分点 。 交通运输部 等三部门 印发方案，计划到 2027 年，全国完成新改建农村公 路 30 万公 里。 水利部消息，我国基本实 现对重要河流湖泊的动态管理 。 国家卫健委、中国残联联合发布意见，要求更多医疗机构完善无障碍环境建设，切实改 善残 疾人就医体验。 最新报告显示， 2024 年我国数字出版产业整体收入规模超 1.7 万亿元，比上年增 加 8. 07% 。 9 月 10 日至 14 日， 2025 年服贸 会将在北京举办。 中国人民抗日战争暨世界反法西斯战争胜利 8 0 周年纪念活动新闻中心将在梅地亚新闻中心二层新闻发布厅举办 3 场记者招待会、 3 场记者见面会。 近日，南部战区海军某支队海南舰一路劈波斩浪，奔赴某指定海域，开展多科目 、高强度海 上训练。 据俄罗斯媒体 27 日报道，俄罗斯历史协会在其官网公布近 200 份关于日本军 国主义的解 密档案。 社会 水利部和中国气象局 27 日发布红色山洪灾害气象预警，预计 27 日 20 时至 28 日 20 时，四川 北部和中部等地部分地区发生山洪 灾害可能性很大。 国家 药监局 27 日 发布通告，经江苏省药品监督检验研究院等 12 家药品检验机构检验，共 17 家企业生产的 2 8 批 次药品不符合规定。 详情 27日， 公安部公布 10 起涉灾情 、险情网络谣言典型案例，包括陆某兴编造传播“四川 泸定桥发生塌方”网络 谣言案等。 详情 黑龙江省档案馆披露的一份日伪档案显示， 1940 年 2 月 23 日 16 时 30 分，杨靖宇 在吉林 省濛江县（今靖宇县）县城西南 5 千米标高四九〇（高程 490 米）附近壮烈殉国。 27 日， 世界首台套 660 兆瓦超超临界双拱型燃煤机组全部成功投运，标志着我国 在高效清洁煤电 技术领域实现重要突破。 27 日，横琴、澳门首批定 点医院实现点对点跨 境转运。 WTT 中国大满贯 2025 将于 9 月 25 日至 10 月 5 日在北京举行，赛事官方 27 日公布报名双打 参赛名单，孙颖莎、 王楚钦将出战混双。 26 日，云南大理通报两起苍山保护管理违法案例，两人因违法进入苍山保 护区被立案 调查。 近日，摄影爱好者在青海黄南藏族自治州拍摄到一只成年母雪豹与两只幼崽 互动的珍贵画 面。 云南镇沅 18 岁女孩石红梅意外身故，父母决定捐献女儿的器官。据悉，石红梅捐献的器官将 给 7 名患者带来希望 和光明。 政策 吉林省自 2025 年 9 月 1 日起，按照有关规定 实施 境外旅客购物离境退税政策。 安徽发布行动方案，加快推进制造业先进设备更新，对符合条件的优质新型技 术改造项目，给予最 高 500 万元奖补。 广西发布征求意见稿，拟支持商品住房 “以旧换新”，对出售既有住房并于 6 个月内购买新建商品住房的家庭， 按契 税完缴额度给予 50% 金额补贴优惠。 今日天气 青海东南部、甘肃中东部、宁夏南部、四川盆地西部和南部、川西高原北部、北京东部、天津、河北东部、山东西北部、辽宁、吉林东南部、广东南部沿海等地部分地区有大到暴雨，其中，辽宁西部、河北南部和东部、四川盆地西部 、 广东南部沿海等地局地有大暴雨，四川盆地西部等地局地特大暴雨。 早安中国 每个清晨，遇见大美中国。 福建闽侯县苏洋村，近两百亩茉莉花迎风绽放，洁白的花瓣在阳光下晶莹剔透。花农们穿梭在花间，摘取一朵朵饱满的花苞，制成茉莉花茶。花香漫野，茶韵悠长，闽侯县欢迎您！       人生没有白走的路，每一步都算数，每次经历不同的人和事，我们都会明白一些道理，有所收获，有所成长。踏实过好当下的每一天，不辜负眼前的点滴时光，就是我们对待人生最好的方式。新的一天，早安！ 本期编辑：方梓祎，实习生：洪舒云、 孟媚、金潇 ｜主播： 韦礼义 觉得好看，请点这里 ↓ ↓ ↓
今天起，睡觉姿势调整一下！,https://mp.weixin.qq.com/s/Zm0H7vzAYGP9sFZPm4HIdg,2025-09-23,你有没有过这样的经历：凌晨，在刷了几个小时手机后，终于进入梦乡。原本以为能美美睡一觉，结果醒来却 腰酸背痛，手脚发麻，哪哪都不舒服。 其实，这有可能是睡姿的“锅”。常见的睡姿有很多，但有一些睡姿，会有一些伤身的共性，比如：局部肌肉过度牵引紧张，器官、内脏等受压迫，伴随多处酸痛、僵硬，脊柱、腰椎部分变形。 今天起 睡觉姿势调整一下 ↓↓↓ 几种常见睡姿 是怎么伤身的 （你可能全中了） 4个小动作 平时多做能缓解不适 睡姿难改 1个小东西调整睡姿 有些姿势看起来舒服，其实是身体在代偿。不当的姿势保持久了，会越来越伤身。 建议大家尽可能多变换几种姿势，让身体动起来，也可以用小毛巾进行调整，减轻负担。 转发给身边的家人 和肩颈腰不舒服的朋友 提醒他们 今晚，祝大家都有个好梦 来源：丁香医生、科普中国，审核：纪刚 河北医科大学第一医院骨科副主任医师 本期编辑：李娜、林帆 觉得好看，请点这里 ↓ ↓ ↓
【夜读】放弃容易，但坚持很酷,https://mp.weixin.qq.com/s/cwWNMJ9qiN0i9dybvaXW6w,2025-09-23,今天是周三 人民日报夜读 “周三加油站” 如约而至 每个周三晚上 我们会用漫画的方式 治愈你、温暖你 为你加油鼓劲 今晚的夜读 送给 面对挑战 仍在坚持的你 01 或许此时此刻的你 已经努力了很久很久 你可能会怀疑自己 努力还有意义吗？ 就算再怎么努力都 无法完成目标了 亲爱的朋友 我想和你说 没人规定 前行必须是疾步狂奔 只要你不停下脚步 就已经是一种成功 放弃很容易 但坚持很酷 只要不放弃 一切皆有可能 02 坚持的确很难 那些无数次想放弃的瞬间 那些藏在心底的委屈和迷茫 都是路上逃不开的 “拦路虎” 可你知道吗？ 我们最终会变成什么样的人 很大程度上不取决于开始时的动机 而是在后续的行动里 尤其是那些快要坚持不下去的时刻 你是转身逃跑 还是咬紧牙关再续一程 每一次坚持 都是在为未来积蓄力量 每一次打磨 都能让目标变得更清晰 周三的夜晚 愿这组漫画能给你力量 或许你此刻正面对考验 正为某个目标默默努力 可能会觉得 一直坚持下去有点难 你可以试着和自己说 再坚持一天看看 或者再坚持一周看看 让坚持逐渐积聚成习惯   你会渐渐体验到 原来这件事并不是需要“坚持”的 它甚至不是生活的一部分 而是你自己生活的本身 今晚好好休息 明天带着这份力量 继续向前走吧！ 来源： 人民日报夜读、 小红书&微博：@豚舒胖子 |  作者： 豚舒胖子，治愈漫画博主/自由插画师，正在尝试用漫画传递温度。已出版《小猪哲学：问题不大，睡一觉再说》。 本期编辑：郑薛飞腾 ，实习生：陈皓迪 觉得好看，请点这里 ↓ ↓ ↓
8月24日，她把网名改成了“小茅”,https://mp.weixin.qq.com/s/HB8VhQ9LKT5Q_qybwq-3gg,2025-09-23,女子奋不顾身跳入河中 救起落水男子 紧接着却被湍急的水流冲往下游 在水中的她说： “我好害怕” 这一幕 让无数网友为之动容 这个女孩就是 四川阿坝藏族羌族自治州的 27岁藏族女孩 白玛初 8月24日下午 成都清水河畔 餐厅园艺师白玛初 在岸边修剪餐厅外的花草 突然听到河里传来求救声 “我看到有人在 河里 挣扎 水流很急 他被河水快速冲向下游” 白玛初说 来不及想太多 她迅速沿着河岸跑 寻找岸边的救生圈 随后 她戴上找到的救生圈 翻过一米多高的护栏 顺着河堤滑入水中 虽然天气炎热 但在接触到河水的那一刻 她却感受到了 一股刺骨的冰凉 “我拼命向他游过去 这时岸上的人 又抛给我一个救生圈 我感觉自己用尽了浑身力量 总算将救生圈送到他的手里” 看着男子逐渐靠近岸边 被众人救起 白玛初松了一口气 这时 回过神来的白玛初才意识到 自己正在被水冲走 虽说会蛙泳 但因为救人时体力消耗巨大 白玛初 已无力对抗湍急的水流 无奈河堤上又全是青苔 找不到受力点 她只能用手指使劲抠住河堤 以减缓自己漂流的速度 “突然我看到了一株茅草 我抓住了它 不再顺水漂流 这样我才被救上了岸” 白玛初说 “是这 株茅草救了我的命 ” 在当天晚上 她把自己的网名改成了“小茅” 让人意想不到的是 勇敢跳水救人的白玛初 也曾有过溺水经历 小学时她跟几个同学去游泳 结果发生了溺水 幸好被同学救起 白玛初感慨地说： “这是上天给我的报恩机会 当年我因溺水被人救起 而我又在十多年后救起了别人！” 据了解 她见义勇为的事迹已被上报 相关部门正在为她申请 见义勇为奖励 没有从天而降的英雄 只有挺身而出的普通人 白玛初，谢谢你！ 为你点赞 来源：新华社 本期编辑：李娜、林帆 为 白玛初点赞 ↓ ↓ ↓
“微信到账146528元”,https://mp.weixin.qq.com/s/g7F4WfWgE5pZFD8Hmt3g5g,2025-09-23,“微信到账146528元” 8月21日凌晨 四川自贡富顺 出租车司机周伟 接到一位疑似醉酒的乘客 该乘客下车时 误将支付密码 错输成了转账金额 据周伟回忆 当日凌晨3时30分许 他在四川自贡富顺 安和西路附近路段 接到该名乘客 该乘客是一名20多岁的男子 当时似乎正处于醉酒状态 车辆行至宋渡大桥桥头处 尚未抵达最终目的地 男子突然要求下车 当车辆停稳 周伟的手机 收款提示音响起 “微信到账14万多元” 而此时车费显示仅为10元钱 “（我）立马感觉情况不对 就马上告诉他‘扫多了’” 周伟说道 正当他准备把钱退还给乘客时 该男子却称“不用退” 随后便快速离开 不见了踪影 面对这么大一笔打车款 周伟丝毫没有 据为己有的想法 他反而担心 对方处于醉酒状态 扫了14万多元车费 还在桥头下车 会不会有什么想不开的事情…… 他当即开到最近的 邓井关派出所 向民警说明情况 随后，派出所值班民警 在周伟的带领下 迅速赶到现场 发现该男子正坐在路边 可能是找不到回家的路了 见民警到来 男子稍微清醒了一些 查看了手机转账信息 才发现自己付错了钱 而后在民警的见证下 周伟将收到的14万多元 退还给了该男子 周伟还开车将男子送回了家 男子支付了25元打车费 并向其表示感谢 此时已经是凌晨4时许 知晓此事后 当地交管部门 周伟所在公司 先后对其进行了表扬 39岁的周伟 已经开了20年的出租车 20年来 周伟记不清捡到过乘客 多少部手机、多少个钱包 他觉得 拾到遗失物 归还给乘客理所应当 就像年纪大的乘客上下车时 自己总会主动下车 扶一把一样 网友纷纷为周伟点赞 还有熟悉他的网友留言称： “周伟不但乐于助人 对待乘客温暖热情 还总能把一些细小甚微的事 做得妥帖周到” “拾金不昧”心肠热 助人为乐品自高 周伟，好样的！ 来源：新华每日电讯微信综合自重庆晨报、自贡网、网友评论等 本期编辑：李娜、林帆 觉得好看，请点这里 ↓ ↓ ↓
19岁小伙差点瘫痪！这个常见动作害了很多人,https://mp.weixin.qq.com/s/8S_w6jsNHo8iT3EEIqWlJw,2025-09-23,电脑前一坐就是8小时，手机充着电也要玩……很多人一低头就是一整天，但就是这个常见的动作，让19岁的年轻小伙差点高位瘫痪！ 19岁小伙长时间低头 差点瘫痪 阿东 （化名） 是福建泉 州某大学的学生，暑假期间， 他在一家餐饮店兼职， 每天 连续低头洗碗、擦桌子4小时以上 。 回宿舍后，他 又 趴在床上打游戏、刷短视频2小时到3小时 。 一天， 阿东感到身体异常， 手脚及颈后背常有麻木疼痛感。 于是，他前往医院做CT检查，但未发现异常。 几天后， 他的 麻木感加剧， 甚至出现 双下肢无法动弹、失去感觉 的状况 。 经检 查， 医生发现阿东 颈椎C4-T1椎管内存在巨大占位性病变，压迫脊髓 。 此时的阿东 胸部以下均无知觉，双上肢肌力明显减弱。 手术中医生发现，阿东 颈椎椎管内硬膜外存在巨大凝血块压迫脊髓。 医生推测，可能是阿东的 椎管内硬膜外小血管存在异常，如血管畸形等， 在长期低头工作等外因作用下，使血管破裂出血形成血肿，导致压迫脊髓，进而造成他出现高位瘫痪症状。 术后，阿东的肢体瘫痪症状有所缓解，四肢肌力恢复， 19岁的他眼泪止不住地往下掉 ，“再晚几个小时，我这辈子可能就站不起来了”。 长时间低头易肌肉疲劳 严重者甚至会瘫痪 其实，类似阿东的情况不在少数。 颈椎是人体中最“金贵”的部位，上承头颅，下连躯干，既是脊椎中活动最多的部位，也是中枢神经和外周神经相连通的“交通枢纽”，一旦发生“故障”，后果严重。 医生介绍，“低头族”越来越多，颈椎病的发病率也显著增加。 长时间低头，肌肉疲劳，易导致颈椎问题。 轻则肌肉痉挛、钝痛、困倦；重则颈椎生理曲度消失、沉重感、僵硬、颈椎间盘突出及永久性关节损伤。 脊髓神经受压时，还会出现颈肩痛伴上肢放射性疼痛或麻木等症状。严重脊髓型颈椎病患者，甚至可能出现行走不稳及瘫痪等后果。 调查显示，我国20岁至40岁青壮年颈椎病患病率高达59. 1%。 在青壮年中出现的颈椎反弓、颈椎病、腰椎间盘突出，与久坐、低头用手机直接相关。而 低头玩手机会让颈椎承受约27公斤的重压，比一个7岁小孩还重。 医生提醒，一旦出现颈痛、肢体麻木无力或疼痛，甚至行走不稳，切勿随意前往非正规按摩店治疗，需尽早到正规医院脊柱外科专科就诊，明确诊断，及时治疗。 哪些姿 势会伤害脊柱 ？ 日常生活中，哪些行为会伤害脊柱？ 哪些表现提示脊柱出现了问题？一起来看↓↓↓ 低头玩手机 ：低头60度时，颈椎承受约27公斤压力，长期会导致颈椎生理曲度变直、椎间盘突出，甚至压迫神经引发手麻。   久坐+错误坐姿 ：坐位时腰椎间盘的压力是站立时的1.5倍，而前倾坐位时压力升高至接近3倍，持续压迫椎间盘，导致腰肌劳损、腰椎间盘膨出或突出。   错误搬运姿势 ：弯腰直接搬重物（如桶装水、快递箱），易导致腰椎急性损伤。建议屈膝下蹲，用腿部力量站起，保持重物贴近身体。   跷二郎腿 ：骨盆倾斜，脊柱为保持平衡被迫侧弯，长期引发腰椎间盘单侧受压、肌肉僵硬酸痛。   瘫坐沙发 ：腰部悬空无支撑，腰椎韧带被过度拉伸，加速椎间盘退变，易引发急性腰扭伤。   单肩背包 ：单侧肩膀长期负重，脊柱为平衡重力向对侧弯曲，可能导致结构性侧弯。   如何预防脊柱损伤？ 专家建议—— 要强化脊柱的正常结构， 锻炼肩背部、胸腰部甚至是腹部的肌肉群，让肌肉群给脊柱提供更好的稳定。   改良办公环境，最简单的办法就是在椅子后面放一个靠垫、靠枕，维持腰椎的前突。   使用电脑时， 让电脑超过眼睛水平线10厘米。   每工作40～60分钟之后，起来活动10分钟左右。   多做卷腹、平板支撑等运动，对颈椎、腰椎的健康能起到很好的保护作用。   来源： 央视新闻综合福建卫生报、央广网 本期编辑：李娜、林帆 觉得好看，请点这里 ↓ ↓ ↓
杨靖宇将军牺牲的确切时间地点确认，随身携带物品公布,https://mp.weixin.qq.com/s/TmZU8stFthYctpujgBPPaQ,2025-09-23,杨靖宇将军牺牲确切时间地点得以确认 东北抗日联军第一路军总司令杨靖宇将军牺牲的确切时间地点得以确认。黑龙江省档案馆8月27日披露的一份日伪档案显示： 1940年2月23日16时30分，杨靖宇在吉林省濛江县（今靖宇县）县城西南5千米标高四九〇（高程490米）附近壮烈殉国。 黑龙江省档案馆工作人员赵倩展示这份档案。新华社记者 何山 摄 这份形成于1940年3月16日、名为《绥阳国境警察队本队关于杨靖宇被射杀的通报》的档案记载，1940年2月23日15时左右，濛江县保安村4名村民向伪濛江县城警署告密：“一名匪贼强行索要粮食”。根据告密人描述的相貌和衣着，日伪军警判断此人可能是杨靖宇。15名日伪军警于15时30分到达保安村，由告密人带路赶到现场。16时左右，日伪军警在濛江县南方标高七〇三（高程703米）西方高地，发现杨靖宇将军并追击至三道濛江河。 “16时30分，在濛江县城西南5千米标高四九〇附近”，杨靖宇将军英勇就义。 “尸体在数名杨靖宇部下见证下，经实地验证后，确认无误为杨靖宇。” 黑龙江省档案馆工作人员赵倩向记者介绍这份档案。新华社记者 何山 摄 档案详细记载了杨靖宇将军就义时随身携带的物品：毛瑟手枪1把（子弹160发）、柯尔特手枪2把（子弹共70发）、现金6660圆、笔记本和表。 负责这份档案翻译的黑龙江省档案馆宣传教育文化处一级主任科员赵倩说，这份标“秘”的内部通报是日伪军警用来炫耀其所谓“战果”的。“这暴露了日军残暴侵略的本性，也印证了杨靖宇将军在东北抗联和民众心中的崇高地位。他的存在令侵略者胆寒。” 这份档案在黑龙江省档案馆展出。新华社记者 何山 摄 东北烈士纪念馆编辑研究部主任贠占军介绍了1940年伪满洲国圆大致的购买力—— “100斤猪肉价格是35圆，6660圆能买很多东西。他至死不肯舍弃宝贵的武器和经费，显示出他准备长期斗争的坚强意志。” 以杨靖宇为代表的抗日英烈威武不屈的气节惊天地、泣鬼神，激励中国人民以血肉之躯筑长城。这些民族脊梁如巍峨的丰碑，在中国人民抗日战争史上屹立不屈。 铭记历史 致敬英雄 来源：新华社 本期编辑：李娜、林帆 致敬，铭记 ↓ ↓ ↓
侵犯华为芯片技术，估值超3亿！14人被判刑,https://mp.weixin.qq.com/s/j7oS0jDzSU9ZeW5cYLuK2Q,2025-09-23,近日，记者从最高人民检察院知识产权检察厅获悉，最高人民检察院指导上海市检察机关办理的 尊湃侵犯华为海思芯片技术商业秘密案已于7月28日判决 ， 14名被告人十日内均未提起上诉， 目前一审判决已生效 。据悉，该案中， 被非法获取的技术信息估值达3.17亿元 。 据了解，海思公司系华为公司的全资子公司。华为公司于2011年启动Wi-Fi芯片研发项目，后由海思公司负责该项目， 投入了大量人力物力进行长期自主研发，取得Wi-Fi芯片相应技术信息，并采取了合理的保密措施 。 被告人张某原系海思公司射频芯片开发部门负责人，离职后创立尊湃公司，并在新公司成立前后拉拢周某甲、刘某、周某乙、顾某等人加入，任命4人担任高管并负责相应技术部门。其间， 张某等5人经共同商议，决定研发与海思公司同类的Wi-Fi芯片 。 此后，为了缩短研发周期、迅速投入量产、加快吸引融资，经张某指示，周某甲等人以良好的薪资待遇、发展前景等为条件，继续招募海思公司员工高某、王某等7人加入尊湃公司。 7人在离职前后应尊湃公司要求，自行或者勾结仍在海思公司任职的员工赵某、屠某，以截屏、抄录、微信传输等不正当手段获取海思公司技术信息，用于尊湃公司芯片研发 。 2024年4月10日，上海市检察院第三分院对张某等14人以侵犯商业秘密罪向法院提起公诉。审查起诉期间，检察机关依法讯问了被告人，向商业秘密权利人告知诉讼权利义务，并重点对涉案技术信息是否具备非公知性和同一性进行审查。 据检察机关办案组介绍， 这是一起非常典型的“内鬼”侵犯商业秘密案件，办案难度非常大 。 一方面，涉案技术信息多达40余项且属于尖端技术，为了打破专业壁垒，办案组聘请了多名通信行业的资深专家，借助专家“外脑”对技术事实提供专业解读意见，通过反复、交叉论证研讨，为后续法律定性分析奠定坚实基础，确保法律判断的精准性；   另一方面，被告人有14名，分别涉及不同的技术信息侵权，办案组要精准区分各被告人在共同犯罪中发挥的作用，认定每名被告人的涉案秘点及其估值金额。   在办理案件过程中，检察机关还针对被害企业内部管理漏洞精准制发检察建议，为企业提供“漏洞报告”，更为企业“免疫系统”提供“升级蓝图”。面对被告人当庭辩解，公诉人从证据、法理和情感三层递进式开展法庭教育，最终被告人均自愿认罪。 7月28日，上海市第三中级人民法院作出一审判决，采纳检察机关的起诉意见和量刑建议， 认定14名被告人均犯侵犯商业秘密罪 。其中，张某被判处有期徒刑六年，并处罚金300万元；周某甲、刘某、周某乙、顾某被分别判处有期徒刑五年至三年，并处罚金150万元至120万元不等；高某、王某等9人被判处有期徒刑并宣告缓刑，并处罚金100万元至20万元不等。 最高人民检察院知识产权检察厅负责人表示，商业秘密是现代经济社会中重要的知识产权，不仅关系企业关键核心技术安全，还关系到国家高质量发展。近年来，检察机关不断加大商业秘密司法保护力度，依法打击侵犯商业秘密犯罪，以法治之力服务创新发展。 来源： 最高人民检察院、检察日报 本期编辑：李娜、林帆 觉得好看，请点这里 ↓ ↓ ↓
“永不忘！永不忘！永不忘！”,https://mp.weixin.qq.com/s/cTCGM2L5mZLjbIDtSf8YGw,2025-09-23,“我们为什么要阅兵？ 是为了铭记历史、缅怀先烈 更是为 了传承伟大 的抗战精神 ” “先辈的精神，你们忘没忘？” “永不忘！永不忘！永不忘！” “苦不苦，想想民族屈辱！ 累不累，想想抗战先辈！” 九三阅兵集训动员现场 这一幕 幕 ，太燃！太提气！ 英勇的刘老庄连 雁门关伏击战英雄连 金刚钻、老虎团 战斗模范团、红军师 铁军旅…… 到！到！到！ 英雄部队受阅官兵依次答到 这是属于中国军人的回答！ 今天（8月27日） 距离纪念中国人民抗日战争 暨世界反法西斯战争胜利80周年阅兵活动 还有7天 步伐铿锵，眼神坚毅 来自大江南北的参阅队员 已准备好接受祖国和人民的检阅 大国重器，万众期待 一批新型武器装备 即将首次对外展示 一起看原创 MV《胜利荣光》 感受新时代受阅官兵的风采 ↓↓↓ 共同期待9月3日 这个值得世界人民 永远纪念的胜利之日！ 来源：中国军号、央视新闻、人民日报新媒体 本期编辑：李娜、林帆 觉得好看，请点这里 ↓ ↓ ↓
你以为是懒，其实是过度疲劳的4种表现！,https://mp.weixin.qq.com/s/gYGp9wgd5SV9QU_f8JRhsQ,2025-09-23,来源：好奇博士 本期编辑：石磊、朱田恬 觉得好看，请点这里 ↓ ↓ ↓
人工智能产业迎重磅利好！,https://mp.weixin.qq.com/s/4-XmYkYN7CIyN0lE17EaoQ,2025-09-23,国务院日前印发《关于深入实施“人工智能+”行动的意见》 （全文） ，推动人工智能与经济社会各行业各领域广泛深度融合。 意见部署了6大重点行动，即“人工智能+”科学技术、“人工智能+”产业发展、“人工智能+”消费提质、“人工智能+”民生福祉、“人工智能+”治理能力、“人工智能+”全球合作。 对人工智能产业和相关企业有什么影响，这些要点值得关注—— 培育人工智能应用服务商，发展“模型即服务”、“智能体即服务”等。 培育人工智能应用服务商，发展“模型即服务”、“智能体即服务”等，打造人工智能应用服务链。健全人工智能应用场景建设指引、开放度评价与激励政策，完善应用试错容错管理制度。加强知识产权保护、转化与协同应用。加快重点领域人工智能标准研制，推进跨行业、跨领域、国际化标准联动。 强化智能算力统筹。支持人工智能芯片攻坚创新。 支持人工智能芯片攻坚创新与使能软件生态培育，加快超大规模智算集群技术突破和工程落地。优化国家智算资源布局，完善全国一体化算力网，充分发挥“东数西算”国家枢纽作用，加大数、算、电、网等资源协同。加强智能算力互联互通和供需匹配，创新智能算力基础设施运营模式，鼓励发展标准化、可扩展的算力云服务，推动智能算力供给普惠易用、经济高效、绿色安全。 持续加强人工智能高质量数据集建设。完善适配人工智能发展的数据产权和版权制度。 以应用为导向，持续加强人工智能高质量数据集建设。完善适配人工智能发展的数据产权和版权制度，推动公共财政资助项目形成的版权内容依法合规开放。鼓励探索基于价值贡献度的数据成本补偿、收益分成等方式，加强数据供给激励。支持发展数据标注、数据合成等技术，培育壮大数据处理和数据服务产业。 大力发展智能网联汽车、人工智能手机和电脑、智能机器人、智能家居、智能穿戴等新一代智能终端。 推动智能终端“万物智联”，培育智能产品生态，大力发展智能网联汽车、人工智能手机和电脑、智能机器人、智能家居、智能穿戴等新一代智能终端，打造一体化全场景覆盖的智能交互环境。加快人工智能与元宇宙、低空飞行、增材制造、脑机接口等技术融合和产品创新，探索智能产品新形态。 加大人工智能领域金融和财政支持力度，发展壮大长期资本、耐心资本、战略资本。 健全国有资本投资人工智能领域考核评价和风险监管等制度。加大人工智能领域金融和财政支持力度，发展壮大长期资本、耐心资本、战略资本，完善风险分担和投资退出机制，充分发挥财政资金、政府采购等政策作用。完善人工智能法律法规、伦理准则等，推进人工智能健康发展相关立法工作。优化人工智能相关安全评估和备案管理制度。 鼓励有条件的企业将人工智能融入战略规划、组织架构、业务流程等。 鼓励有条件的企业将人工智能融入战略规划、组织架构、业务流程等，推动产业全要素智能化发展，助力传统产业改造升级，开辟战略性新兴产业和未来产业发展新赛道。大力发展智能原生技术、产品和服务体系，加快培育一批底层架构和运行逻辑基于人工智能的智能原生企业，探索全新商业模式，催生智能原生新业态。 来源：中国政府、新华社 本期编辑：石磊、朱田恬 觉得好看，请点这里 ↓ ↓ ↓
“怎么全网都搜不到陈康老师？”,https://mp.weixin.qq.com/s/DB-renspLg2IMpFd4nSjSQ,2025-09-23,最近，一对师生跨越多年、造型相似的对比照片，走红社交平台。 何银再次见到支教老师陈康，已是12年后的今夏。就在这个夏天，22岁的她以“优秀实习生”的身份，结束了在新疆尼勒克县为期约半年的支教。 12年间，从被照亮的对象成为点亮别人的光，何银在陈康等老师的鼓励支持下，一步步走出黔北山区，拥抱新的人生阶段。 “不当井底之蛙，去看看外面的世界。”再相逢，何银想起陈康老师当年的叮嘱，切身感受到教育完成闭环，“我还在奋斗的路上。” 何银（左）和支教老师陈康跨越12年的对比照。 岁月无言，光影留情。这对师生的对比照片，引发网友共鸣： “老师是太阳，你是月亮，阳光洒在你身上，你就有了光，最终，你也变成了太阳。” 凝视这两张合影，听两位主人公忆往昔、谈今朝、说成长，更能真切触摸到个体和社会共同向前的温度与力量。 “大山里多了一束光” 陈康与上海的同事们第一次去贵州习水县坭坝乡做支教公益活动时，何银正在读四年级。 这里地处川黔渝三地交界处，人们散居在望不到头的山地丘陵中。何银家住南天门村，整个小学阶段，她都是走路往返于学校与家之间，一个来回耗时约1小时。 对年龄尚小的何银和同学们来说，走完这段路，会消耗极大的体能。万一赶上下雨天，还有更多不可预知的风险，这也是老师们时常揪心的事儿。 “脚下的山路遥遥，身体上还能克服；通往更广阔未来的精神之路，需要坚持、信心和眼界，又何其漫长！” 支教老师们的到来，为这所寂寂无闻的农村小学助力。 何银回忆，这个来自上海的公益团队不到10个人。在并不算长的时间内，大家齐心协力修缮了校舍，还为学生送来文具、棉服等爱心用品。 更重要的是，陈康等支教老师给孩子们开展高质量的音乐美术课程启蒙，为学校注入更多山外的新鲜活力。 这对仅有十多个老师、一人身兼多科的村小学来说，是难以想象的。 陈康（左一）在贵州习水县坭坝乡支教时与学生们在一起。 支教老师走访了大量的学生家庭。在昏黄的灯光下，在无数个木头房子里，陈康极尽所能鼓励家长和学生， “大山里的孩子，一样也可以去感受外面的生活。” “是陈老师的教育和陪伴，让我有了更积极的心态。”何银说，“那时候，尽管可以从电视上了解山外的情况，但只有这些老师来了，我才发现广阔世界是如此具体可感。” 与不少同学家庭一样，何银的父母也常年在外务工。“我小时候最想得到的东西，就是关爱。”而陈康和同事们用言传身教为学生带来难得的温情。 为了帮孩子们过生日，支教老师带着学生一起买蛋糕、吹蜡烛、唱生日歌。“原来生日还可以这样过！”何银和同学们一起流泪，心酸、幸福、期待，各种滋味都在其间。 在逐步走向山外的过程中，陈康等老师是何银唯一有过交集的支教群体，成为她难以忘却的光。 “以前，我只是羡慕外面的生活，但支教老师来了之后，我又萌生了‘要参与到外面的世界中，能往更好的地方走’的想法。” “偶然相聚，最是人间堪乐处” 乡初中、县高中、去新疆读大学，何银逐渐长大，老师陈康的工作也几经变动，加上贵州上海两地之遥，这一对师生在很长时间内都处于“失联”状态。 事实上，依托上海对口支援遵义市，陈康在当地的公益活动并未断线。他也渐渐转型，从捐赠等具体的爱心事务，拓展为搭建公益渠道，联络爱心资源。 何银的同学中有不少是陈康关爱的学生。不久前，何银从儿时朋友的微信朋友圈发现了陈老师的身影，便主动联系了他。暑期，趁着陈康到重庆的契机，何银与几位同学一起赴约。 三个小时的客运班车、两个小时的地铁，从贵州到重庆，从山村南天门到闹市观音桥。 人潮涌动中，这些许久未见的师生，顺着喊声回头，一瞬间就确认了眼神，“还是当年的神态”。 火锅桌上，陈康依旧关心这些学生，询问大家的学习生活，还给出参考意见。“他还是那个热心肠。”何银开心地说，“我们几个人的活泼可爱、沉静腼腆，仍旧没变。” “学生们走了更好的路，更远的路！”当何银与同伴将“各自成长时的闪闪发光”娓娓道来，陈康处于一种欣慰状态。 何银（左）与同学、陈康在重庆街头合影。 从前的村小学已合并到乡小学、音乐美术课也不再是奢侈的想象、家门口的泥巴小路早就铺了水泥、县与县之间几乎都有高速公路、来习水避暑的游客更多了……何银眉飞色舞地讲述小山村的变化，作为参与者和见证者的陈康，也发自心底高兴。 只要提到12年前的相处，学生们的言语中总少不了感激。网友关于对比照片的留言，几乎都是赞美。对此，陈康始终认为，“自己做得微不足道，这些懂感恩、肯奋斗的孩子才是最可爱的。” 在数千条网络留言中，陈康最喜欢这段对话： “怎么全网都搜不到陈康老师？” “因为他就是一个普通的支教老师，是千千万万人里面的一个。” 陈康感慨，大家因何共鸣？或许，正是从这种变化中，网友看到了我们不论环境艰苦，始终勃发向上的特质，也看到了无数默默无闻的乡村教师，以及各级政府、社会各界为贫困地区发展注入的心血。 “长大后，我就成了你” 那年，支教老师离校时，全班13个学生悄悄跑到山上摘野花，凑成一大束，“就像花店里买的那样”，送给陈康和同事们。 12年后的6月，何银随着支教实习团队与新疆尼勒克县科蒙乡中心小学话别时，收到了学生们用折纸做的花、爱心卡片，还有手写的信。 稚嫩的笔迹、质朴直白的词句，让她热泪盈眶。 名叫青格力的三年级学生写到：“您一直细心教我们舞蹈和其他知识，让我们开心快乐，我会一直想你的。” 学生青格力给何银的爱心卡片。 舞蹈，是何银在大学学习的专业。回首来时路，舞蹈帮着她走出山乡老家，探索人生更多可能性。 正是当年陈康老师的启蒙，为何银埋下了梦想的种子。中学时她又得到不同老师的教导，一步步“跳”出了黔北山村。 尼勒克县地处西北边陲天山脚下。在上课时，何银有意识引导孩子们，鼓励学生放开眼界，尽情设想自己未来读大学的城市。 “有些孩子不一定能理解，但学生们会记住的，就像我当年一样。” 在这所边陲牧区小学，何银是建校以来首位专业的舞蹈社团带课老师，同时还负责体育、音乐，每周上10多节课。 何银在新疆尼勒克县科蒙乡中心小学支教时与学生在一起。 支教期间，“一种强烈的被需要感”驱使着何银，思考如何更好地回馈师生的真心。她说，以跳舞为例，尽管这里不少都是能歌善舞的孩子，但要说更专业的肢体动作，不一定做得来。 “讲授舞蹈知识，也是美育启蒙，这是我作为师范生的价值。” 何银始终铭记着当年陈康团队为她点亮的光， “我想把这份善意和力量传递下去，争取在未来带给更多学生。” 在陈康看来，曾经农村艺术教育资源相对短缺，何银凭借努力和父母老师们的不断支持，实现了梦想。舞蹈为这位西南山区的女孩带来精神慰藉，也是她接触山外天地的渠道。 “我以前学的是舞蹈动作形式，正是在新疆学习，我明白，舞蹈是融入生活的情感表达。” 何银说，接触芭蕾时间最久，但如果要随机舞动一曲，她会选择《黑走马》。 而这，正是何银支教时，带动师生一起跳动的欢快之音。投身基层教育，已是她未来计划不可或缺的一部分。 来源：新华每日电讯，记者：胡虎虎 本期编辑：石磊、朱田恬 觉得好看，请点这里 ↓ ↓ ↓
暑假期间，这个门诊的加号太多了，医生心疼：干预得太晚了……,https://mp.weixin.qq.com/s/9Pj_gK3sJAP8UGF7CAJqhw,2025-09-23,　　每到周二下午4点，上海市儿童医院2楼内分泌科诊室，科主任郭盛准时出现，准备开始2小时的夜门诊。但他几乎从来无法准时下班 ——来加号的家长太多了。 这里的内分泌门诊常年爆满，一到暑假，候诊区更是挤满了来看性早熟、追身高的孩子和家长。 　　《中枢性性早熟诊断与治疗共识》显示，我国儿童性早熟发病率达0.43%，一线城市检出率突破3%，农村地区也逐年攀升，其中女童占比超九成。一方面，孩子吃多动少、体重飙升，影响生长发育；另一方面，家长对孩子身高的期待越来越高了。 “恭喜你毕业啦，不用打针了” 　　12岁的小秋由爷爷陪来就诊，她是郭盛的“老病人”，8岁起就定期来门诊。她熟练地站上体重秤，郭盛为她量身高、测体重说：“你一米六啦！以后不用来了！” 　　“真的不用来了吗？再打一针吧！”爷爷早已习惯了常年陪诊，对“不用来了”有些难以置信。“正式从我的门诊‘毕业’了！”郭盛一边打印病历本一边叮嘱，“接下来重点是好好学习、好好长身体，现在有点瘦，千万别减肥！” 　　小秋8岁来就诊时，身高只有1.24米，全家急坏了。确诊性早熟后，她一直在儿童医院治疗：先抑制发育，后来因为长得慢，又加打生长激素，把身高追了上来。 　　这两年， 对于抑制针和生长激素的争议不小。 支持的家长认为，打了有效果，就应该坚持打；反对的声音则认为，这些药物同样促进了家长的身高焦虑不断“生长”，有些“滥用”了。 　　郭盛告诉记者， 性早熟的诊断要区分是中枢性性早熟（真性性早熟）还是外周性性早熟（假性性早熟），明确诊断后才能给予治疗。 　　“性早熟治疗的药物没那么可怕。”郭盛说，骨龄直接决定成年身高和生长空间，一旦闭合，身高就不再长了。 抑制针若能减慢骨龄增长，就能为孩子争取更多长高时间。 　　郭盛也提醒， 生长激素不是所有矮小孩子都能用， 有明确的适应症，不能盲目扩大。 而且，无论男孩女孩，家长们总会听到额外叮嘱——长高三件套“吃好、睡好、运动好”，超重的必须减肥。 “12岁身高一米三，真不是‘长得晚’” 　　男孩康康又瘦又小，12岁半，读初中了，在郭盛眼里“看起来最多8岁”。他身高1.36米，体重23千克，站在角落低头不说话，是爷爷奶奶带来看病的。 　　“孩子你真的12岁了吗？”郭盛既心疼又疑惑， “这孩子干预得太晚了。” 　　“幼儿园时矮不矮？” 　　“也矮。” 　　“小时候对牛奶鸡蛋过敏吗？” 　　“没有。” 　　奶奶说，孩子爸爸1.8米，妈妈1.6米，他们觉得孩子只是“长得晚”，不担心身高。 　　“‘长得晚’的孩子，小时候不太矮，大多属于偏矮，到青春期时，别人蹿得快他依然长得慢，身高偏差增大，那才叫长得晚。”郭盛解释，“12岁多男孩正常身高该有1.55米左右，你家孩子既没发育，个子也没长，偏差太大了。不干预的话，成年后可能长不到1.6米。没禁忌证的话，得尽快治，没时间了！” 　　其实，康康小时候爸妈带他来过医院，当时医生就建议尽快治疗，但家长觉得“没必要”，想“再等等”。这一等就是几年，错过了黄金干预期。 　　郭盛说，父母都盼着孩子有理想身高，却常对身高管理和生长发育缺乏正确认识。 有家长觉得“父母高，孩子肯定不矮”，但决定身高的因素里，遗传占70%，后天管理和环境占30%。 运动、饮食、睡眠，还有多种激素的调控，都影响身高。 “不纠结身高，但要关注女孩心理” 　　内分泌门诊里，女童占多数，大多是来看“性早熟”的。尽管全球青春发育都在提前，但“性早熟”的诊断标准很明确：中国女孩7.5岁前、男孩9岁前发育，才算性早熟。 　　性早熟不只是影响最终身高。 激素与代谢系统密切相关，有一小部分性早熟儿童成年后可能出现胰岛素抵抗，糖尿病风险升高。 　　当然，不是所有“提前发育”都要干预。9岁女孩小琪乳房微微凸起，妈妈担心她性早熟。郭盛看完报告告诉小琪妈妈：孩子身高很好，9岁有了10岁的身高，完全不用担心；子宫B超显示没发育，不会太早来月经；乳房发育也没危害；骨龄正常，胰岛素不缺，不用干预。 　　郭盛提醒，家长更该关注孩子的心理， 多引导、多关注 ：“因为开始发育，她可能会有不适——比如自我形象困扰、焦虑，甚至抑郁、厌学。” 　　“早发育会影响成年身高吗？”这是家长常问的问题。郭盛强调，“早发育不等于矮身材”，真正需要治疗的孩子，一定有明确指征。我们必须规范治疗，严格掌握指征，避免药物的滥用。” 来源： 新民晚报，记者： 左妍 本期编辑：石磊、朱田恬 觉得好看，请点这里 ↓ ↓ ↓
“男子高速戴恐怖面具”，警方通报,https://mp.weixin.qq.com/s/v4sb2RUP43EcGTGHe3IuGA,2025-09-23,近日， 有网友称有人在高速上 戴恐怖面具惊吓过路车辆，引发广泛关注。网传视频显示，在高速上行驶的一车辆 上，副驾驶人员 戴恐怖面具看向同向行驶车辆。 8月27日 凌晨， 杭州市公安局高速公路交通警察支队就 “长深高速有人戴恐怖面具惊吓过路车辆”事件 发布警情通报。通报如下： 来源： 杭州高速交警 本期编辑：石磊、朱田恬 文明行车！ ↓ ↓ ↓
最新阅兵宣传MV，高燃来袭！,https://mp.weixin.qq.com/s/8n-QmQqQuyeqfS6X3DkceA,2025-09-23,受阅一次 成就一生荣光 不负一生信仰 九三阅兵即将举行 人民日报社新媒体中心 中部战区 政治工作部 联合推出 原创 MV《胜利荣光》 展现新时代受阅官兵的风采 纪念中国人民抗日战争 暨世界反法西斯战争胜利80周年 他们踏着铿锵正步走来 劈开晨曦的光芒 目光如炬、斗志昂扬 他们驾驭新型武器装备 钢铁洪流 、排山倒海 猎猎军旗高高飘扬 每一个动作都整齐划一 每一次踏步都沉稳有力 每一道身影都巍峨耸立 挺拔的脊梁 彰显着中国军人的威武与荣耀 战士们从五湖四海奔赴而来 脸庞被晒得发烫 汗水浸透了衣衫 年轻的笑脸却是那么明亮 雄师列阵展国威 歌声嘹亮强军魂 他们是中国 人民解 放军受阅部队 踏着先辈们的伟大足迹 与祖国一起迈向更加辉煌的明天 铭记历史、缅怀英烈 先辈的精神永志不忘 向前！ 向着更强大的祖国、更光明的未来 来源：人民日报新媒体 、 中部战区政治工作部 本期编辑：胡程远、朱田恬 觉得好看，请点这里 ↓ ↓ ↓
痛心！罗家祺不幸去世，年仅17岁,https://mp.weixin.qq.com/s/WV3_OyiWGS8X4k99-8y_4g,2025-09-23,看着17岁小儿子罗家祺的身份证，8月25日，来自广东省阳江市江城区双捷镇的梁女士，眼泪止不住地流。原来，就在几天前， 即将在今年9月读高三的罗家祺在勇救一名落水的婆婆时不幸溺亡，他的生命永远定格在那个傍晚。 “我平时一般下午5点左右给儿子打电话，让他回家吃晚饭。8月21日下午那天我有事忙忘了，没有给小儿子罗家祺打电话，没想到再也听不到他叫妈妈的声音了……”梁女士告诉记者，8月21日下午，她的小儿子和3个同学去当地的一条大河边钓鱼，下午5时许听到呼救声。 罗家祺生前照片 “我小儿子根本不会游泳，但是 他出于本能反应，第一时间跳入河里， 想救那位落水的60多岁婆婆。没想到的是，婆婆被安全救上岸了，两个小时后我小儿子被捞上岸时，已经没有了生命体征。”梁女士哽咽着告诉记者，儿子就是太善良了，他当时忘记了自己不会游泳。 死亡证明显示罗家祺为溺亡 罗家祺的一名同学称，8月21日下午他们在阳江市江城区观光北路富和海岸城附近一座跨河的桥梁下的安全区域钓鱼，钓了一会没钓到，就收了鱼竿，在水边抓螃蟹玩。 事发地附近河边 “我们听到有人喊‘救命’，发现是一个婆婆在水中挣扎。”这名同学介绍，大家大喊着让这个婆婆要浮水不要下沉，没想到不会游泳的罗家祺会直接跳下河。 “我们先用鱼竿将那个落水的婆婆拽上岸，然后再用鱼竿拉罗家祺，结果多次不成功，鱼竿还发生断裂。”这名同学告诉记者。后来，另外一名同学打电话报了警。 8月23日，罗家祺见义勇为的行为得到了当地官方认可。 见义勇为行为确认书 8月24日中午，罗家祺的遗体在殡仪馆火化。 “心里特别难受， 他8月17日才过17岁生日 。”梁女士告诉记者。 遇到溺水 如何正确自救或施救？ 一起来看 ↓↓ 罗家祺，一路走好！ 很遗憾以这种方式认识你 也提醒大家 见义勇为需要量力而为 一定要在保护好自己的前提下救人 来源：极目新闻 （记者：刘孝斌） 、应急管理部 本期编辑：胡程远、郑薛飞腾 痛心！一路走好！↓↓↓
中方提出严肃交涉：要求日方澄清！,https://mp.weixin.qq.com/s/K55HW6K65tAblptKg9K_aQ,2025-09-23,　　8月26日，外交部发言人郭嘉昆主持例行记者会。 　　问： 据报道，24日，外交消息人士透露，对于9月3日将在北京举行的抗日战争胜利80周年纪念活动及阅兵仪式，日本政府已通过外交渠道呼吁欧洲及亚洲各国不要参加。日本通过驻外大使馆等向各国称，此次中国的活动过度聚焦历史、反日色彩浓重，呼吁各国谨慎考虑。中方对此有何评论？ 　　答： 中方注意到上述消息，已向日方提出严肃交涉，要求日方澄清。 　　中国政府隆重纪念中国人民抗日战争暨世界反法西斯战争胜利80周年，是为了铭记历史、缅怀先烈、珍爱和平、开创未来。任何正直坦荡面对历史、切实汲取历史教训、真正致力于和平发展的国家，都不会对此心怀疑虑甚至提出异议。 　　正确认识和对待历史，是日本战后重返国际社会的重要前提，是日本同周边国家发展关系的政治基础，更是检验日本能否恪守和平发展承诺的一杆标尺。 日本如果真心想翻过历史问题这一页，就应该以诚实态度正视和反省侵略历史， 同军国主义彻底切割，坚持走和平发展道路，切实尊重中国等受害国人民的感情，这样才能取信于亚洲邻国和国际社会。 来源： 人民日报客户端，记者： 陈熙芮 本期编辑：石磊、朱田恬 觉得好看，请点这里 ↓ ↓ ↓
来了！新闻早班车,https://mp.weixin.qq.com/s/mTDEkJ5vPpQMRqpTtDu4Dg,2025-09-23,点击这里，查看更多精彩内容 要闻 8 月 26 日上午，国家主席习近平和夫人彭丽媛在中南海亲切会见柬埔寨国王西哈莫尼和 太后莫尼 列。 8 月 26 日上午，国家主席习近平在北京人民大会堂会见俄罗斯国家杜马主 席沃洛金 。 国务院日前印发《关于深入实施 “ 人工智 能 +” 行动的意见》。 详讯 “ 十四五 ” 期 间，我国建成全球最大的电动汽车充电网络，每 5 辆电动汽车就有 2 个充电 桩。 截至 7 月末，三家基础电信企业的固定互联网宽带接入用户总数 达 6.86 亿户。 住建部消息，今年 1—7 月份，全国新开工改造城镇老旧 小区 1.98 万个。 截至今年 6 月，西部地区有效发明专利量达到 53.1 万件，西部地 区创新能力 持续提升。 国家药监局消息，截至目前，我国累计批准创 新医 疗器械产品 367 个。 26 日，我国在海南商业航天发射场使用长征八号甲运载火箭，成功将卫星互联网低轨 10 组卫 星发射 升空。 社会 中央气象台 26 日发布高温黄色预警，预计今天白天，重庆、湖南东部、江西、浙江西部等地 局地最 高气温可达 40 ℃。 26 日，水利部针对 京津 冀启动洪水防御Ⅳ级应急响应。 26 日 24 时起，国内汽、柴油价格每吨分别降低 180 元和 175 元。按全国平均价格计算，用 92 号汽 油加满 50 升油箱将节省 7 元。 十五运会和残特奥会体育比赛首批门票将于 28 日 上午 10 时起面向公众销售。 26 日，海南省人大常委会原党组副书记、副主任刘星泰受贿案一审宣判，刘 星泰以受贿罪被 判死缓。 2 6日，江门中微子实验大科学装置正式运行，将开启探索未知 物理的 新窗口。 沪渝蓉高铁武汉至宜昌段 26 日开始试运行，正式通车后，沿线多个城市迈入 高 铁时 代。 26 日，辽宁大连东北亚水果转运中心海运进口榴莲项目正式启动，未来鲜榴莲海运最快 6 天抵达 。 云南田坝煤矿致人死亡顶板事故调查结果 26 日对外公布，该起事故直接原因为人员违章空顶作 业，将对 18 名相关 责任人追责问责。 江苏南京一女子在山上寻雨花石，被滚落的巨石压住，救援人员第一时间赶到，通过液 压顶杆、绳索牵拉等方式，成功将被困 女子 救出 。 政策 市场监管总局组织起草了《关于检验检测机构出具虚假报告情节严重判定标准的意见（征求意 见 稿）》， 开始公开征求意见。 湖南明确，学校（含幼儿园）擅自调价、违规补课收费、通过家委会强制购平板、食堂牟利等教育乱 收费行为，将被纳入追责范畴。 广西发文，激励企业加大研发经费投入，对符合条件的单个企业每年最高奖补 50 万 元 。 今日天气 内蒙古中南部、青海东部、甘肃中南部、宁夏中南部、陕西北部、华北中北部、河南中部、川西高原北部、四川盆地西部以及江南东部和南部等地部分 地 区有中到大雨。 早安中国 每个清晨，遇见大美中国。 四川成都古福横街，格桑花、百日草、硫华菊、万寿菊肆意绽放，粉若云霞、白似初雪、橙如暖阳、红像火焰，层层叠叠绵延至山坡。微风拂来，花影摇曳。小径漫步，宛若置身画境，成都市欢迎您！ 早晨的时间可以用来晨练、读书、给一天做好规划，这些小习惯日积月累，可以给人带来强健的体魄、积极的心态，会让你更好地感知到生活的幸福。一日之计在于晨，新的一天，早安！ 本期编辑：方梓祎，实习生：陈皓迪、 勇佩言 ｜主播： 韦礼义 觉得好看，请点这里 ↓ ↓ ↓
【夜读】这3个字，是遇事最有水平的处理方法,https://mp.weixin.qq.com/s/L45JhF41C6VZfaPUb6BjTw,2025-09-23,快 小事赢在“快” 　　生活中最容易消耗能量的，往往是那些看似不起眼的小事：堆在玄关的快递盒、家里闪烁的灯泡、未及时回复的消息...... 这些小事盘旋在心头，让我们从早到晚都隐隐感觉“有什么事没做”，小事慢慢拖成了烦心事。 　　处理小事的关键，就在于 “快”。其实，当你认真去做的时候就会发现，每件事不过花了三五分钟就解决了。与其让无谓的拖延消耗精力，不如遇到问题就马上行动，尽快解决让你不舒服的生活小事，把节省下来的精力用来享受问题解决后的清爽和顺畅。 　　养成随手做小事的习惯，更大的意义是 我们能渐渐获得 “我 可以 掌控生活 ” 的 信心 ，并且形成高效解决问题的思路和路径 ，让自己维持着一种高能量的生活状态。 准 大事赢在“准”    　　一个人如果没有正确的目标，就很容易忙碌一通，最后却收获甚少。 　　成大事者，都有着坚毅的态度和深耕的精神， 他们不会被外界的声音 轻易 裹挟，也不会凭一时的冲动做决定，而是会在认真审视内心需求与 外部情况后 ， 找准目标，不再犹豫，坚定专注地走下去。 　　成功从来没有捷径，真正成大事的人，都懂得下 笨功夫。 有句话说得好： “没有天赋异禀的幸运，唯有水滴石穿的坚持；没有一步登天的幻想，唯有日积月累的付出。” 　　把大目标拆解为一个个小目标，然后在抵达这些小目标的过程中不断积累、不断复盘、不断修正、不断优化，你终会收获更好的自己。 稳 难事赢在“稳” 　　生活中， 我们每个人每天都会遇到和处理很多事 ，总会有一些 “难事”不期而至。 做事越是着急，脑子就越是混乱，就越容易把事情搞砸。正如俗话说的： “ 饭要一口一口吃，事要一件一件做。 ” 　　遇到难事 别着急，稳住自己，冷静思考，不过分担心和恐惧，沉下心来分析问题的本质，积极思考解决问题的方法。 　　懂得 稳住心态， 化繁为简，按照事情的优先级安排好处理步骤，把眼前的事件逐一有序地解决好，往往会得到事半功倍的效果 。 　　人生的很多智慧，都藏在沉稳和从容里。遇事不慌不忙，一步一步保持淡定，才能更好地应对各种挑战，人生之路也才能行稳致远。 来源：人民日报夜读，综合有书、knowyourself等 |  主播：赵文龙 本期编辑：王若彤，实习生：洪舒云 觉得好看，请点这里↓ ↓ ↓
很累但睡不着？你可能不是失眠......,https://mp.weixin.qq.com/s/Dewls2FvoXBmxjKcmvuhFQ,2025-09-23,今晚 祝你睡个好觉~ 来源： 央视网（ 绘制：野山药 ） 本期编辑：胡程远、郑薛飞腾 觉得好看，请点这里 ↓ ↓ ↓
晚上11点20，她发出了最后一条消息……,https://mp.weixin.qq.com/s/tDA51u3B7ghuYnZ2jhXtUQ,2025-09-23,今年7月，北京遭遇连续强降雨天气。7月26日晚，在应对暴雨组织转移群众时，北京市怀柔区琉璃庙镇孙胡沟村党支部书记 尹春燕 和她的爱人、党员 蔡永章 被洪水冲走失联。他们的遗体先后被确认找到，在防汛救灾中不幸牺牲。 8月14日，尹春燕、蔡永章同志被追授“北京市优秀共产党员”称号。 尹春燕是一位怎样的村干部？蔡永章又是怎样的一个人？当晚情况是什么样的？记者来到北京市怀柔区琉璃庙镇孙胡沟村，采访多位村民和村干部，还原村支书尹春燕和爱人蔡永章的经历。 “我亲眼见到才放心” 7月26日晚，北京市怀柔区琉璃庙镇孙胡沟村遭遇特大暴雨，怀柔区对部分镇启用了防汛一级响应。 据孙胡沟村党支部副书记孙桂起介绍，孙胡沟村有9个自然村，地理位置是两山夹一沟，各沟各岔的水全汇集到这个谷里，在多雨的汛期面临着山洪、滑坡等地质灾害的风险。 “瓢泼似的大雨下了有三个多小时。” 孙胡沟村村民范玉和提起当时的场景，说雨大得吓人。 当晚雨势越来越大， 村里的电力、通讯设施在强降雨中突然中断。 尹春燕在工作群里布置防汛工作 深夜，尹春燕判断着全村形势，紧绷着神经，通过微信、电话不断向村干部安排着防汛工作，不敢有丝毫松懈。 “她（尹春燕）特别不放心，就想着去看看这两位老人。”孙桂起说，北大地自然村是孙胡沟村的第二个自然村，地势低洼， 当晚两位高龄老人因暴雨被困家中。 得知消息的尹春燕放心不下，转身冲进伸手不见五指的黑夜与瓢泼大雨中。周末回村帮忙的蔡永章看到妻子出去，也拿起一把伞紧跟着，两人逆行向着老人所住的北大地自然村前进。 “我亲眼见到我才放心。” 出发前，尹春燕告诉孙胡沟村党支部委员孙桂申。当晚11:23，她与孙桂申打了一通电话，时间持续40秒。 “ 我劝她雨太大走不了，让她（尹春燕）别走。 她却说不行就得去，不放心任何一个人。”孙桂申回忆说，当时还没说完话，就没了声音，挂断电话再拨过去，依然没有任何回应。 这也成为尹春燕生前最后一通电话。 失联前9小时，她一直忙不停 时间线往回拉，被冲走前，尹春燕在做什么？我们试图从村民和村干部的讲述中还原她的经历。 7月26日14:21，尹春燕在两委干部工作群里发了一张表格和一个通知，让表格中的包村干部、村委会成员严格按照排班值班，保持通讯通畅，随时待命。尹春燕带领村两委干部忙前忙后，挨家挨户通知村民防汛。 19:47，在工作群发了一段小视频和几段文字信息，提醒大家“提高警惕，关注各片村庄安全”。 21:11，在工作群里发出两张当日雨情监测截图。 21:16，提醒村两委干部“看住咱们接来避险的村民”。 21:36，布置防汛工作，“做好各项备战准备，协调好抢险队员应对突发事件”。 22:48，紧急通知部分村民转移。 23:00，怀柔区升级发布暴雨红色预警信号，尹春燕此刻正在村委会值班。 23:20，在工作群发出最后一条消息 ，“最新要求：各村按照红色预警标准措施落实”。 23:23，前往北大地自然村的路上，和孙桂申打了生前最后一通电话。 “两口子对老百姓好着呢” “二华”是尹春燕的小名，孙胡沟村的村民经常这样称呼她。 “都不叫她尹（春燕）书记，村里老人有的喊二闺女。” 谈起尹春燕，孙胡沟村村民孙桂祥动情地说。 尹春燕生于孙胡沟村，外出工作多年后，选择回到自己的家乡发展，2019年任村党支部书记、村委会主任。在村里，她总是特别热情，平日遇上了，嘘寒问暖，总会唠嗑聊几句。 “谁家那个化粪池不通了，都给她打电话。她的电话不断，什么事都找她。”在孙桂祥眼里，尹春燕是个事无巨细的人。 在村民们眼里，她不仅爱操心，还很大方。 范玉和说，从村里到镇上要走十几公里的山路，对行动不便的老人来说，去镇上购物是件困难事儿。“她有时候给村民买东西，三十五十、百八十的不要钱，买完东西还非得把标签撕下来。之所以撕下来，是不让村民看到标签给钱”。 提起她的爱人蔡永章，村民连说热心肠，全村人有目共睹。 蔡永章是河北人，结婚后在怀柔城区工作。“蔡永章不在孙胡沟村上班，周六日都回村帮忙，特别支持他媳妇工作。谁家生病了，尹春燕忙不过来的时候，他二话不说，好几次自费开自家车帮忙送去医院。”谈起夫妻俩，范玉和说：“两口子对老百姓好着呢！” 是“二华”，也是“主心骨” 被暴雨摧残后的孙胡沟村，到处是碎石、倒伏的树木，和随着洪水冲下来的落石，没有人知道当晚蹚进暴雨夜里的尹春燕、蔡永章夫妻俩经历了什么。“她说要在自保的情况下去救人，可是她自己却没记住。不是她真没记住，她就是太担心两位老人了。”孙桂起说，当村民焦急地问“二华找着了吗”，自己忍不住蹲地上哭了起来。 距离那一夜的大雨已经过去近一个月，村民们始终不愿接受二人遭遇的不幸。孙胡沟村村民尹国伶提起尹春燕，不停抹眼泪，说“很想她”。 在他们眼里，尹春燕不仅是“二华”，还是带领大家修路、挖井、养蜂致富的“主心骨”。自从当了村党支部书记，她带领班子和村民发展蜜蜂养殖、引进杏仁油加工设备，让满山杏变身“金豆子”。有了这些集体产业，村里每年能增收约15万元；她还带领村民一同打出深水井，彻底解决困扰几代人的吃水难题；在村里种植月季，进行村容绿化提升…… 不顾个人安危 关键时刻冲锋在第一线 尹春燕、蔡永章的英雄事迹 感染了很多人 “永远不会忘记” “是托举生命的力量” “纵有千般不舍，还是要说一路走好” 雨停了，天晴了 尹春燕挂念的老人们 也都平安回了家 日子会慢慢好起来 他们守护的身影，我们不会忘记 爱与希望在生活中回响 这是尹春燕、蔡永章的故事 致敬，一路走好！ 来源：人民日报客户端 本期编辑：胡程远、郑薛飞腾 致敬！ ↓ ↓ ↓
暴雨来了！北京全市橙色预警！5区红色预警,https://mp.weixin.qq.com/s/U_AwEpnRlI7ucWXbdgsM2Q,2025-09-23,据气象部门预报，8月26日至28日，京津冀地区有较强降雨过程，其中，北京、天津以及河北中北部等局地有暴雨或大暴雨。 根据《国家防汛抗旱应急预案》及有关规定，国家防汛抗旱总指挥部决定于8月26日17时 针对京津冀启动防汛四级应急响应 。 国家防总办公室派出 两个工作组分赴北京、河北一线 协助指导防汛救灾工作。 北京全市暴雨橙色预警 8月26日16时，北京市发布 暴雨橙色预警 ： 预计26日夜间至27日夜间，本市部分地区将出现6小时雨量100毫米以上或者24小时150毫米以上的强降水，房山、门头沟、昌平、怀柔等区的个别地方累计降雨量可达200毫米以上， 山区及浅山区出现山洪、泥石流、滑坡等灾害的风险极高 ，低洼地区极易出现积水，请注意防范。 记者了解到， 本次降雨过程，持续时间长，累计雨量大，尤其明天早晚高峰需特别注意 ，外出携带雨具，驾车注意交通安全，谨慎慢行，切勿涉水行车。 北京5区暴雨红色预警 延庆、昌平、怀柔、房山、门头沟5区发布 暴雨红色预警 。 8月26日17时08分，延庆区发布暴雨红色预警： 预计26日夜间至27日夜间， 延庆区将出现6小时雨量100毫米以上或者24小时150毫米以上的强降水，局地累计降雨量可达200毫米以上 ，山区及浅山区出现山洪、泥石流、滑坡等灾害的风险极高，低洼地区极易出现积水，请注意防范。 8月26日16时30分，昌平区发布暴雨红色预警：预计26日夜间至27日夜间， 昌平区局地将出现6小时降雨量150毫米以上或24小时降雨量200毫米以上的强降水 ，山区及浅山区可能出现山洪、泥石流、滑坡等次生灾害，低洼地区易出现积水，请注意防范。 8月26日16时，怀柔区发布暴雨红色预警：预计26日后半夜至27日夜间， 怀柔区将出现6小时降雨量150毫米以上或24小时降雨量200毫米以上的强降水 ，山区 及浅山区可能 出现山洪、泥石流、滑坡等次生灾害，低洼地区易出现积水，请注意防范。 8月26日9时30分，房山区发布暴雨红色预警：预计26日夜间至27日夜间， 房山区将出现6小时降雨量150毫米以上或24小时降雨量200毫米以上的强降水 ，山区及浅山区可能出现山洪、泥石流、滑坡等次生灾害，低洼地区易出现积水，请注意防范。 8月26日9时30分，门头沟区发布暴雨红色预警：预计26日夜间至27日夜间，门头沟区将出现暴雨天气， 部分地区6小时降雨量可达150毫米以上，个别点可达200毫米以上 ，山区及浅山区出现山洪、泥石流、滑坡等灾害的风险极高，低洼地区极易出现积水，请注意防范。 注意防范！ 来源：北京日报、北京市气象局 本期编辑：胡程远、郑薛飞腾 转扩！周知！ ↓ ↓ ↓
今晚，油价调整,https://mp.weixin.qq.com/s/kxD9EXMWP_LiIJP4Xpfg3A,2025-09-23,　　近期国际市场油价波动运行，根据 8 月 26 日 的 前10个工作日 平均价格与上次调价前 10个工作日平均价格对比情况， 按照现行成品油价格机制，自202 5 年 8 月 26 日24时起， 国内汽、 柴油价格（标准品，下同）每吨 分别降低 1 80 元和 1 75 元。 调整 后，各省（区、市）和中心城市汽、柴油最高零售价格见附表。 　　中石油、中石化、中海油三大公司 及其他原油加工企业 要组织好成品油生产和调运，确保市场稳定供应，严格执行国家价格政策。各地相关部门要加大市场监督检查力度，严厉查处不 执行国家价格政策的行为，维护正常市场秩序。消费者可通过12 315 平台举报价格违法行为。 附：各省区市和中心城市汽、柴油最高零售价格   　　全国平均来看：92号汽油每升下调0.14元，95号汽油每升下调0.15元，0号柴油每升下调0.15元。按此价格计算， 用92号汽油加满50升油箱将节省7元。 来源： 国家发改委网 站、央视财经 本期编辑：胡程远、郑薛飞腾 觉得好看，请点这里 ↓ ↓ ↓
刘星泰，死缓！,https://mp.weixin.qq.com/s/unT4RR1jMr_G1afKzBl1KQ,2025-09-23,　　2025年8月26日，广西壮族自治区桂林市中级人民法院一审公开宣判海南省人大常委会原党组副书记、副主任刘星泰受贿案，对被告人刘星泰以受贿罪判处死刑，缓期二年执行，剥夺政治权利终身，并处没收个人全部财产；对其受贿所得财物及孳息依法予以追缴，上缴国库。 　　经审理查明：2003年至2024年，被告人刘星泰利用担任山东省无棣县委副书记、县长，无棣县委书记，山东省委组织部副部长，山东省机构编制委员会办公室主任，山东省日照市委副书记、市长，日照市委书记，海南省委常委、政法委书记，海南省人大常委会党组成员、副主任，海南省人大常委会党组副书记、副主任等职务上的便利以及职权或者地位形成的便利条件，为有关单位和个人在企业经营、业务承揽、资金拨付等事项上提供帮助，直接或通过他人非法收受财物共计折合人民币3.16亿余元。 　　桂林市中级人民法院认为，被告人刘星泰的行为构成受贿罪，应依法惩处。刘星泰受贿数额特别巨大，并使国家和人民利益遭受特别重大损失。鉴于刘星泰受贿犯罪中有未遂情节；归案后如实供述自己的罪行，主动交代监察机关尚未掌握的绝大部分犯罪事实；认罪悔罪，积极退赃，涉案赃款赃物及孳息已全部追缴到案；检举揭发他人重大犯罪经查属实，有重大立功表现，具有法定、酌定从轻处罚情节，依法可对其从轻处罚。法庭遂作出上述判决。 　　据悉，桂林市中级人民法院于2025年5月29日公开开庭审理了该案。庭审中，检察机关出示了相关证据，被告人刘星泰及其辩护人进行了质证，控辩双方在法庭的主持下充分发表了意见，刘星泰进行了最后陈述，并当庭表示认罪悔罪。人大代表、政协委员、新闻记者和各界群众40余人旁听了庭审。 来源：人民日报客户端（ 记者： 魏哲哲） 本期编辑：胡程远、郑薛飞腾 觉得好看，请点这里 ↓ ↓ ↓
突破3100℃！刷新世界纪录,https://mp.weixin.qq.com/s/DnDA1fMa8Hb9mcDMQoH0Eg,2025-09-23,太上老君的炼丹炉不是神话，在距离地面大约400公里的中国空间站， 一台现实版的“炼丹炉” 成功把钨合金加热到超过3100℃，创造了新的世界纪录 。 这台藏在中国空间站的“太空炼丹炉”，其实就是位于天和核心舱里面的无容器材料实验柜， 上天四年来，它一直忙着“炼丹” ，只不过炼的不是长生不老的丹药，而是能扛住火箭发动机烈焰的钨合金、铌合金等“耐热高手”，以及一些新型材料。 “太空炼丹炉” 隐藏哪两大关键技术 现在，这台“太空炼丹炉”又成功把钨合金加热到3000多℃，都快接近太阳表面温度的一半了。这堪比神话的硬核本领，隐藏着两大关键技术的突破。 首先是让材料乖乖听话的“悬浮术”。 在地面上，熔化的金属液体在重力影响下会变得十分调皮。它们要么会像糖浆一样粘在容器上，要么会被重力拽着“分家”，不同密度的金属会像油和水那样分层，根本无法形成质地均匀的合金。 但到了太空微重力环境，液态金属瞬间变乖，表面张力把它们捏成圆滚滚的“仙丹”，实验柜再通过静电场产生的力，就能将金属稳稳托住，悬在半空。这时候它完全脱离容器接触，既不沾杂质，也不被干扰，真正实现了“无容器”。 其次是加热金属的“三昧真火” ， 其实是实验柜的双波长激光系统。半导体激光“强攻”金属表面，二氧化碳激光负责“渗透”加热内部，再配合300瓦的大功率输出，哪怕是钨合金这种熔点极高的“顽固分子”，也架不住两种激光联手，被烧化成液球。 “悬浮术”+“三昧真火” 能捕捉到什么“硬核数据” “悬浮术”与“三昧真火”的精妙配合，就能帮助科学家 看清极端耐热材料在超高温下的“真面目” ：比如钨合金熔化后怎么流动、冷却时怎么结晶，这些地面实验永远捕捉不到的“硬核数据”，正在为我国新型耐热材料的设计铺路。 未来，它们可能变成宇宙飞船的“铠甲”，能抵御穿越大气层时的熊熊烈焰；也可能化作火箭发动机的“心脏”，在极端高温下保持稳定运转。太空炉里每炼就一颗 “金丹”，意味着人类驶向星辰大海的梦想更进了一步。 来源：央视新闻 本期编辑：胡程远、郑薛飞腾 觉得好看，请点这里 ↓ ↓ ↓
庄恩琪，又火了！,https://mp.weixin.qq.com/s/SVpZh60F4iaZ_rYZfEN6oQ,2025-09-23,还记得去年和英歌队互动火了的 “小孩姐”庄恩琪吗？ 近日，她又出现在 英歌舞路训现场中 网友留言 “小姑娘跳得更好了” “每个动作都充满了力量” 当晚的路训 在广东普宁市里湖镇举行 是一场潮汕英歌交流活动 小恩琪受邀和队员们一起表演 他们从晚上8点开始 一路边走边跳 最后到镇上的广场进行大表演 整个路线长3公里，持续了3个小时 看上去奶萌奶萌的庄恩琪 一跳起英歌舞 可谓“一秒变脸” 瞬间英气十足 虽然身型稚嫩 但动作依然不失“中华战舞”的 力量与美感 庄恩琪的家人称 “3个小时跳完 我们问她累不累 她居然说不累” 很多网友观察到 小恩琪长高不少，跳得也更娴熟了 庄恩琪意外走红后的这一年 已经掌握五六套英歌舞动作 也跟随英歌舞见识了更广阔的世界 庄恩琪在新加坡潮属粤海清庙及周边演出。 2024年12月，她受邀赴新加坡表演 把英歌舞跳到了国外 2025年春节，她参加了 粤港澳大湾区春晚 中国非遗春晚等节目 家人说 “她不会怯场，到哪里都是团宠 跟这些队员玩得很开心” 小恩琪与英歌舞的“结缘” 是受到爸爸的影响 她的爸爸 庄镕强 是当地英歌队的锣手 放学后 她总会跟随着爸爸到训练场玩 千变万化的英歌舞似乎有种魔力 牢牢抓住 小恩琪的心 起初，她只是坐在角落里静静看着 有时候也会悄悄模仿 直到有一天， 她对爸爸 说 “爸爸，给我买一对英歌槌吧” 于是， 家里就成了 小恩琪的“训练场” 在汕头市贵屿镇玉窖村的家中， 父亲庄镕强（右）指导庄恩琪（中）和妹妹庄雅琪练习“敲锣打鼓”。新华社记者 邓华 摄 小恩琪的爷爷 也曾经是当地英歌队的队员 爷爷和爸爸也经常交流英歌的技巧和经验 除了生活中的“耳濡目染” 小恩琪还会在网上搜索视频自学 “我没教过她，直到有一天 我看到她在训练场上的一段表演 才发现她已经学会了经典招式” 庄镕强说 在汕头市贵屿镇玉窖村的英歌队排练现场，庄恩琪在跳英歌舞。新华社记者 邓华 摄 发现小恩琪的天赋后 家人为她请了教练 庄镕强透露 教练说小恩琪很有天赋 一些要三到四天学会的动作 小恩琪只要一个半小时就能学会 惊讶还远不止这些 随着小恩琪掌握的技能越来越多 就连成年人看来“高难度”的 打鼓、 “蛇步” 她也能做得 气定神闲 有模有样 当小恩琪被问及 为什么这么喜欢跳英歌时 她不假思索地回答： “好玩！” 而再问她想跳到多少岁时 她奶声奶气地答道 “100岁！” 庄镕强看到女儿这么喜爱英歌舞 也是发自内心地开心 未来，庄恩琪想成为 小小的非遗传承人 她的家人希望小恩琪的表演 能让更多人看到英歌舞 喜欢上英歌舞 “把这项传统文化发扬出去” 点赞，祝福小恩琪！ 来源：综合新华社、央视新闻、南方+ 本期编辑：石磊、林帆 觉得好看，请点这里 ↓ ↓ ↓
老师王某，停课、被采取刑事强制措施,https://mp.weixin.qq.com/s/2N1OQjwWqIX7IJPCgYWi2g,2025-09-23,8月25日晚，西安市公安局莲湖分局发布警情通报： 2025年7月6日，我局西大街派出所接到报警，称女童在某康复机构内被打。经调取视频监控、走访了解等工作，查明该机构 工作人员王某（女，24岁）在工作期间，确存在对儿童实施体罚的行为。 目前，我局 已依法对王某采取刑事强制措施， 案件正在进一步办理中。 此前报道 近日，来自西安的王女士向媒体反映称，今年6月至7月，患有孤独症的女儿小言在西安“佑贝儿科”做康复训练时，被该机构教师王某多次暴力对待，身体出现淤青，双手被打得红肿。 立案告知书显示，王某涉嫌“虐待被监护、看护人罪”一案，警方认为符合刑事立案标准，已立案侦查。 8月21日，“佑贝儿科”工作人员表示，该机构正与上级部门对接，配合相关调查，涉事老师王某已停课。 来源：中国新闻网综合自澎湃新闻、西安莲湖公安 本期编辑：石磊、林帆 觉得好看，请点这里 ↓ ↓ ↓
中国地下700米，有了个全球第一！,https://mp.weixin.qq.com/s/53picVaqMvsXlgX50x-B_A,2025-09-23,　　26日， 江门中微子实验（JUNO）成功完成2万吨液体闪烁体灌注，并正式运行取数。 这座历时十余年建设的重大科学设施，将着手解决粒子物理学领域未来十年内的重大问题之一：中微子质量排序。 位于水池内（尚未灌水）的中心探测器（外部图） JUNO探测器位于广东省江门市附近的地下700米处， 可以探测53公里外台山和阳江核电站产生的中微子， 并以前所未有的精度测量它们的能谱。 与国际同类实验相比，JUNO对质量顺序的测定 不受地球物质效应和其它未知中微子振荡参数的影响， 并将显著提高6个中微子振荡参数中3个参数的精度。 JUNO实验 使我们 能够对来自太阳、超新星、大气和地球的中微子开展前沿研究， 并将开启探索未知物理的新窗口， 包括对不活跃中微子和质子衰变的搜寻。 中心探测器内部的有机玻璃球及光电倍增管 JUNO的核心探测器为有效质量达 2万吨的液体闪烁体探测器 （中心探测器） ，安置于地下实验大厅44米深的水池中央。直径41.1米的不锈钢网壳作为主支撑结构，承载了包括35.4米直径的有机玻璃球、两万吨液体闪烁体、两万只20英寸光电倍增管、两万五千只3英寸光电倍增管以及前端电子学、电缆、防磁线圈和隔光板等众多关键部件。 遍布探测器内壁的光电倍增管 协同工作， 探测中微子与液闪相互作用产生的闪烁光，并将其转换为电信号输出。 水池上方的顶部径迹探测器 JUNO的设计使用寿命可达30年， 后期可升级改造为世界最灵敏的无中微子双贝塔衰变实验 。这样的升级将探测中微子绝对质量，检验中微子是否为马约拉纳粒子，从而解决粒子物理、天体物理和宇宙学的前沿交叉热点难题，并深刻影响我们对宇宙的理解。 江门中微子合作组发言人王贻芳表示：“完成江门中微子探测器灌注并开始运行取数，是一个突破性的进展。 这是国际上首次运行这样一个超大规模和超高精度的中微子专用大科学装置，将使我们能够回答关于物质和宇宙本质的基本问题。 ” 来源：人民日报客户端，记者： 贺林平， 中国科学院高能物理研究所供图 本期编辑：石磊、林帆 觉得好看，请点这里 ↓ ↓ ↓
“鲁迅夹烟被投诉”？绍兴文旅回应！,https://mp.weixin.qq.com/s/lyWTP1vsB_4l9TaS7rYAdQ,2025-09-23,近日 ，浙江绍兴鲁迅纪念馆一面 鲁迅手里夹香烟 的网红打卡墙，被部分游客投诉， 认为这幅墙画不妥，会对青少年的行为规范有不良影响。相关 话题一度冲上热搜。 8月25日，绍兴市文旅局的一名工作人员表示， 他们收到了来自全国各地的电话，“都表示这是历史的客观现实， 而且也是绍兴鲁迅故里旅游的一张名片，要求不能因为一个人的投诉盲目做出决策。”大家一致认为不需要修改， 文旅局也会在广泛听取民意的基础上做出决策，不会因为一个人的投诉而盲目更换， “是否修改目前还没有通知，会在全面统筹后再做出决策。” 绍兴鲁迅故里景区： 尊重鲁迅、尊重历史、尊重艺术 25日晚间，“绍兴鲁迅纪念馆”微信公众号发布关于“鲁迅故里景墙画面误导青少年”一事的回应。 回应称，近日，有位孙姓女士在社交平台发帖称“鲁迅故里景墙使用鲁迅吸烟画面，系误导青少年，要求更换”。随后多家媒体转载和报道此事，引发广大网民关注。同时， 有百余位热心人士通过“12345市长热线”及咨询电话联系景区，要求景区坚持尊重历史， 不要因为个别人的观点修改相关画面。 绍兴鲁迅故里是鲁迅出生和青少年时期生活的地方。 鲁迅故里景区始终坚持尊重鲁迅、尊重历史、尊重艺术，不轻易改变鲁迅故里在广大游客中的既有形象。 浙江鲁迅研究会： 明确反对借此形象进行网络炒作 针对鲁迅夹烟墙画被指“可能对青少年产生不良引导”一事，浙江省鲁迅研究会回应，明确反对借此形象进行网络炒作，并从形象真实性、思想内涵与历史价值等角度阐明了立场。 浙江省鲁迅研究会秘书长卓光平在回应中强调，该墙画所呈现的是“生活化的鲁迅”，是受到大众广泛认同和喜爱的形象。“我们不应当将鲁迅过度神圣化、战士化。”卓光平指出，以往鲁迅常以“头发如钢钉、笔如匕首”的战斗姿态出现，而 鲁迅夹烟墙画则展现出他贴近普通人的真实一面——“他不是高高在上的符号，而是一位有日常习惯的真实人物， 这样的形象更显亲切，也符合大众对‘生活化鲁迅’的认知”。 浙江省鲁迅研究会对当前网络上借“鲁迅吸烟”话题进行炒作的行为表示反对，指出： “部分行为实为利用鲁迅博取流量、制造舆论热点，这并不利于对鲁迅精神的正确传播，不应被鼓励。” 关于墙画是否保留的问题，卓光平强调了其历史与文化价值：“该墙画作为艺术呈现已有数十年历史，是绍兴鲁迅故里的标志性场景之一，也是许多游客前来参观留念的重要地点，承载了几代人的共同记忆。 若仅因一个动作引发争议就予以拆除，既是对历史的不尊重，也是对艺术作品的不包容，相信大多数人难以认同。” 来源： 中国青年报综合潇湘晨报（记者：钱嘉鑫）、经视直播（记者：每文）、@华商报（记者：白仲夏）， 绍兴鲁迅纪念馆 本期编辑：石磊、林帆 觉得好看，请点这里 ↓ ↓ ↓
6岁男童沙滩光脚踩到死鱼，次日高烧进ICU！医生紧急提醒,https://mp.weixin.qq.com/s/fnvasnvIRZVV4mdA0g6iSg,2025-09-23,在海边沙滩玩耍时 不少人会脱掉鞋子 享受光脚踏浪的感觉 然而 这种行为背后暗藏着风险 近日 一名6岁的男孩在海边玩耍时 就因光脚踩到一条死鱼 而进了ICU 光脚踩中死鱼 男孩脚部严重感染 8月10日，王女士带着6岁的儿子童童（化名）在福建厦门旅游，孩子光脚在沙滩上玩耍时，不慎踩到一条死鱼，鱼鳍扎破了童童的脚。 起初，父母对这个小伤口并不在意，仅做了简单的清理。次日，童童的脚出现刺痛的症状，伴随着呕吐、高烧等反应，于是他们赶忙带着童童前往厦门大学附属第一医院（以下简称“第一医院”）就医。 听过童童父母的描述，第一医院小儿骨科主治医师陈永法便高度警惕，“这很有可能是感染创伤弧菌导致的。”院方赶忙对童童进行了全方位的检查，最终童童伤口渗液培养和血培养的结果都显示， 导致童童高烧、水肿的就是创伤弧菌这个“海鲜刺客”。 陈永法介绍，创伤弧菌是一种海洋嗜盐性弧菌，能够引起脓毒症，常寄生于鱼、虾、蟹等海洋生物上。 所幸，父母送医及时，再晚一些，极有可能要截肢甚至危及生命。童童被立即送入手术室，陈永法对童童进行清创、去除坏死组织及其对内增殖的细菌等对应治疗。住院期间，童童也接受了针对性的抗生素抗感染治疗。24日，王女士接受媒体采访时表示， 童童目前已脱离生命危险，脚也保住了不用截肢，但后续还需多次清创植皮。 据厦门市第五医院急诊医学科主任医师杨凯春介绍， 每年都会接诊创伤弧菌感染患者，患者多为接触水中的鱼蟹等生物被刺伤。 创伤弧菌常见于野生海产品，特别是鱼类的鳍、尾等尖锐部位，易造成深部刺伤，经创伤感染创伤弧菌，会出现肢体坏疽、坏死性筋膜炎，组织溶解坏死，进而出现败血症。因发病急、进展快，重症病例往往需采取截肢等极端措施以保全生命。 杨凯春强调，切勿因伤口较小而存侥幸心理。 死亡率极高 赶海游玩、吃海鲜都要注意 创伤弧菌是一种生活在温暖海水中的细菌，是“食肉菌”的一种，又被称为“海洋中的无声杀手”，以毒力强、感染死亡率高著称。 人类感染它有两种途径： 1.身体上有伤口，然后接触带菌海水或海生物，导致创伤弧菌趁虚而入。 特别是赶海的时候一定要小心，稍不留神就受伤，容易引发感染。 2.生吃贝类等海产品，尤其是生吃牡蛎后，容易感染。 显微镜下的创伤弧菌 感染创伤弧菌的临床主要表现为： 原发性脓毒症： 包括急起发热、寒战、休克和典型血性大疱样皮损，病死率超过50%以上； 伤口感染： 表现为肢体局部的皮肤、肌肉坏死等，可迅速发展为继发性脓毒症，危及生命，需要截肢； 胃肠炎： 以腹痛、腹泻等消化道症状为主，症状较轻，一般无需住院。 需要注意的是，创伤弧菌感染的发生率虽小，但死亡率非常高！患者感染后48小时内死亡率超过50%，存活的患者多需重症监护甚至截肢；如果超过72小时未接受有效治疗，错过“黄金救治期”，死亡率几乎100%。 所以，预防和及时急救非常重要。 医生提醒，万一被海鲜扎伤，要及时处理——如果不小心被虾、蟹、鱼刺伤，应该将血挤出，然后用清水 （注意：“创伤弧菌”是嗜盐性弧菌，切勿用生理盐水清洗伤口，以免加重感染） 冲洗。如果出现疼痛、瘙痒、肿胀、腹泻或发热等症状，就必须马上到医院就诊。 此外，如果伤口被扎伤很深，最好简单处理后，再去医院进行治疗。因为深深的伤口为细菌提供了厌氧的环境，很容易造成“破伤风杆菌”繁殖，侵袭神经系统，甚至可能致死。 除创伤弧菌外，海水、海鲜中还可能藏有副溶血性弧菌、金黄色葡萄球菌、化脓链球菌、无乳链球菌等，严重危害身体健康。 因此，预防感染非常重要： 有皮肤或口腔伤口者，特别是抗病能力相对低下的易感人群， 应避免下海游泳和戏水，或做足措施以保安全。 在处理海鲜的时候， 建议戴好手套， 避免皮肤被海洋生物或海水中的利器划伤或扎伤。 海产品应煮熟后食用。 此外，在家处理、烹饪海鲜时，用来盛海鲜和制作生熟海鲜的器具要分开。 来源： 厦门晚报（记者：陈恩泽）、深圳特区报、乐清市人民医院、央视网 本期编辑：石磊、林帆 觉得好看，请点这里 ↓ ↓ ↓
身体反向折叠180度、趴着高考的“折叠男孩”，今天怎样了,https://mp.weixin.qq.com/s/FoiEIdoD3PdWfHnxTnOA6Q,2025-09-23,曾因反向折叠180度被医生断言 “活不过13岁”，趴在瑜伽垫上完成高考的山东男孩姜延琛 ， 在历经4次高风险手术后，目前已能“躺平”。 8月26日 出院的他，即将重返大学校园。 “折叠男孩” 打开了 “折叠人生”，重获新生。 从病床到考场的抗争 曾被专家断言“活不过13岁” 在姜延琛两岁时，身体出现异常——走路脚后跟不着地、无法自主蹲下，被确诊为跟腱挛缩后接受了跟腱延长术。原以为这只是成长路上的小插曲，更艰难的考验却悄然袭来。 起初，他后仰的头还能被人轻轻扶正，后来脖子逐渐发硬；初三时，脖子折叠贴到后背； 再往后，身体逐渐成了 “Z形” 畸形，头和脊柱之间仅有一只手厚度的间隙。 母亲于梅英在此期间带着他奔波于各大医院，得到的却是令人绝望的答案——  一种罕见的先天肌肉病 ，病因不明，更无从谈起治疗方案。 姜延琛成了国内乃至世界首例 “反向折叠” 患者，甚至有专家断言他活不过13岁 ，这无疑给了他 “死刑” 般的判决。 去年的姜延琛 虽病情持续恶化，姜延琛却未向命运低头，努力适应身体变化，自己完成穿衣、刷牙等日常动作；学习上更是从未放弃， 其他同学端坐听课，他便跪坐在椅子上，不断调整姿势才能看清前方的黑板。 于梅英看在眼里，疼在心里。她每天在家与学校间往返数趟，接送儿子上学、回家吃饭；学校的老师和同学也伸出援手，每天安排两名同学轮流接送他上下楼，日复一日从未间断。 就这样，姜延琛 “折叠” 着读完了高中。 2022年，他趴在瑜伽垫上完成高考，以超出山东二本分数线近60分的成绩被德州学院录取。 2023年5月， 姜延琛 因畸形导致呼吸困难，被诊断为脊柱反向折叠严重畸形，由基因突变引发的罕见性先天肌肉营养不良， 在全世界都属首例。 4次手术矫正170度 世界首例反向折叠人矫正手术完成 成都京东方医院脊柱外科的梁益建医生回忆，2024年姜延琛来到医院时，病情已岌岌可危：极重度脊柱反向折叠导致胸腔、腹腔极度狭窄，脏器被挤压在狭小空间；二型呼吸衰竭让他血液中氧气含量远低于正常标准，二氧化碳严重潴留，随时可能因血液酸化引发脑水肿、昏迷。 梁益建向家属坦陈：“不手术，很可能致命；做手术，风险极高但有希望，这是两种完全相反的选择。”家属权衡再三，最终决定治疗。 姜延琛接受手术 院方供图 据梁益建介绍，这场手术的难度远超常规脊柱矫形。他说， 与常见 “驼背”（正向折叠）不同，反向折叠患者的脊柱向反方向弯曲、拉长，胸腔薄如纸，肋骨无法膨胀，膈肌因胸腹腔高压难以下降。 “从肚子上摸甚至能摸到主动脉，胸腔腹腔的整个前后径都很短，呼吸空间极度狭小，引起了呼吸衰竭。” 且姜延琛的肺功能仅为正常人的20%，还伴有重度骨质疏松，骨质甚至达不到60岁女性的水平，这些都为手术增加了难度。手术中还需考虑麻醉、呼吸障碍、大出血、瘫痪、循环衰竭等危急情况的紧急预案。 “就像在深井里操作，周围全是重要结构。” 梁益建这样描述手术环境的严苛，脏器挤在狭长体腔内，腹腔高压使静脉血主要通过椎管内静脉丛回流，手术全程出血量较大，视野不清；脊髓被拉长变细，周围缠绕大量静脉丛，一旦损伤便意味着瘫痪。 姜延琛既往手术导致颈椎解剖结构破坏，颈椎前后截断操作需精准避开椎动脉，毫米级偏差都可能致命。 团队最终创新采用“反向截骨”方案，才将拉长的脊柱矫正成类似“驼背”的状态以创造手术空间。 从2024年12月4日的反向截骨矫形手术，到今年6月25日的胸椎段矫形手术， 梁益建带领团队先后为姜延琛开展4次手术，矫正约170度，这也是世界首例反向折叠人矫正手术。 姜延琛和母亲对四次手术后的效果感受真切：第一次手术后，腰不再折叠得那么厉害；第二次手术后，颈椎修复，能完全平躺、自己翻身，平躺时间也大大延长；第三次 手术后 ，姜延琛的腿能完全打开；第四次 手术后 ，以前平躺时前胸高于身体其他部分的情况消失了，前胸变平了。 今年8月6日，姜延琛在病房迎来21岁生日，已能坐在病床上的他第一次看清楚了大家的正脸。 “和以前的20年分道扬镳，我将迎来新的人生。”他高兴地说。 姜延琛已能躺平 历经超10万分钟康复训练 “折叠男孩”即将重返校园 自去年8月入院以来，姜延琛每天训练十多个动作，每个都需反复上百次 ， 平均每天训练6小时，总时长约两千小时，超10万分钟 。 医院康复治疗师杨潇说 ，每当此时，不少重症患者会找理由放弃，但他从没退缩过。 手术成功后，姜延琛将于8月26日出院返回山东老家。随着开学时间临近， 他也即将重返他心心念念的校园，并已初步制定好考研计划 。 身体恢复后，他说自己还要到处走走看看，“去西安看‘心上熊’七仔。” 姜延琛进行康复训练 院方供图 为医生团队点赞 祝福你，21岁的 姜延琛 昂首阔步，奔赴梦想 来源：红星新闻 本期编辑：李娜、方梓祎 觉得好看，请点这里 ↓ ↓ ↓
看到这种盒子，立即报警！,https://mp.weixin.qq.com/s/_aBZ36j9Wu2bmENgFR8nEg,2025-09-23,近日 浙江嘉兴桐乡市公安局乌镇派出所 接到电信工作人员反映 某酒店客房的两个固定电话号码 在短时间内 频繁向外拨出了上百通电话 疑似进行电信网络诈骗 警方迅速前往该酒店调查 最终在酒店房间内 将嫌疑人黄某和杨某当场抓获 并查获2台网关设备及数根网线 经审讯 嫌疑人黄某和杨某 如实交代了他们的违法经过 6月底 黄某在某社交软件上 看到一则招聘“日结高薪兼职”的广告 便添加了联系人“KK” 随后对方发来了一个“好差事” 住进酒店把一个“黑盒子” 接在房间座机上 1台设备一天就有1000元报酬 面对如此“简单又来钱快”的工作 黄某当即便答应下来 还邀请朋友杨某加入其中 7月下旬 黄某和杨某按照“KK”的指示 拿着邮寄来的“黑盒子” 住进了乌镇一家酒店 开始了他们的“接线任务” 正当两人还沉浸在 轻松赚钱的美梦中时 民警就找上了门 “我知道这是在帮诈骗分子做事 但想着来钱快就铤而走险了 没想到警察这么快找上来” 抱着侥幸心理的黄某 在审讯中交代 经查证 “黑盒子” （VOIP设备） 其实是一种虚拟拨号设备 诈骗分子通过该设备 将境外诈骗电话 伪装成国内固定电话号码 极大降低受害人警惕性 警方提醒 警惕“高薪兼职”陷阱，切勿为蝇头小利沦为犯罪帮凶。 酒店等公共场所也应加强安全管理，确保入住人员身份信息核实到位，一旦发现类似“黑盒子”的可疑物品，请及时报警。 来源： 极目新闻综合浙江公安、金华公安、崂山公安、齐鲁晚报、国家反诈中心 本期编辑：石磊、林帆 觉得好看，请点这里 ↓ ↓ ↓
来了！新闻早班车,https://mp.weixin.qq.com/s/HIr_lGUKoSuaEG2Iy5zx5Q,2025-09-23,点击这里，查看更多精彩内容 要闻 25日，中办、国办《关于推进绿色低碳转型加强全国碳市场建设的意见》对外公布。 “十四五”期间，海关年均监管进出口货物52亿吨、货值达41.5万亿元，体量全球最大，安全稳定可控。 近日，中国人民银行、金融监管总局、国家林草局联合印发《关于金融支持林业高质量发展的通知》，提出15条具体措施，发挥金融力量推动林业高质量发展。 海关总署消息， 我国已成为全球157个国家和地区前三大贸易伙伴。   6月末，银行和企业签订的科技创新和技术改造贷款金额超2万亿元，是2024年末的2.4倍，累计支持1.8万家科技型中小企业实现首贷。 25日，世界第一高桥——花江峡谷大桥顺利完成荷载试验，预计9月底建成通车。 2025年上海合作组织峰会新闻中心将于8月28日8时起正式开放。 25日，福建海警位金门附近海域依法开展常态执法巡查。 美国南方司令部司令称中国对西半球“渗透”，外交部驳斥，美方应停止挑拨离间、无事生非。 社会 水利部消息，24日8时至25日8时，受降雨影响，全国7条中小河流发生超警洪水。 25日，“人民必胜——纪念中国人民抗日战争暨世界反法西斯战争胜利80周年美术作品展”在中国美术馆开幕。 天安门广场9月1日至3日暂停开放，9月4日适时恢复开放。 为配合天安门地区活动安排，故宫博物院于8月31日至9月4日临时闭馆，9月5日正常开放；中国国家博物馆于8月31日至9月3日闭馆。 25日，A股市场成交额突破3万亿元，为去年10月8日以来首次突破3万亿元。 截至目前，2025年暑期档电影总票房（含预售）已突破110亿元。 中国农业银行原党委委员、副行长楼文龙受贿案一审宣判，楼文龙以受贿罪被判处无期徒刑。 29日零时起，北京大兴、顺义等7个区被增设为净空限制区。 当地时间25日，2025年世界羽毛球锦标赛在法国巴黎打响。中国队参赛名单达到26人，参加全部五个小项的争夺。 政策 市场监管总局批准发布《适老家具 设计指南》国家标准，立足老年人实际需求与生理心理特点，从外观材料、智能化、功能配置等方面提出细化设计要求。 上海调整房地产政策，符合条件居民家庭在外环外购房不限套数。 详讯 云南大理发布通告，明确在苍山未开放区域，禁止违规组织“采菌游”“研学游”“探险游”等活动。 今日天气 　　内蒙古河套地区、青海东部、甘肃中南部、宁夏北部、陕西北部、黑龙江东南部、吉林东部、辽宁东部、河南中东部、安徽北部、江苏北部、四川盆地西部、广西南部、云南东南部、海南岛等地的部分地区有大到暴雨，其中，内蒙古河套地区等地局地有大暴雨。 早安中国 　　每个清晨，遇见大美中国。 　　浙江文成县龙麒源景区，峡谷幽深，植被丰茂，碧水长流。行走山间，轻风拂动衣角，送来阵阵清凉。这里四季分明，却冬无严寒、夏无酷暑，空气清新，令人心旷神怡。文成县欢迎您！       热爱生活的人，生活也会赋予你能量。当你不断探寻生命的更多可能性，去找到你所热爱的事，并为之全力以赴，便能活成自己喜欢的样子。新的一天，早安！ 本期编辑：朱田恬，实习生：洪舒云、 陈羽新、王崧赫 ｜主播：蓝艳 觉得好看，请点这里 ↓ ↓ ↓
“睡前吃夜宵”和“饿肚子睡觉”，哪个危害更大？,https://mp.weixin.qq.com/s/UrUAMdrsr2pS1K_se1NwnQ,2025-09-23,睡前饿了， 是来一份夜宵还是饿着肚子睡觉？ 很多人为了减肥，甚至选择不吃晚饭，也有人选择“16+8”减肥法——只在上午9点到下午5点之间吃东西，晚上饿着。 这些选择，哪个更健康？ 01 “睡前吃夜宵”真的不好吗？ 很多人认为睡前吃夜宵会长胖，事实上，长胖跟吃夜宵本身并没有很大关系。 长胖是因为摄取的热量超过身体所需，多余的热量全都变成脂肪堆积到肚子、屁股、大腿上。因此，只要摄取的热量小于身体所需，就不会长胖。 对于减肥的人来说，往往刚开始减肥时会一下子吃得比较少，到了晚上难免会觉得很饿 。 这时，适当吃一点东西，再慢慢减少食量也未尝不可。相反，如果本身就吃得很饱，能量摄入很高，就算不吃夜宵，同样会长胖。再吃夜宵，只会更胖。 当然，吃夜宵也不能毫无顾忌，因为它会增加我们的肠胃负担，引发大脑活跃导致失眠等。 太晚吃夜宵还可能会导致其他疾病的发生，例如“夜食综合征”。 夜食综合征患者往往早上没胃口，但一到晚上就会食欲旺盛，晚饭结束后的能量摄入占全天的50%以上，还经常起夜偷吃零食（每周超过3次，持续3个月以上）。他们的能量摄入远高于常人，肥胖发生率高。 02 “饿肚子睡觉”会更健康吗？ 实际上，如果完全不吃晚饭，“饿肚子睡觉”也会对身体产生危害。 人体每天所需能量和营养的总量是基本恒定的，不吃某一顿饭、其他时候也不多吃，肯定无法满足每日的需要。如果直接简单粗暴不吃晚饭，其他生活习惯照常不变，长此以往还会出现精神萎靡、体力不支、心情压抑、脸色暗淡等营养不良的表现。 不吃晚饭对特殊疾患的影响更大，比如消化道有溃疡的患者，可能会导致溃疡加重；而一些需要三班倒、值夜班的人群，夜里不吃东西也无法获得持续顺利工作的能量来源。 一般来说，只有两种人可以不吃晚餐、“饿肚子睡觉”： 晚餐前吃很多的人 如果午饭吃了很多，或者下午吃了很多零食加餐，晚上又没有运动消耗，晚餐可以考虑不吃。 想控制体重的人 体重较高甚至达到“肥胖”线（BMI＞28）的人群，需要适当控制饮食，限制能量摄入，可以在控制体重初期偶尔不吃晚餐。 03 如何健康吃夜宵？ 从健康角度， 我们要尽量做到规律地安排好一日三餐，不要不吃晚餐“饿肚子睡觉”，但也不能过量吃夜宵。 如果想要吃夜宵，建议尽量做到： 临睡前1至2小时吃夜宵 临睡前不宜吃大量的食物，很容易影响睡眠，导致第二天精神差。建议在睡前1至2小时吃完夜宵。 尽量选择清淡、健康的食物 方便面、烧烤、炸鸡等都是高脂肪、高盐、高糖的食物，不适合作为夜宵。另外，夜宵也不适合吃辣椒、花椒之类令人兴奋刺激的调味品。 建议优先选择水果、谷物、豆类和奶类，这些食物蛋白质和脂肪含量低，消化吸收较为容易，不会给胃肠道增加负担。 04 哪些人适合吃夜宵？ 1.糖尿病患者 为了避免第二天早上出现 “黎明现象”，糖尿病患者可以在睡觉之前吃一些健康的食物，这样能够保证夜间血糖平稳，防止出现“黎明现象”。 2.胃病、肝病患者 这两类患者容易出现食欲下降，虽然很容易饿，但是吃一点就饱了，所以这两类患者可以在睡前吃一些夜宵。夜间加餐能让患者在夜间维持很好的营养吸收，如果把加餐放到白天，可能会影响患者的正餐，所以建议晚饭两小时后吃一些夜宵，比如粥、馒头、面条、小馄饨等，夜宵的量可以和正餐一样。 3.消瘦的老年人 老年人胃肠道消化吸收功能下降，加之患有基础疾病，出现食欲下降、饭后容易腹胀，导致体重持续下降，这时候建议养成睡前加餐的习惯，一方面不影响一日三餐，同时也更利于胃肠道吸收营养，防止体重进一步下降。 05 睡前突然饿了到底应该怎么吃？ 1.时间：临睡前1小时~2小时 不建议吃完就马上睡觉，这样不利于肠胃健康和入眠，建议睡前1~2小时吃夜宵。 2.尽量选择清淡的食物 建议优先选择牛奶、全麦面包、苏打饼干等，这些食物不容易给胃肠道增加负担。 3.不要吃得太饱 吃得太饱再睡觉，很容易让身体把额外的热量储存为脂肪，导致肥胖。上床睡觉前只要保证没有饥饿感即可。 来源：科普中国，作者：阮光锋  科信食品与营养信息交流中心 科学技术部主任，审核：韩宏伟  国 家食品安全风险评估中心研究员 本期编辑：李娜、方梓祎 觉得好看，请点这里 ↓ ↓ ↓
【夜读】这10句话，要频繁跟孩子说,https://mp.weixin.qq.com/s/Ftg-mQ2BpiWG14Xva4ZhnA,2025-09-23,01 爸爸妈妈懂你的委屈，每个人都会有心情低落的时候。 孩子在感到委屈时，最需要的，就是一份安静的倾听。被理解的感觉，会让他们更愿意敞开心扉，而不是把情绪藏在心底。 02 我们很重视你的想法，爸爸妈妈信任你的判断。 孩子们常常有独特的创意与见解，父母的尊重，不只是对孩子的鼓励，更是在帮他们建立责任感与自信心。被尊重的孩子，会更主动地思考，更勇敢地行动 。 03 你可以生气，但试着用语言告诉我们你的感受 。 生气不是坏事，它是一种正常的情绪。 我们要学会表达情绪，而不是情绪化地表达 。用语言代替哭闹或发脾气，孩子才能慢慢学会情绪管理 。 04 你可以害怕，因为这是身体在提醒你保护自己。 害怕并不代表软弱，而是本能的自我保护 。 当孩子感到害怕时， 父母可以多和孩子聊聊，给足孩子安全感，和孩子一起面对挑战 。 05 你可以抱怨，但请告诉我们你真正需要什么。 抱怨往往是孩子下意识表达不满的方式，背后藏着他们的需求。耐心地引导和倾听，让孩子尝试更清晰地说出自己的想法，才 能帮助他们学会更好地沟通 。 06 我们欣赏你面对问题时的积极态度，你很勇敢 。 勇敢的人并不是从不害怕，而是虽然害怕，但还是勇于直面问题、付诸行动 。父母的肯定，会让孩子更自信，也更有力量去走出下一步 。 07 爸爸妈妈面前你可以尽情哭泣，擦干眼泪以后我们一起想办法 。 哭泣能释放情绪，但不能实质解决问题。要 让孩子明白，情绪宣泄后，行动才是关键 。 08 即使你犯了错，爸爸妈妈依然爱你。 犯错是成长的一部分，父母的包容会给孩子安全感。 知道自己无条件地被爱着，被坚定地支持着 ，孩子才会更敢于尝试， 而不是畏惧失败、原地踏步 。 09 即使没有成功，你的努力也让你更靠近目标。 孩子需要知道，努力本身就是一种收获，就算没能成功，也已获得了成长 。这样的鼓励， 会让他们在面对挑战时仍然坚定地相信自己，继续向前 。 10 我们喜欢看到你努力的样子，你的坚持让我们骄傲。 努力和坚持，是成长最珍贵的品质。 父母的认可和赞赏，会带给孩子莫大的鼓舞和勇气，增强孩子的自驱力 。 来源：人民日报夜读综合洞见等 | 主播：赵文龙 本期编辑：林帆，实习生： 陈皓迪 觉得好看，请点这里↓ ↓ ↓
“汉超”来了，决不“蒜鸟”！网友：抢不到，根本抢不到……,https://mp.weixin.qq.com/s/hMC7A_YvjgajjrSYQDCXzw,2025-09-23,足球地方联赛的风越刮越猛 “苏超”“赣超”“川超” 相继开踢 武汉人也迎来自己的“草根”大戏 武汉城市足球超级联赛 简称： “汉超” “汉超”揭幕战现场（8月16日摄）。 长江与汉江在武汉交汇 将这座城市一分为三 ——汉口、汉阳、武昌 “汉超”联赛 也巧妙将16支城区队分为 大汉口、大汉阳、大武昌 三大赛区 开启“ 三镇演义 ” 汉江在武汉汇入长江，将城市一分为三，右为武昌，左上为汉口，左下为汉阳。 作为坐拥90所高等院校和 160余万在校生的“大学之城” 武汉还创新推出 8支高校代表队 系列比赛 将从8月中旬持续至11月上旬 8元或10元的票价 分布于三镇的球场 让武汉的这个夏天 被踢得更热了几分 “汉超”揭幕战现场。 先说氛围 揭幕战有 46780 位观众进场 第一轮比赛 各赛区场均上座率达85% 要知道，这可是三伏天的武汉 现场观众庆祝“汉超”揭幕战进球。 记者在球场看台区看到 几乎每人都拿着扇子 大家边喊“加油”边摇扇子 翻飞的扇面整整齐齐 一浪接着一浪 仿佛扇子版“人浪” 有人甚至贴上退热贴走进球场 小编以为他发烧了，一问才知道： “太热了，这是降温用的” 贴着退热贴观看“汉超”揭幕战的观众。 不少人定闹钟、拼手速 抢到票还要发到社交平台“显摆” 不少没抢到的 还会跑到球场外围 隔着铁丝网一起欢呼 再说看点 “汉超”联赛中 60%的球员 有足球职业或专业背景 95%的球员 受过校园足球或体校训练 所以基本 场场有得看 “汉超”揭幕战上，经开区队球员与江夏区队球员激烈拼抢。 “汉超”的明星含量也不低 东西湖区 请出原男足国家队队长 蒿俊闵 录制视频助威 汉阳区 邀请前国少及国青主教练 郑雄 担任总顾问 前三镇足球俱乐部球员 曹国栋 担任主帅 女足国脚 王霜 担任助理教练 段子当然少不了 赛前就有大量媒体和网友喊话 这场“市中心之争”里 汉阳区玩梗： “谁输谁是外马 （武汉方言，意指外地人） —— 汉阳内马（尔） ” 在第二轮对阵汉阳队的 江夏队球迷则回应 “自三国起 你们江北就没赢过 这次（江夏）继续 火烧连营 ！” 光谷所在地 东湖高新区 则更加直接： “GDP第一 比赛也是第一” 面对武昌队 东湖高新区更放出豪言： “本周六加菜： 吃定武昌鱼 ” 近年来火爆出圈的武汉“和平鸟” ——“蒜鸟” （武汉方言，意为算了） 在“汉超”的出场率也极高 只不过 与常见的 “ 算了算了，都不容易 ”不同 这次大家喊的是 “ 算了算了，你踢不赢我的！！！ ” 有人调侃： “这不就是模仿‘苏超’吗？” 小编想说 “汉超”不是为了蹭热度、比热度 而是为了让更多人 感受到足球的乐趣 足球文化的培育与发展 靠的不是几场豪门俱乐部的比赛 而是靠一座座城市和 一个个普通人的热爱与投入 在今夏足球旋风的吸引下 越来越多原本不看球的人 也愿意在“火炉城市”的夏天 抢票进场、喊到冒汗 这不仅是属于武汉的热闹 更是一点点照亮中国足球的微光 “汉超”揭幕战现场。 武汉足球底蕴深厚 足球自清末传入武汉以来 百余年来从未断档 2022年12月31日，武汉三镇队球员在颁奖仪式上庆祝夺得中超冠军。 2022年 武汉三镇足球俱乐部登顶中超 同年，武汉车谷江大女足 也举起女超联赛冠军奖杯 武汉成为 中国职业足球史上 首个在 同一个赛季 上演男女足 “一城双冠” 的城市 2024年5月31日，在湖北省武汉市江汉区万松园路小学，孩子们在教练指导下进行足球训练。 武汉的校园足球更是根深叶茂 在500多所足球特色学校里 班级有球队 年级有比赛 校校有代表队 这里培养出 蒿俊闵、王霜、姚伟等国脚 也让姜晨璟、杜健群、罗泺等 “00后”新星崭露头角 所以，“汉超”不只是娱乐 它还承接着这座城市的足球传统 2025年5月24日，武汉车谷江大队成员庆祝夺得首届亚足联女足俱乐部冠军联赛冠军。 除赛事以外 百万元体育消费券 在线上线下多轮派发 武昌、汉口、汉阳三个赛区 同步开展“来一脚、凑热闹” “汉超”美食生活荟 吸引涵盖文创、美食、家电、汽车 等产品的300余家企业布展 据组委会介绍 “汉超”及配套活动截至目前 已吸引约10万群众 拉动消费近3000万元 “来一脚、凑热闹”“汉超”美食生活荟现场。 各区也趁机玩起“花式带货” 江夏区邀请对手到梁子湖 品尝蟹肥丸香 车企聚集的经开区喊话让对手 “比赛完了，开辆车回去” 江汉区则亮出美食地图 邀请观众吃完宵夜再回家 球场里踢的是输赢 球场外拼的却是烟火气和地域名片 这波操作，让“汉超”变成了 足球+美食+文旅的联动 有人说 “去看球是假，顺便逛吃是真” 但这不重要 重要的是—— 武汉人正用自己的方式 把“汉超”玩热 话说回来 作为世界第一运动的足球 本就不该只是90分钟的比赛 它可以走进更多人的心里 激发更多热爱与力量 来源： 新华社，记者：乐文婉 本期编辑：李娜、方梓祎 觉得好看，请点这里 ↓ ↓ ↓
如果说一次阅兵一生光荣，那参加六次呢？,https://mp.weixin.qq.com/s/KsONCb8QnaHGS5qAmz2rGQ,2025-09-23,1999年10月1日 2009年10月1日 2015年9月3日 2017年7月30日 2019年10月1日 这5个阅兵日 也 是 “坦克兵王”丁辉 迄今人生中最自豪的5天 他驾驶着“钢铁之车” 4次作为装备方队的头车 接受党和人民的检阅 今年9月3日 他将再次驾驶新战车 作为装备车队头车 参加在天安门广场举行的盛大阅兵式 如果说一次阅兵一生光荣 那参加6次呢？ “组织托付的任务，必须完成” 丁辉出生在辽宁开原 父亲曾是一名优秀的坦克兵 听着坦克的故事长大 坦克军营成了 丁辉自年少起心中最向往的地方 1993年12月 丁辉如愿穿上军装 自那一刻他便牢记 “组织托付的任务，必须完成” 1995年部队参加京九网光缆施工 每人的任务是10米 年轻的丁辉主动要求每天干到15米 1999年，年仅22岁的他 被选中参加“世纪大阅兵”任务 顶着驾驶室内的高温 他心里只有一个念头 “确保任务圆满完成” 新中国成立60周年大阅兵 阅兵队形重新调整 他从最初的第二方队转为第一方队 当头车驾驶员 头车驾驶员 除了荣誉 背后更是压力与责任 丁辉的每个动作 不仅影响着本方队受阅状态 还直接影响着 整个装备方队通过天安门的时间 以及装备方队与后续梯队的衔接 这要求他必须达到 超乎其他驾驶员的训练水准 丁辉白天训练，晚上研究 攻克一个个难关 完美完成了阅兵任务 今年阅兵首次亮相的新型装备占比很大 装备方队按照实战化联合编组 阅兵训练突出实战标准、紧盯联合要求 即将第5次担任装备车队头车驾驶员的他 白天晚上都在忙着训练 他遵“旧”不守“旧” 总结提炼训练方法 创新技术 成功攻克多车型组合行进的难关 极大提升了训练质效 经历5次受阅 丁辉说自己一次比一次紧张 “必须克服一切困难 确保任务圆满完成” 已经成为他的人生信条 心里装着沉甸甸的责任 肩负着祖国人民的重托 他每一次都拼尽全力 力求无愧于祖国 无愧于人民 “装备在进化，老兵也不能落后” 前不久 丁辉被邀请为受阅单位作经验交流 “我军装备更新越来越快 战斗力快速增长” 是他最大的感受 从1999年的86式步兵战车 到2015年的“陆战之王”99A坦克 再到今年新一代主战装备 丁辉见证了 我军现代化建设的重大成就 装备不断更新 老兵不甘落后 2010年初部队数字化转型 丁辉体会到了“知识恐慌” “不仅是装备在变 就连人都需要升级迭代” 但他没有被困难吓倒 不等不靠，刻苦钻研 成为部队装备换代后 第一个具备 操作、维护、修理能力的技术骨干 成功从传统坦克兵 变成了数字化坦克部队指挥官 2017年朱日和沙场阅兵 是人民军队在改革重塑后的全新亮相 丁辉驾驶头车 带领22辆99A式坦克 实战式受阅 “阅兵只是将我们平时训练的状态和成果 最完美地呈现了出来 我们的部队下了阅兵场 就能直接上战场！” 今年 丁辉将再次驾驶全新的“钢铁战车” 新型突击装备亮相 全新的装备 对驾驶员提出了更高的要求 “兵是会老的 但初心是不变的 我时刻做好准备 随时能冲上战车 开向战场” 入伍32年 他经历了3代主战装备 凭借着蚂蚁啃骨头般的精神 丁辉，一个老兵 经历了第一支摩托化部队的“集团对抗” 第一支机械化部队的“钢铁比拼” 第一支数字化部队的“硅片较量” 从“单兵技能”到“群蜂智慧” 再到“体系支撑” 他在这些竞相涌现的新词中见证着 中国武器装备现代化发展的崭新篇章 “阅兵不只是阅‘兵’” 年近五十 即将第6次受阅 丁辉对“阅兵”两个字 认识越发深刻 从训练标兵 到优秀教练员 从步战车驾驶员 成长为一级军士长 荣立一等功1次 二等功2次、三等功10次 被评为全军“优秀四会教练员” “全军优秀共产党员” “‘四有’新时代革命军人标兵” “军营工匠”丁辉 用拼搏与汗水 让军徽熠熠生辉 从自己想要成为“兵王” 到“让我带的兵都成为‘兵王’” “一人强不算强 大家强才是真过硬” 是他常挂在嘴边的话 丁辉说 “阅兵不只是整齐划一的队列行进 还展现了军人严整的军容军纪 它对整个参阅人员的检验是全方位的 阅兵能力实际上是战斗力的体现 ” 第六次，已经准备好 虽然多次在阅兵中 驾驶战车驶过长安街 丁辉却从未在战车中看全过天安门 坐在驾驶位的他 透过潜望镜注视外面的世界 广阔的天际被压缩得 只剩巴掌大小 但前方的目标却因此格外清晰 他说，在这里 自己读懂了几代人的阅兵路 向后看 是强军征程留下的“钢铁印记” 向前看 是建成世界一流军队的“山河远阔” 从东华表到西华表 全长96米 丁辉和他的战友们已经准备好 以巍巍阵容、滚滚铁流 向全世界展示 新时代中国军队的崭新风采 来源： 人民日报客户端 本期编辑：李娜、方梓祎 觉得好看，请点这里 ↓ ↓ ↓
A股成交额破3万亿,https://mp.weixin.qq.com/s/DqyH_1iwzf3-PaaTDVntRA,2025-09-23,25日，A股市场全天震荡走高， 超3300只个股上涨。 截至收盘，沪指涨1.51%，报3883.56点， 逼近3900点， 深证成指涨2.26%，创业板指涨3%。 沪深两市全天成交额3.14万亿， 创年内成交额新高， 为历史第二高成交额 ， 仅次于去年10月8日，沪深两市创下的全天成交额历史纪录34549.33亿元。 来源：央视新闻 本期编辑：李娜、方梓祎 觉得好看，请点这里 ↓ ↓ ↓
爆单了！爆单了！全球订单涌来~,https://mp.weixin.qq.com/s/1NCpnl6hfWX71KWh2zxKEQ,2025-09-23,随着 潮流玩具市场规模不断扩大，玩偶的衍生品类“娃衣”正逐渐成为“养娃”的标配。社交平台上，年轻的消费者们纷纷晒出 LABUBU 等潮流玩具的个性穿搭：从基础款到高端定制，从现代潮流到传统非遗，产品花样不断翻新 。 为玩偶设计制作 “娃衣”正成为消费与出口领域共同的热点。一些传统服装企业加速布局这一新兴领域，“娃衣”生产企业也迎来大量海外订单。 非遗面料、量身定制服务 “娃衣” 赛道迎来新风口 搭配衣服、接头发、镶牙钻、做美甲、穿小皮鞋 ……以 LABUBU 为代表的一批潮玩带动了周边产品的火热。“娃衣”赛道也随之迎来新风口。 在浙江海宁市一家纺织生产车间，记者见到了正在生产中的“娃衣”面料，主要以 宋锦、罗等国风面料 为主，这些面料经过一道道工序，被打造成 LABUBU 家族的精美服饰。 该公司总经理胡鸣一表示，这些“娃衣”用的是国家级非遗服装面料，主要把传统的服装、面料跟潮流结合，让更多年轻人了解传统文化，让传统文化更好地走出海外。 据了解，目前钩织一件“娃衣”，根据复杂程度不同，耗时从 20分钟到3个小时不等。在价格方面， “娃衣”根据款式的不同，售价可从十几元到近百元不等。 “娃衣”设计师瞿敏娜坦言，随着年轻消费者个性化需求越来越强，“娃衣”的设计正不断更新，有的店铺甚至从 “周更”变成了“日更”。“ 越来越多的人喜欢 新中式 ，我们把大人的衣服转换成 LABUBU 家族的衣服，给它设计了旗袍、云肩。做出来以后受到好多人的喜欢，大家都来拍照。” 在 浙江桐乡濮院古镇 ，一家毛线手工店铺负责人表示，当前购买“娃衣”的消费者主要是亲子家庭和年轻人群。 暑假期间，店铺“娃衣”的销量比去年同期增长了近 50%。 江苏连云港某“娃衣”店店长刘晓敏也表示，这段时间“娃衣”卖得特别好。“现在是暑假，每天销售 50套左右的‘娃衣’，是平时销售量的两三倍。如果说娃娃有特殊尺寸要求，我们也可以提供量身定制服务。” 某电商平台数据显示， 2024年“娃衣”全年销售额同比增长超117.08%，今年5月销量出现暴涨，单月销售额突破千万元 。 中国社会科学院财经战略研究院研究员、中国市场学会副会长李勇坚 指出，潮玩的兴起带动一系列周边产品火爆，反映出我国新兴消费市场活力充足。 李勇坚表示，现在的消费已经变成情绪消费和悦己消费了， 它给消费者的二次创作留下了很多的空间。“像给娃娃做医美，做衣服，这些周边市场的增长很快，二次创作之后，它就变成一个独一无二的东西。” “娃衣”迎大量海外订单 全球市场掀起中国“娃衣”风潮 “娃衣”市场的火热吸引 不少传统服装企业积极布局 。 在浙江桐乡，一家开了 20多年的老牌服装公司最近开始进攻 新赛道——针织文创 。货架上的毛线娃娃有的穿着巴掌大的针织毛衣，有的套着针织蓬蓬裙，格外惹眼。五颜六色的毛线在00后设计师手中，变成了一个个精美的小物件。 公司文创部经理沈悦表示，通过创意针织品的开发， 把 品牌塑造得更加有趣、年轻化。“ 我们自己开发手混线的线材， 通过设计师的配色，到成品的制作，这种产品不会‘烂大街’。” 作为一家外贸出口企业，沈悦表示，许多国外老客户也对国内当下火热的“娃衣”十分感兴趣，公司接下来将开展一批海外订单的生产。“预测到年底， 全年玩偶这个品类至少能做到 8000件到10000件。 ” 在“世界超市”义乌，近期 “娃衣”生产企业迎来大量海外订单，南美、北美、日韩等地的订单量成倍增长，企业也加紧了生产。 浙江义乌国际商贸城 经营户杨金花称， “娃衣”近几个月销量增长较快，在东南亚、日韩增长了三倍以上，工人扩招多了一倍。 事实上，从早些年的芭比娃娃，到如今爆火的毛绒 LABUBU ，为玩偶购置 “专属衣服”并不是新鲜事。 李勇坚认为，不同于芭比、迪士尼玩偶等带有故事性的玩具形象， LABUBU 这类潮玩更体现出情绪价值，给人们留下更多的创作空间。这波热潮促使传统服装产业关注消费新赛道，提升设计软实力和制造硬实力，在全球市场掀起一股中国“娃衣”风潮。 “ 原来的消费浪潮都是在海外消费了一波，然后影响到中国，这一波完全不一样。 不管是潮玩还是‘娃衣’，中国和全球是同步的，甚至中国领先于全球。 别看 娃娃、‘娃衣’是一个很小的东西，要做那么多的花样，那么多的特色出来，对于设计能力、供应链能力、制造能力要求很高。 为什么中国占了绝大部分市场？因为我们不管是在整个供应链、设计能力、还是制造能力方面都已经在全球有非常强的竞争力。 ” 数据显示，全球潮玩市场规模从2020年的203亿美元增长至2024年的418亿美元，期内年均复合增长率达19.8%，预计2025年将达到520亿美元。随着全球潮玩产业蓬勃发展，“娃衣”出口还将迎来更多发展机遇。 来源：央视新闻综合中央广电总台中国之声，视频：央视财经 本期编辑：胡程远、郑薛飞腾 觉得好看，请点这里 ↓ ↓ ↓
上海购房新政来了！,https://mp.weixin.qq.com/s/IxHnBdlLvy1eaky-SnjTKg,2025-09-23,　　为更好满足居民刚性住房需求和多样化改善性住房需求，促进房地产市场平稳健康发展，8月25日，上海市住房城乡建设管理委、市房屋管理局、市财政局、市税务局、人民银行上海市分行、市公积金管理中心等六部门联合印发《关于优化调整本市房地产政策措施的通知》（以下简称《通知》），包括调减住房限购、优化住房公积金、优化个人住房信贷以及完善个人住房房产税等政策。《通知》自2025年8月26日起施行。 上海商品房（资料图） 一、调减住房限购政策 　　为更好满足居民改善性需求，促进宜居安居、职住平衡，《通知》明确进一步调减住房限购政策。一是符合条件居民家庭在外环外购房不限套数。对符合本市住房购买条件的居民家庭，包括本市户籍居民家庭、在本市连续缴纳社会保险或个人所得税满1年及以上的非本市户籍居民家庭，在外环外购买住房不限套数，包括新建商品住房和二手住房。二是成年单身人士按照居民家庭执行住房限购政策。 　　按照上述规定，沪籍居民家庭和沪籍成年单身人士，在外环外购买住房不限套数；在外环内限购2套住房。非沪籍居民家庭和非沪籍成年单身人士，自购房之日前在本市连续缴纳社会保险或个人所得税满1年及以上的，在外环外购买住房不限套数；自购房之日前在本市连续缴纳社会保险或个人所得税满3年及以上的，在外环内限购1套住房。 　　关于住房限购政策相关业务，可拨打房地产交易行业服务热线“962269”具体咨询。 二、优化住房公积金政策 　　为加大公积金支持住房消费力度，《通知》规定优化住房公积金政策。一是提高个人住房公积金贷款额度。对缴存人购买二星级及以上新建绿色建筑住房的，住房公积金（含补充公积金）最高贷款额度上浮15%。首套最高贷款额度从160万元提高至184万元，多子女家庭首套上浮比例可叠加计算，从192万元提高至216万元；二套最高贷款额度从130万元提高至149.5万元。二是支持提取住房公积金支付购房首付款。对缴存人购买我市新建预售商品住房的，可以按规定申请提取本人及配偶的住房公积金支付购房首付款。三是支持住房公积金“又提又贷”。对缴存人提取住房公积金支付购房首付款的，不影响其住房公积金贷款额度计算。 　　关于住房公积金贷款和提取业务的具体办理方式及材料，可查询上海住房公积金官网或拨打住房公积金热线“12329”具体咨询。 三、优化调整商业性个人住房贷款利率定价机制 　　为减轻居民购房利息负担，《通知》明确优化个人住房信贷政策。银行业金融机构根据上海市市场利率定价自律机制要求和本机构经营状况、客户风险状况等因素，在利率定价机制安排方面不再区分首套住房和二套住房，合理确定每笔商业性个人住房贷款的具体利率水平。 　　关于住房贷款相关业务，可向经办银行具体咨询。 四、完善个人住房房产税政策 　　为衔接优化住房限购政策，《通知》规定对符合条件的非本市户籍居民家庭购买的第一套住房暂免征收房产税；购买的第二套及以上住房在合并计算家庭全部住房面积后，给予人均60平方米的免税面积扣除。由于个人住房房产税按年征收，因此2025年1月1日起符合条件的购房者可享受本条政策。 　　关于完善个人房产税政策的具体操作规定由市财税部门另行制定，相关业务可拨打税务咨询热线“12366”具体咨询。 来源：人民日报客户端 本期编辑：胡程远、郑薛飞腾 觉得好看，请点这里 ↓ ↓ ↓
九三阅兵当天，这个小伙将升起五星红旗！,https://mp.weixin.qq.com/s/v9IyXnuUdXvB0qWmKNntcQ,2025-09-23,距离九三阅兵 还有不到10天 此次阅兵升国旗仪式中 国旗护卫队张威 将在天安门广场 升起 五星红旗 生于1998年的张威 来自河南驻马店 他和国旗护卫队 有一个特别的缘分 2015年 正在读高中的张威被学校选中 到国旗护卫队 参加爱国主义教育活动 在天安门广场观看升旗仪式时 张威的内心无比激动 也被旗手展开国旗的瞬间震撼到 “当时就想 如果能来国旗护卫队 当升旗手就好了” 2018年9月 张威入伍成为 一名 仪仗兵 2019年，张威如愿加入 原解放军仪仗大队国旗护卫队 但他明白只有成为最优秀的队员 才有机会在天安门广场上升旗 国旗长5米、宽3.3米 旗杆重30斤 行进时，无论风力大小 升旗手必须始终做到 军姿标准、步幅准确 步速稳定、方向笔直 展旗时，无论风向如何变化 必须确保五星红旗在空中 抛出一个完美的扇形 张威暗自跟自己较劲 “别人练一分钟，我能练十分钟 就为了把动作练好” 为了更快适应旗杆的重量 更好地控制旗杆 每次训练时 张威先扛着30斤重的旗杆 热身跑5公里 再进行常规训练 展旗、收旗需要上肢力量强劲 每天晚上 张威会手举10斤重的哑铃挥臂 进行展旗模拟训练 一练就是300余次 经历了年复一年 日复一日的艰苦训练 2022年10月1日 2023年10月1日 2024年10月1日 连续三年，在天安门广场上 张威肩扛国旗 圆满完成国庆升旗任务 实现了自己的梦想 九三阅兵 即将在天安门广场举行 这些日子，在训练点 国旗护卫队队员们正进行紧张备训 张威将心中的那份坚定和热爱 化作行动的力量 以满腔的热情投入到 一次次的擎旗、展旗训练之中 谈及作为九三阅兵的升旗手 张威表示 这既是荣誉，更是沉甸甸的责任 “我要用我的实际行动 来捍卫国旗的尊严” 从人民英雄纪念碑 走到升旗台 距离不算遥远 却承载了太多 踏在这条路上 每一步都重若千钧 也是那么令人心潮澎湃 张威说 “步履所至，皆是使命 请祖国和 人民见证 五星红旗高高飘扬在 我们祖国圣洁的蓝天 让先辈看到如今的盛世繁 华 我准备好了！ ” 护卫国旗，重于生命 护我国旗，壮我国威 一起期待阅兵那天 五星红旗高高飘扬 祝福祖国！ 来源： 人民日报新媒体（陈相如、朱田恬、张扬洋、邱婧、王梓、孙童） 本期编辑：胡程远、朱田恬 觉得好看，请点这里 ↓ ↓ ↓
育儿补贴申领入口上线！操作方法来了→,https://mp.weixin.qq.com/s/9gvVC43ag5JEEI0M4b0yKw,2025-09-23,7月，《育儿补贴制度实施方案》正式发布，方案明确对符合法律法规规定生育的3周岁以下婴幼儿发放补贴，每孩每年3600元。国家卫生健康委介绍，8月31日之前各地全面开放育儿补贴的申领。 具体如何操作？手把手来教你！ 线上申领 育儿补贴主要通过全国统一育儿补贴信息管理系统申领，依托各地省级政务服务平台，设置育儿补贴申领专区，同时在支付宝、微信等第三方服务平台开通申领入口。 目前支付宝、微信申请入口均已上线，搜索“育儿补贴”，即可找到官方小程序。 △支付宝搜索页面 △微信搜索页面 支付宝育儿补贴系统已开始试运行，大家可订阅申领通知，以便及时获取提醒。 据了解，近期已有提前订阅过申领提醒的宝妈宝爸收到申领通知。 已经收到通知的朋友，现在就能进入申领流程↓↓↓ 暂未获邀申领的宝妈宝爸也别着急，请耐心等待通知，也可等系统正式开放运行时再填报。 微信小程序“育儿补贴”目前暂未开放申领，待正式开放后，在小程序首页输入婴幼儿户籍所在省份，即可跳转至官方政务服务平台，申请领取育儿补贴。 线下申领 因特殊原因无法通过线上申领的群众，本次保留了线下办理渠道和人工服务，可以关注所在地官方信息，在开放申领后携带户口本、出生医学证明等相关材料，到婴幼儿户籍地乡镇、街道进行办理。 温馨提示： 大家根据自身实际情况，自主选择办理渠道，但无论线上线下，都须认准官方渠道，谨防被骗。 这些“育儿补贴”骗局 不要信！ 近期，“育儿补贴”政策被一些不法分子钻了空子，教你识别骗子常用的两种套路，谨防被骗↓ 1.冒充政府部门伪造“红头文件” 一些不法分子通过冒充卫健委、财政局等政府部门，或者盗用“国家政务服务平台”标识，打造高仿网站，一旦输入银行卡、验证码等信息，存款就将不翼而飞。 对此，警方提示， 政府部门绝对不会通过私人链接搜集信息。 此外，虽然这些网站页面逼真，但网址却暗藏猫腻，可以根据以下方法进行分辨： 查来源。正规信息都是通过政府官方平台发布，凡是带有链接的私人信息一律删除； 看域名。政府官方网站的后缀一般都是gov.cn； 注意不能开启屏幕共享和人脸识别。 2.声称名额有限，营造焦虑情绪 一些骗子潜伏进母婴群、家长群，声称“内部名额仅剩20个！立即扫码锁定”等虚假信息，试图制造家长的焦虑情绪。 对此，警方提示： 凡是要求先交钱的、提及限时领取过期作废的、要求提供银行卡验证码的，一律是诈骗。 如果有所谓的“补贴”小程序或App要获取通讯录权限、短信读取权限、存储权限的，必须提高警惕！ 来源：央视新闻 本期编辑：胡程远、郑薛飞腾 觉得好看，请点这里 ↓ ↓ ↓
9月1日至3日，天安门广场暂停开放,https://mp.weixin.qq.com/s/uGVh8-n-zKG6J6cINaPCxQ,2025-09-23,8月24日，北京市人民政府天安门地区管理委员会发布《关于天安门广场预约参观服务平台暂停部分时段预约通告》。 通告称，为确保专项活动顺利安全， 天安门广场9月1日至3日暂停开放，9月4日适时恢复开放。 请广大游客提前做好行程安排，敬请谅解与配合。 同日， 故宫博物院发布 临时闭馆公告。 公告称，为配合天安门地区活动安排， 故宫博物院 将于8月31日至9月4日临时闭馆，9月5日正常开放 。 来源：人民日报客户端、北京日报 本期编辑：胡程远、郑薛飞腾 转发！周知！ ↓ ↓ ↓
“三楼的小朋友们太吵啦，你们把他抓起来吧！”,https://mp.weixin.qq.com/s/YagCxPMCoe4btcivxuz9XQ,2025-09-23,“图书馆水质不行。” “三楼的小朋友们太吵了，根本看不了书！” “为什么卫生间老没纸？” …… 最近， 上海虹口区图书馆的读者留言本火了。 上面的 字迹从稚嫩到工整， 诉求从卫生间缺纸到空调温度过高， 五花八门的诉求充满生活气息。 暖心的是，这些留言都得到了回复。 事事有回应 这里的留言本火了 有小朋友在读者留言本上提问：“为什么卫生间老‘ 事 ’没纸？”（ 有读者暖心纠正错别字，“ 事 ”应为“是” ） 图书馆反馈：“保洁人员已加强巡视，各楼层服务台也提供卫生纸供读者随时取用。” 有读者提出：图书馆饮水机水质不行，没有达到净水标准，望改进。 图书馆委托两家机构检测水质，并将完整的合格报告附在留言，用科学数据回应读者关切。 有读者留言：自习室没有走廊凉快。 图书馆兼顾国家规定和实际情况，做出了说明和调整，并建议读者，如果体感不舒服，可以选择远离窗区太阳直射的区域。 一位上自习的中学生读者被小朋友们的喧哗声搞得很苦恼，于是 十分形象地画出了小朋友们打闹的过程，呼吁图书馆“把他们抓起来吧”。 虽然留言者的年纪不大，但图书馆并没有一笑置之。馆方回复：会加强巡查，提醒家长并引导孩子降低音量。 为了降低小读者吵闹跑跳造成的影响，图书馆还在3楼专门设立了儿童阅读区。 这里均采用 圆角阅览桌，让小朋友们 拥有更安全的阅读环境。 上海虹口区图书馆副馆长周晔介绍， 读者进入少儿图书的阅览区有两道门，这样可以尽量避免影响到外面的成人读者。 视频来源：澎湃新闻 留言本已设置15年 简单问题3天内就能给答复 读者与读者间的互动，读者与图书馆 间 的互动，让不少网友觉得温暖又可爱。 周晔介绍， 自2010年开馆起， 虹口区图书馆就设置了 意见箱和留言本，各楼层工作人员会定期查看，根据内容流转到对应的业务部门进行处理，如今汇总的读者问题已经放满了一本风琴夹。 简单的问题， 图书馆会尽量在3天内答复，复杂问题会多用些时间调研。 周晔坦言，他们 能够件件有回复，但不一定能件件都落实。 比如，曾有读者希望放置微波炉，但图书馆出于防火安全考量果断拒绝了。 周晔还提到， 去年8月图书馆改造后，他们将留言本的位置从每层的服务台改放到了走廊尽头， 没有工作人员在旁看着，更方便读者写下内心真实建议。 此外，这个位置还靠近开水房，来来去 去顺手翻看和写留言的人也更多了。 读者留言也在改变着图书馆面貌。 改造后的图书馆增设了休息区域，本想模拟便利店“即吃即走”的模式，只放高桌，不放椅子，但收到读者希望放置椅子的呼声后，高脚椅还是安排上了； 一位老先生觉得木质椅子拖来拖去声音太大，静音脚垫也配上了…… 一页页答复中，让大家看到了读者 “被倾听、被重视”的诚意 。 细致暖心的 留言本 各地并不少见 上海天平街道新里137的社区长者食堂，推出了“您留言我烧菜”的特色服务，在保证健康的基础上，尽力满足老年人的喜好↓ 东北师范大学一位学生曾晒出了学校图书馆的留言簿。当有人反应走廊的灯坏了，馆方及时报修；有人写下想要上岸的心愿，馆方鼓励他“岸上见”↓ 图片自网友@winky 厦门大学的食堂，有人提议做大盘鸡时，可以把调料装在小布袋里炖。于是，餐厅开始和厨师商讨是否可行↓ 图片自网友@宁古塔的流放生活 江苏徐州博物馆，有游客在留言写下展馆里的翻译错误，馆方及时回应，还将整改进度实时更新↓ 图片自网友@长挂东南长相守 事事有回应 件件有着落 是负责，更是诚意 你有没有类似的经历？ 看到过哪些暖心的留言本？ 快来留言分享吧 来源：央视新闻综合 本期编辑：胡程远、郑薛飞腾 觉得好看，请点这里 ↓ ↓ ↓
营养价值超高！这种“蔬菜皇后”，该吃了！,https://mp.weixin.qq.com/s/-1VlQO2jsN0qPImzVxbRYQ,2025-09-23,　　据媒体报道，我们平时常见的红薯叶，在欧美、日本等地受到许多人追捧，一些地方还卖得比较昂贵，令人好奇不已。 　　今年2月份，来自田纳西州立大学的研究团队在《BMC补充医学与治疗》上发表的研究提到：紫肉甘薯叶片和橙肉甘薯叶茎的提取物能高效抑制肺癌与乳腺癌细胞生长，某些浓度下效果甚至优于抗癌药物！更令人惊喜的是，紫肉甘薯叶提取物对乳腺癌显示出极强的抗癌活性，抑制率竟达到96.07%，稍微超过了他莫昔芬（95.11%）的抑制效果。 　　看到这个研究，爱吃红薯叶的人肯定狂喜。 但需要提醒的是，研究中用到的是红薯叶提取物，这和我们吃的红薯叶还是有差距的。 　　尽管如此，红薯叶也是很值得吃的食材。它曾被誉为“蔬菜皇后”和“长寿蔬菜”……一起来重新认识一下红薯叶，看看它究竟有多营养。 红薯叶的营养价值 远比大家想象的优秀 1 . 低热量+高纤维 　　红薯叶一般是指红薯成熟后地上秧茎顶端的嫩叶，作为叶菜的红薯叶， 具有低热量、低碳水、高蛋白、富含膳食纤维的特点，很适合有减肥需求的人以及血糖敏感者食用。 　　首先，红薯叶的热量只有27千卡/100克，跟大白菜的热量相差不多，比减脂餐常客西兰花略低一些。这意味着，即使吃上一大盘，也无需担心热量超标，是减脂期可以放心享用的绿叶蔬菜。 　　其次，红薯叶拥有丰富的膳食纤维。《中国食物成分表》显示，每100克红薯叶含有2.8克不溶性膳食纤维，这一含量在绿叶蔬菜中名列前茅。充足的膳食纤维不仅能带来强烈的饱腹感，帮助我们减少总能量的摄入，还能在肠道内吸水膨胀，促进肠道蠕动，从而有效预防和缓解便秘。 　　从这个角度看， 红薯叶的通便效果丝毫不亚于红薯，但它的碳水化合物含量却低得多，只有5.1克/100克，是红薯的1/3 ，对血糖的影响也更为平缓，是糖尿病患者和需要控制血糖人群的理想选择。 　　更令人惊喜的是， 红薯叶的蛋白质含量也相当可观，为3.1克/100克，相当于约半个鸡蛋 。虽然植物蛋白的吸收利用率不及动物蛋白，但作为日常膳食补充一部分蛋白质也不错。 2. 高钙+补维生素K 　　提到补钙，大多数人首先想到的是牛奶和豆制品。其实 绿叶菜中红薯叶的钙含量也不错，算得上是“深藏不露”的补钙高手。 　　不同红薯叶的钙含量有差异，《中国食物成分表》中的数据显示， 红薯叶的钙含量高达180毫克/100克，而同等重量的牛奶钙含量约为107毫克。 这意味着，吃下一盘200克的清炒红薯叶，就能摄入约360毫克的钙，接近《中国居民膳食指南》推荐成人每日钙摄入量（800毫克）的一半。 　　当然，植物中的钙会受到草酸等成分的影响，吸收率比不上牛奶。即便如此，红薯叶依然是膳食钙的较好来源， 对于乳糖不耐受或不爱喝牛奶的人群来说，它无疑是一个绝佳的替代选择。 　　更值得一提的是， 红薯叶富含维生素K ，含量达302微克/100克。 这不仅远超日常所需（维生素K的适宜摄入量AI为80微克/天），同时钙与维生素K是一对“黄金搭档”，维生素K能够激活骨钙素，帮助钙质沉积到骨骼中。 3. 胡萝卜素优秀 　　现代人长时间面对电脑和手机屏幕，需要格外关注眼睛的健康，摄入富含胡萝卜素、维生素A的食物对此非常重要。 红薯叶可以说是β-胡萝卜素的“精英选手”。 　　每百克红薯叶的β-胡萝卜素含量为2220微克/100克，虽说比不上胡萝卜、菠菜，但也比很多常见叶菜优秀得多。β-胡萝卜素是维生素A的前体。维生素A是构成视觉细胞内感光物质的关键成分，充足的维生素A有助于维持正常的暗适应能力，预防夜盲症和干眼症。 　　值得一提的是，红薯叶的铁含量也不错，为1.2毫克/100克，铁可以促进β-胡萝卜素向维生素A的转化。  4. 蔬菜中的“维生素宝库” 　　红薯叶堪称维生素的“全能选手”，尤其富含B族维生素和维生素C。 　　B族维生素 　　它的维生素B1含量达0.2毫克/100克，维生素B2为0.36毫克/100克， 二者的含量均超过了大多数叶菜 ，比如小油菜、空心菜、圆白菜、芹菜叶等。 　　B族维生素参与能量的代谢和维持神经系统功能，摄入充足有助于抵抗疲劳、维持精力充沛。 　　维 生 素C 　　红薯叶的维生素C含量为11~58毫克/100克， 与柑橘类水果不相上下。 　　整体来看， 红薯叶的营养在绿叶菜中算“上等生”了，能为我们补充丰富的膳食纤维、钙、维生素K、B族维生素等营养，并且低热量、低碳水，对减肥、控血糖的朋友都很友好。 花式美味吃法 　　红薯叶的吃法多种多样，清炒、蒜蓉、凉拌、做汤、包馅，甚至涮火锅，都别有一番风味。 1. 粉蒸红薯叶 　　准备食材： 新鲜红薯叶一把，摘下嫩叶和嫩茎，清洗干净，可以淋上一点点油，抓拌一下。 　　裹粉抓匀： 将红薯叶放入一个大碗中，撒上适量的面粉或玉米粉，用手轻轻抓匀，让每一片叶子都均匀地裹上一层薄薄的干粉。 　　上锅蒸制： 蒸锅中加水烧开，将裹好粉的红薯叶均匀铺在垫有蒸笼布或油纸的蒸屉上。大火蒸3~5分钟，看到叶片变软、颜色变深即可。不要蒸得过久，否则会影响口感和色泽。 　　调味开吃： 蒸好的红薯叶取出，趁热抖散。根据个人口味，淋上蒜泥、生抽、香醋、香油和少许盐拌匀，就可以吃啦。 　　这样蒸出来的红薯叶，不仅完整保留了翠绿的颜色，也最大程度保留了营养成分。 2. 红薯叶菜团子/馒头 　　如果觉得粉蒸红薯叶略显单调，不妨试试在社交媒体上广受欢迎的创意吃法——红薯叶菜团子。 　　准备食材： 红薯叶洗净，切碎；胡萝卜洗净后擦成细丝，备用。 　　混合： 将切碎的红薯叶和胡萝卜丝放入大碗中，加入适量玉米面和白面（建议比例3:1），再加入少许盐、五香粉调味。也可以淋入少量食用油（如橄榄油或香油），有助于β-胡萝卜素的吸收，口感也更好。 　　搅拌 ： 慢慢加入少量清水，将所有材料搅拌均匀，直到能捏成团即可。（这步也可以加酵母发酵，后续做成红薯叶馒头。） 　　整形： 用手团成大小均匀的馒头形状。 　　蒸制： 将菜团子放入蒸锅，水开后上汽蒸10-15分钟，直至完全熟透。 　　这种做法是将红薯叶、胡萝卜、小麦粉、玉米面结合在一起，口感更丰富，营养更全面。 3. 红薯叶炒鸡蛋 　　红薯叶炒鸡蛋兼具了制作速度、美味与营养，太适合忙碌的上班族和学生党了。 　　准备食材： 红薯叶洗净，可以稍微切几刀；鸡蛋打入碗中，加少许盐搅打均匀；准备少量葱段、蒜末。 　　炒鸡蛋： 油热倒入蛋液，待凝固定型后迅速用铲子划散成块，盛出备用。（这步也可以直接将红薯叶切碎后，放入鸡蛋液混合，一起炒。） 　　快炒： 锅中放少量油，加入葱段、蒜末爆香，随后倒入红薯叶和鸡蛋，大火快速翻炒约30秒即可。 　　出锅放盐： 关火放盐，快速翻炒均匀后即可出锅。 　　这道菜从准备到出锅10分钟左右就能完成，色泽黄绿相间，口感鲜嫩清香。无论是搭配米饭、馒头还是面条，都能瞬间提升一餐的营养价值和幸福感，简单又美味。 来源：科普中国（作者：薛庆鑫 注册营养师、中国营养学会会员，审核： 阮光锋 科信食品与健康信息交流中心副主任、中华预防医学会健康传播分会委员） 本期编辑：胡程远、郑薛飞腾 觉得好看，请点这里 ↓ ↓ ↓
D2262列车突发！3人，在车上狂奔……,https://mp.weixin.qq.com/s/qhapW_RyK5kzqqPY0fzkPQ,2025-09-23,“11号车厢有人员突发不适 急需医务人员支援！” 8月15日上午10时35分 杭州东开往成都东的D2262次列车上 伴随着广播声划破车厢的宁静 一场与时间赛跑的生命救援就此展开 刚结束在浙江医院交流学习的 湖北宜昌市中心人民医院医护团队 仅用21分钟 便让晕厥的年轻乘务员转危为安 当天，该院重症医学科副主任医师周高生 肝胆胰外科副主任医师姚汝铖 主管护师程晓林 刚完成在浙大邵逸夫医院 和浙医二院的进修 坐在返程列车的16号车厢内闭目养神 “听到广播的瞬间 我们三人同时站了起来” 姚汝铖回忆说 他们不约而同奔往11号车厢 “患病的是一位骆姓年轻女乘务员 当时正在为乘客检票 突然晕厥倒地” 为便于施救 在多名热心乘客与 列车工作人员的合力协助下 这名乘务员已经被转移至 空间更宽敞的9号餐车 姚汝铖和同事们赶到时 她已恢复些许意识 但仍胸闷心慌、面色苍白、神情痛苦 随时可能再次昏迷 情况不容乐观 这时，餐车变成“临时急诊室” 拥有丰富急救经验的周高生迅速牵头 协调临时组成的急救小队 利用列车配备的医疗设备 为患者测量血压、血氧等生命体征 通过细致查体、耐心询问病史 结合监测数据与临床表现 周高生初步判断这名乘务员的病情 为 急性冠脉综合征合并心律失常 急性冠状动脉综合征 是为心脏供血的冠状动脉 发生痉挛、狭窄或阻塞时 引起的以心肌急性缺血 或坏死为特征的综合征 典型症状为胸痛、胸闷、冷汗 放射至左肩、下颌的疼痛 应当立即就地休息，拨打120 把握黄金时间，避免自行就医 “患者血压仅为70/50毫米汞柱 远低于正常水平 血氧饱和度也仅75%，出现休克风险” 周高生话音刚落 列车长立即联系前方到站芜湖的 120急救中心 提前做好接应准备 急救小队一边轻声安抚患者情绪 缓解其紧张感 一边持续密切监测生命体征 寸步不离守护在旁 10时56分，列车准点抵达芜湖站 早已等候在此的120急救人员迅速上前 将患者平稳转移至担架 紧急送往就近医院接受进一步救治 “下午2点，我们特意询问列车长 得知患者情况已趋于稳定 大家都松了口气” 周高生的话语中透着欣慰 他表示， 治病救人是医者的天职 无论何时何地，只要群众有需要 他们定会第一时间挺身而出 为周高生、姚汝铖、程晓林 和所有参与急救的 工作人员、乘客点赞 来源：湖北日报、湖北发布 本期编辑：胡程远、郑薛飞腾 觉得好看，请点这里 ↓ ↓ ↓
重金属超标！这种“大金镯子”千万别买,https://mp.weixin.qq.com/s/6TYd0PBFz7lHhjezzh0N_g,2025-09-23,　　“花小钱戴出大牌首饰的感觉，视觉效果堪比黄金！” 　　今年以来，随着黄金价格持续上涨，市面上涌现出一批“沙金”首饰。这类首饰外观酷似黄金、售价却不高，因而受到消费者热捧，被视为黄金的平 替选择。这些所谓的“ 沙金”制品 ，真的含有黄金吗？ “沙金”首饰火爆 商家称不掉色不怕火烧 　　在多个网络平台上，时常能看到有关“ 沙金”首饰 的直播和视频。据商家介绍，这些“ 沙金 ”主要产自越南、缅甸等地，内外颜色相同，且永不掉色。还有商家宣称，这些产品和黄金一样，不掉色不怕火烧，价格只要一两百元。 　　此外，不少“ 沙金 ”商户在取名上也玩起花样。有的名为“老凤詳”，和著名品牌同音不同字；有的则直接取名为“老庙沙金”。 　　据了解， “ 沙金 ”是山体中的含金岩石风化破碎后，与砂石混在一起形成的，含金量在5%左右的矿物。 以此来说，“ 沙金 ”首饰应当含有5%左右的黄金。然而当记者询问网络平台上的商家，“ 沙金 ”首饰是什么材质，是否含有黄金时，大部分商家却含糊其词，或者避而不答。 　　此外 ，不少夜市摊贩也在贩卖“沙金”首饰，这里的价格比直播间又便宜了不少。 名为“沙金”实为普通合金 虚假宣传身价倍增 　　在多个电商平台上，销售“ 沙金 ”饰品的店铺众多，有的商家宣称单月销量超10万件。这些看起来形似黄金的饰品，到底是什么材质？真正的价值是多少？ 　　记者来到浙江义乌小商品城，当记者咨询商户，有没有号称永不掉色的“ 沙金 ”首饰时，不少商户都表示， 不知道“ 沙金 ”是什么，这里销售的首饰也无法做到长时间佩戴不掉色 。 　　商户表示， 这些首饰主要采用黄铜作为原材料，在表面上电镀了0.05微米的黄金，可以模拟出黄金的质感 。不过，由于电镀层较薄，长期佩戴 使用 会逐渐磨损。 　　商户坦言， 虽然可以通过加厚镀层来减少首饰的掉色几率，但汗水、洗手液等液体仍然能腐蚀镀层。这些首饰仅有在妥善保存的情况下，才能达成半年至一年不掉色。 　　记者了解到，这些黄铜镀金首饰 出厂价仅10元左右，但 到了街头夜市上， 摇身一变成了40元左右的“ 沙金 ”首饰。而在网上的直播间里，更是被主播包装成所谓越南提纯“ 沙金 ”，一件首饰卖到上百元。 　　“ 沙金 ”的名称，给人一种天然黄金副产品的印象，但实际上， 当前市面上销售的绝大多数所谓“沙金”饰品，与黄金并无关系。 浙江义乌的商户表示，虽然网上大肆宣传所谓的“ 沙金 ”饰品内外一色、火烧后仍然是金色，事实并非如此。 部分 “沙金”饰品镍释放量严重超标 长期佩戴或致过敏 　　长期佩戴这种饰品，是否会对身体造成影响？ 专家对两件“ 沙金 ”首饰进行了检测， 主要成分都是铜镍合金。 　　浙江黄金珠宝饰品质检中心主任严雪俊介绍， 这些饰品以低价吸引消费者，它们都是生产成本极其低廉的铜镍合金。 由于镀层过薄，消费者佩戴使用中有可能磨损掉镀金层，释放其中的镍。 　　国家标准规定， 人体长期接触的首饰，镍释放量限值为每星期每平方厘米0.5微克 。然而 在浙江杭州国际珠宝城的黄金珠宝饰品质量检验中心， 检测的部分铜镍合金饰品，镍的释放量可以达到国家标准的上千倍。 　　金属制品过敏引发的皮肤病症在临床上比较常见，而镍是最常见的致敏金属。 记者搜索发现，在黑猫投诉平台上，已有消费者就“佩戴沙金饰品导致过敏”向相关电商平台维权。 　　与此同时，针对“ 沙金 ”饰品行业部分商家虚假宣传的情况，有法律界人士向记者表示，根据我国刑法， 生产者、销售者在产品中掺杂、掺假，以假充真，以次充好或者以不合格产品冒充合格产品，销售金额达到一定数额，则有可能面临罚金、拘役或有期徒刑等处罚 。   来源：央视新闻综合央视财经 本期编辑：胡程远、郑薛飞腾 觉得好看，请点这里 ↓ ↓ ↓
来了！新闻早班车,https://mp.weixin.qq.com/s/kfsUjJvaJpYQWnKUrzyDgw,2025-09-23,点击这里，查看更多精彩内容 要闻 23日17时至24日5时，北京天安门地区举行了纪念中国人民抗日战争暨世界反法西斯战争胜利80周年大会第三次综合演练，这是纪念大会最后一次综合演练。 中国人民抗日战争暨世界反法西斯战争胜利80周年纪念活动新闻中心将于27日开始对外接待服务。 全国铁路暑运发送旅客破8亿人次，同比增长6.4%。 我国 启动 基层脑卒中（俗称“中风”）远程医疗救治项目，助力基层医疗机构达成规范化、同质化溶栓治疗，降低脑卒中致残率与死亡率。 我国深海研究新增一个“科考利器”，自主研制的6000米级深海无人遥控潜水器“海琴”号在南海成功海试。 近日，中国空间站上的无容器材料实验柜成功把钨合金加热到超过3100℃，创造了新的世界纪录。 工信部组织开展首次全国工业文化资源摸底调查，调查内容包括工业遗产、工业主题展览展示场馆、工业文化资源集聚区等。 前7个月，成渝地区双城经济圈进出口突破1万亿元。其中，笔记本电脑、汽车等产品加速出海。 国台办发言人就台民意代表“大罢免”第二轮投票结果答记者问。 详情 受美国暂停对价值800美元及以下的进口包裹给予免税待遇影响，法、德、英、意等欧洲多国邮政日前暂停对美包裹寄递。 社会 本周，江淮、江南等地有持续性高温天气，中央气象台继续发布高温黄色预警。 近日，平安、中信、华夏等多家银行发布公告，重申信用卡资金用途，明确信用卡资金不得用于股票、基金等投资理财领域。 随着潮流玩具市场规模不断扩大，为玩偶设计制作“娃衣”正成为消费领域热点，“娃衣”生产企业也迎来大量海外订单。 23日，广东省足球超级联赛、内蒙古自治区足球超级联赛及扬州市城市足球联赛同日开赛，吸引众多球迷、市民参与。 第二十届中国长春电影节开幕，《南京照相馆》《长安的荔枝》《志愿军：存亡之战》等18部影片入围“金鹿奖”。 记者调查发现，“沙金”首饰火爆直播间，但大量产品实为普通合金，出厂价仅10元左右，且存在镍释放量超标等健康风险。 全球首个“超阶零碳建筑”在青岛启用，建筑通过光伏发电、梯次储能电池和新能源汽车放电，实现100%绿能替代。 24日，北京麋鹿苑举行系列活动庆祝麋鹿回家四十周年。40年来，我国麋鹿实现从本土灭绝到种群恢复，如今已数量过万。 云南大理苍山“采菌游”网络走红，无序采摘 冲击当地生态 。大理市发布公告，禁止在苍山保护管理范围的缓冲区开展旅游和生产经营活动。 铁路南京南站一位旅客突发急症昏迷，路过的广东韶关护士李梦旖咬下穿戴甲、摘下戒指，历时300秒成功救人。 政策 我国发布首个电器电子产品有害物质管控强制性国标，对铅、汞、镉等物质在电器电子产品中的含量提出强制性限值要求。 北京市地方标准《城市轨道交通工程设计标准》修订发布，将列车最高运行时速由100公里提升至120公里。 近日，沪苏浙皖四地分别表决通过了《关于促进长三角科技创新协同发展的决定》，将于9月1日起同步施行。 今日天气 　　海南岛、广东西南部、广西南部、云南东南部、四川盆地西部和北部、河南南部、苏皖北部、山东半岛东部、辽宁东部、吉林东部、黑龙江东南部以及新疆沿天山等地部分地区有大到暴雨，其中，海南岛中南部、四川盆地西北部以及辽宁东北部等地部分地区有大暴雨，海南岛南部局地有特大暴雨。 早安中国 　　每个清晨，遇见大美中国。 　　西藏林芝巴宜区鲁朗林海，树满青山，河流纵横。雪山冰川与原始森林、村落相互映衬，宁静而美好。漫步林海中，各色野花争相开放，随心畅游，悠然自在。林芝市 欢迎您 ！ 　　慢慢改掉一个坏习惯，渐渐掌握一项新技能，偶尔尝试一些新挑战……那些微小的改变也许不会让你立刻焕然一新，但只要坚持去做，就能在一点一滴中看到自己的成长。愿你在这个秋日，每天进步一点点，收获一个更好的自己。早安！ 本期编辑：石磊 ，实习生：余典 、 何雨阳、李玉婷 ｜主播：蓝艳 觉得好看，请点这里 ↓ ↓ ↓
【夜读】千万别掉入“自证陷阱”,https://mp.weixin.qq.com/s/ugNLu_dVTzQhRWW72Mgyrw,2025-09-23,　　你有没有过这样的经历：别人随口说的一句话，你却因此失眠了好几天，想了无数种方法证明自己；有人调侃你的身材，你为了别人的眼光而拼命节食减肥，损害了自己的健康……如果有，那么你很可能已经掉入了“自证陷阱”。 　　每个人都希望得到大家的认可和赞美。然而，并不是只有得到所有的认可，你的人生才是成功的。当你句句解释、处处顾及、事事证明，一不小心就掉进了“自证陷阱”。 过度自证，到底有多可怕？ 　　他人的误解和嘲讽，就像一根束缚你的绳子，你越在意，绳子就会勒得越紧，让你在自我怀疑与消耗中逐渐失去自我。 　　若任由这根“绳子”束缚，就会在越缠越紧的困境中无法自拔。人生的很多烦恼，就源于过度在意他人的看法，总想向外界证明自己。 　　如果你每天都只想着“别人会怎么看我”，只想着得到他人的认可，而从来不去思考自己想要成为什么样子，那么你的“自证”只会是一场自我内耗的无效循环。 久而久之，你就会在别人的眼光里逐渐失去自我。 为什么会掉入“自证陷阱”？ 　　生活中，为什么有些人总会不由自主地掉入 “自证陷阱”？答案往往藏在两种深层心理需求里。 　　有些人可能是 “担心自己不够好” 。他们 并非对所有的话都有解释的欲望，只是在对方的话恰好戳中潜意识里对自己的怀疑时，才会情绪激动。他们因为过度追求完美，无法接纳自己的缺点，才总是陷入内耗之中。 有些人可能是因为太渴望他人的认同。如果一个人内心比较自卑，心里缺了一块 “被肯定” 的拼图，就会总想要“自证”。这往往会让他们忽略自己的真实需求，只关注他人的看法。 你的生活在自己手里 而不是别人嘴里 　　这个世上，有人懂你，就会有人误解你；有人信你，就会有人质疑你。好的建议，我们要及时采纳；无聊的闲言碎语，就不必较真。毕竟，你的生活在自己手里，而不是别人嘴里。 （1）认知不同，不必过度解释 　　每个人的生活经历都不同，认知也就不同，这是很正常的现象。所以，不必强求所有人都认同你的看法。 允许别人做别人，允许自己做自己。与其为了别人的一句评价耿耿于怀，不如把宝贵的时间和精力用来提升自己。 （2）专注自己，不过度在意别人的看法 　　生活中，有些人过度在意他人的看法，以至于迟迟不敢去做自己真正想做的事。 过度关注别人的看法，会搅乱自己的步调，让自己更加迷茫。要记住，我们才是自己人生的主角。真正厉害的人，会倾听有价值的建议，但不会让无关紧要的评价影响自己的决定。 （3）遇到合不来的人，不纠缠 　　生活中，我们会遇到很多欣赏我们的朋友，也会遇到一些话不投机的人。如果你总是想要得到所有人的喜爱，想要满足所有人的期待，就会活得很累。 在照顾他人感受的同时，请记住，你的感受也非常重要。你不需要让所有的人都喜欢你，重要的是，你要始终喜欢你自己。遇到知己，要珍惜相遇，常来常往；遇到合不来的人，不要内耗，也不要纠缠，转身离开才是明智的选择。 来源： 人民论坛网综合每晚一卷书、读书有范  |  主播：赵文龙 本期编辑：朱田恬，实习生：陈皓迪 觉得好看，请点这里↓ ↓ ↓
常吃这4类食物的人，肚子最容易长肉！,https://mp.weixin.qq.com/s/Q3QO6gC_jyAQTgMcWBbf9g,2025-09-23,明明哪都不胖， 却感觉全身的肉都长肚子上了…… 减小肚子有多难？ 有些人天天做 各种 减腹 运动，但效果不明显。 其实，除了针对性的腹部塑形训练，减肚子还要管住嘴。 今天，一起来了解哪些食物是减腹路上的绊脚石。 01 胖肚子4大饮食“元凶” 悉尼大学的研究团队曾发表一项研究称，他们利用了蛋白质组学技术发现， 腹部脂肪（ 内脏脂 肪 ）会在体内积聚成一个“大肚腩”，随着时间的推移，这些脂肪可以自行改变储存模式，并适应空腹状态， 从而对减肥产生更强的抵抗力。 中国注册营养师谷传玲提醒， 要减内脏脂肪，少吃这4类食物： 添加糖 一项长达25年的随访研究显示，添加糖摄入量超过50克/天者，内脏脂肪的体积，显著高于添加糖摄入量低于50克/天者。 精制米面 精制米面做成的主食，比如白馒头、白米饭升糖也快，也的确有研究显示吃升糖快的食物更容易堆积内脏脂肪。 饱和脂肪 一项研究让39名体重正常的年轻人，过度摄入富含饱和脂肪或者n-6系列脂肪酸的松饼7周，结果显示，过多的饱和脂肪酸会增加内脏脂肪的堆积。 饱和脂肪酸相对不利于减腹部皮下脂肪，虽然不是内脏脂肪，但是腹部皮下脂肪多了肚子也会大。 酒精 一项对998名男性的研究显示，每周较高的饮酒量，跟腹部脂肪面积呈强正相关，调整了体重指数之后，两者之间依然显著相关，通俗地讲就是，喝酒很可能会增加内脏脂肪，喝的越多内脏脂肪越多。 关于饮食和内脏脂肪的关系，还有研究显示，可溶性膳食纤维、锰、钾、镁、维生素 K、叶酸和泛酸，等蔬菜中富含的成分，与内脏脂肪呈负相关。 所以，要减内脏脂肪，除了要控制添加糖、精米白面和酒精外，还要多吃蔬菜。 02 减肚腩要分清类型 英国《每日邮报》总结了四种肚腩的形成原因及消除方法，让大家在保持身材的同时，也能拥有健康生活。 啤酒肚 啤酒肚 像一口大锅扣在身前。主要 因饮酒、暴饮暴食、过量摄入精细碳水化合物造成。酒精不但能减缓碳水化合物的代谢过程，还会激发食欲，让人不知不觉吃多了。 因此要减少饮酒量，让食欲会恢复到正常水平。 气球肚 气球肚的 肚腩向外突出，触摸很硬，通常 由肠胃胀气、便秘引起。 要少吃小麦、大蒜、洋葱、樱桃、李子、蘑菇等容易产生胀气及不好消化的食物。 压力肚 压力肚的 胸部往下像缠了一圈面包。 压力过大会促使皮质醇激素释放，把血液中的糖聚集在一起，由此沉积成脂肪。 要多做深呼吸、冥想等减压运动，可减缓压力。 同时，少食多餐也会控制皮质醇激素的浓度，从而减小压力肚。 梨肚 梨肚的特征是 腰细、下腹赘肉多，像个梨。通常是 受到雌性激素影响，腹部脂肪细胞受到了过度刺激，造成脂肪堆积。 要多吃含有高纤维的食品以及绿叶蔬菜，有助排出多余雌性激素。 03 减肚腩除了注意吃，还要会动 北京体育大学运动人体科学学院教授苏浩 建议， 对腹部进行减脂，一要坚持长时间的规律运动，如有氧运动、高强度间歇训练、负重训练、伸展运动；二是适当增加腹部练习，推荐以下7个动作： 上腹部 普拉提预备式 仰卧，双膝弯曲，双脚平放地面，两脚与臀同宽 ； 双臂放于身体两侧，指尖指向脚趾； 呼气，收缩上腹部，依次将头部、颈部、肩胛骨和上背部抬离地面约2~3厘米 ； 吸气，放低身体； 重复做10次。 够脚趾 仰卧，抬高双腿，为降低难度，膝盖也可略微弯曲；呼气，收紧上腹部，将头、颈和上背部依次抬离地面，同时用双臂去够脚趾；重复做20次。 腹内斜肌和腹外斜肌 自行车式卷腹 仰卧，双手放于脑后；缓慢将肩膀抬离地面，双膝弯曲呈直角；用力挤压腹肌，将左侧肘关节转向右侧侧膝盖，同时伸直左腿；换身体另侧做同样动作；两侧交替做30秒。 交替自行车式仰卧起坐 双脚平放地面，双膝弯曲，双手放于脑后；用力挤压腹肌，将左侧肘关节靠向右侧膝盖，同时将右脚抬离地面；返回起始姿势，换身体另侧做同样动作；每侧身体各做5次。 侧支架式 右前臂和右脚支撑身体，左手叉腰，从头到脚呈一直线；慢慢将上半身和臀部抬离地面，绷紧核心肌肉群；保持此姿势15~20秒；换身体另侧做同样动作。 下腹部 登山式 从平板支撑式的姿势开始，将右侧膝盖靠向胸部，然后返回起始位置；将左侧膝盖靠向胸部；两侧交替做30秒钟；提升锻炼强度，可加快动作速度。 剪刀式抬腿 仰卧，双腿伸直，双臂放于体侧；抬高双腿与地面呈30度角；进一步抬高右腿，垂直于地面；然后返回起始位置；换身体另侧做同样动作；两侧交替做30秒钟。 提醒： 第二天感觉肌肉酸胀是正常的，但如果感到肠胃不舒服、或者失眠，就说明运动过量，应及时减量。 来源：生命时报微信 本期编辑：刘杰、王若彤 分享给家人朋友！ ↓ ↓ ↓
最后一次综合演练，现场视频来了！,https://mp.weixin.qq.com/s/AJt7oDQVYQUmmkqJXzbiaQ,2025-09-23,8月23日17时至8月24日5时，北京天安门地区举行了纪念中国人民抗日战争暨世界反法西斯战争胜利80周年大会第三次综合演练。 据介绍，这是一次全流程、全要素预演，也是纪念大会最后一次综合演练，包括纪念大会仪式（含阅兵）、转场、观众组织及应急处置等 各项内容，重点检验了各流程、各环节的衔接配合，为正式活动的成功举办打下坚实基础。 夜幕下的天安门广场灯光璀璨，军乐中的受阅部队威武雄壮。演练现场各环节组织有序、转承紧凑、运行顺畅，达到了预期目标。北京市有关方面向广大市民和游客的支持表示衷心感谢。 来源：央视新闻 本期编辑：刘杰、王若彤 点赞！转发！ ↓ ↓ ↓
10个手指的穿戴甲，都被她咬掉了……,https://mp.weixin.qq.com/s/Hd3uc7pw14Vv1BODToYEfg,2025-09-23,近日， 南京南站一名旅客突发疾病 瘫倒在地， 嘴角有血迹流出 一名正在休假的护士 留下自己的两个孩子 火速前往救人 视频一经发布获众多网友点赞 视频来源/N视频 这位护士名叫 李梦旖 来自广东韶关粤北人民医院耳鼻喉科 当时，正在休假的李梦旖 带着12岁的儿子和15岁的女儿 准备前往苏州游玩 他们在南京南站等候 开往苏州最后一班列车时 候车厅 突然传来广播声 “A4检票口有旅客突发疾病 情况危急，急需医护人员救援！” 李梦旖猛地站了起来 她瞥了一眼手机——21时03分 距离检票只剩不到半小时 李梦旖说 “当时，我儿子 很怀疑地 望着我 因为他有点害怕，妈妈走了怎么办 但是出于本能和职业的使命感 我觉得我一定要去” 仅仅一瞬间 李梦旖 便做出了决定 “妈妈去去就回” 李梦旖 身处的A21检票口距离A4检票口 几乎要穿越整个南京南站 她迅速把背包塞给儿子 向着A4检票口一路狂奔 赶到 A4检票口后 她看到一名旅客蜷缩在地 无意识地抽搐 李梦旖向站警表明身份后 立即俯身检查旅客情况 经初步判断 病人是癫痫发作合并低血糖 李梦旖轻声安慰病人 “别怕，我是护士，放松点” 没有丝毫犹豫 她扯下手指上的戒指 接着又用牙齿把手指上的10个穿戴甲 一一咬下 李梦旖在南京南站救人现场 经过紧急 救治 病人震颤的幅度渐渐变小 口腔不再渗血 看到病人 意识 慢慢恢复后 李梦旖 将患者的病情和救护细节 交代给旁边的工作人员 又逆着人流狂奔 当 李梦旖 赶到 A21 检票口时 很快就要停止检票 让她感到安心的是 孩子们在铁路工作人员的协助下 已平安抵达闸机口 正焦急地等待着她的归来 这时，一名 铁路工作人员告诉他们 已为他们开启了乘车快速通道 李梦旖 才意识到 她赶回检票口的路上 一直有一位铁路工作人员陪伴她 事后， 李梦旖说 儿子趴在她耳边说 “妈妈，刚才那个阿姨一直陪着我们 还说你去救人了” 女儿则拽着她的衣角，崇拜地说： “妈妈，你真的好伟大 你是我们一辈子的骄傲！” 据了解 南京铁路公安处的工作人员 已经联系上 李梦旖 她见义勇为的事迹已被上报 正在为她申请见义勇为奖励 致敬 救死护伤的白衣天使 来源： 央视新闻综合南方都市报、@广州日报 本期编辑：刘杰、王若彤 为李梦旖点赞！ ↓ ↓ ↓
鸡蛋每周吃够这个量，心脏血管都受益！可惜很多人都没吃对,https://mp.weixin.qq.com/s/4IzTcxlwdd5aR4yuTNya-g,2025-09-23,鸡蛋看起来平平无奇 但它的营养其实很丰富～ 每周吃够一定数量鸡蛋的人 有助于延长寿命 降低心血管疾病死亡风险 患糖尿病 和 高血压 风险也更低 赶紧一起来了解一下吧～ 　　鸡蛋简单易得、食用便捷，富含优质蛋白质、卵磷脂、多种维生素和矿物质等营养成分。 　　2025年1月17日，发表在《营养素》上的一项研究显示，每周吃1～6个鸡蛋，有助于延长老年人寿命并降低心血管疾病死亡风险。 　　与不吃鸡蛋的人群相比， 每周吃1～6个鸡蛋的人群，心血管疾病死亡风险降低29%、全因死亡风险降低15%。 　　即使是血脂异常的参与者，心血管疾病死亡风险也可以降低27%。 研究截图 　　2023年，来自美国波士顿大学的研究团队，在《营养素》上发表的研究显示， 每周摄入≥5个鸡蛋，患2型糖尿病和高血压风险分别降低28%和32%。 　　现阶段，《中国居民膳食指南（2022）》建议，一般成年人群每周可摄入300～350克蛋类， 健康人群每天吃一个全蛋， 是比较合理的。 　　讲到这里，很多人可能会问， 如果已经有高血脂、高血压等慢性病，还能吃鸡蛋吗？ 　　1. 正常成年人，建议每天吃1个鸡蛋（包括蛋黄） 　　首先，我国居民膳食指南中建议，正常成年人每周应摄入280～350克蛋类，以一个鸡蛋50～60克计算，大约是每周吃6～7个鸡蛋，也就是每天1个蛋。 　　其次，再从大家担心的胆固醇的角度，来看看权威机构推荐摄入量。由中国血脂管理指南修订联合专家委员会、国家心血管病专家委员会、中华医学会心血管病学分会、中国卒中学会共同修订的《中国血脂管理指南（2023）》中指出，成人每日胆固醇摄入量应不高于300毫克。一个鸡蛋的胆固醇含量大概在200毫克左右，考虑到每日饮食中其他食物也会提供一定量胆固醇，每天吃1个鸡蛋，对于成年人来说也是适宜的。 　　2. 孕期、哺乳期、青春期学生、健身增肌和大病初愈恢复期的人士，建议一天最多吃3个鸡蛋 　　对于孕期、哺乳期妇女，以及处于青春期的中学生、健身增肌和大病初愈恢复期的人来说，他们对优质蛋白质的需求往往比普通人更大，将鸡蛋作为补充优质蛋白的来源是很好的方式。 　　如果日常饮食中动物性食物的比例不大，只要注意鸡蛋的烹饪方式， 采取蒸、煮等少油无油方式，每天吃2～3个鸡蛋问题不大。 　　当然，如果日常饮食中已经有足够的奶、肉、鱼、大豆等食物，则不建议再额外增加鸡蛋的摄入量，依然保持每天1个鸡蛋就可以。 　　3. 高血脂人群，要注意控制脂肪总摄入量，其中鸡蛋建议一天不超过1个，一周不超过5个 　　对于高血脂人群来说，他们的脂类代谢已经出现了问题，对于食物来源的胆固醇和体内自我合成胆固醇的调节能力比不上正常人，因此对于胆固醇的摄入要格外敏感一些。 　　根据卫健委今年发布的《成人高脂血症食养指南》，高胆固醇血症者每天胆固醇摄入量应该控制在200毫克以内。也就是说，吃1个鸡蛋就可能面临胆固醇摄入超标的风险。 　　如果这类人群日常饮食中其他高胆固醇的食物，如动物内脏（脑、肝、心）、红肉（猪牛羊）、虾等不算太多，也没有摄入太多油脂（尤其是动物油脂和高油的加工食品），那么建议每天吃不超过1个鸡蛋。如果摄入了比较多的高胆固醇食物，那就要相应控制鸡蛋的摄入，比如吃半个，或者只吃2/3的蛋黄。 　　4. 肥胖人群，要注意控制总膳食摄入量，包括鸡蛋 　　对于有肥胖问题的人群来说，需要控制饮食热量和脂肪的摄入量。尽管鸡蛋的脂肪组成中饱和脂肪不算太多，但依然不建议吃太多。一项大型人群研究表明， 若每周吃鸡蛋大于6个，肥胖人群的全因死亡率会有显著增加。 　　不过，对这个研究结果建议大家也要科学看待。一方面，吃几个鸡蛋和肥胖人士的饮食结构有关。一些处于减重期的朋友，在清淡饮食的基础上，用蒸、煮鸡蛋提供优质蛋白、矿物质，大量新鲜蔬果、杂粮提供维生素、矿物质、膳食纤维、碳水化合物的方式，作为减重饮食搭配，也是可以的。 　　另一方面，吃几个鸡蛋和肥胖人士的血脂水平有关。如果肥胖的同时血脂水平高，那也要按照前述建议，每天摄入1个以内的鸡蛋。可以选择其他食物补充优质蛋白，如低脂脱脂奶、大豆类、低脂瘦肉等。 　　最后，还想提醒大家的是，除了关注吃鸡蛋的量，记得同时要注意鸡蛋的烹饪方式（尽量采用蒸煮等方式加工鸡蛋，避免煎炸蛋），以及饮食整体搭配是否合理。 来源： CCTV生活圈、科普中国 本期编辑：刘杰、王若彤 分享给家人朋友！ ↓ ↓ ↓
不痛不痒一查竟是癌？这5种“悄无声息”的癌症，很多发现已是晚期,https://mp.weixin.qq.com/s/R4o-lNrHkFLwenWSrhZAwg,2025-09-23,“不痛不痒，一查竟是癌症？”“年年体检，发现时却已是癌症晚期？”这样的案例无论在日常生活中还是新闻中并不少见。 事实上，很多时候并非我们忽视了身体的信号，也并非体检的疏漏，而是 某些癌症天生属于 “隐匿癌”，其发病过程悄无声息、不痛不痒，很多人在发现时已是癌症晚期。 健康时报资料图，陈彬摄 01 不痛不痒，一查却是癌症！ 今年 50 岁的亮先生（化名）是温州人，经营着一家小工厂，生意做得风生水起。几个月前的一天上厕所， 他不经意发现自己的尿液颜色带点红 ，心里咯噔一下。 此后 他 每次上厕所，总是 会 下意识看看 。 不过 这血尿时有时无，颜色也多变 ——从粉色到红色，再到后来变成酱油色，就算他有意识 地 提醒自己 多喝水好像也没啥改变。然而，由于身体 上并 没感觉任何疼痛不适，去医院 检查的事情 便一拖再拖。 直到 2 月后，他才到 医院检查。 浙江大学医学院附属第一医院泌尿外科副主任医师朱意 通过膀胱镜的检查结果诊断为 —— 膀胱癌 。 膀胱镜检查结果，浙大一院图 医生介绍，膀胱是人体的 “尿液蓄水池”，等攒到一定量了，就会提醒你该起来上厕所了。通常来说，这个蓄水池是比较“耐造”的，但是如果每天都往里面倒“毒水”，四周池壁的细胞可能就会躁动， 部分异常细胞就开始疯狂“繁殖”，聚集在一起就会变成一个个“小疙瘩”，这就是膀胱肿瘤 / 膀胱癌。最终医生经过手术，切除掉了他病变膀胱。 02 这5种“不痛不痒”的癌症 很多发现已是晚期 其实并不是所有癌症都会出现明显的信号和不适，有些癌症天生就是 “悄无声息”， 特别是下面这 5 种，很多人发现已是晚期。 1.  肝癌 —— 强大的代偿能力 为什么很多肝癌发现时已是晚期？这主要有 2 个原因， 一是肝脏没有痛觉神经；二是肝脏强大的代偿能力。 厦门大学附属中山医院肿瘤内科主任医师潘战和 曾 在肿瘤专科医生公号刊文介绍，肝脏是典型的 “沉默器官”，哪怕受到了一些损伤，也不轻易“喊疼”。代偿能力强，肝脏长了肿瘤也仍可以功能正常，等到真的明显有症状，那这个时候很可能不是早期了。 河南省肿瘤医院肝胆胰外科主任韩风曾接受 媒体采访 介绍，有人做过实验，一只被切掉 2/3 肝脏的小白鼠， 3 个月后，它的肝脏可恢复正常大小 。 所以，即使肝脏已经被肿瘤侵蚀过半，但只要肝脏 1/3 的肝细胞在正常运转，不影响身体代谢，肝功能化验是不会显示异常的，身体也可能没有明显不适感。“这也就解释了，为什么一些患者能吃能喝、不疼不痒的，肝脏上的恶性肿瘤却已经有拳头那么大了。” 2.  肺癌 —— 没有痛觉的神经 很多肺癌发现时已是中晚期，甚至出现了转移。上海市肺科医院呼吸与危重症医学科主任医师胡洋曾接受人民日报健康客户端采访时表示， “人类的肺部缺乏明显的痛觉神经，出现问题时机体反应往往并不明显，加之肿瘤早期并不会引发炎症反应刺激，因此肺癌早期患者基本无法自我察觉。临床上早期肺癌几乎都是通过体检或者意外检查发现的。如果患者因出现症状前来就诊，多数已发展到中晚期。” 肺癌发病率和死亡率都占恶性肿瘤的第一位 3.  胰腺癌 —— 癌中之王进展快 胰腺癌 也被很多医生称为 “癌中之王”， 经常在发现时就已经是晚期 。 这主要是因为胰腺位于腹腔深处，常规体检难以触及；同时，胰腺癌生长迅速 ， 相对于一些发展缓慢的癌症（如某些前列腺癌、甲状腺癌），胰腺癌的生长速度通常 比 较快。从早期发展到晚期所需的时间相对较短，留给早期诊断的 “ 时间 ” 很窄。 4.  卵巢癌 —— 深藏 在 盆腔 深处 卵巢位于盆腔深处，空间相对较大。在 卵巢 肿瘤生长的早期阶段，体积很小，不会压迫或侵犯邻近器官，也不会引起明显不适。 同时缺乏像 宫颈癌（巴氏涂片）或乳腺癌（钼靶）那样简单、有效且广泛应用的筛查方法。 5.  肾癌 —— 强大的代偿能力 很多肾癌发现都是偶然发现，这主要是因为肾脏的位置较深，早期肾脏肿瘤可能不会压迫到重要的结构，因此不会产生疼痛或其他不适感。而肾脏也是一个具有 强大 代偿能力的器官（特殊情况下一个肾脏就能维持生命）。所以，肾脏肿瘤可以在相当长的时间内 “静悄悄”地生长而不被发现。 健康时报资料图， 单明铭摄 03 5种“隐匿癌”的预防筛查建议 5 种 “ 隐匿癌 ”一般的常规体检很难发现，需要通过专门的癌症筛查方法，这些“筛查金标准 ” 方法要知道！ 1.  肝癌 —— 肝脏 B 超 + 甲胎蛋白（ AFP ） 肝癌 筛查 的 “金标准” 是 血清甲胎蛋白（ AFP ） + 肝脏 B 超检查。建议男性 35 岁以上、女性 45 岁以上的肝癌高危人群应进行筛查，每 6 个月筛查 1 次。 2.  肺癌 ——低剂量螺旋 CT 筛查 低剂量螺旋 CT 筛查是肺癌筛查的“金标准”。对于肺癌高危人群，建议行低剂量螺旋 CT 筛查。 比如： 40 岁以上，吸烟≥ 20 年包 （年包指每天吸烟多少包乘以持续多少年） 或戒烟不足 15 年者、被动吸烟者（二手烟）、有慢性肺部疾病史或肺癌家族史者，都属于肺癌高危人群，建议定期筛查。 CT检查，健康时报图 3.  胰腺癌 ——肿瘤标志物 +B 超 /CT 肿瘤标志物 CA19-9 、 CA125 、 CEA 等结合腹部 B 超、 CT 、 MRI 检查、超声内镜、 PET/CT 检查是胰腺癌筛查 “ 金标准 ” 。 40 岁以上有胰腺癌家族史或糖尿病史者 、 长期吸烟、饮酒、高脂肪饮食者 ， 慢性胰腺炎反复发作者 都属于胰腺癌的高危人群。 4.  卵巢癌 —— 肿瘤标志物 +B 超检查 肿瘤标志物 血清 CA125 检查及经阴道超声检查是筛查“金标准”。携带 BRCA1/BRCA2 基因突变者 ， 有卵巢癌、乳腺癌或其他相关肿瘤家族史者 ， 未生育或晚生育的女性 都属于卵巢癌的高危人群。 5.  肾癌 —— 肾脏 B 超检查 + 尿常规 B 超检查、尿常规检查是筛查“金标准”。对于 35 岁以上的人群，建议每年进行 1 次筛查；对于 50~70 岁这一肾癌高发年龄段的人群，更应定期进行筛查。 最后， 如果发现自己最近出现 持续疲劳、体重骤降、大小便习惯改变等 信号 ，即使不痛 不痒 也 要引起重视，必要时 就医 检查 。 来源：健康时报 本期编辑：李娜、郑薛飞腾 分享给家人朋友 ↓ ↓ ↓
退役17年后，这个老兵接到了部队的电话……,https://mp.weixin.qq.com/s/Newu5rLPuQiIgQidU9NGqQ,2025-09-23,8月11日 退役17年的王富业 接到原所在部队的电话 邀请他回去做报告 这是咋回事？ 60米深的机井 他倒悬30多分钟托举生命 8月3日，刚从农田浇水回来的 赵店村党支部书记 王富业 接到紧急电话 “ 余小英 掉机井里了！” 他立即赶赴现场 赶到现场时 60米深的机井 像一张吞噬生命的巨口 井壁湿滑、管道错位 专业设备一时难以施展 落井村民的声音越来越弱 每一秒都是倒计时 “把我送下去！” 没有丝毫犹豫 王富业脱下上衣 让村民用粗麻绳 捆紧自己的双腿 头朝下的瞬间 他成了深井中唯一的希望 漆黑阴冷的井道里 粗糙的井壁磨得肩膀渗血 他只顾着呼喊安抚村民 辨别声音方位 摸到余小英时 她已因惊吓和缺氧濒临昏迷 大半个身子浸在冰水中 王富业拼尽全力 将她托举起来 配合井上救援 升至离井口3米处 余小英因意识紊乱卡在井管 而长时间倒挂的王富业 也早已头晕目眩 他咬牙按住村民的胳膊 在众人合力下 终于将人安全救出 30分钟的生死较量 嘴上说着“我没事” 身上却已布满血痕 这份勇敢 源自 12年军旅生涯 “这不是偶然 是刻在骨子里的习惯” 王富业的勇敢 源于12年军旅生涯的淬火成钢 1996年 19岁的他入伍 服役于 抗洪救灾模范周丽平 生前所在连队 在那里 “勇担使命、人民至上”的信念 成了他最深刻的烙印 12年间 他从普通战士成长为 班长、技术员 参与过多次 重大军事演习和抗洪救灾 洪水漫堤时 他曾跳进激流堵缺口 演习场上 他带领班组攻克技术难关 优秀班长、三等功、优秀士官……  这些荣誉背后 是无数个日夜的坚守与磨砺 “部队教会我的 就是关键时刻顶得上”  2008年退役返乡 王富业把军营作风 带到了乡村地头 2017年当选村支书后 他踏遍全村贫困户的门槛 修水渠、建大棚 成了村民口中“闲不住的当家人” 2020年 他被评为 “正阳县最美退役军人” 奖状背后 是“把村民当亲人”的承诺 8月11日 王富业原所在部队致电表示 获悉他的事迹后深受感动 为他感到骄傲 并邀请他回部队作事迹报告 12日，正阳县见义勇为评定委员会 发布公示 拟确认王富业见义勇为行为 面对赞誉，王富业说 “ 我只是做了分内之事 换作任何党员、任何老兵 都会这么做” 获救 村民家人向王富业赠送 锦旗 （右二） 从军营到乡村 变的是岗位 不变的是本色 王富业，好样的 为你点赞 向你致敬 来源：中国退役军人、中国双拥、亮剑东南 本期编辑：李娜、郑薛飞腾 点赞，致敬 ↓ ↓ ↓
老人被蛇咬伤，家属拖着两米多长的“凶手”冲进医院,https://mp.weixin.qq.com/s/ROiQlYT8TzfwGv1Lx3CXCw,2025-09-23,　　夏季是蛇类活动的高峰期，也是蛇咬伤事件的高发期。近日，云南一老人不幸被剧毒眼镜王蛇咬伤，经过全力抢救，老人在12小时内脱离危险。值得注意的是， 为了让医生快速识别蛇种、匹配抗蛇毒血清，他的家属在老人就诊时拖着两米多长的“凶手”冲进医院，当时这条蛇甚至还在扭动。 带蛇就医是“必选项”吗？被蛇咬伤后该怎么办？ 云南一老人被眼镜王蛇咬伤 　　8月20日下午五点多，云南省临沧市第二人民医院蛇咬伤救治中心接诊了一名被蛇咬伤的78岁老人。 随后，患者家属提着一条两米多长的蛇冲进了救治中心。 　　医护人员一眼便认出，这是毒性极强的眼镜王蛇。 家属表示，“老人正是被这条蛇咬伤的”。医院急诊科主任兼蛇咬伤救治中心主任王娅表示， 眼镜王蛇咬伤患者死亡率极高， 而从老人被蛇咬伤到经转诊抵达救治中心，时间已过去近半个小时，情况十分危急。 咬伤老人的蛇（央广网发 受访者提供） 　　王娅表示：“我们开设蛇咬伤中心已经10多年了，第一次碰到这种眼镜王蛇咬伤的情况，死亡率非常高。那条蛇是被货车碾压过之后， 老爷爷散步时发现了它，就是好心去捡一下 。当时蛇还处于濒死状态，在挣扎，然后就咬到了老人右手虎口的位置。 老人的女婿觉得应该带蛇过来让医生看一下，判别是什么蛇，以便用血清。于是就把蛇带过来了。” 当日监控画面拍摄下患者带蛇就医场景（央广网发 受访者提供） 　　当日值班医生观察到患者已出现眼睑下垂、呼吸困难等严重中毒症状，立即为患者实施气管插管，启动呼吸机辅助呼吸，同时为患者分段脱敏注射抗蛇毒血清。 　　王娅介绍说：“患者到我们医院，再到出现呼吸困难的情况，时间非常短暂，只有两三分钟。我们就做了紧急的气管插管，然后用呼吸机辅助呼吸。对于眼镜王蛇咬伤来说，要用银环蛇蛇毒血清，我们储备了四支血清， 但因为被眼镜王蛇咬伤需要的血清数量非常多，所以又紧急调度了云南省各个中心的血清 。” 　　8月21日凌晨2点多，从大理、昆明调取的充足血清陆续送达医院。 经过12小时的全力抢救，患者呼吸肌及四肢肌力逐渐恢复正常，成功脱机拔管。目前生命体征平稳，已脱离生命危险。 经过12小时的全力抢救，患者脱离生命危险（央广网发 受访者提供） 带蛇就医是“必选项”吗？ 　　王娅表示，经常有被咬伤的患者带着蛇来就医，但眼镜王蛇还是第一次。事后测量该蛇长度达2.2米。 　　王娅说， 患者“带蛇就医”虽然让他们快速识别了蛇种，帮助精准匹配血清， 但这种行为也有很大风险，并不提倡。 “老百姓往往有一个误区，就是被蛇咬到以后，要把蛇打死并带过来。 这个动作是危险的，‘带蛇到医院’不是必须的。” 　　因为蛇类资源丰富，每年夏季都是云南蛇咬伤的高发期。抗蛇毒血清是毒蛇咬伤救治的核心。云南省第一人民医院急诊内科（云南省蛇伤救治中心）副主任医师袁颖介绍，蛇毒分为神经毒、血液毒、细胞毒及混合毒4类， 不同的蛇毒对应使用不同的抗蛇毒血清，即便无法确定蛇种，医生也能通过综合判断识别出该用哪种血清。 　　除了尽快就医规范治疗蛇咬伤，正确的处置也至关重要。袁颖提醒， 被蛇咬伤后，应该脱离被蛇咬伤的区域，尽量记住蛇的外形， 摘掉受伤肢体的饰物，保持镇静； 不要绑扎受伤肢体，同伴也不要试图用嘴吸出毒液。 需要注意的是，即使知道咬伤自己的蛇不是毒蛇，也应该尽快到医院由医生处理。 　　袁颖表示：“这位老者之所以被蛇咬伤，是因为他裸手去碰触貌似已经被碾压致死的蛇。我们 不建议裸手接触蛇，即便是断离的蛇头，在数分钟之内依然有能力咬伤人。 一旦被蛇咬伤，不要去捕捉和追打，可以 记住其形态特征，比如颜色、花纹、头部形状等。现在大家都有手机，可以拍照。 要保持镇静，越激动蛇毒扩散就越快。 在现场不能做的事，第一就是用嘴去吸，去帮别人吸伤口会导致中毒。第二是绑扎，这是最常见的误区，绑扎对于延缓蛇毒的扩散是无效的。 还是要 尽快拨打120，到有蛇咬伤救治能力的医院进行治疗。 ” 来源：央广网 本期编辑：李娜、郑薛飞腾 转发提醒 ↓ ↓ ↓
“找到了！有生命体征！”,https://mp.weixin.qq.com/s/B88BFvOx13ybwLybF45jiA,2025-09-23,“发现热源信号了！” “快！快！快！” 收到这个从空中传来的好消息 焦急搜寻的地面民警和队员们 立即振奋起来，冲向密林 …… 不久前的一天晚上 江西吉安永新县龙源口派出所 接到群众紧急求助 家中年过八旬的老人谭奶奶 从当天早上9时离家后 一直未归 老人患有阿尔兹海默症 平日有外出捡拾柴火的习惯 家属寻找无果 焦急万分，只得报警求助 “老人失联11个小时了 白天最高气温接近40℃ 她会不会中暑晕倒？” 听闻家属的叙述 派出所民警火速赶赴现场 现场勘查后 民警推测老人很可能 走进了地形复杂的深山区域 他们立即赶往后山 展开搜索 然而，进展却并不顺利 后山外围是大片的荒地 沟壑纵横，树林茂密 植被遮挡严重 山林的夜晚 伸手不见五指 踏步不知深浅 给地面搜寻带来了极大困难 就在大家一筹莫展之际 永新县公安局特巡警大队 在研讨后决定 出动警用无人机支援 利用红外热成像技术 对目标区域进行搜索 当看到屏幕上出现 一缕浅浅的热源信号时 早已汗流浃背的民警和村民们 终于长出了一口气 带着柴刀、驱蛇棍冲进密林 无人机找到老人后 就打开探照灯盘旋空中 但电量已几乎耗尽 由于山里环境复杂 尽管只有几百米的直线距离 大伙却摸索着行进了 约45分钟 “快点，再快点！” 密林里没有路 民警们一边用柴刀 拨开半人高的野草 一边紧握着驱蛇棍 深一脚浅一脚边探边走 每个人心里都十分着急 顾不上被迎面的树枝尖刺划伤 咬牙坚持着前进 “找到了！ 有生命体征！” 在一处偏僻树林里 救援人员找到了 瘫坐在地的谭奶奶 大伙赶紧掏出 随身携带的水、葡萄糖和食物 给老人补充能量 经现场初步检查 老人生命体征平稳 随后 搜救人员将老人安全护送回家 “心在嗓子眼吊了一天 幸好有你们 多亏你们来了！” 看到老人平安回家 家属流下了激动的泪水 紧紧握着民警的双手 不停地说着 “谢谢！谢谢！” 老人获救几天后 永新县公安局特巡警大队 收到了一面 谭奶奶家属特意定制锦旗 上面写着 “人民的好警察 百姓的守护神” “家人失联没有谁会不着急 密林夜晚搜寻虽然困难 但我们没有时间多想 时间就是生命 这都是我们应该做的” 得知老人身体状态良好 民警们十分欣慰 风里雨里夜里 在百姓需要的时候 总有你们的身影 谢谢你，人民警察！ 来源：新华社（ 记者：熊家林） 、 永新县委宣传部、吉安公安、 永新 公安 本期编辑：李娜、郑薛飞腾 觉得好看，请点这里 ↓ ↓ ↓
罕见！“美人鱼”惊现南沙群岛！网友：没想到长这样,https://mp.weixin.qq.com/s/RXTq-iE8JZqgL-MxY4hnqw,2025-09-23,记者从中国科学院南海海洋所获悉，2025年7月中旬以来，南沙群岛永暑礁驻岛环保部门与中国科学院岛礁综合研究中心（简称“岛礁中心”）驻站科研人员 在永暑礁近岸海域持续监测到国家一级保护动物儒艮活动。 儒艮是海牛目儒艮科唯一现存海洋物种，因雌兽怀抱幼崽哺乳的姿态被民间称为“美人鱼 ” ，是全球最古老的海洋哺乳动物之一，主要分布于印度洋和西太平洋的浅海区域，在世界自然保护联盟IUCN红色名录中被列为易危物种。 这种体长可达3米的草食性海洋哺乳动物，对维护海草床生态系统健康具有关键作用，其摄食行为能促进海草更新，维持栖息地生物多样性。 儒艮是国家一级保护动物，2008年，海南省东方市发现的死亡儒艮是中国大陆最后一次目击记录，2022年，儒艮被宣布在中国大陆沿海功能性灭绝。 2025年7月8日，永暑礁驻岛环保部门巡视人员首次在海岛西南方海域发现浮在海面换气的“大鱼”，并在其后近一个月内持续观测到其在该海域的活动；8月2日到3日，巡视人员与驻岛科研人员两次近距离观测到“大鱼”在该海域活动，并采集到影像资料。相关资料经中国科学院海洋动物专家秦耿研究员、李松海研究员鉴定， 正是在中国大陆沿海被宣布功能性灭绝的儒艮 。 8月11日上午，中国科学院南海海洋研究所、生态环境部华南环境科学研究所、广东工业大学等单位的科研人员又再次共同目击了儒艮在海面的活动情况。这是近半年来，在永暑礁继发现国家一级保护动物玳瑁、绿海龟等活动后， 首次在该海域发现极度濒危物种儒艮的持续活动踪迹，这不仅填补了该海域的物种分布空白，更是近三十年来我国南沙群岛及南海中部海域首次有科学影像佐证的儒艮活体记录 。儒艮通常喜欢成群活动，常以2~3头的家族群形式出现，此次为何单独“流浪”至此尚待监测研究。 儒艮的资料照片。新华社发（马蒂厄·容克摄） 南海海洋所宋星宇研究员指出，绿海龟依赖沙滩产卵繁殖，玳瑁的生存与珊瑚礁健康紧密相关，而儒艮的出现则标志着海草床生态系统的完整性—— 这三类物种在永暑礁海域的相继发现，凸显了永暑礁岛礁生态系统的独特价值，更证明了我国南沙岛礁生态岛礁建设与生态保护工作成绩斐然。 永暑礁形成的珊瑚礁、浅海海草床、沙滩产卵场等丰富生境，支撑了海洋生物的栖息与繁衍，也是南海岛礁生态系统持续健康发育的有力佐证。 来源：央视新闻、新华社 本期编辑：李娜、郑薛飞腾 觉得好看，请点这里 ↓ ↓ ↓
停课、停工、停业、停运、停航、关闭景区！三亚紧急通知,https://mp.weixin.qq.com/s/YkeF0VYgJSTW-b4r0gXntg,2025-09-23,今年第13号台风“剑鱼”已于 今天（24日） 凌晨加强为台风级， 预计，“剑鱼”最强可达强台风级，并将于24日下午至傍晚在海南陵水到乐东一带沿海登陆 ，也有可能经过海南岛南部近岸海面，然后逐渐趋向越南中北部沿海。 受“剑鱼”影响，今天海南岛、广东西南部沿海、广西南部沿海等地的部分地区有大到暴雨，其中，海南岛中南部有大暴雨，局地特大暴雨。 中央气象台今天 6时继续 发布台风橙色 预警 。 海南 部分列车 运行 有调整 记者从国铁广州局了解到， 受热带风暴影响 ，海南 铁路对部分列车调整运行秩序 。具体如下： 今天（ 24日 ） 进、出 海南 岛列车全部停运 ， 海南环岛高铁、海口市域列车、三乐旅游铁路列车全线停运。 明天（ 25日 ） 出岛列车 Z8008次停运；进岛列车K511、Z501、Z111、Z8007次停运，出岛列车K458次由三亚始发改为海口站始发，同时三亚站 至 海口站间停运。 请 旅客 关注车站公告或致电铁路 12306客服热线查询，以便妥善安排行程。 三亚实行“五停一关”措施 今早6时36分， 三亚市气象台变更台风橙色预警信号为 台风红色预警信号 。 今日， 三亚市发布实行“五停一关”措施的通 告，决定 自今日起，在三亚全市范围内 （除承担民生保障类、生活服务类 的单位和个人外） 分批实行“五停一关”措施 （即停课、停工、停业、停运、停航、关闭景区）： 实行“停课”措施 ，全市停止线下教学、线下培训和户外教学活动。 实行“停工”措施 ，所有在建工地停工，所有施工作业相关人员全部停止作业。全市除承担抢险救灾和保障社会基本运行任务的生产经营企业外，全部停工停产。 实行“停业”措施 ，商场、餐饮场所、娱乐场所、交易场所、集会场所、网吧、酒吧、商业步行街、公园、个体工商户、企业和商户等停止营业， 农贸市场、超市10时起停止营业。 实行“停运”措施 ，公交、出租车、网约车、客货运和有轨电车（承担应急管理、抢险救援以及保障供排水、供电、燃气、通信、医疗等任务的车辆除外）等 公路交通运输12时起停止运行。 实行“停航”措施 ，全市通航水域内禁止船舶航行和作业（海警、海事执法艇、抢险救灾船舶及经批准船舶除外），各类船舶要停放安全水域避风，撤离船上所有人员。航空停航措施由航空管理部门和机场、航空公司另行向公众发布。 全市旅游景区（点）、游乐场所全部关闭 ，各旅行社停止一切旅游相关业务，水上旅游相关企业停止水上游乐项目，禁止市民游客到开放性海域、海滩、沿河濒水等不安全地带游玩。 在三亚市启动“五停一关”期间，有紧急就医等应急出行需求的市民游客朋友， 可拨打119、120、12345， 三亚将全力做好服务保障。 解除“五停一关”时间将视台风影响情况另行通告。 转发提醒 注意安全 来源： 央视新闻、 中央气象台 本期编辑：李娜、郑薛飞腾 转发提醒 ↓ ↓ ↓
人民日报刊文：两岸之间无国界！,https://mp.weixin.qq.com/s/TphIyy1McjIA4lLnAnCJQQ,2025-09-23,　　我讲两个故事。 　　第一个故事事关货物违法进出国界的走私罪。朱其善、董玉洪编《台湾大事纵览（1979—1993）》（海风出版社1993年12月版）记载说：1981年3月4日，台北地方法院宣判几名涉嫌“与大陆走私”的渔民无罪， 理由是大陆和台湾无国界，不能构成走私罪 。当年作此宣判的台北地方法院的法官是有良好知识的，别的旁置不论， “大陆和台湾无国界”乃是一个不用说明的明白的事实、一个无须证明的确凿的理由。 　　第二个故事涉及人员违法进出国界的越境罪。2008年6月14日至15日，第二届金门学学术研讨会在台中市中兴大学举办。蔡英文以“前陆委会主委、现任民进党主席”的身份应邀参加开幕式并发言。蔡英文的发言记录稿收于金门县文化局2008年12月出版的《2008年金门学学术研讨会论文集》。蔡英文发言的重点之一，是介绍她在陆委会主委任上推动“小三通”合法化的“工作业绩”。蔡英文说：“我记得刚开始在2000年执行这个政策的时候，我就到金门去看，回来我发现一个问题，就是说金门大部分的人‘都可能会有刑事记录’，或者是说金门大部分的人他在每一分每一秒都会有犯罪的可能，为什么呢？因为那个时候，只要你违反规定进入到大陆区域的话，就是违法。可是这个法律事实上是违反当时的生态，因为那个时候虽然没有正式通航，可是这个小船是每天往来于金门与厦门之间，所以很多金门人其实他是经常性地到厦门去，所以从法律的角度去看，金门大多数的人都在违法，而且检察官若要起诉的话，大部分的人是要被起诉的”。蔡英文还说：“在这两岸之间，在这金门与厦门之间自己往来，那你在传统观念上的边界概念在哪里？这又是另外一个问题”，“边界概念你怎么把它建立起来。当你开始往来的时候就有边界的概念，当你没有往来的时候，你没有那个边界的概念”，“也就是说，你要在很短的时间内，创造出一个我们在正常想象里面的一个边界的机制，你必须要把它创造出来”。从这些话中，人们听得很清楚，蔡英文推动“小三通”合法化的理由是“在这两岸之间，在金门与厦门之间”没有国界。 　　当年蔡英文参与李登辉“两国论”的起草后，还是承认两岸之间没有国界的事实。然而，她希望在“想象里面”、在“概念”上“创造出一个边界”。 　　也许有人会问：今之“务实台独工作者”赖清德，会有在两岸之间坐实蔡英文“想象”里和“概念”上的“边界”的企图吗？他应该是“有贼心，有贼胆，没有贼身板”，完全没有条件，也承受不了胆敢做贼的惨痛代价。 来源：《人民日报》（2025年8月24日 第04版），作者： 汪毅夫， 全国台湾研究会会长、教授 本期编辑：李娜、郑薛飞腾 觉得好看，请点这里 ↓ ↓ ↓
痛别！巨星陨落,https://mp.weixin.qq.com/s/iP3NRUMLnjWvjPV5uy_zmQ,2025-09-23,　　中国共产党党员、中国科学院院士、著名气象学家、中国气象学会名誉理事长、南京大学大气科学学院教授、博士生导师 伍荣生 先生， 因病医治无效，于2025年8月22日10时05分在南京逝世，享年91岁。 　　伍荣生院士1934年1月17日出生于浙江瑞安。1983年加入中国共产党。1952年考入南京大学气象学系，1956年毕业后进入南京大学气象学系工作，历任助教、讲师、副教授、教授，1999年当选为中国科学院院士。曾任南京大学大气科学系主任、中尺度灾害性天气国家专业实验室主任、国务院学位委员会学科评议组成员、中国气象学会第25届理事会理事长、国家教育委员会大气科学指导委员会主任、国际动力气象委员会中尺度工作组主席等职，在多个重要岗位上为我国气象学科的发展和气象人才的培养作出了杰出的贡献。 　　伍荣生院士学养深厚、治学严谨，是我国大气动力学研究领域的杰出代表。 上世纪六十年代，他系统研究大尺度波动理论，从理论上揭示了大地形北坡可以促进大气波动发展和移动，相关成果被国际学界高度认可。 七十年代，他创新性提出旋转大气运动中的时间边界层概念，深化了对大气运动多时态特征的认识。 八十年代，他在大气边界层动力学研究中取得突破，通过引入地转动量近似，建立四力平衡的边界层动力学模型。 自九十年代开始，他聚焦锋面动力学研究，从非平衡动力学角度揭示锋面形成和发展的关键过程，成果获教育部提名国家科学技术奖（自然科学）一等奖。 　　伍荣生院士立德树人、诲人不倦，是一位深受爱戴的教育家。在七十年的教育生涯中，他始终坚持“严谨治学、言传身教”的理念，培养了一大批气象学领域的学术带头人、业务骨干和领军人才。他编著的《动力气象学》《现代天气学原理》和《大气动力学》等教材体系严谨、内容精深，成为我国气象人才培养的经典教材，影响了几代气象学人的成长。 致敬！ 一路走好 来源： 新华社综合南京大学、中国科学院网站，记者：陈席元 本期编辑：李娜、郑薛飞腾 致敬 ↓ ↓ ↓
睡觉时突然抖一下，可能是身体在报警！千万别忽视,https://mp.weixin.qq.com/s/P2MZv2p7aGrWCIBlyXKlBg,2025-09-23,你有没有过这样的经历？ 迷迷糊糊快要睡着时 身体突然抽动了一下 甚至还把自己吓醒了…… 为什么睡觉时 身体会突然抖一下？ 　　睡觉时猛抖一下，这种现象叫“睡眠惊跳”，也叫“入睡抽动”或“入睡前肌阵挛”。 　　美国睡眠协会指出，大约有70%的人，一生中至少会经历一次入睡抽动，其中10%的人每天都会经历一次。 　　它表现为一种无意识的肌肉颤搐，与我们日常生活中的打嗝、眼皮跳动，或在身体疲劳、精神紧张时出现的肌肉抽动相似。 　　入睡抽动， 通常发生在入睡和浅睡期， 全身或部分肌肉突然不自主地抽动，往往还伴随自由坠落感或模糊的梦境，并会导致惊醒。 　　在深度睡眠阶段，大脑会放松对四肢的控制。 　　此时，如果外部有刺激，如人声嘈杂或汽车喇叭声，都可能触发局部肌肉的突然抽动。 　　对于身体健康的人而言，这种现象通常无需过分担忧。然而，如果频繁、长期出现这种情况，则需要引起关注了。 经常睡觉时抖动 警惕4种情况 　　大多数入睡抽动就像打嗝、眼皮跳、疲劳、精神紧张时出现的肌肉抽动一样正常，无需担心。但如果入睡抽动过于频繁，可能是身体在报警： 焦虑、紧张 　　过度紧张或患有焦虑症，控制觉醒和睡眠的两套机器容易失衡，导致睡眠抽动。 　　少数服用抗抑郁药的患者也会出现入睡抽动，这与大脑中的神经递质有关。 缺钙 　　钙是肌肉和神经细胞最喜欢的营养物质之一。缺钙时，肌肉和神经容易痉挛或抽搐，出现猛抖一下或抽筋。 大脑受伤 　　如果入睡抽动发生的频率太高，伴随头痛、头晕等症状，可能是大脑皮层或下丘脑损伤造成的。此时要赶紧看医生，做个脑部CT或MRI检查。 不宁腿综合征 　　休息时或者夜晚入睡时双腿不安地抽动，有时还伴有酸胀、麻木、疼痛感，难受得不知道把腿搁哪儿好，非要活动下腿或下床走走才能缓解，要警惕不宁腿综合征。 不想被“抖醒” 该怎么提高睡眠质量？ 　　睡觉时抽动容易让人突然惊醒，有时还会难以再次入睡。或者如果你对偶尔发生的抽搐非常反感，不妨试试以下几个调整方法吧。 适当放松，规律作息 　　工作再忙再累，生活作息也要规律，避免熬夜、晚睡。 多伸展肌肉 　　睡前可以适当做一些舒缓的瑜伽、拉伸动作，缓解肌肉的紧张，能帮助减少临睡肌抽跃症的发生，但要注意在睡前2小时避免剧烈运动。 适当补钙 　　补钙不止是孩子和中老年人的事，年轻人也应注意钙的摄入，减少因缺钙引发的入睡抽动。 正确睡姿，舒展身体 　　尽量避免趴着睡、蜷着睡，这时会使胸腔被直接压迫，心脏、肺部容易出现不适感，当胸闷、呼吸不顺畅时会引发临睡肌抽跃症。 　　正确的睡姿可以有效减少临睡肌抽跃症的发生，一般情况下，多数人适宜右侧卧位。 　　因此，睡觉时抖一下，其实是一种正常的生理现象，偶尔抖一下是没必要太担心，如果频繁抖还伴有头疼头晕，那就要及时去进行检查。 来源： 生命时报、湖北日报 本期编辑：李娜、郑薛飞腾 觉得好看，请点这里 ↓ ↓ ↓
纪念中国人民抗日战争暨世界反法西斯战争胜利80周年大会第三次综合演练圆满结束,https://mp.weixin.qq.com/s/AWyr8rcilZNtWuw0MkabuA,2025-09-23,记者从中国人民抗日战争暨世界反法西斯战争胜利80周年纪念活动新闻中心获悉，8月23日17时至8月24日5时，北京天安门地区举行了纪念中国人民抗日战争暨世界反法西斯战争胜利80周年大会第三次综合演练。据介绍，这是一次全流程、全要素预演，也是纪念大会最后一次综合演练，包括纪念大会仪式（含阅兵）、转场、观众组织及应急处置等各项内容，重点检验了各流程、各环节的衔接配合，为正式活动的成功举办打下坚实基础。 夜幕下的天安门广场灯光璀璨，军乐中的受阅部队威武雄壮。演练现场各环节组织有序、转承紧凑、运行顺畅，达到了预期目标。北京市有关方面向广大市民和游客的支持表示衷心感谢。 来源：新华社 本期编辑：李娜、郑薛飞腾 觉得好看，请点这里 ↓ ↓ ↓
来了！新闻早班车,https://mp.weixin.qq.com/s/cQnvUOExCDFKauZsSKS5ig,2025-09-23,点击这里，查看更多精彩内容 要闻 国家发改委、市场监管总局、国家网信办就《互联网平台价格行为规则（征求意见稿）》公开征求意见 。 国家统计局 消息 ， 今年 全国早稻总产量 2851.3 万吨，比 2024 年增长 1.2% 。 截至 7 月底， 全国累计发电装机容量 36.7 亿千瓦，同比增长 18.2% 。 今年前 7 个月，我国电子商务持续健康发展， 电脑、智能穿戴和手机线上销售额分别增长 29.9% 、 28.4% 和 20.3% 。 今年前7个月，我国农村网络零售额同比增长6.4%，农村消费活力持续迸发。 日前， 市场监管总局启动对移动电源、电动自行车、童鞋等十类网售重点产品 “ 一码溯源 ” 试点工作。 中国证监会 消息 ，我国已上市商品期货和期权品种 131 个，其中，工业品 84 个，农业品 47 个，服务和辐射的国民经济领域更加广阔 。 由千余名官兵组成的联合军乐团即将亮相抗战胜利 80 周年阅兵活动。新中国阅兵史上规模最大的军乐团携新曲目、新编排、新配置接受党和人民检阅。 国务院安委会决定对西成铁路尖扎黄河特大桥施工项目 “ 8 · 22 ”重大垮塌事故查处挂牌督办。 详讯 社会 今年第 13 号台风 “ 剑鱼 ” 中心 23 日傍晚位于海南三亚以东海面，预计最大强度可达台风级到强台风级，将于 今天 傍晚前后在海南岛南部沿海擦过或登陆。 近日，黑龙江哈尔滨市木兰县相关部门公布了东北抗联密营遗址考古发现的最新成果，发现遗留物超过 3700 件。 2 3日晚，2025年世界女排锦标赛F组小组赛在泰国进行，中国女排首战以3:1战胜墨西哥队。 中国足协 日前 公布两项违纪违规处罚决定。因赛后球迷冲突，成都赛区被中国足协通报批评。云南玉昆队外援布尔克因球场暴力行为被禁赛三场。 中 国海油消息， 大 榭石化炼化一体化项目在宁波全面建成，标志着我国规模最大的石化产业基地新增项目建造完成。 23 日， 襄阳至荆门高速铁路展开运行试验 ， 通车后襄阳至荆门仅需约 30 分钟 。 23 日，深圳宝安国际机场 T2 航站区、北货运区及综合配套工程正式开工， T2 航站区项目设计年旅客吞吐量 3100 万人次。 北京警方发布提醒，无人驾驶航空器违法违规飞行危害大，欢迎广大市民通过拨打 110 向公安机关举报。 湖南新邵一2岁女童走失30多小时，在山林里被无人机热成像找到。女童身体无大碍。 近日，四川成都， 一名 旅客在火车站心脏骤停晕倒，正在休假中的医护人员成琳见状第一时间冲上前，跪地为患者实施心肺复苏， 随后 晕倒旅客恢复意识。 政策 天津发布征求意见稿，免费乘坐本市轨道交通人员增加 “在职政府专职消防人员、军队离休退休干部和退休军士”。 陕西发布 “技能照亮前程”行动实施方案，提出 每年培养养老、托育、家政、照护等康养领域技能人才 2 万人次以上。 贵州印发意见， 不 得以任何方式强制学生、家长购买校服（军训服）或捆绑销售 。 今日天气 　　吉林东部、辽宁中东部、山东东部和南部、河南中部、安徽北部、江苏北部、四川盆地中东部、西藏东南部、云南西北部、广西南部、广东西南部、海南岛等地的部分地区有中到大雨，其中，吉林中部、辽宁中部、江苏北部、四川盆地中部、雷州半岛、海南岛中南部等地的部分地区有暴雨，海南岛南部局地有大暴雨或者特大暴雨。 早安中国 　　每个清晨，遇见大美中国。 　　新疆乌苏市佛山森林公园，坐落于天山中部，生长着雪岭云杉、樟子松等林木，雪豹、狍鹿等野生动物栖息于此。恰逢虞美人花进入盛花期，红、橙、白、粉四色花朵随风摇曳，野趣天成。乌苏市欢迎您！        一项有益的爱好，不仅能帮我们消除疲乏，也能让我们保持身心健康。或是养花养草，或是运动阅读，或是学一种乐器、练一门手艺，让性情在兴趣中得到陶冶和升华，生活也会变得热气腾腾。周末，早安！ 本期编辑：王若彤，实习生： 陈皓迪、李小碟、王琢玉 ｜主播：蓝艳 觉得好看，请点这里 ↓ ↓ ↓
微胖、腿粗、屁股大……你以为的身材缺点，可能是中了“基因彩票”！,https://mp.weixin.qq.com/s/FzZuSrDg7m8gBqN39lJdqA,2025-09-23,腿细、马甲线、直角肩是 很多人都在追求所谓的“好身材”。其实， 微胖、腿粗、屁股 大 …… 这些也是健康身材。 你 以为的身材缺点，可能是中了“基因彩票”。 01 “缺点一”：大腿粗 反而有助于长寿 很多人明明不胖，就是大腿粗，经常羡慕别人又细又长的腿。如今越来越多的研究发现： 大 腿粗反而是好身材的标志之一，更有助于长寿 。 大腿围的 正常范围是46～60厘米 。正常范围内一般大腿围越大，腿部肌肉就越强壮。 大腿粗的人血脂更好。 大腿围每增加5厘米，全因死亡风险就会降低；大腿粗，会降低高血压和心脏病风险，降低糖尿病风险；大腿粗，骨密度也更高。 02 “缺点二”：屁股大 患糖尿病风险低 2023年，《糖尿病护理》发表的一项研究指出：臀部脂肪多是一种健康优势， 与2型糖尿病风险降低有关 。臀部脂肪与脂肪因子水平呈负相关，脂肪因子水平每增加1个标准，2型糖尿病风险升高16%，这是独属于臀部脂肪的优势。 臀部大的人，脑血管更好。 臀部肌肉发达，可降低摔倒的风险；臀部脂肪多，可降低患上糖尿病的风险；臀围每增加10厘米，死亡率就会下降；臀部脂肪较多的女性，患心血管疾病的风险较低。 判断臀部大小和是否属于肥胖时可参考一个指标：腰臀比（计算方式是腰围除以臀围）。 男性正常腰臀比<0.9，女性正常腰臀比<0.85。 如果腰臀比＞1，则意味着健康风险较大。 03 “缺点三”：微胖身材 更有利于长寿 在很多医生和科学家眼中，微胖身材才是最佳身材。 在 高龄长寿老人中， 微胖且腰围较细的体形，死亡风险最低 。 微胖： 体重指数 （BMI=体重÷身高的平方） 每增加1千克/平方米，全因死亡 风险降低4.5%，体重指数在28千克/平方米左右时，死亡风险最低。这表明 高龄老人的身材稍微胖一点更利于长寿 。当然， 对于老年人，还应追求高质量的健康体重（肌肉量足、营养状况好），而非单纯关注BMI数字。 腰细： 腰围与全因死亡率、心血管疾病死亡率和非心血管疾病死亡率呈正因果关联。换句话说，如果同样身高、胖瘦的两个人，其中一个人腰围更细，则这个人死亡风险更小、长寿的可能性更大。 04 “缺点四”：轻微斜肩 其实不是病态 生活中大部分人都不是直角肩，都有一点轻微的斜肩，很多人也称其为溜肩。 其实，直角肩并不是一个完美身材，而是一种病态 。 在正常的体态下，肩膀并不是水平的 。 正常人两侧肩胛骨的内侧缘间距为上窄下宽，锁骨比水平线高20度左右。 正常体态的肩膀 直角肩，医学术语称之为肩胛骨下回旋综合征 ，是由于肩胛骨处在不正确的位置，表现出了异常的直角肩体态。 肩关节的活动有赖于正常的肩关节骨性结构、正常的肩肱节律及肩袖组织。而直角肩破坏了上述组织和结构，会导致肩关节活动受限，甚至诱发肩峰撞击，引起肩峰下滑囊炎和肩袖损伤。 05 练出健康好身材的方法 1、给臀腿“囤”点肌肉 腿部肌群是身体最大的肌群，占全身肌群的60%。 适当进行 深蹲练习 ，不仅可以激活臀腿肌肉，增加下肢活力，还可以保护关节稳定性，增强基础代谢水平。 2、控制腰臀比 研究表明，腰围大的正常体重者比肥胖者患心脏病的风险更大。那些 体重稍微增长几斤，肚子就明显发胖的人，一定要保持警觉 。 一些久坐者臀部很胖，这是因为长期不活动导致的脂肪堆积，并不是下肢肌肉增加。这种情况看似腰臀比合理，却依然存在皮下脂肪过多、发病率升高的风险。 3、30岁后管好腰围 随着年龄增加，身体代谢能力下降，脂肪堆积慢慢显现，因此30岁后要严格管理腰围。可以 多做 有氧运动 ，有助提升代谢、全身减脂，让各项身体指标达到健康标准。 来源：健康时报、生命时报、科普中国 本期编辑：胡程远、朱田恬 觉得好看，请点这里 ↓ ↓ ↓
【夜读】战胜拖延，只需每天多给自己5分钟,https://mp.weixin.qq.com/s/p9cA3ibZWDFqj2sDzDoVxQ,2025-09-23,01 锻炼 5 分钟，身体就愿意活动了 你是否也曾信誓旦旦决定明天一定要去运动，可到了第二天，还是会在犹豫中选择拖延：“今天太忙，先休息一下吧”“ 缺少运动器材，要不明天再说”……   很多时候，我们总想着万事俱备了再开始运动。其实， 坚持锻炼并不需要你花很多时间和金钱做“充分准备”， 只要先让自己动起来，哪怕只是花上 5 分钟做做健身操、慢跑一小会儿，你的运动热情也许就被调动起来了。   当你开始运动，就会忘记那些让你拖延的理由，逐渐地， 你 就能坚持 10 分钟、 20 分钟，甚至更长的时间。 也许 有人 会 问： “ 5 分钟， 这么小的运动量，真的有用吗？ ”答案是： 比 不运动 有用 。 02 沟通 5 分钟，误会可能就消除了 与人交往中，我们也许会遇到这样的时刻：可能是哪一句话没说明白，又或是漏掉了哪些关键信息，都可能会在双方心里悄悄种下一丝误会。 产生心结，往往是因为缺乏沟通。 想要解开心结，也许只需要真诚沟通5分钟。 一次坦率、 有效 的 沟通， 不仅 能把人们的心拉近，能消除人们之间的隔阂， 还 能给我们自己的生活带来更丰富的色彩。 沟 通的本质，就是以心换心。沟通从不是要争出对错，而是给理解留个缝隙 。 5 分钟 的时间 不算长，却能 给双方敞开心扉、消除误解的机会 。 03 行动 5 分钟，事情就会有进展了 万事开头难，难的不是事情本身，而是我们心中那道无形的门槛。 许多 人总是习惯性地高估行动的难度， 往往 在开始之前， 就已经被想象中的庞大任务压垮。   与其一边焦虑一边拖延，不如先让自己行动起来。毕竟无论多 大的目标， 都 要从小的行动开始。 当你试着将每一个大目标分解、缩小，小到只需要 5 分钟就能完成，这样你就更容易开始，一旦开始你就会继续做下去。   无论是 看 5 分钟书 、 写 5 分钟文章 ， 还是 背 5 分钟单词 ， 当你能够在一个又一个的 5 分钟里完成许多小任务，你所期待的事情就会有进展，你才可能收获意外之喜。 想，都是问题；做，才有答案。 想要摆脱“拖延症”，你只需在每一个想要拖延的瞬间，对自己说：“就5分钟，试试看！” 来源：人民日报夜读综合人民论坛网、新华社等 | 主播：赵文龙 本期编辑：方梓祎，实习生： 余典、洪舒云 觉得好看，请点这里↓ ↓ ↓
快自查！这项功能指标越好的人，越可能长寿,https://mp.weixin.qq.com/s/whWJhZStTF30kebNF4rb2A,2025-09-23,长期以来，不少人习惯通过体型直观地评判一个人的健康状态，然而除了体型，还有一个至关重要的指标，它不仅是健康的“晴雨表”，更是预测寿命的关键指标—— 心肺功能 。心肺功能越强的人，患病几率 越低 ，越有可能有效延长寿命。如何判断心肺功能是否达标？有哪些改善的方法？ 01 心肺好不好，由这些因素决定 心肺功能的高低 由遗传因素、生活方式、环境因素及疾病状态等多方面共同决定 。性别和年龄同样会对心肺功能有影响，男性的最大摄氧量通常比女性高10%-20%。心肺功能从30岁后每年下降0.5%-1%，60岁后加速至每年下降2%。 先天因素不可控， 生活方式是我们可控的核心因素。 BMI＞30的肥胖人群，肺活量平均降低20%，心脏负荷增加30%。 高盐饮食会诱发高血压，导致左心室肥厚风险升高50%。 坚持6个月有氧运动（如跑步、游泳），最大摄氧量能提升15%-30%。 进行抗阻训练可以增强心肌收缩力，使得静息心率降低5-10次/分。 摄入富含欧米伽-3（Omega-3）脂肪酸、抗氧化剂的饮食可改善血管弹性。 除此以外， 外界因素 同样会对心肺功能造成影响。PM2.5每增加10μg/m³，肺功能指标（FEV1）就会下降2%-3%；高原长期居住者红细胞增多，但心脏负荷加重可能引发右心衰竭；长期接触粉尘者患慢性阻塞性肺病的风险是常人的5-8倍。 02 掌握5个方法，自测心肺功能 1.静息心率（RHR）测试 早晨醒来后，静躺1分钟，用手指测手腕（桡动脉）或颈部（颈动脉）的脉搏，计算1分钟心跳次数。正常情况下应为60-100次/分钟，长期运动者可能低至40-60次/分钟。 如持续跳动频率大于80次/分钟，则可能心肺耐力较差或压力过大；若频率小于40次/分钟或大于100次/分钟，建议就医检查。 2.爬楼梯测试 以正常速度爬3层楼（约60级台阶），观察身体反应。 若不气喘，心率稍快但很快恢复，则心肺功能优秀；轻微气喘，但能正常说话，表示心肺功能一般；出现明显气短、心跳剧烈、需停下休息的情况，则心肺功能较差；如爬1-2层就严重喘不过气，说明可能存在心肺问题，需要引起警惕。 3.六分钟步行测试 在平坦地面快走6分钟，记录最大步行距离。 距离大于550米则心肺功能良好；距离为400-550米为中等水平；距离小于400米可能心肺耐力不足；距离小于300米建议尽快就医，可能患有慢阻肺（COPD）或心力衰竭（心衰）。 4.屏气测试（评估肺功能） 深呼吸后屏住呼吸，用秒表计时最大耐受时间（不要强行憋气）。 屏气时间大于40秒则肺功能较好；30-40秒为正常范围；时长小于20秒可能肺活量不足。 5.运动后心率恢复（HRR）测试 通过快走或慢跑3分钟让心率上升，然后立即停止运动，测量第1分钟的心率下降值。 若1分钟内心率下降大于20次，则心肺功能优秀；心率下降12-20次为一般水平；心率下降小于12次，可能为自主神经调节异常，如长期压力大、缺乏运动等。 03 这样做，让心肺更“耐用” 1.有氧运动（提升心脏泵血和肺氧合能力） 慢跑/快走： 每周3-5次，每次30-60分钟。6个月后，最大摄氧量（VO₂max）可提高15%-20%。 游泳： 每周2-3次，每次1公里（或30分钟间歇游）。适合关节不好或超重者，并且水的压力能增强呼吸肌。 骑行： 选择缓坡路段，提升心肌耐力，每日骑行30分钟可降低静息心率5-10次/分。 跳绳： 10分钟跳绳≈30分钟慢跑的热量消耗。 2.高强度间歇训练（快速提升最大摄氧量） 由快跑30秒到慢走1分钟，重复8-10组，每周2次。12周后，高强度间歇训练可使最大摄氧量提升25%。 3.力量训练（增强心肌和呼吸肌） 增强下肢训练（如深蹲、弓步）与核心训练（如平板支撑），选择6-8个动作（每组12-15次），推荐每周2次，每次20分钟。 4.呼吸训练（直接改善肺功能） 腹式呼吸： 吸气时鼓腹（非挺胸），呼气时收缩腹部，每天5分钟。 缩唇呼吸： 用鼻子吸气2秒，缩唇如吹口哨般缓慢呼气4秒。 5.生活方式调整 戒烟： 据综合医学期刊《柳叶刀》（《The Lancet》）2019研究表示，戒烟1年后，肺功能指标下降速度减缓50%。 饮食优化： 多补充富含欧米伽-3（Omega-3）脂肪酸的食物，如深海鱼、亚麻籽，可有效减少血管炎症；增加蓝莓、绿茶等抗氧化剂摄入，保护肺泡细胞；少盐控糖，每日盐的摄入量控制在5克以内，预防水钠潴留加重心脏负担。 睡眠管理： 保证每晚足够睡眠时间，睡眠呼吸暂停（或打鼾严重）患者需就医。 来源：新华网·宝藏青年工作室、 新华网江苏频道，专家：苏州大学附属第一医院国际健康管理中心主任、心血管内科副主任、蔚蓝讲坛专家钱晓东 本期编辑：胡程远、朱田恬 觉得好看，请点这里 ↓ ↓ ↓
“全县的骄傲！”他俩结婚了，“排面”拉满！,https://mp.weixin.qq.com/s/lp8vRX5hEwK1kjGjIiQlnw,2025-09-23,“你们用知识改变命运，是全县的骄傲！祝福你们，新婚快乐！” 8月19日，新疆和田地区洛浦县纳瓦乡英巴格村，一场农家小院的婚礼上，洛浦县委书记余新意和县长依布拉英·阿尔甫带着红包，为新人送上祝福。 这场婚礼的 “主角”可不一般—— 阿迪力江·艾合麦提尼亚孜刚考上清华大学医学院博士，爱人谢热古丽·阿纳依也将进入同济大学医学院读博。 这个秋天，他们迎来了学业爱情 “ 双丰收”。 洛浦县委书记余新意（左一）和县长依布拉英·阿尔甫（右一）与新人家庭成员合影。通讯员 迪力亚尔·阿卜力克木摄 婚礼上，乡里的孩子们围住阿迪力江夫妇，眼神里全是崇拜。俨然，他们已成为家乡孩子心中的“光”。 阿迪力江与孩子们合影。图片由受访者提供 这对新人的故事始于2021年新疆医科大学举办的一场考研分享会。当时，刚考上首都医科大学的阿迪力江在台上分享考研心得，作为学妹的谢热古丽在台下聆听。分享会结束后，她鼓起勇气上前加微信：“师哥，能请教些问题吗？” 从此，两人开始在“云端 ” 同行：他们互相分享学习心得，解答对方的疑问，深夜的聊天记录里，除了知识点，就是相互打气。 谢热古丽·阿纳依与阿迪力江·艾合麦提尼亚孜视频连线学习。图片由受访者提供 2022年夏天，好消息传来：谢热古丽以笔试面试双第一的成绩，考入同济大学，攻读医学硕士学位。 两个努力追光的年轻人隔着屏幕“击掌”，友情也在那一刻悄悄升华。 “他记得我爱吃的零食，我会提醒他按时吃饭。一起奋斗的日夜，我们早就是彼此最亲的人。”谢热古丽说。 谢热古丽·阿纳依与阿迪力江·艾合麦提尼亚孜的合影。图片由受访者提供 “教育让我从南疆的小县城走向了首都北京，走进了全中国最好的学校之一！教育让我们相信，只要努力，目标就一定能够实现。”阿迪力江·艾合麦提尼亚孜说。 从南疆小城求学，到国内顶尖学府深造——他们的故事，是爱情最美的模样，更是新疆教育惠民托举梦想的见证。阿迪力江通过“宏志班”考入新疆医科大学；谢热古丽借助新疆区内初中班、新疆高中班政策，从莎车县考入新疆医科大学。“感谢党的好政策，让我们看到更广阔的世界。” 谢热古丽 感慨地说。 未来可期！ 祝福这对新人！ 来源：石榴云/新疆日报，记者：常勉、张琳曼，通讯员：迪力亚尔·阿卜力克木 本期编辑：胡程远、朱田恬 觉得好看，请点这里 ↓ ↓ ↓
浪浪山小妖怪实名警告：“泼天的祸”咱可不接！,https://mp.weixin.qq.com/s/XMf93ec1-LipWd0UL7FY6A,2025-09-23,取经路上的故事 总藏着不期而遇的 “知识点” 这一回，话痨的小黄鼠狼说起毒品  又开始絮絮叨叨了  来，点开视频！ 看他如何把  “吸毒 = 自毁”  的道理 掰碎了揉烂了塞进你脑子里！ 接下来 小黄鼠狼又带来了一个秘密 猩猩怪为何如此内向？ 这都要从一个遥远的故事说起 看视频你就知道了！ 珍爱生命 拒绝毒品 来源 ： 南京禁毒、中国禁毒 本期编辑：胡程远、朱田恬 觉得好看，请点这里 ↓ ↓ ↓
国务院安委会挂牌督办！,https://mp.weixin.qq.com/s/OPHLnq66rFLVXxo_I3AYPg,2025-09-23,8月22日，西成铁路（西宁—成都）青海段尖扎黄河特大桥施工项目发生垮塌事故，目前已造成12人死亡、4人失联。国务院安委会决定，对该起重大事故查处挂牌督办。国务院安委会办公室、应急管理部会同国务院国资委、国家铁路局成立现场督导组，对青海省事故调查工作全程督导。 来源：人民日报客户端 本期编辑：胡程远、朱田恬
不刷牙睡觉 VS 不刷牙吃早餐，哪个更伤身？答案出乎意料,https://mp.weixin.qq.com/s/2GhPzbvMLoOA9AeH7u5hWA,2025-09-23,不刷牙睡觉和不刷牙就吃早餐，这两个常见的口腔卫生偷懒行为，究竟哪一个对我们的健康伤害更大？先说一下答案： 不刷牙就睡觉的危害，远远大于不刷牙就吃 早餐 。 可以这么说，睡前的一次刷牙，是我们维持口腔健康最重要的一条防线。 01 睡觉前不刷牙 = 细菌狂喜！ 众所周知，我们的口腔环境，本身就自带成千上万个细菌。口腔中的细菌以食物残渣为食，经过分解代谢后，会产生酸性物质。这些酸性物质会持续腐蚀我们牙齿最外层的保护层——牙釉质，导致其脱矿，日积月累便形成了蛀牙。 但是，绝大多数时候，它们会和我们的身体和平共处，并不会导致疾病。这归功于我们会时不时刷牙、进食、漱口、喝水等，会让这些细菌一点一滴积累起来的努力泡汤：一次动作正确、时间足够的刷牙过程，就可以清理掉那些在牙面上驻留的细菌；同时，唾液扮演的角色也很重要，它不仅能冲刷食物残渣，还作为缓冲剂，可以中和一部分酸性物质，从而抑制细菌的生长。 但当你进入梦乡，你的口腔里的成千上万个细菌，却正好开始了它们无人打扰的“狂欢”。在睡眠期间，我们停止了进食，咀嚼食物对于牙齿的摩擦清洁就会消失；同时又随着唾液分泌减少，失去了唾液对细菌的冲刷和酸碱缓冲抑制。 当我们匆忙间偷懒不刷牙进入睡眠，口腔内的细菌更容易顽固定植在牙齿上，对牙齿进行持续、集中且致命的损伤，这不仅会大大增加蛀牙的风险。 同时，细菌不仅仅影响到了牙齿本身，还会持续对牙齿周边的牙龈牙周组织造成持续的伤害，还可能引发牙龈出血、口臭等问题。 所以，当我们在睡前刷牙，本质上是在细菌最活跃、口腔防御最薄弱的时期到来之前，进行一次相对彻底的清场，最大限度地减少细菌的数量和它们可利用的食物残渣，从而保护牙齿安然度过夜晚。 02 早餐前刷牙：吞下细菌，没事！ 那么如果不刷牙就吃早餐呢？ 经过一夜的细菌“狂欢会”，当我们在早晨的闹钟声里醒来时，口腔无疑处在含菌量的高峰阶段。如果你感兴趣的话，可以用手指甲刮一下牙齿表面，会发现有一层黄黄的膜被刮下来，这就是我们常说的牙菌斑，其中富含各种细菌以及细菌所需要的营养物质。 这些牙菌斑直接随着食物吞咽下去 （这听起来似乎有些恶心） 的危害，比让细菌在口腔内直接作用于牙齿，其危害性则可忽略不计。 一方面： 这些细菌本身进入我们的消化道之后，会被胃所分泌的胃酸消灭绝大部分； 另一方面： 其实细菌也没有那么可怕，消化道中也有诸多细菌存在，它们多数都是我们消化食物的帮手，并不会致病。 当然，这不代表早上不需要刷牙。 前面提到细菌短时间内接触牙齿并不造成损害，但是时间持续越久，就可能在牙齿表面形成牙菌斑，并造成脱矿。一晚上显然已经很长了，尽管充分刷牙清洁了口腔，但是细菌依然顽强生存并繁殖，早上仅靠咀嚼食物、唾液的分泌，固然会让牙面上的菌斑会减少很多，但是效率上还是太低，效果也不好，赶不上刷牙、使用牙线等机械清洁的方法。 因此，无论是饭前还是饭后，早上刷牙都是十分有必要的。 03 睡前必须刷，早上也要刷 不刷牙睡觉，等于让牙齿暴露在细菌大部队面前一整晚，因此不刷牙睡觉是绝对需要避免的坏习惯。 因此，牙科医生的建议是： 1、晚上睡前必须彻底刷牙 建议使用含氟牙膏，采用巴氏刷牙法仔细清洁牙齿的每一个面，并配合使用牙线，清除牙刷难以触及的牙齿相邻面（牙缝）和食物残渣，这是全天最重要的一次口腔清洁。并且建议刷牙之后，就不要再进食。 2、一天至少两次刷牙，早晨也要刷 无论如何，细菌都不可能被彻底清零，但由于细菌也有自己的生存和生长周期，因此定期刷牙可以有效遏制牙菌斑的形成和持续危害，一天两次刷牙是兼顾效果和效率的频率。当然，如果一天之中（比如中午）再额外刷一次，其实也没有坏处。 总而言之，请记住， 无论多忙多累，睡前刷牙千万别忘，这是守护口腔健康最重要的一道防线。 推荐阅读 这个动作可以预防血栓！超简单，每天只需5分钟 来源： 科普中国，作者：何剑亮 浙江大学医学院附属第二医院 综合牙科 主治医师，审核：吴斌 首都医科大学附属北京胸科医院口腔科主任 本期编辑：李娜、林帆 觉得好看，请点这里 ↓ ↓ ↓
“爸妈，朋友圈背景图这是谁啊？🥺”,https://mp.weixin.qq.com/s/xtIqkgxerDUOoT6aN9owAg,2025-09-23,我没看错吧 这是 什么？？？ 这不是我小时候的照片吗 怎么还在朋友圈当背景图挂着 ！   最近 有网友发帖称 自己被 “爸妈亲选版” 背景图 吸引 到了 简直是 “回忆满满，经典永流传” 看到童年限定版的自己 忽然懂了那句话 “在爸爸妈妈眼里， 我们永远都是孩子呀 ” 小时候的照片和作品 全都以另一种形式永存了下来 没想到小时候的小瞬间 都被爸妈精心保存着 有网友感叹 “离开了爸妈，谁还把我当小孩” 当然 朋友圈背景图的花样可远不止于此 这些朋友圈 背景图版“盲盒” 每一个都有不一样的惊喜！ 朋友圈背景图也可以很甜 恋爱中的小情侣 想营造 “小 浪漫 ”怎么办？ 那当然是 “我的朋友圈背景图 必须得有我对象” 背景图里藏着 “白月光” 当然 啦 谁说背景图一定要放照片 温馨提示 “童年白月光”来袭！ 看到朋友背景图 就会想起小时候的自己 天天守着 电视机一集 不落 这些屏幕里的动画人物 都是 童年小伙伴 “画风清奇”的背景图 还有一 种 朋友圈背景图 主打 一个 画风清奇， 与众不同 看到直接被硬控 看似“无厘头”的背景图 其实都是平淡生活中的小乐趣 用一点小幽默 把生活过得可可爱爱 ~   不管是哪种朋友圈 背景图 它不仅仅是一张图片 更是我们情感的寄托 那些被定格在背景图里的画面 都是时光长河里的点点星光 毕竟这里藏着的 是我们永远不想丢失的青春全记录 你的朋友圈背景图是 哪一种呢 ？ 背后又藏着怎样的故事呢？ 快 来评论区分享吧 来源：中国大学生在线综合整理自网友评论等 本期编辑：李娜、林帆 觉得好看，请点这里 ↓ ↓ ↓
与妻吵架后男子失联2小时，在3米高的机器上被找到,https://mp.weixin.qq.com/s/cTRyG4NyO_nCyojTPyHYDg,2025-09-23,近日， 浙江金华东阳市 一名 男子深夜与妻子发生争吵后 为平复心情出门散心 然而，此次出行 不仅未能平复他的负面情绪 反而让他的 手臂被卡在机器内 长达2小时...... 消防员抵达现场时 男子正仰面躺在 离地约3米高的大型机器上 右手被机器内部零件死死“咬”住 仅靠左手紧紧勾着机器横杆维持平衡 此时 男子体力已明显透支 被困男子。图源：金华消防 为尽快解救出被困男子 消防员迅速对其手臂附近的 松动零件进行拆解 同时轻声安抚着男子 缓解其焦虑情绪 消防员展开救援。图源：金华消防 随着零件逐渐松动 卡压的力道明显减轻 消防员随即 指导男子 小心地调整手部姿势 避开机器的尖锐部位 为后续脱困做好准备 男子被救出。图源：金华消防 经过近二十分钟紧张操作 男子终于成功脱困 所幸救援及时 其手部未受到严重损伤 男子摸着自己的手仍心有余悸。图源：金华消防 据了解，事发当晚男子与妻子发生口角 为排解情绪 他饮酒后独自前往附近一处 无照明的废弃沙场散步 期间，手机不慎滑落至机器深处缝隙 情急之下，他竟直接伸手去捞 刚碰到手机 手便被机器内部零件死死卡住 越挣扎卡得越紧 剧烈的疼痛让他动弹不得 另一边 妻子见丈夫深夜未归 且电话无人接听 立即召集家人外出寻找 最终在废弃沙场的机器上 发现了被困的丈夫 随即报警求助 事后 消防员在男子稍作休息的间隙 利用工具 成功 将其手机从缝隙中夹出 当场归还给男子 手机被取出。图源：金华消防 消防员提醒 切勿让冲动情绪做身体的主人 尤其在饮酒后 酒精会降低人的判断力和反应速度 此时做出的决定和行动 往往缺乏理智 更易激化矛盾 要学会“打扫”自己的心情 避免被负面情绪裹挟 当双方产生分歧 多一些耐心沟通 少一些固执与冲动 不仅是化解矛盾的关键 更是对自己和爱人负责 另外 若遇到手机等物品掉落到危险区域 应先评估现场风险 且明确自身是否具备安全 拾 捡条件 切勿 因害怕财物损失而贸然行动 以防止意外的发生 来源：中国消防、浙江消防、金华消防 本期编辑：李娜、林帆 引以为戒 ↓ ↓ ↓
黄成，见义勇为先进个人！,https://mp.weixin.qq.com/s/L_-I1xop0xi7xKsqsU7Klg,2025-09-23,近日，一段“外卖员 爬上公交站台棚顶 救助坠楼孩童”的视频 引发全网关注 视频中的救人者是 外卖员黄成 黄成回忆 “事发时我刚好路过 突然听到‘嘭’的一声巨响”  循声望去 只见一个小孩坠落在 公交站台的棚顶上 他来不及多想 赶紧扒住站台柱子顺势爬了上去 事后， 黄成表示 “当时就想着救人要紧 那顶棚差不多有3米高 现在让我再爬 可能还真没那股劲” 爬上棚顶后 黄成发现男孩头部没受伤 但嘴角流着血 手部骨头断裂外露，正不停地喊痛 “踩在棚顶上能感觉到轻微下陷” 黄成判断着承重 保持半蹲半跪的姿势 用手稳稳扶住男孩头部 防止二次受伤 同时轻声安抚着孩子的情绪 约三分钟后 男孩的母亲哭着赶到 在热心市民的帮助下 男孩母亲踩着梯子也来安抚 “她当时想把孩子抱下来 我便劝说，现在情况不明 等医生来，免得造成二次伤害” 黄成说 医生到来后 指导他救援方法 在双方配合下将孩子安全地 从公交站棚顶接下来 救助时 黄成的手被铁皮划伤 他竟浑然不觉 直到送完餐后洗手 才感觉到刺痛 据男孩母亲讲述 他们家住6楼 当时她外出买菜，将门反锁 不知什么原因 小孩跑到阳台，不慎坠落 事发现场公共画面显示 小孩是先砸在了 4楼住户安装的雨棚处 然后弹到了公交站台的棚顶上 8月16日下午 黄成特意去医院打听男孩的情况 得知孩子暂无生命危险 这才放心离开 巧合的是，黄成的妻子 当时也路过事发现场 当天回家后 妻子还好奇地问他 “那个爬上公交站台的外卖员是谁啊？” 黄成笑着反问： “你没看出来是我吗？” 今年35岁的黄成 是两个孩子的父亲 在湖北宣恩从事外卖员工作 已经一年多了 “我也是家长，看到孩子受伤 只想他没事” 不少同事都听说了 黄成救孩子的事 纷纷表示敬佩和赞赏 “我只是做了一件小事 万幸的是 孩子没有生命危险” 黄成表示 以后遇到其他需要帮助的人 他还会尽己所能搭把手 当日，黄成所在公司的北京总部 对他进行表彰 并给予他“先锋骑手”荣誉称号 22日 中共宣恩县委宣传部等六部门 联合对 黄成 的见义勇为行为 予以通报表扬 并颁发了荣誉证书和8000元的奖金 授予他“见义勇为先进个人”荣誉称号 挺身而出的举动 救助了一个孩子 温暖了整个社会 黄成，谢谢你 为你点赞 来源：湖北日报 本期编辑：李娜、林帆 觉得好看，请点这里 ↓ ↓ ↓
这个动作可以预防血栓！超简单，每天只需5分钟,https://mp.weixin.qq.com/s/jdoRfK9h_qN040ySNnfbqQ,2025-09-23,有一种运动，不用穿运动服，不用去健身房，甚至躺床上、坐椅子上就能做，却能帮你预防血栓等重大疾病。它就是—— 踝泵运动！ 久坐、久站、久躺 都容易形成血栓 血栓就是血管里不该有的“血块”。小的可能会影响血流的量和速度，大的可能堵塞血管，让血流不通。 其中， 静脉血栓被称为“隐形杀手” ，它的形成大多没有明显症状，一旦有症状可能就很严重了，甚至危及生命。  久坐、久站、久躺，都会显著增加下肢静脉血栓的风险。 因为小腿肌肉缺乏收缩，静脉血液回流速度明显减慢，血液容易在下肢瘀积。这会使血液中的凝血物质更容易聚集，逐渐形成血栓。 血栓一旦脱落，可能随血液循环堵塞肺部血管，引发致命的肺栓塞。因此，对于“三久” （久坐、久站、久躺） 人群来说，预防血栓形成尤为重要。 踝泵运动有效“激活”血液循环 常常做一个小动作，就能 有效“激活”血液循环，预防血栓的形成——那就是勾勾脚，它的学名叫作“踝泵运动”。 通过简单的勾脚、绷脚动作，脚踝就像一个小型“血液泵”，在肌肉的收缩与舒张中，推动下肢静脉血液加速回流至心脏。 这一过程不仅能减少久坐、久站、久躺导致的血液瘀滞，还能改善微循环，降低静脉血栓形成的风险。 江西吉安安福县中医院图 别以为只有跑马拉松才叫锻炼， 这小小的踝泵运动可是“性价比之王” ，好处多到你想不到： 给小腿装个“血液增压泵” 小腿肌肉堪称人体的“第二心脏”。勾脚、绷脚时，肌肉一收一缩就像水泵抽水，把下肢的血液挤回心脏，再也不怕血液在腿里“堵车”了。 血栓见了都得“绕路走” 久坐、久站、久躺时，血液在腿里流得慢，容易形成血栓 （深静脉血栓） 。踝泵运动就像给血管“通下水道”，让血液流动起来，血栓自然无处藏身。 告别水肿的“大象腿” 腿肿得像灌了铅？勾脚、绷脚能促进淋巴液回流，帮身体排掉多余水分，让双腿重新变轻盈。 拯救“僵硬的脚踝” 长期不活动，脚踝容易变僵硬。坚持做这个动作，能保持脚踝灵活性，上楼梯、走路都更稳，尤其适合老人家。 练出腿部肌肉和线条 别以为只有举铁才能练肌肉，勾脚、绷脚时，小腿前后的肌肉都在偷偷发力，能预防肌肉萎缩，让双腿更有劲儿。 如何正确做踝泵运动？ 这个看似简单却作用巨大的动作，该如何做？具体步骤如下： 1、勾脚 缓缓将脚尖朝向自己鼻子的方向勾起，感觉小腿前方肌肉绷紧，脚跟可稍微离床或离地。保持5-10秒。 江西吉安安福县中医院图 2、绷脚 再将脚尖用力向下踩，像踩油门一样，感觉小腿后方肌肉绷紧。保持5-10秒。 江西吉安安福县中医院图 3、环绕 以踝关节为中心，脚趾做360度环绕，可耐受的范围内保持动作幅度最大。 江 西吉 安安福县中医院图 在做踝泵运动时，需要注意这3点： 1. 动作要慢： 感受肌肉的收缩和放松，效果更好。 2. 幅度要大： 在无痛范围内，尽量做到最大角度。 3. 频率要够： 每小时做5-10分钟，或每组动作（勾脚+绷脚为1次）做20-30次，每天多次。 初次练习可减少次数，适应后逐渐增加。每天抽出几分钟，办公、追剧时都能做。 除了踝泵运动 防血栓还要做好这些 1、避免“三久” 避免久坐、久站、久卧。适度运动，长时间使用电脑、看电视或玩手机后，起身运动一下，活动下肢，在家里也可以走走。 2、喝足够水 多喝水可以有效降低血液黏稠度、缓解血稠，因此保证足够的饮水可以预防血栓。 成人每天的正常饮水量约2000毫升，但有心血管或肾脏基础疾病、高龄的人不能过量饮水，否则会增加心肾负担。  3、戒烟减肥 改善生活习惯，吸烟会引发血管内皮的损伤、增加血栓形成风险。因此需要戒烟、控制体重、多吃蔬菜水果。 快转发给有需要的 亲朋好友 一起动起来吧 来源： 健康时报、 科普中国（审核：纪刚 河北医科大学第一医院骨科副主任医师 中国康复医学会再生与康复委员会委员、查英 复旦大学附属上海市第五人民医院内分泌副主任医师） 本期编辑：李娜、林帆 觉得好看，请点这里 ↓ ↓ ↓
听劝！房东砌了一堵墙，救了一楼人！,https://mp.weixin.qq.com/s/GkLtlaJpxEBb2zWiHUPc4A,2025-09-23,“喂！119吗？ 我们这一个小的加工作坊 突然烧起来了 火势很大！” 近日 浙江省金华市 金东区鞋塘办 事 处 的杨先生 在自家汽修店门口 发现隔壁一家玩具加工作坊 突发火灾 立即报警求助 玩具加工作坊监控 消防员赶到时 虽然楼上8人已成功逃生 火势也被现场群众初步控制 但仍有明火和浓烟冒出 消防员迅速灭火降温 经调查 起火原因是电气线路发生故障 两侧对比图 火灾虽将作坊内 物品、纸箱、墙面烧毁殆尽 但仅一墙之隔的邻侧区域 却完好无损 更关键的是 居住在楼上的人员也全部安全逃生 据了解 这栋自建房一楼出租 用于加工塑料儿童玩具 二楼至五楼用于居住 此前 在消防部门的检查指导下 房东在一楼与二楼之间的楼梯口 用实体墙彻底封堵了连通的门 形成了防火“硬隔离” 正是这堵墙 成功将火势和浓烟 牢牢限制在起火现场 阻止了它们向楼上居住区域蔓延 为人员逃生争取了宝贵时间 消防提示 “下店上宅、前店后宅”自建房 是典型的“三合一”场所 此类场所 安全隐患多 若不重视防火分隔 易造成严重后果 最安全的方式是 在生产经营储存区与住宿区之间 进行严格的防火分隔 即“硬隔离” 1 防火“硬隔离”究竟是什么？ 防火“硬隔离”是指通过物理防火分隔手段，将住宿区与生产、经营、储存等区域严格分隔，其核心作用是：在一定时间内，将火势和烟气控制在起火空间内，防止向其他区域蔓延，确保人员有足够时间安全逃生。简单说，实现“火不上楼、烟不蔓延、人能逃生”。 2 常见的“硬隔离”种类 防火墙 防火墙是由不燃材料制成的，直接设置在建筑物基础上或钢筋混凝土框架上，具有耐火性的墙体。 防火门 防火门是设在防火分区间、疏散楼梯间、垂直竖井等部位的具有一定耐火性的防火分隔门。 防火卷帘 防火卷帘是主要用于防火墙或防火隔墙上需要较大开口时（如车库入口），可升降的防火分隔设施。 来源： 中国消防 、浙江消防、金华消防 本期编辑：李娜、林帆 觉得好看，请点这里 ↓ ↓ ↓
首张罚单开出！每人5000元！网友：建议全国推广,https://mp.weixin.qq.com/s/cISmZgm6t8ED_FnsEg11VA,2025-09-23,近期 广东深圳的两名游客 在台风预警期间 违规进入自然灾害危险区被困 经救援人员近12小时的艰苦搜救 游客被成功转移至安全区域 事后 当地相关部门依法对两名当事人 作出每人罚款5000元的行政处罚决定 据了解 这是 全国首张自然灾害综合法规罚单 不少人在了解详情后呼吁 “全国推广！” 深圳开出全国首张自然灾害综合法规罚单。受访单位供图 7月19日，台风“韦帕”蓝色预警生效期间，两名男子无视警示，擅自闯入危险区域，遇险并报警。深圳市 大鹏新区应急管理局综合防灾减灾科科长陈志 亮称，“他们是上午10点半从登山口进去，晚上8点报警， 当时已经是台风黄色预警了 。” 大鹏新区应急管理部门引述调查笔录称，这两名男子自称是徒步爱好者，有户外运动经验，但救援队员梁明说， “他们随身的装备并不专业。可以说没带什么东西，手电、食物、充电宝都没有，到报警时手机就剩下百分之几的电了，有一个人还穿的是洞洞鞋。” 8月15日，大鹏新区应急管理局指导南澳办事处依据《深圳经济特区自然灾害防治条例》，对两名游客处以 每人5000元罚款 。 《深圳经济特区自然灾害防治条例》2023年11月1日起施行，规定市、区人民政府可以将可能造成人员伤亡或者重大财产损失的区域临时划定为自然灾害危险区，并采取禁入措施， 违者可能面临5000元以上20000元以下罚款，并承担相关救援费用 。 《条例》还 规定，自然灾害比如台风、泥石流等，会特殊划出一块自然灾害危险区域。在这个区域中， 即便没有造成人员损害、不需要额外补救，只要进入就是违法违规行为 。 今年6月，大鹏新区经过专家评审及两次公开征求意见，于全市率先划定自然灾害危险区。大鹏半岛市级自然保护区（核心区）、深圳大鹏半岛国家地质公园及大鹏新区管辖海域范围， 在满足特定自然灾害预警的情况下，将被临时划定为自然灾害危险区。 据大鹏新区应急管理局工作人员介绍，大鹏新区山海资源禀赋优异，长期以来吸引大量游客前来游玩。 部分游客心存侥幸，在台风、暴雨等灾害天气下不顾劝阻、以身犯险的情况屡有发生，为新区自然灾害应对工作带来挑战 。 中国政法大学副教授朱巍介绍， 这起案件是全国首例针对两个游客违法进入临时划定的 自然灾害危险区 ，所给出的行政处罚。 之前此类案件也有，但更多依据的是旅游法、自然保护区条例、民法典等相关规定。 深圳市大鹏新区应急管理局相关负责人向大家呼吁： 每个人都是自身安全的第一责任人。 请大家尊重和敬畏大自然，在自然灾害发生前后，不要涉足野外林区、海上危险区域等未开发区域，防止发生意外。平时到野外游玩时，要详细了解 当地政策法规，并配备好有明显标识的救生衣、手电筒、登山杖、备用衣物、食品和饮用水等必要物资，以备不时之需。大鹏新区也将持续完善区、街道、社区与相关管理部门的联动机制，及时制止违法行为，对情节严重者将予以严厉处罚，保障辖区居民和游客的安全。 来源： 中国经济网综合央视网、广东应急管理、应急管理部 本期编辑：李娜、林帆 觉得好看，请点这里 ↓ ↓ ↓
今日处暑,https://mp.weixin.qq.com/s/MmpzSi2gYJWTz3QJmZIjeQ,2025-09-23,离离暑云散，袅袅凉风起 池上秋又来，荷花半成子   今天4 时 34 分 秋季的第二个节气 处暑 伴着微凉的秋风 来到了我们身边   “处”即终止 处暑的到来，意味着 酷热难熬的天气到了尾声 即将迎来秋的清爽 新一轮物候的更替 已经拉开序幕 天空变得高远湛蓝 云朵变得轻盈飘逸 秋风轻轻吹拂 带来宁静、惬意的气息 黍稷稻梁，纷纷成熟 五谷丰登，美不胜收 暑气消退，广袤的田野步入 “稻花香里说丰年”的阶段 丰收图景已近在眼前 伴着秋收的序曲 在沿海部分地区 热热闹闹的 “开渔节 ” 如期而至 渔民们开船出海，千帆竞发 期待着鱼虾满仓 处暑过后，天气日渐干燥 此时，梨子已缀满枝头 一口咬下 爽脆多汁，清甜滋润 恰好抚慰秋日的燥意 暑热将尽，天气转凉 正是出游的好时节 不妨约上亲朋好友 到户外，到乡间 登高远眺，放松身心 感受新秋的美好气息 盛夏的离去固然令人不舍 金秋的美好 同样值得 期待 愿我们满怀希望 在明媚的秋光中继续阔步向前 迎接下一站的精彩！ 来源：人民日报微信， 视频制作：温维斯 塔格尼，海报制作： 朱艺彤 王威 钟金叶 本期编辑：王若彤 觉得好看，请点这里 ↓ ↓ ↓
来了！新闻早班车,https://mp.weixin.qq.com/s/y_WWe2TL929l7yMlL7rgyA,2025-09-23,点击这里，查看更多精彩内容 要闻 2025年上海合作组织峰会将于8月31日至9月1日在天津举行。国家主席习近平将主持上海合作组织成员国元首理事会第二十五次会议和“上海合作组织＋”会议并发表主旨讲话。峰会期间，习近平主席还将为与会领导人举行欢迎宴会和双边活动。 21日晚，北京长安街沿线抗战胜利80周年主题花坛依次点亮。 “十四五”以来，我国企业净增1999.9万户，个体工商户净增3394.6万户。 工信部等三部门发布《稀土开采和稀土冶炼分离总量调控管理暂行办法》。 国家统计局消息，7月，社会消费品零售总额3.88万亿元，同比增长3.7%，增速比去年同期高1个百分点。 今年，早稻生产克服局部洪涝和台风影响，实现单产、总产双增，亩产首次突破400公斤，创历史新高。 截至7月底，我国电动汽车充电基础设施总数达到1669.6万个，同比增长53%。 为促进生猪市场平稳运行，近期国家发改委将会同有关部门开展中央冻猪肉储备收储。 近日，菲律宾非法“坐滩”57号舰释放2艘小艇蓄意“碰瓷”挑衅，中国海警局回应，对菲肇事艇依法依规进行管制。 针对近期中国留学生在入境美国时遭恶劣对待，外交部表示，将继续采取有力措施，维护赴美中国公民正当合法权益。 社会 中央气象台发布预警，预计今天白天，山东中东部、安徽东部、江苏南部、上海、浙江中北部、江西东北部、福建北部、新疆吐鲁番盆地等地部分地区最高气温可达37～39℃。 截至22日，2025年暑期档（6—8月）电影总票房（含预售）已突破105亿元。 内蒙古自治区党委副书记、自治区政府主席王莉霞涉嫌严重违纪违法，目前正接受中央纪委国家监委纪律审查和监察调查。 22日3时许，正在施工的川青铁路尖扎黄河特大桥发生施工绳索断裂事故。截至当日18时，事故已造成12人遇难， 4人失联 。 洪峰过境后，黄河水量降低，黄河壶口瀑布旅游区将于23日恢复对外开放。 近日，济南趵突泉地下水位实现“五连涨”，达到最佳观赏期。 9月16日前，社会公众每天均可免费预约空军航空开放活动和长春航空展门票。 22日，今年的闰六月结束，专家表示，再次出现闰六月要等到11年之后的2036年。 22日，在第16届射击亚锦赛女子10米气步枪比赛中，中国队夺得团体冠军并创造世界纪录。 近日，浙江余姚市民徐娜捐献200毫升造血干细胞混悬液，为一名血液病患者点亮生命的希望。 政策 河南印发通知，提出到2027年，布局50个左右省级以上研发创新平台，培育50家左右具有产业生态主导力的龙头企业。 福建出台措施，实施乡村教师学历提升工程，鼓励承担开放教育、成人教育的省内高校对乡村教师在职提升学历给予一定学费减免。 广西印发方案，鼓励下游应用企业提出新材料应用需求，每年实施一批产业延展项目。 今日天气 　　山西中北部、河北南部、河南北部、山东北部、陕西北部和西南部、四川盆地中西部、甘肃西南部、川西高原中部、贵州西南部、云南中西部和东北部、黑龙江西北部等地部分地区有大到暴雨，其中，云南西南部局地有大暴雨 。 早安中国 　　每个清晨，遇见大美中国。 　　新疆阿勒泰市喀拉希力克乡天然草场，漫山牧草由青转黄，打草机轰鸣收割，草香弥漫旷野。处暑至，秋意来，吃一口秋梨润燥，喝一碗鸭汤暖身。早晚温差变大，注意及时增减衣物。愿每一个前行的你，都能在这个秋天收获满满。 一个成熟的人，不会活在别人眼里，也不会沉溺于自己的情绪。从今天起，不断地学习和提升自己，总有一天，你能突破自我、超越自我。周末，早安！ 本期编辑：郑薛飞腾 ，实习生：余典 、勇佩言、孟媚｜主播：蓝艳 觉得好看，请点这里 ↓ ↓ ↓
【夜读】优秀的人，都懂得把这三样东西置顶,https://mp.weixin.qq.com/s/NbV6E2Xir1bZzYJNVtZ7MQ,2025-09-23,把健康置顶 　　看过一个问答：“人生在世，缺什么最可怕？”很多人回答：“健康。”人只有健康， 才有能力去追寻梦想、实现价值。 　　健康就像储蓄罐，你只有存入有益的东西，才能为明天积攒好运。若你总是消耗它却不注重休息和保养，疾病就可能会侵袭你的身体。 　　生活中，很多疾病风险我们都可以避免，只不过要看我们是重视一时的快乐还是一世的健康。别等到濒临失去，才后悔自己的一意孤行。 　　人生最不可忽视的远见，就是把健康置顶。饮食有节、起居有常、定期运动，只有好好善待自己的身体，你才能去创造精彩的未来。 把心态置顶 　　成长是一场精彩的冒险，不只有风和日丽的风景，也会有风雨交加的时刻。 其实，很多事情的好坏，就在我们的一念之间。 　　那些或甜蜜或苦涩的经历，都是独一无二的印记。允许事情悬而未决，是一个人不可或缺的心态。 　　接纳情绪，以包容的胸怀，去理解生活的多样性，每一段过往都有意义。放下执念，当下拼尽全力，事后落子无悔，才是对自己最大的敬意。 　　人生就像爬山，它的意义不只在于你最终爬到了哪个高度，更在于你一路所看到的风景。珍惜每一个当下，始终以积极的状态迎接挑战，才能把日子越过越好。 把能力置顶 　　无论你正处于哪个年龄阶段，都不要忘记置顶自己的能力。 　　一个人拥有赖以生存的一技之长很重要，凭自己的能力生存于世，方能实现自己的人生价值。 　　能力不是与生俱来的，但可以是与时俱进的。 多去学习和挖掘自己身上的潜在可能性。只要你一直都在坚持走，总有一天你会走出一条属于你自己的路。 　　始终保持求知欲和好奇心，通过学习提升自我，勇于尝试新鲜事物，培养一项生活技能……把能力置顶，就是在拓展生活的可能性，最终会让你成为更优秀的自己 。 来源：人民日报微信综合书报文摘等 | 主播：赵文龙 本期编辑：石磊，实习生： 陈皓迪 觉得好看，请点这里↓ ↓ ↓
最近，很多人在传唱一首歌……,https://mp.weixin.qq.com/s/e53HudRi6vyM1k213BJ5VA,2025-09-23,最近，有一首歌 被不少网友传唱 听，这两个孩子 声音虽然稚嫩 却唱得铿锵有力 这就是人民日报新媒体推出的 纪念抗战胜利80周年主题曲《不屈》 也是人民日报重磅视频 《江山如画｜不屈》 的主题曲 有网友说 “铭记历史！听得人热血沸腾” “单曲循环！唱出了中国人的不屈” 今天 人民日报新媒体正式发起 “致敬不屈”网络传唱活动 邀请您一起 演唱《不屈》这首歌 致敬那段永志不忘的抗战岁月 唱出不屈的精神 唱出对未来的美好向往 请查收歌曲的原唱与伴奏 ↓↓↓ 参与方式： 登录新浪微博平台 上传演唱视频 带#有一种精神叫不屈#话题 发布帖文 关注并@人民日报 登录抖音、快手和 视频号、B站等视频平台 上传相关照片、短视频 带#有一种精神叫不屈#话题词 将演唱视频 发送至电子邮箱 buqu80@pdnews.cn 优秀的演唱视频将在 人民日报新媒体平台上呈现 期待你的演绎 让我们 一起歌唱，致敬不屈 来源：人民日报新媒体，制图：安然 本期编辑：熊捷、郑薛飞腾 觉得好看，请点这里 ↓ ↓ ↓
今晚起，务必早点睡！,https://mp.weixin.qq.com/s/J2QhaWzAZZEgKTgxUlWt2Q,2025-09-23,从“出伏”到秋分，气候逐渐干燥，昼夜温差加大，气温忽冷忽热，对身体的养护尤为重要 。“出伏”后应该如何养生？其中有一条就是睡得早一点。 你可能知道，熬夜会扰乱生物钟，损伤肝细胞。但你可能并不了解，熬夜的危害远不止损伤肝脏，更会消耗甲状腺“寿命”！ 01 熬夜消耗甲状腺“寿命”？ 甲状腺激素及调节激素——促甲状腺激素的水平存在昼夜节律性波动的特点，一般在凌晨2-4时达到最高峰，随后逐渐下降，直到白天达到较低水平。 经常熬夜或睡眠不足，生物钟就会被打乱， 导致甲状腺激素的分泌和代谢失去平衡，甚至影响细胞增殖，促进DNA损伤，从而引起甲状腺功能紊乱和结节形成。 熬夜对甲状腺的危害，主要表现在—— 1.引起甲亢或甲减 熬夜会导致内分泌系统紊乱。甲状腺作为内分泌器官之一，其激素的分泌也会受到影响。长期熬夜可能会使甲状腺激素分泌过多或过少，从而引发甲状腺功能亢进或减退。 2.导致甲状腺炎 睡眠是身体恢复和修复的关键，相反，熬夜会使身体的免疫力下降。免疫力低下又会增加甲状腺疾病的发病风险。 3.影响内分泌平衡 熬夜往往伴随着工作压力、生活压力等，这些心理压力会进一步影响内分泌系统的平衡。长期处于高压力状态下，甲状腺更容易出现问题。 02 甲状腺健康影响全身多个系统 甲状腺激素对身体的新陈代谢、生长发育、神经系统等都起着至关重要的作用。一旦甲状腺出现问题，就会引发一系列的健康问题—— 1.影响身体代谢 甲状腺功能异常时，对糖代谢、脂肪代谢、蛋白质代谢、维生素代谢、水盐代谢都有重大影响，表现为甲亢如怕热、消瘦且食欲亢进，或甲减表现为怕冷、食欲减退等。 2.影响生长发育 儿童时期缺乏甲状腺激素，很可能造成发育迟缓、智力下降，导致呆小症。 3.影响心血管系统 患者可能出现心动过速、心律失常，严重时甚至会心力衰竭等。 4.影响消化系统 便秘或腹泻、肝功能紊乱等。 5.影响神经系统 精神亢奋、喋喋不休，或精神抑郁、郁郁寡欢等。 03 留意甲状腺的“求助信号” 1.颈部肿块 专家表示，如果在颈部摸到肿块，可能是甲状腺结节。甲状腺结节有良性和恶性之分，虽然大多数结节是良性，但也不能掉以轻心。 如果 结节较大或生长迅速 ，应及时就医进行检查。 2.声音嘶哑 甲状腺疾病可能会压迫喉返神经，导致声音嘶哑。如果声音嘶哑持续时间较长，且没有其他明显的原因，应考虑甲状腺问题。 3.吞咽困难 当甲状腺肿大或有结节时，可能会压迫食管，导致吞咽困难。这种情况需要及时就医，做进一步检查和诊断。 4.体重变化 如果甲状腺功能亢进，身体的新陈代谢会加快，导致体重下降；如果甲状腺功能减退，新陈代谢会减慢，体重则会增加。如果 体重在短时间内出现明显变化 ，应考虑甲状腺问题。 5.情绪变化 甲亢患者可能会出现焦虑、烦躁、易怒等情绪；甲减患者则可能会出现抑郁、淡漠、记忆力减退等症状。如果 情绪出现明显变化，且排除了其他心理因素的影响 ，应考虑甲状腺问题。 04 保护甲状腺，做好这4点 1.保证睡眠 医生建议，保证每天足够的睡眠时间，且作息规律；在睡觉前应至少半小时停止使用手机。 卧室使用一些柔和、温暖的灯光。用窗帘或眼罩遮挡外界的光线，让自己处于黑暗和安静的睡眠环境。 2.科学补碘 饮食要均衡，多吃新鲜的蔬菜水果、全谷类食物等，减少加工食品和高热量、高脂肪食物的摄入。同时，要注意控制碘的摄入量，避免过多或过少。 海带、紫菜、海鱼等海产品含有较高的碘，适合碘缺乏者食用；蔬菜和水果含有较低的碘，适合碘过剩者食用。 3.减轻压力 医生介绍，如果压力过大或者持续时间过长，会导致皮质醇慢性持续性升高，对甲状腺功能产生不利影响，诱发甲状腺疾病。 建议通过听轻松的音乐、看有趣的书籍、跟朋友聊天等方式放松自己，也可以通过适当运动改善情绪。 4.定期体检 定期进行甲状腺功能检查和颈部超声检查，尤其是有家族病史、长期熬夜、压力大等高危人群。早期发现甲状腺问题，及时进行治疗，可以避免病情加重。 看到这的你，赶快安排洗洗睡吧！ 来源：健康时报 本期编辑：胡程远、王若彤 觉得好看，请点这里 ↓ ↓ ↓
国新办发布会上，“三只羊”“东北雨姐”被点名！,https://mp.weixin.qq.com/s/j321Uix4AMFtAAUuixGErQ,2025-09-23,国务院新闻办今天（22日）上午举行“高质量完成‘十四五’规划”系列主题新闻发布会，市场监管总局相关负责人介绍，我国平台经济正处于转型发展的关键时期，过去五年中，数字技术与各行业加速融合，新业态新模式不断涌现，虽带来了新的增长点，但流量优先、算法滥用、竞争失序等潜在风险也影响了平台经济健康发展。市场监管总局坚持管促结合、刚柔并济， 维护网络交易秩序，净化网络市场环境。 把规矩“划清楚” 把握鼓励创新和规范发展的平衡点，构建促进平台经济有序竞争创新发展的政策体系。出台《网络交易监督管理办法》《网络交易执法协查暂行办法》《自然人网店管理规范》等规则，提升监管执法效能。推动《中华人民共和国反垄断法》《中华人民共和国反不正当竞争法》完成修订，配套出台《关于平台经济领域的反垄断指南》《网络反不正当竞争暂行规定》，明确平台经济领域竞争规则。成立全国平台经济治理标准化技术委员会，加快制定相关国家标准，强化标准引领，加强行业自律。 对乱象“出重拳” 会同相关部门持续开展网络市场监管专项行动，共督促平台删除违法商品信息454.1万条，责令停止平台服务网店5.8万个次，查处涉网类案件10.5万件。 突出强化直播电商乱象治理，加大违规行为监测处置力度，查办“三只羊”“东北雨姐”等直播电商领域重大案件。 督促网络交易平台全面取消“仅退款”、解除“自动跟价”“强制运费险”等不合理限制、提升收费合理性和透明度，要求外卖平台规范促销行为、理性参与竞争、共建良好生态。 将服务“送上门” 出台《关于推动网络交易平台企业落实合规管理主体责任的指导意见》，引导平台完善合规管理机制。围绕重大活动及“6·18”“双十一”等重要时段，发布合规提示，引导平台规范促销经营行为。试点向平台提供政务数据比对服务，帮助平台有效拦截、及时清退违规主体。常态化开展与平台、商户、外卖骑手、主播等各方主体的沟通交流，听诉求、给指导，让监管更有温度。 来源：央视新闻 本期编辑：胡程远、王若彤 觉得好看，请点这里 ↓ ↓ ↓
每天走够这个步数，能“抵消”久坐伤身风险！,https://mp.weixin.qq.com/s/xFjBaDcG2p3d8OMMtapQlg,2025-09-23,心脑血管疾病、糖尿病、甲状腺疾病…… 久坐可能会增加12种疾病患病风险。 虽然大家都知道“久坐伤身”，但几乎每个人都是“久坐族”中一员。 好在研究发现， 每天走走路，就能帮身体“抵消”久坐带来的健康风险。 如何科学健康走路才能达到效果？一起来看！ 01 坐多久算久坐？ 如果人在日间的活动不足基础代谢率1.5 倍，持续时间超过8小时，就是以久坐为主的生活方式。 单就一次来讲， 静坐时间超过2个小时 ，也被认为是以静坐为主的生活方式。 研究 发现， 如果以2个小时静坐为起始标准 ，每增加1.5个小时，患心脑血管疾病以及由心脑血管疾病带来的死亡风险增加44%。 建议： 设置一个间隔1.5小时的闹钟，每次闹铃响起，站起来活动最少1 0分钟，此外 每周至少完成150分钟中等强度有氧运动。 10分钟可以走完1公里，就是所谓的中等强度运 动的活动。 02 走多久可以“ 抵消”久坐伤害？ 澳大利亚悉尼大学的研究人员曾在《英国运动医学杂志》上发表了一篇研究论文。 研究显示， 当每天步数超过2200步时 ，就可以降低死亡风险和心血管疾病风险；当每天步数达到9000～10500步时，无论坐多久，死亡风险最低。即使每天走4000～4500步，也可以获得最佳步数时约50%的益处。 2023年12月，华中科技大学同济医学院刊发在《美国医学主任协会杂志》的一项前瞻性队列研究，为步行可延寿又添新证据。 研究者纳入了33万多名成年人（平均年龄56岁），结果发现：与不步行组相比， 每周步行90～720分钟可降低27%～31%的死亡风险，约延长6年的预期寿命 。 03 怎么走最健康？ 1、步幅 健步走时步幅要比正常走路的步幅大一些，多出半个脚掌即可。 2、步态 要轻盈，脚落地时膝盖微屈，脚后跟到脚尖过渡要顺畅，同时身体重心迅速跟随移动。整个健步走过程中要保持上身挺直，双手自然摆臂。 3、频率 一般来说，男士90～130步/分钟，女士80～120步/分钟。 具体可通过在走路时说话的状态来判断： 走路时感觉微喘，但可舒适交谈，表明步速适中，已经达到了快走的标准。 4、 注意循序渐进 如果你刚开始步行，请从10 ～ 15分钟开始，然后逐渐将步行时间增加到每次30分钟或更长时间，逐步达到每周至少150分钟的中等强度有氧运动。 5、注意热身和放松 记得走路开始前后，分别热身和放松5分钟。 看完文章，有空穿上 适宜的运动鞋，找个清静又干净的地方，走起来吧！ 来源：CCTV生活圈、央视网 本期编辑：胡程远、王若彤 觉得好看，请点这里 ↓ ↓ ↓
“广电21条”来了！取消电视剧40集上限、鼓励改编境外优秀作品……,https://mp.weixin.qq.com/s/DMY2AONz8nfaycDZ5z8wYw,2025-09-23,　　国家广播电视总局日前印发实施《进一步丰富电视大屏内容 促进广电视听内容供给的若干举措》，其中包括“取消40集上限”“不严格限制古装剧数量”“抓好纪录片精品制作”“大力支持精品优秀动画片”等21条改革措施。 　　这些新举措推出背后有着怎样的考量？将给电视剧行业带来怎样的变化？ 加强内容建设 增加优质内容供给 　　举措强调，要多措并举加强内容建设，增加优质广电视听内容供给—— 实施“内容焕新计划”，加强内容创新； 改进电视剧集数和季播剧播出间隔时长等管理政策； 改进电视剧内容审查工作，优化机制、提高效率； 加强超高清节目制作播出宣传推介； 加强纪录片、动画片精品创作； 鼓励支持优秀微短剧进入电视播出； 推动优秀境外节目引进播出等。 松绑长度频率 释放创作活力 　　举措规定 今后电视剧创作将适当放开40集上限， 这一政策将为优质长剧打开创作空间。 　　关于超长剧回归，国家广电总局发展研究中心副研究员胡祥指出，电视剧长本身就是很重要的艺术特征。特别是重大革命历史题材、时间跨度很大的年代剧等，足够长才能展现出复杂多变的历史时空，才能展现大时代变迁下个体命运的起伏。 　　“超长剧的回归就是让这些题材的作品有了更舒展的表现姿态和表达空间，不用为了时长的限制大幅度删减，牺牲艺术效果。” 　　举措中同样明确，“ 超长剧目可经特别审核”，反映国家广播电视总局“坚决防止出现注水剧”的导向不改变， 采取严格把关避免“注水剧”回潮。 　　胡祥表示，“当初剧集限定40集的初衷，是为了避免出现‘注水剧’”。这一政策出台以来，行业涌现出一大批优秀短剧，行业创作理念也在发生变化。现在新举措的出台是从具体创作生产的实际出发，避免“一刀切”。 　　在释放创作活力方面，举措还提出 季播剧排播自由化、古装剧调控灵活化，直接回应市场痛点，取消季播间隔一年的硬性要求。 　　内容创作上，举措鼓励题材开放，促进境外节目引进。 鼓励改编境外优秀作品，支持高质量本土化创作—— 允许择取境外优秀作品进行高质量本土化改编， 并不局限于放开日、韩IP； 支持引进优质海外电视剧、纪录片、动画片在卫视频道黄金时段播出； 优化引进剧集指标分配，支持卫视频道等重点主体引进优秀电视节目，取消单一主体引进指标数量限制。 　　新举措一经推出，行业反响热烈。举措打破原有行业的政策限制，更注重从行业实际出发。胡祥表示， 这一改革积极适应了媒介形态与观众审美特点的双重变化。 　　“在媒介形态急速变化的当下，特别是短剧、游戏、直播等新业态的冲击下，观众的审美特点和心理在发生急速变化，传统电视剧行业面临较大冲击。 这要求要进一步通过顶层设计释放行业的生产力。 ”胡祥说。 优化审查机制 提升审查效率 　　审查机制方面， 针对卫视黄金档及重点网站首屏剧目，总局和省局将建立同步审查机制；电视剧完成片审查时限也将实现压减优化；历史、医疗等题材将由专家提前介入，协审时限不超过50天； 在系列剧、情景剧和单元剧等类型中，试行边审边播、边改边播的审查新机制。 　　这些审查机制的创新之举将显著提升审查效率，既为制作方节省时间成本，也促进生产方式的创新。 　　举措鼓励支持优秀微短剧进入电视播出的明确表述成为焦点。 例如，支持优秀微短剧通过电视平台播出，拓宽内容供给渠道；省级卫视具备政策支持条件，可开设微短剧剧场等。 　　业内人士认为， 一系列政策既充分肯定了微短剧的新兴媒介地位，也有助于改善其在移动端野蛮生长的现状，实现大小屏内容的双向流通 。未来，优秀微短剧登陆电视将带来内容形态革新，其快节奏、强情节特性也势必会对传统电视剧叙事模式形成有益补充。 　　胡祥表示， 一系列相关新举措，构成了一套全面系统的政策组合拳。 “这些都是为了给观众提供更好的视听体验和更丰富的内容供给，更加注重尊重艺术创作的规律，以及视听内容行业发展的本身的市场规律。” 来源：央视新闻、中央广播电视总台中国之声 本期编辑：胡程远、王若彤 觉得好看，请点这里 ↓ ↓ ↓
王莉霞被查！,https://mp.weixin.qq.com/s/kZzbwQbWeOnViGiUKh5rHA,2025-09-23,内蒙古自治区党委副书记、自治区政府主席王莉霞涉嫌严重违纪违法，目前正接受中央纪委国家监委纪律审查和监察调查。 来源：中央纪委国家监委网站 本期编辑：胡程远、王若彤 觉得好看，请点这里 ↓ ↓ ↓
中国海警发声！,https://mp.weixin.qq.com/s/NVCk5Djp3VBd_wpbF2JI6g,2025-09-23,中国海警局新闻发言人甘羽表示，近日，菲律宾非法“坐滩”57号舰释放2艘小艇，无视我多次明确警告，以不专业、危险方式接近我正常执法的海警艇，蓄意“碰瓷”挑衅。我海警艇对菲肇事艇依法依规进行管制，相关操作正当合法。我们正告菲方立即停止一切侵权挑衅和煽宣炒作。中国海警将依法在仁爱礁海域开展维权执法活动，坚决捍卫国家主权和海洋权益。 来源：中国海警局 本期编辑：刘杰、朱田恬 坚决捍卫国家主权和海洋权益 ↓ ↓ ↓
这辆网约车，少了一个座,https://mp.weixin.qq.com/s/fcJzYtmdEefQ3pP2aSGK5w,2025-09-23,在青岛平度 有一辆特殊的网约车 司机王杰的副驾上 始终坐着她的丈夫 ——患有渐冻症的崔文军 四年前 曾是网约车司机的崔文军 被确诊为渐冻症 为了筹集医药费 也为了给丈夫的生命 重新点亮火光 王杰也选择成为网约车司机 载着无法自理的丈夫 奔波于城市的大街小巷 问及带着丈夫跑网约车的原因 王杰说 因为丈夫不能自理 在家待着心情不好 带着丈夫跑网约车 也是给两口子找个事忙活 生活也有奔头 崔文军则说 跟着妻子跑网约车 更像是找到了一份工作 跟乘客攀谈则成了慰藉 如今他的心态很好 也不去想得病的事 因为占用了一个座位 王杰的女儿也为乘客准备了小糖果 以表小小歉意 跑车间隙 王杰会摩挲崔文军的手臂 帮他缓解肌肉僵硬 车到家门口 王杰熟练地将丈夫抱下车 转移到轮椅上 动作流畅如本能 日复一日的托举 让她的臂膀生出了对抗命运的力量 这对夫妻的缘分 始于上世纪90年代 崔文军追求王杰六年 为了追王杰 崔文军曾每周 往返于平度与青岛市区 只为见王杰一面 1998年两人结婚 日子平淡却温馨 2020年冬天 崔文军双腿乏力 起初以为是劳累 2021年 崔文军确诊“渐冻症” 击碎了这家人的平静 王杰带丈夫跑遍各大医院 看着丈夫逐渐无法动弹 她心如刀绞却从未放弃 在她的照顾下 曾终日以泪洗面的崔文军 重拾希望 王杰还常带喜欢看海的他 去海边散心 今年3月 王杰正式注册成为网约车司机 夫妻俩说赚钱与否不重要 重要的是有事可做、能相伴 崔文军盼着病愈 王杰则愿过好当下 王杰始终紧握着丈夫的手 “他是我的唯一 我是他的一切” 据了解，网约车平台 对王杰使用的软件进行了专门优化 在派车任务地点等方面做了定制改进 还启动了滴滴关爱公益救助流程 为他们提供了一笔紧急救助金 并承诺如果 崔文军 在后续治疗中 再产生高额自付费用 也会给予援助 疾病冻结了崔文军的躯体 却封不住爱的川流 王杰将整个世界装进小小的车厢 让丈夫在渐冻的身体里 依然能触摸世界的温度 他们在命运的狂风中 诠释着最朴素的幸福 可贵的坚持！ 可爱的夫妻！ 为王杰一家人点赞！ 来源：青岛广电生活在线（作者：夏洪垚），综合央视新闻 本期编辑：刘杰、朱田恬 为这对夫妻点赞！ ↓ ↓ ↓
一杯奶茶喝下肚，会发生什么？,https://mp.weixin.qq.com/s/vPJ-NRpV_eoaOYuQKaPf5Q,2025-09-23,来源 ： 央视网， 监制：李绍飞 策划：欣蕊 脚本：维克羊  绘图：耑耑 审校：雅红 本期编辑：刘杰、朱田恬 分享给家人朋友！ ↓ ↓ ↓
应邀出席2025年上海合作组织峰会的外国领导人和国际组织负责人名单公布,https://mp.weixin.qq.com/s/vZhEGfMdGEjnNA78KJ3yXg,2025-09-23,2025年上海合作组织峰会将于8月31日至9月1日在天津举行，这将是中国第五次主办上合组织峰会，也将是上合组织成立以来规模最大的一届峰会。外交部部长助理刘彬8月22日在中外媒体吹风会上介绍，习近平主席将同20多位外国领导人和10位国际组织负责人聚首海河之滨，总结上合组织成功经验，擘画上合组织发展蓝图，凝聚“上合组织大家庭”合作共识，推动组织朝着构建更加紧密的命运共同体目标阔步迈进。 应邀出席峰会的外国领导人有白俄罗斯总统卢卡申科，印度总理莫迪，伊朗总统佩泽希齐扬，哈萨克斯坦总统托卡耶夫，吉尔吉斯斯坦总统扎帕罗夫，巴基斯坦总理夏巴兹，俄罗斯总统普京，塔吉克斯坦总统拉赫蒙，乌兹别克斯坦总统米尔济约耶夫，蒙古国总统呼日勒苏赫，阿塞拜疆总统阿利耶夫，亚美尼亚总理帕什尼扬，柬埔寨首相洪玛奈，马尔代夫总统穆伊兹，尼泊尔总理奥利，土耳其总统埃尔多安，埃及总理马德布利，土库曼斯坦总统别尔德穆哈梅多夫，印度尼西亚总统普拉博沃，老挝人民革命党中央委员会总书记、国家主席通伦，马来西亚总理安瓦尔，越南政府总理范明政等。 应邀出席峰会的国际组织和多边机制负责人有联合国秘书长古特雷斯，上合组织秘书长叶尔梅克巴耶夫，上合组织地区反恐怖机构执行委员会主任沙尔舍耶夫，独联体秘书长列别杰夫，东盟秘书长高金洪，集安条约组织秘书长塔斯马加姆别托夫，中西亚经合组织秘书长阿萨德·汗，亚信秘书长萨雷拜，欧亚经济委员会执行委员会主席萨金塔耶夫，亚投行行长金立群。 来源：新华社 本期编辑：刘杰、朱田恬 觉得好看，请点这里 ↓ ↓ ↓
应急管理部派出工作组,https://mp.weixin.qq.com/s/_WFWW396A7roFDzRUWDj6g,2025-09-23,应急管理部派工作组指导川青铁路尖扎黄河特大桥施工绳索断裂事故救援处置 8月22日3时许，川青铁路青海段尖扎黄河特大桥发生施工绳索断裂事故。截至22日8时，已造成4人遇难，12人失联。接报后，应急管理部立即作出部署，要求即派工作组赴现场指导，抓紧核清人员情况，协调调派水域救援力量，千方百计搜救落水人员，同时要尽快查明事故原因，举一反三，坚决避免类似事故发生。应急管理部 有关负责同志 已率工作组赶赴现场指导事故救援处置工作。 来源：人民日报客户端，记者：刘温馨 本期编辑：刘杰、朱田恬 关注！ ↓ ↓ ↓
习近平将出席2025年上海合作组织峰会并举行有关活动,https://mp.weixin.qq.com/s/6ey8e2y7cGqGpoMDnpJDCw,2025-09-23,外交部发言人宣布：2025年上海合作组织峰会将于8月31日至9月1日在天津举行。国家主席习近平将主持上海合作组织成员国元首理事会第二十五次会议和“上海合作组织+”会议并发表主旨讲话。峰会期间，习近平主席还将为与会领导人举行欢迎宴会和双边活动。 来源：人民日报客户端 本期编辑：刘杰、朱田恬 觉得好看，请点这里 ↓ ↓ ↓
“山东的网友、昆明的妈妈以及我们都在担心你……”,https://mp.weixin.qq.com/s/Zv7ff10tJkdfPw8zrLIb3g,2025-09-23,“你好，我是外地的， 有个宁波的小伙子跟我说 他不想活了，要跳楼......” 近日，浙江宁波镇海骆驼派出所接到 一通来自山东的报警电话 对方称有个和自己打游戏的网友 正在高楼的平台上，想要跳楼 接到报警后 民警刘献带着辅警史科杰、周荣海 匆忙赶到报警人所说的公寓 几番寻找后 终于在16楼的设备平台上 找到了情绪激动的男生小韩 设备平台空间狭小 为了小韩的安全 刘献迅速拽住小韩的手臂 在史科杰和周荣海的配合下 将小韩成功拉回了楼道内 随后，史科杰再次翻到平台 取回小韩遗落的手机 被救下来的小韩 蹲在地上，掩面哭泣 正在通话的手机里 传来其母亲焦急的声音 原来，二十岁出头的小韩 只身一人从昆明来到宁波打工 前阵子遭遇了一些生活上的变故 独自在异乡的他难以承受 一时想不开 便产生了轻生的念头 “你才二十出头 正是大好的青春年华 别想不开 生命没有就真的什么都没了” 刘献劝说道 “你看，山东的网友、昆明的妈妈 以及我们都在担心你 你的背后是无数双想要托住你的手”  最终，小韩的情绪逐渐平静下来 第二天，家人从昆明赶来 将他接回了家 “感谢警察同志的帮助！” 小韩的母亲无比感激 人生不怕风浪 年轻人，加油！ 网友评论 来 源： 宁波晚报（记者：邹鑫   通讯员：傅之艺） 本期编辑：刘杰、朱田恬 觉得好看，请点这里 ↓ ↓ ↓
儿童票，该凭年龄还是身高？,https://mp.weixin.qq.com/s/TXUr31hiQ0cEyCLy8zh2cQ,2025-09-23,　　暑期亲子游旺季，两则热搜引发对儿童票判定的关注：有家长带孩子去主题乐园，孩子穿鞋超1.4米、脱鞋不足1.4米，被拒售儿童票；另一位大学生带刚满十岁的妹妹出游，自己可以买半价票，妹妹却因身高超过1.5米无法购买儿童票，票价反而“倒挂”。 　　同样是享受优惠，为何景区、主题乐园的儿童票要在年龄与身高之间反复纠结？该以哪个为标准？  8月19日微博热搜截图 1 规矩五花八门 　　记者调查了解到， 关于儿童票的评判标准，不同行业、地域差异明显。 　　景区、游乐园和体验馆普遍以身高作为主要判定依据，常见1.2米以下免票、1.2-1.4米半票等，如北京前门的再现山海经大型沉浸体验馆以“身高1.2（不含）-1.5米（含）”为标准。不过像上海迪士尼、北京欢乐谷等市场化主题乐园则更为灵活，采用年龄、身高“二选一”的方式。一些头部景区、博物馆则以年龄为主，如国家自然博物馆儿童票限定“按生日计算6-11周岁（含）”。 某平台上北京欢乐谷儿童票页面截图，其采用年龄、身高“二选一”购票方式：满足“身高1.2-1.5米”或“5（含）-10周岁（不含）”即可购票。 2 家长、景区怎么看？ 　　许多家长对当前儿童票标准的不统一感到头疼。 　　北京市民陈女士抱怨，带孩子出去玩，每到一个景区都得提前查儿童票标准，要是孩子身高刚好处在1.2米这个微妙的身高区间，就可能会出现买不了儿童票的情况。“实行儿童票优惠的主要原因是为了营造儿童友好的社会氛围，保护未成年人应享受的权益，和儿童是高是矮有什么关系呢？”她说。 　　不少家长认为，最好还是按年龄界定，若以身高作为唯一标准，会让那些发育较快的孩子过早失去儿童票优惠，增加家庭出游成本。 　　从景区的角度看，坚持以身高为标准，很大程度上是出于操作便利性的考虑。 一位资深景区工作人员透露：“我们一贯看身高，测量几秒钟就能完成。核验年龄，要是碰到没带证件的孩子，旅游旺季根本忙不过来。”也有部分景区担心， 全面推行年龄标准可能引发证件冒用问题，增加管理难度。 3 标准也该变变了 　　记者梳理发现， 国家层面暂无统一的儿童票定价强制性法规。 早在2012年，国家发改委等部门就曾发布通知，提出“身高与年龄双轨制”建议：对6周岁（含）以下或身高1.2米（含）以下的儿童实行免票；对6周岁（不含）至18周岁（含）未成年人实行半票，强调应给予青少年门票的判定标准更多灵活性。 国家发展改革委网站截图 　　事实上， 近年来我国儿童身高增幅明显。 依据国家卫健委发布的行业标准，自2023年3月1日实行的《7岁以下儿童生长标准》，6岁女孩标准为117.5厘米，男孩为118.8厘米；对比2009年6月2日发布的《中国7岁以下儿童生长发育参照标准》（已废止），6岁女孩标准增高了0.9厘米，6岁男孩增高了1.1厘米。 　　上海社科院社会学研究所副研究员王芳表示：“在儿童身份信息登记不完善的过去，身高因更直观成为实用的儿童票判断依据。但 随着社会发展，单一身高标准已难以符合‘儿童利益最大化原则’，按年龄判定更优。” 　　“法律法规的更新、旧标准的废止与新标准的实施本就需要过程。”她认为，当前国家相关部门率先开展引导工作，方向值得肯定。她建议， 相关部门可借鉴铁路、航空等行业已相对成熟的规范，联合文旅、妇联等行政及职能部门，细化儿童票相关法规政策。 如此既能减少具体执行中的争议，也在保障儿童权益的同时，兼顾市场规律与经营者的安全保障责任。 来源：新华网（记者：万方、闫雨昕、赵宇娇） 本期编辑：刘杰、朱田恬 觉得好看，请点这里 ↓ ↓ ↓
来了！新闻早班车,https://mp.weixin.qq.com/s/fl348d9v7Oj0hrlXcGpauA,2025-09-23,点击这里，查看更多精彩内容 要闻 21日上午，习近平总书记在拉萨市布达拉宫广场出席西藏自治区成立60周年庆祝大会，同西藏各族各界干部群众约2万人共同欢聚，热烈庆祝西藏自治区成立60周年 。 中共中央总书记、国家主席、中央军委主席习近平在拉萨出席西藏自治区成立60周年庆祝活动后，21日乘专机返回北京 。 《中国共产党党校（行政学院）工作条例》单行本，已由人民出版社出版，即日起在全国新华书店发行 。 国家能源局消息，我国7月全社会用电量达1.02万亿千瓦时，同比增长8.6% 。 今年前7个月，我国中西部地区外贸进出口增长强劲，中部六省和西部十二省进出口分别达2.2万亿元、2.5万亿元，同比分别增长11.6%、10.5% 。 农业农村部消息，今年1至6月，我国规模以上农产品加工业企业实现营业收入8.8万亿元，完成利润总额同比增长1.7% 。 商务部消息，今年以来，中国外贸保持稳中有进的态势，前7个月实现3.5%的增长，量质齐升 。 人社部消息，百日千万招聘专项行动于18日至24日推出4个线上招聘专场，共有2.7万余家用人单位参与，招聘需求超31.2万人次 。 21日，江汉油田红星页岩气田在湖北和重庆两地探明1650.25亿立方米页岩气储量，标志着我国首个二叠系大型页岩气田正式诞生 。 近日，俄罗斯解密文件揭示日本细菌战罪行。我外交部表示，日本军国主义发动细菌战的事实铁证如山，不容否认和抵赖 。 社会 中央气象台21日发布高温黄色预警：预计22日白天， 山东、河南、安徽、江苏、上海、浙江、福建等地部分地区最高气温可达37～39℃ 。 国家外汇管理局决定，在上海、北京、天津等16省市开展绿色外债业务试点，鼓励非金融企业将跨境融资资金用于绿色或低碳转型项目 。 国家防总21日对辽宁、四川、云南启动防汛四级应急响应 。 北京公安消息，为保障专项活动安全顺利，决定22日至24日对天安门地区及相关道路分时、分段采取临时交通管理措施。 详讯 世界乒乓球职业大联盟（WTT）公布了2025年WTT中国大满贯赛首批参赛名单，现男单、女单世界排名第一的中国选手林诗栋、孙颖莎将领衔出战 。 21日，成都双流国际机场正式上线精品商务快线免费行李配送服务，提供“机场到家或酒店，家或酒店到机场”的免费行李配送服务 。 近日，科研人员在广西桂林市全州县，发现苦苣苔科报春苣苔属新物种——全州报春苣苔 。 历经4年研发，我国科学家自主研制出仅重2.6克的新一代多色微型化双光子显微镜 。 截至21日上午，“中国重载第一路”大秦铁路累计货运量突破90亿吨 。 政策 广东布局完善商业航天空间基础设施，鼓励企业进行全球地面站网节点布局，按投资总额的10%给予每个站点不高于200万元的资金支持 。 陕西发布方案，提出保障中小学生每天综合体育活动时间不低于2小时，并支持高校、社区（村）及城市公共体育场馆和体育设施免费或优惠向中小学生开放 。 重庆发文，将违法违规使用医疗保障基金举报奖励标准从最低不少于500元，提高到最低不少于2000元 。 今日天气 内蒙古东北部、黑龙江中南部、吉林中东部、辽宁中东部、北京东北部、天津、河北东部和南部、山西南部、宁夏中部、甘肃西南部、四川盆地中南部、贵州中西部、云南中东部、广西西北部等地部分地区有大到暴雨 。 早安中国 　　每个清晨，遇见大美中国。 河南安阳殷都区漳河峡谷，这里河滩地、浅水湿地和岸边山坡构成了较为完善的生态体系。生长着南方红豆杉、草麻黄、野大豆等保护植物，黑鹳、金雕等动物在此栖息。青山连绵，人行画中，殷都区欢迎您 ！ 　　早起10分钟、 早睡10分钟、早开始10分钟 ……这些看起来都是很普通的改变，但时间长了，普通的改变也能彻底改变你。从决心改变并付诸行动的那一刻开始，我们就已经在拥抱更好的自己。早安 ！ 本期编辑：林帆 ，实习生： 甘雨欣 、 鲁钦轲 ｜主播：蓝艳 觉得好看，请点这里 ↓ ↓ ↓
【夜读】能坚持早起的人，都很了不起,https://mp.weixin.qq.com/s/r69NEsRgku7d2J4vBhW8nw,2025-09-23,与其熬夜 不如早起 　　你有没有过这样的经历？夜深了，躲在被窝里默默刷手机，说好要早睡的，却总是忍不住熬夜。等到第二天醒来后，感到很昏沉，难以集中精神，身体开始发出无声的抗议。 　　其实，如果换一种方式，把熬夜刷手机、思考问题的时间提前到白天，你会有全然不同的体验。 　　当第一缕阳光透过窗帘缝隙洒进房间，整个世界都处于慢慢苏醒的状态。没有深夜的焦虑与浮躁，只有晨光里的宁静与平和。你的思维会格外清晰，心灵也更容易沉静下来。 　　把熬夜的碎片时间转化为早起的整块时光，你会发现生活少了一份慌乱，多了一份笃定。 早起的人 掌握生活的主动权 　　清晨的时光具有一种奇妙的魔力，它能让人在一天伊始就握住生活的主动权。 　　在无人打扰的清晨，我们可以从容地规划一天的事项。一些小的计划，也可以在清晨完成，比如认真做一顿早餐、安静读几页书，完成计划带来的成就感会为一天积蓄能量。早起的人，会明显感到不是在被动应付生活，而是主动拥抱生活。 　　早起的意义远不止是时间管理，更在于能建立与自己的深度连接。在晨光中，我们能听见内心真实的需求，看清生活真正的方向。那些在喧嚣中被忽略的感受，在清晨的宁静里会变得清晰。这种自我觉察的能力，能让我们在人生的十字路口少些迷茫，多些坚定。 　　能坚持早起的人，会在日复一日的晨光里，慢慢活成自己想要的模样。 想要早起 先养成早睡的习惯 　　早睡是早起的前奏，缺少了温柔的落幕，便难有从容的开场。 　　睡前，及时放下电子设备，洗一个热水澡，喝一杯热饮，放点轻松的音乐……这些都能帮助你更好入睡。如果你偶尔感到入睡困难，可以尝试建立一个适合自己的睡前程序，比如“刷牙—洗脸—拉上窗帘—换上睡衣—读完人民日报夜读 — 给手机充上电—对自己说‘晚安，好梦’”。规律的睡眠时间和相对固定的“程序”，可以帮你调整自己的生物钟，快速进入梦乡。 　　如果你担心半夜醒来失眠，还可以在床边准备一个笔记本。当你在半夜醒来，感到担心或忧虑时，可以立即把这些想法记下来。你会发现，这些被我们无意中放大的想法，随着笔尖的“沙沙”声慢慢消失，柔软的睡意会再次将你包裹。 　　在夜晚给自己充足的休息时间，清晨的苏醒便会轻松自然。愿你每个清晨都能带着饱满的精力与明媚的心情开启新一天。 　　今晚，就先睡个好觉吧。晚安，好梦！ 来源：人民日报夜读综合有书  |  主播：赵文龙 本期编辑：郑薛飞腾，实习生：余典 觉得好看，请点这里↓ ↓ ↓
所以，西藏！,https://mp.weixin.qq.com/s/TqKtt3JQl1Ct8oef7ybyYQ,2025-09-23,这里有世界第一高峰 也有地球最深的峡谷 千山之巅、万水之源 这里 神秘美丽 这里 天地辽远 这里是西藏 扎西德勒 今年是西藏自治区成立六十周年 六十载栉风沐雨 一甲子沧桑巨变 西藏， 成为很多人心中 “一生总要去一次的地方” 所以， 西藏 为何成为我们的 “诗和远方”？ 世界屋脊，神奇土地 8848.86 米 珠穆朗玛矗立云霄 很难想象 这片有着大陆最高点的土地 曾是波涛翻涌的汪洋大海 千万年间 斗转星移，沧海桑田   120 多万平方公里的土地 平均海拔 4000 米以上 千万年的积雪与积水 在岁月里 “ 凝固 ” 成冰川   “ 天上一条银河，地上一条天河 ” “ 天河 ” 雅鲁藏布江 是我国最长的高原河流 也是世界上海拔最高的大河之一   这里有星罗棋布的大小湖泊 这里是桃花盛放的雪域江南 这里有庄严肃穆的千年宫殿 这里是无数原始生灵的珍贵乐园 端起青稞酒，品味酥油茶 这里有独具特色的藏地美食 锅 庄欢快热烈，扎念铿锵悠扬 这里有独树一帜的藏舞藏戏 古今交织、文化交融 所以，西藏 悠久神秘的高原 在传承里焕发新的生机   天堑通途，高原速度 这里曾是 “ 地理的极限 ” 一代代筑路人与护路人 锤敲斧凿、攀冰卧雪 让一条条 “ 巨龙 ” 翻山越岭 跨越千年隔绝，梦想照进现实   青藏铁路、拉林铁路 拉日高等级公路等建成通车 复兴号驶上高原 截至 2024 年底 西藏公路通车总里程 12.49 万公里 铁路运营里程 1359 公里 国际国内航线达 183 条 涵盖公路、铁路、航空等 多种运输方式的 综合交通网络初步建立 青藏、川藏、藏中、阿里 电网联网工程建成投用 主电网覆盖所有县（区、市） 所有行政村实现光纤和 4G 网络通达   “ 天路 ” 纵横，电网交织 所以，西藏 山不再高 ， 路不再 远 连接千山万水 人流、物流、产业也因之而兴 清洁能源、文化旅游、高原轻工业等 现代产业大力发展 主要经济指标增速 连续多年位居全国前列 2024 年 西藏地区生产总值 2765 亿元 是 1965 年的 155 倍 城镇居民人均可支配收入 55444 元 是 1965 年的 121 倍 农村居民人均可支配收入 21578 元 是 1965 年的 199 倍   所以，西藏 实现了从落后走向进步 从贫穷走向富裕 从封闭走向开放的历史性转变   精神高地，人间奇迹   “ 短短几十年，跨越上千年 ” 这历史迈步的背后 是中国共产党的坚强领导 是各族人民 像石榴籽 紧紧抱在一起的团结 是 一代代默默无闻的奉献者 舍身忘我的奋斗者 “ 敢教日月换新天 ” 的建设者 日复一日 的拼搏 奋进   一批批援藏干部人才 弘扬老西藏精神 “ 缺氧不缺精神 艰苦不怕吃苦 海拔高境界更高 ” 把理想信念融入血脉 用青春实干 书写着西藏建设发展的 诗篇   一个个像 卓嘎、央宗姐妹 一样 长在边境线上的 “活界碑” 父子接力、夫妻搭档、兄妹携手 用几十年如一日的坚守 守护神圣国土   一代代戍边战士 挺立 在生命禁区 用脚步丈量忠诚 以绝不后退 的挺拔身姿 护卫家国信仰 所以，西藏 社会稳定、经济发展 民族团结、宗教和睦 生态良好、边防巩固 人民安居乐业   千山耸立 喜马拉雅的苍茫雪山见证着 彪炳史册的人间奇迹 万水奔腾 雅鲁藏布的浩荡气魄传唱着 雪域高原 的奋进赞歌 所以，西藏 新起点，再出发！ 社会主义现代化 新西藏 正在路上！   来源：人民日报新媒体、西藏日报，摄影：晋美多吉、 丁增尼达、 周博 本期编辑：余星馨、郑薛飞腾 觉得好看，请点这里 ↓ ↓ ↓
那些经常把闹钟按掉继续睡的人，后来怎么样了？,https://mp.weixin.qq.com/s/nDHiroL9Ao7utE-OESh2jA,2025-09-23,
退款13元！走出深圳一家小吃店，毕业生的手机突然收到......,https://mp.weixin.qq.com/s/L8EVrwHepofJ0VbCogtP1A,2025-09-23,吃完饭 钱却突然被退回账上？ 还附赠了一句神秘留言 ……  近日 一段短视频 在网络上走红 虽然画面只定格在一张照片上 却已收获数十万点赞 让众多网友直呼 “真的太温暖了！” 毕业生边吃边聊工作  老板默默行善举 小刘和小宋是今年到深圳求职的毕业生，8月16日下午，两人一起到龙岗区一家沙县小吃店吃饭。 两人 边吃边商量求职实习的事，吃完饭之后就离开了，在傍晚六点左右，手机突然收到了13元的退款。 她们起初还以为是系统出错，仔细一看，才发现是小吃店主动退回的， 备注栏里还写着“加油，免单！”等字眼。 事后两名毕业生把这件事发到了视频平台上，一夜之间火了。 经询问， 小吃店老板潘先生说： “是我的合伙人把钱退了。他跟我说，两个小女孩不容易。我就觉得这是一个善举。我妈当时听了也跟我说，她们出来能帮就帮一点。” 虽然金额不大 但“暖一点是一点” 潘先生此前经历过几次创业，也是两个孩子的爸爸。今年3月开始跟合伙人黄先生一起经营这家小吃店。 看到两位女生的情况，潘先生心里非常能共情。他说虽然金额不大，但是能让她们温暖一点是一点，自己是做餐饮的，其他帮不上，请她们吃一顿饭，还是可以帮忙的。 两位求职毕业生表示：“我们当时最真实的感受是泪流满面，出门在外也是第一次可以感受到这种温暖的时刻。 希望他生意兴隆，他会越来越好，我们都会越来越好。 ” 对于两位毕业生的感谢，潘先生和合伙人表示，人都有遇到困难或者低谷的时候。在这种时候，在自己的能力范围之内帮助别人，让其他人多甜一点是一点，这就是他们的初衷。也希望两位毕业生能顺利在深圳找到工作留下来。 潘先生表示，“这些都是小事，我也希望她们碰到同样情况的时候，也能有这样的小举动。 不多，就一点点善举。 ” 网友对此评论 “永远会被这种人与人之间 最淳朴的温情所打动！” “深圳真是个很温暖的城市 大家都在相互取暖” 没有宏大的仪式 却完成了一次温暖的传递 善意因此成链 温暖因此循环 来源：第一现场、 青春深圳 本期编辑：石磊、王若彤 觉得好看，请点这里↓ ↓ ↓
日本多地检出永久性化学物，可能已扩散至全国,https://mp.weixin.qq.com/s/TILdOPtclZXkit8kFbVMAA,2025-09-23,日本一项最新研究结果显示，在日本34家污水处理厂的污泥中检测出全氟和多氟烷基物质。按媒体说法，这进一步证实这类化学物质可能已扩散至日本全国。 日本媒体20日报道，京都大学研究人员从全国约2200家污水处理厂中选取34家，对其污泥进行检测分析。这些处理厂分布于日本各地，北至北海道，南至冲绳县。研究结果显示，上述34家污水处理厂的污泥中均含有全氟和多氟烷基物质。 2022年2月15日，国际原子能机构调查小组在日本福岛核电站进行实地调查。新华社/美联 全氟和多氟烷基物质难以降解，会在环境和人体中累积，被称为“永久性化学物”。研究人员指出，这项研究结果意味着这类物质可能已经普遍存在于日本各地的废水污泥中。他们希望日本政府能够基于相关研究，就废水污泥中全氟和多氟烷基物质的含量作出规定。 2023年以来，日本冲绳县、大阪府和东京都等地接连曝出水体中全氟和多氟烷基物质含量超标，附近居民血检异常。由于事发区域大多邻近驻日美军基地和日本自卫队基地，这些基地被视为可能的污染源。 日本多个市民团体反复要求就污染问题进入美军基地调查，但问题迟迟未获解决。本月12日，冲绳县一个市民团体再次提交申请，要求就美军普天间基地涉嫌污染周边水体一事展开调查。 来源：新华社，记者： 张旌 本期编辑：石磊、王若彤 关注！ ↓ ↓ ↓
习近平离开西藏返回北京,https://mp.weixin.qq.com/s/h3xZ5w4-ma-CJUEPntrneA,2025-09-23,21日中午，习近平总书记在拉萨出席西藏自治区成立60周年庆祝活动后，乘专机返回北京。在拉萨市区和机场，西藏各族群众热情欢送总书记。 来源：人民日报客户端，记者： 杜尚泽 胡泽曦， 图片： 新华社记者 谢环驰 燕雁 郝昭  本期编辑：石磊、王若彤 觉得好看，请点这里↓ ↓ ↓
“房东税”要来了？专家解读,https://mp.weixin.qq.com/s/Z018-lXktqfl2nYTi0amjA,2025-09-23,9月15日 ，我国首部专门规范住房租赁活动的行政法规《住房租赁条例》 将正式实施，该《条例》聚焦于解决长期以来困扰租房市场的虚假房源、押金乱扣等乱象，致力于营造更加健康、有序的住房租赁环境。 然而，随着《条例》实施日期的日益临近，不少人将其与“房东税”关联起来，进而使得这一话题热度居高不下，引发诸多猜测与讨论。有人称税负要增加，有人担忧房租会因此上涨。多地对类似说法进行了辟谣。 所谓“房东税”到底是什么？《住房租赁条例》具体有哪些规定？在我国出租住房要交哪些税？ 《住房租赁条例》 出台与税收无关 没有新增“房东税” 网上流传的关于所谓“房东税”落地的消息，主要源自对《住房租赁条例》第八条和第三十条的讨论。 《条例》第八条规定，出租人应当按照规定，通过住房租赁管理服务平台等方式将住房租赁合同向租赁住房所在地房产管理部门备案。 《条例》第三十条提到，县级以上地方人民政府房产管理部门应当通过住房租赁管理服务平台开展合同备案、租赁住房信息管理、统计监测等管理与服务，并与民政、自然资源、教育、市场监督管理、金融管理、公安、税务、统计等部门建立信息共享机制。 有人据此认为“备案”和“信息共享”，意味着将会全面向房东征收税款。对此，上海易居房地产研究院副院长严跃进表示， 《条例》的出台与税收之间并无关联， 《条例》的核心内容是规范住房租赁市场秩序，保护租客和房东的合法权益，而非增加税负。 针对所谓的征收“房东税”和要“加税”的消息，税务部门也进行了辟谣。国家税务总局成都市税务局发文指出， 出租房屋相应的税费政策，是实施了数十年的规定，并未因《条例》出台而调整，更没有新增“房东税”。 《条例》推动租赁信息备案，本质上是让纳税流程更规范，而非突然“加税”。 出租住房要交哪些税？ 在我国，房租收入的税收规则一直存在。北京国家会计学院副院长李旭红介绍， 对个人出租房屋所涉及的税费，涵盖了增值税、房产税、个人所得税、附加税费等多个税种。 李旭红表示，任何经营活动都有可能产生税收。 为了便利纳税人，尤其是个人出租房屋的主体，各地的税务机关 通常 都会以简并征收的方式，也就是把这些税合并在一起征收。 比如，个人出租住宅、月租金不超过10万元的情况下，北京和上海以2.5%的综合税率征收。广东广州，自有住房出租租金在2000元—30000元之间的，按照4%的综合税率征收。在四川成都，个人出租住房且在成都住房租赁交易服务平 台网签备案的，按照0%的税率综合征收，这些综合税负都远低于谣传的“20%—30%”。 严跃进表示， 《住房租赁条例》从多个方面对住房租赁活动进行了规范，包括出租房屋的条件、租赁双方的权利义务、住房租赁企业和经纪机构的行为等。随着我国住房租赁市场的不断发展和完善，租赁双方的权益都将得到更好的保障，市场也将更加健康、有序地运行。 严跃进强调， 合同备案是房屋租赁交易过程中一个基本的规范流程，目的不是收税，或监控房源和合同。 出台《住房租赁条例》， 更多地是保护租客和房东的权益，更好地促进租赁业务的推进，对于整个住房租赁市场的高质量发展具有积极的作用。 来源： 央视新闻，记者：李思默 本期编辑：石磊、王若彤 关注！ ↓↓ ↓
转扩！本周五至周日，北京部分道路临时交通管控,https://mp.weixin.qq.com/s/GrcgzJXXsIhyIcKJzy9okA,2025-09-23,8月20日，北京市公安局公安交通管理局发布关于对部分道路采取临时交通管理措施的通告：为保障专项活动安全顺利，根据道路交通安全法律法规有关规定，决定对天安门地区及相关道路分时、分段采取临时交通管理措施。具体如下—— 一、 8月22日22时至8月23日6时 ， 西华门路口（不含）经西华门大街、西筒子河路、东筒子河路、东华门大街至东华门路口（不含），除持有活动专用证件的机动车和人员外，禁止其他机动车、非机动车和行人通行。 二、 8月22日22时至8月24日7时 ， 广场东侧路，广场西侧路，人大会堂西路，新大路，除持有活动专用证件的机动车外，禁止其他机动车和非机动车通行。 三、 8月23日2时30分至4时、8时至9时20分 ， 8月24日10时至12时、15时30分至17时20分 ， 昌平南口地区温南路、昌流路相关路段，除持有活动专用证件的机动车和人员外，禁止其他机动车、非机动车和行人通行。 四、 8月23日15时至8月24日7时 ， 天安门前金水桥以北、故宫午门以南地区，中山公园，劳动人民文化宫，故宫及神武门外广场，西华门路口（不含）经西华门大街、西筒子河路、东筒子河路、东华门大街至东华门路口（不含），除持有活动专用证件的机动车和人员外，禁止其他机动车、非机动车和行人通行。 五、 8月23日16时至17时 ， 长安街由复兴门桥（不含）至国贸桥（不含），禁止机动车停车上下客和非机动车通行。 六、 8月23日16时50分至20时 ， 8月24日1时30分至4时 ， 西大望路由红庙路口（不含）至大望桥（不含），光华路由针织路口（不含）至光华路东口，除持有活动专用证件的机动车和人员外，禁止其他机动车、非机动车和行人通行。 七、 8月23日17时至8月24日4时 ， 东华门大街，北河沿大街（沙滩路口至东华门大街东口），景山东街，景山西街，景山后街，北海南门停车场，宣武门东大街，前门西大街，前门东路、前门步行街，煤市街，前门东大街，崇文门西大街，正阳市场停车场，南新华街，祈年大街，东打磨厂街，除持有活动专用证件的机动车外，禁止其他机动车和非机动车通行、停放。 八、 8月23日17时至8月24日5时 ， 由府右街北口经府右街、北新华街至和平门路口向东，经前三门大街至崇文门路口，经北京站西街（不含南侧半幅）、北京站东街（不含南侧半幅）至北京站东街东口（不含）向北，经东二环西侧辅路（不含）至金宝街东口（不含）向西，经金宝街、金鱼胡同、东安门大街、东华门大街至东华门路口向北，经北池子大街、景山前街、文津街至府右街北口以内区域；长安街由府右街南口至复兴门桥（不含）；建国门外大街由建国门桥至国贸桥（不含）；除持有活动专用证件的机动车和人员外，禁止其他机动车、非机动车和行人通行，区域内居民可凭身份证等有效证件步行进入。 九、 8月23日18时30分至20时 ， 东二环路由朝阳门桥（不含）至东便门桥（不含），禁止机动车、非机动车和行人通行，车辆和行人可经东四十条桥、广渠门桥向东、西绕行。 十、 8月24日0时30分至4时 ， 复兴门桥，复兴门外大街，复兴路由木樨地桥至新兴桥（不含），除持有活动专用证件的机动车和人员外，禁止其他机动车、非机动车和行人通行。社会车辆和行人可经广安路，紫竹院路，西直门外大街绕行。 十一、 8月24日1时至2时 ， 西二环路由复兴门桥至官园桥（不含）南向北主、辅路，除持有活动专用证件的机动车和人员外，禁止其他机动车、非机动车和行人通行。 十二、 8月24日1时10分至2时30分 ， 平安里西大街，地安门西大街，地安门东大街，张自忠路至东四十条桥，除持有活动专用证件的机动车和人员外，禁止其他机动车、非机动车和行人通行。 十三、 8月24日1时30分至3时 ， 东二环路由东直门桥（不含）至东便门桥（不含），禁止机动车、非机动车和行人通行，车辆和行人可经东直门北桥、广渠门桥向东、西绕行。 十四、 8月24日1时40分至3时30分 ， 工人体育场北路，农展馆南路，朝阳公园南路，甜水园街，金台路，除持有活动专用证件的机动车和人员外，禁止其他机动车、非机动车和行人通行。 十五、 前往北京站的机动车和非机动车 ， 可由东二环路东便门桥、崇文门东大街、北京站西街、北京站东街、东二环路单向循环通行。 管控期间， 交管部门将尽量压缩管控时间，加大社会交通引导放行力度，最大限度减少对社会交通影响。 管控结束时间如有调整，将及时通过媒体宣传告知。 请社会单位及各界群众合理安排出行，尽量选择公共交通工具，出行时绕开管控区域、道路。 来源： 央视新闻（ 记者： 赵学荣 ）综合北京发布、北京交警 本期编辑：石磊、王若彤 转发周知！ ↓ ↓ ↓
李福贵花2万元带村里46名老人旅游，有人打扮得比结婚还“齐整”,https://mp.weixin.qq.com/s/AaaD_q0EYPTxRiC8DBLB1A,2025-09-23,“好几天都没睡好，无时无刻不在担心安全问题，直到送到家的最后一刻，才放松下来。能带他们出去，（看到他们高兴）我心情还挺好的。” 8月19日，河南知名博主李福贵发布视频称， 带村里46名老人走出大山，去郑州旅游。 8月20日，她告诉记者，由于担心老人们的安全问题， 她给每人买了保险，带了救心丸等药品，还委托旅行社4名导游陪同 。 这一趟，李福贵 花了2万多块钱，费用来自她做自媒体赚的钱 。 李福贵在村里卖货 李福贵说，有老人是第一次去郑州，非常高兴， “打扮得比结婚那天还齐整”。 她带老人去看了“只有河南”，还带老人们听戏看剧。 对于未来会不会再带老人出门，李福贵表示：“肯定会的，但是会更慎重去考虑。这事有挺多需要担心的，但是只要相信自己，就一定能做好。” 截至8月21日发稿时，李福贵带老人出游的视频已经获得超过600万点赞，她的短视频平台账号粉丝量达到997万，有网友评价说， “河南原来不只有胖东来，还有李福贵。” 今年27岁的李福贵， 是努力担起家庭责任的“卖货郎”，也是村里老人竖起大拇指夸的“自家闺女”。 李福贵 父母均患智力障碍，爷爷年事已高，奶奶去世后，她扛起一家四口的生计。从推车卖煎饼、卖豆腐开始，渐渐扩大“经营范围”，开始了走村卖货的日子。2024年起，她把日常拍成短视频：帮老人晒麦子、给失智母亲扎小辫、为老乡拍照片…… 没有滤镜、没有脚本，却直击人心，网友称她为“豆腐姑娘”。 出身平凡，遭遇过坎坷，却始终像向日葵一样朝着阳光生长。不久前，李福贵在接受人民日报采访时说， “人家对自己好，也得对人家好，我想成为能照耀到别人的人。” 对于未来，李福贵想继续走她的乡路。她觉得，那些日复一日的坚持，点点滴滴的善意，终将汇聚成照亮生活的光。 来源：综合大象新闻（记者：赵朝阳 张容）、河南广电、人民日报视频号 本期编辑：胡程远、朱田恬 给李福贵点赞！ ↓ ↓ ↓
逾6000名赴美学生签证被撤销,https://mp.weixin.qq.com/s/MGXMON7wwm1ZGVd4traq5w,2025-09-23,　　据美国有线电视新闻网、福克斯新闻网等多家美国媒体18日援引美国国务院匿名官员的话报道， 美方今年已撤销逾6000名学生签证。 　　特朗普政府执政以来，出台一系列针对赴美学习的强硬举措。数据显示， 今年春天，全美有超过4700名外国学生的在美合法身份被撤销 ， 当事人事先都没有得到任何通知。 　　今年5月，美国国务卿鲁比奥签署相关文件称，特朗普政府考虑要求所有申请到美国留学的国际学生接受社交媒体审查。为准备实施这一审查要求，美国国务院指示全球各地的美国使领馆，暂停为学生和交流访问学者签证申请者安排新的面谈。6月，美国国务院宣布将恢复学生签证面试，并要求所有申请者公开社交媒体账户以加强审查。 来源 ： 新华社 本期编辑：胡程远、朱田恬 关注！ ↓ ↓ ↓
西藏自治区成立60周年庆祝大会隆重举行 习近平出席大会,https://mp.weixin.qq.com/s/sZPYNTaNryclxaScNDtKdg,2025-09-23,西藏自治区成立60周年庆祝大会隆重举行 中共中央全国人大常委会国务院全国政协中央军委致电祝贺 习近平出席大会 王沪宁出席并讲话　蔡奇出席 六十载奋斗栉风沐雨，六十年雪域沧桑巨变。21日上午，西藏各族各界干部群众约2万人欢聚拉萨市布达拉宫广场，热烈庆祝西藏自治区成立60周年。中共中央总书记、国家主席、中央军委主席习近平出席庆祝大会。 中共中央政治局常委、全国政协主席、中央代表团团长王沪宁出席并讲话，中共中央政治局常委、中央办公厅主任蔡奇出席。 古城拉萨彩旗飘扬，处处洋溢着节日的氛围。雄伟的布达拉宫下，搭建起藏式风格的大会主席台。主席台上方中华人民共和国国徽和“西藏自治区成立60周年庆祝大会”横幅十分醒目，背景墙上悬挂着大庆会徽和“1965”“2025”字样，10面红旗分列两侧。主席台对面的布达拉宫广场上，身着节日盛装的各族群众从四面八方汇聚到这里，手中挥动着红旗，汇聚成一片欢乐的海洋。 上午10时许，在欢快的乐曲声中，习近平等领导同志走上主席台，全场响起长时间的热烈掌声。 西藏自治区党委副书记、自治区人民政府主席嘎玛泽登宣布大会开始。全场起立，高唱国歌，鲜艳的五星红旗在布达拉宫广场冉冉升起。 中共中央政治局委员、国务院副总理、中央代表团副团长张国清宣读中共中央、全国人大常委会、国务院、全国政协、中央军委关于庆祝西藏自治区成立60周年的贺电。 王沪宁向西藏自治区赠送习近平题词的“共建中华民族共同体 书写美丽西藏新篇章”贺匾。 王沪宁发表讲话。他说，1965年9月，在党中央亲切关怀和党的民族政策光辉照耀下，西藏自治区宣告成立。这是西藏发展史上具有划时代意义的大事，巩固了西藏和平解放和民主改革的伟大成果，实现了西藏社会制度的历史性跨越。60年来，西藏经济社会全面发展，民族区域自治制度成功实践，民族团结日益巩固，各族人民生活蒸蒸日上，充分展现了中国共产党领导的坚强力量，充分展现了我国社会主义制度的显著政治优势。 王沪宁表示，党的十八大以来，以习近平同志为核心的党中央高度重视、全面加强西藏工作，确立新时代党的治藏方略，从党和国家事业全局出发系统谋划推进西藏长治久安和高质量发展，西藏同全国一道打赢脱贫攻坚战、全面建成小康社会，西藏经济社会发展取得历史性成就，民族团结进步事业发生历史性变化，人民生活水平实现历史性跃升，西藏步入发展最好、变化最大、各族群众得实惠最多的历史时期，社会主义现代化新西藏建设展现勃勃生机。 王沪宁表示，站在新的历史起点上，我们要坚持以习近平新时代中国特色社会主义思想为指导，全面贯彻落实党的二十大和二十届二中、三中全会精神，深刻领悟“两个确立”的决定性意义，增强“四个意识”、坚定“四个自信”、做到“两个维护”，贯彻落实新时代党的治藏方略，牢牢把握铸牢中华民族共同体意识主线，抓好稳定、发展、生态、强边四件大事，努力建设团结富裕文明和谐美丽的社会主义现代化新西藏，为实现中华民族伟大复兴的中国梦不懈奋斗。 西藏自治区党委书记王君正、藏族群众代表卓玛仁增在会上发言。 随后，举行了充满吉祥喜庆气氛的盛大群众游行。游行分为“旗帜引领”“四件大事”“奋进新时代”“走向未来”4个单元，26个群众游行方队、彩车，在欢快的音乐中依次行进。各族群众身着绚丽多彩的服饰，跳起热情欢快的舞蹈，表达过上幸福生活的喜悦之情、对党和国家的感恩之情。习近平等不时向各界群众挥手致意。 在《歌唱祖国》的激昂旋律中，和平鸽展翅高飞，彩色气球腾空而起，现场响起热烈的掌声和欢呼声，大会圆满结束。 李干杰、何立峰、王小洪、洛桑江村、胡春华、帕巴拉·格列朗杰和张升民，在西藏工作过的老同志，以及中央和国家机关有关部门负责同志、中央代表团全体成员，西藏自治区党政军负责同志等出席大会。 来源：人民日报客户端， 摄影：新华社记者 燕雁、殷博古 本期编辑：胡程远、朱田恬 觉得好看，请点这里 ↓ ↓ ↓
九三阅兵旗手，是他们！,https://mp.weixin.qq.com/s/cPxKugTzbVr-1IuaVTCrHg,2025-09-23,擎起大国威仪——记抗战胜利80周年阅兵活动3名旗手 即将在纪念中国人民抗日战争暨世界反法西斯战争胜利80周年阅兵活动中，高擎党旗、国旗、军旗通过天安门广场的3名旗手分别是：王子赫、石斌、徐泽东。 他们来自中国人民解放军仪仗司礼大队，都曾担负300起以上仪仗司礼任务，同为“90后”，平均身高189厘米。 党旗手王子赫 综合演练中，高擎党旗的王子赫，面前是平坦宽阔、空无一人的长安街，身后是列队如山的受阅部队。他必须做到“走百米不差分秒，走百步不差分毫”。 天安门东西华表间从敬礼线到礼毕线的距离是96米。“作为一名党员，能高擎党旗走过天安门是无上荣光，更是千钧重责。”王子赫说，80年前，中国共产党在抗日战争中发挥了中流砥柱作用；今天，这面旗帜还将引领亿万中华儿女取得新的胜利。 王子赫的太姥爷、祖父都曾参加过抗日战争。从小，他立志参军报国，2015年9月入伍，成为一名仪仗兵，曾担负2019年国庆阅兵军旗擎旗手，多次赴俄罗斯、白俄罗斯、韩国等国执行仪仗司礼任务。 他的微信朋友圈背景是8个大字：“献身仪仗，为国争光”。 国旗手石斌 擎旗手手中的旗杆长3.35米，旗杆加旗面重约4千克。石斌在训练时时常主动加练。 “遇到下雨或是极端天气，旗的实际重量会重很多，这要求我们要有足够的训练储备。”石斌说。 “持旗、扛旗、端旗，日复一日的训练中，我更加体会到‘护卫国旗，重于生命’。”石斌说，国旗是国家的象征和标志，维护国旗尊严，就是维护国家尊严。 2022年8月1日，天安门广场升国旗仪式前，一场暴雨混杂着冰雹突如其来，肩扛国旗的石斌忍着冰雹砸在身上的疼痛，依旧保持挺拔姿态。 当解放军军乐团在天安门城楼上吹响升旗号角，国旗护卫队官兵踏上了金水桥。石斌记得，浸湿的国旗比平时更重，但他们的脚步依旧铿锵有力。 石斌说：“无论雨雪风霜、烈日骄阳，我们都会坚持一流标准，用实际行动捍卫国旗尊严。” 军旗手徐泽东 每当扛起军旗，徐泽东都会想起入伍之初面向军旗许下的中国人民解放军军人誓词。 他家中三代从军，祖父、父亲都曾服役于空军，保障战鹰高飞远航。小时候，徐泽东常听父亲讲部队的故事，但他说：“直到穿上军装、扛起军旗，我才真正懂得军人的责任。” 当被问到为什么极力追求每一次训练都不容有失，徐泽东以一个故事作为答案：红军长征时，高举红旗走在队伍最前头的人叫“打旗兵”。有一个“打旗兵”在过草地时陷入沼泽，生死关头，他仍奋力将红旗扶正。 “军旗，指引胜利的方向。”徐泽东说，“作为军人，我们要让军旗在手中高高飘扬。” 来源：新华社， 记者：于晓泉、刘艺 本期编辑：胡程远、朱田恬 觉得好看，请点这里 ↓ ↓ ↓
习近平出席西藏自治区成立60周年庆祝大会,https://mp.weixin.qq.com/s/gqQPe_Lp4ZiGXxEG01Uleg,2025-09-23,21日上午，习近平总书记在拉萨市布达拉宫广场出席西藏自治区成立60周年庆祝大会，同西藏各族各界干部群众约2万人共同欢聚，热烈庆祝西藏自治区成立60周年。 来源：人民日报客户端，记者：杜尚泽、胡泽曦 本期编辑：胡程远、朱田恬 觉得好看，请点这里 ↓ ↓ ↓
中国经济怎么看、怎么干？人民日报7个关键字说透了,https://mp.weixin.qq.com/s/5MRo8iTk-__JvgAqDDyTVg,2025-09-23,“怎么看”和“怎么干” 经济工作的两个基本问题 形势决定任务 看法决定干法 8月12日至18日 《人民日报》在头版重要位置 连续刊发七篇述评 从中国经济之“势”、之“稳” 之“进”、之“新”、之“融” 之“重”、之“美”等多个关键维度 展开深刻论述 ↓ ↓ 抓改革、促发展 归根到底就是 为了让人民过上更好的日子 时与势在我们一边 这是我们定力和底气所在 也是我们的决心和信心所在 来源：人民日报微信，记者： 李心萍、韩鑫、齐志明、邱超奕、王观、葛孟超、谷业凯、王珂、欧阳洁、林丽鹂、喻思南、韩鑫、朱隽、常钦、罗珊珊、郁静娴、申少铁、李晓晴 ，策划：刘杰、石磊，设计：陈泉伊、姜棋超 本期编辑：刘杰、石磊 中国经济，一定行！
多地商场有了“父婴室”,https://mp.weixin.qq.com/s/padgFw79PZSZj23nzsJZRA,2025-09-23,　　近日，有网友发文称，北京朝阳大悦城商场 将母婴室更改为育婴室， 宝妈和宝爸都能用，该措施引发网友热议。 　　评论区有网友补充道，北京惠多港购物中心除了母婴室外，还设有专门的“ 父婴室” 。 　　据经视直播报 道，北京朝阳大悦城商场工作人员表示，今年夏天对原有母婴室进行改造，将其升级为 育婴室 。育婴室设有自动门和隔帘，将哺乳区与换洗区明确分隔。 宝爸可以在换洗台区域为孩子更换尿布， 而哺乳区则仍为妈妈们保留私密空间。工作人员也坦言，这一改变引发了一些争议，商场将持续关注用户体验，必要时会进一步调整。 　　北京惠多港购物中心工作人员则表示，商场的确设置了一个“ 父婴室”，是应顾客需求设立的。“有的宝爸带孩子来商场，使用母婴室确实不太方便。”工作人员称， 商场也有多个母婴室，供宝妈使用， 对于合理的意见建议都会认真考虑。 此前报道 ： 上海、深圳“父婴室”引热议   　　今年3月 份，有网友发文称在路过深圳一家天虹超市时，意外发现了一间 专为爸爸们设立的 “ 父婴室 ”。 　　据深圳新闻网 报道，3月10日，记者实地探访位于宝安天虹购物中心的“父婴室”。门上醒目的 “超级奶爸区” 标识和亮着灯的蓝色奶瓶， 让人一眼就能认出。室内则设施齐全，配备了冷热水、加热湿巾、奶粉冲泡区和放置台等。 与之相邻的“母婴室”则空间更大，设有数个带帘隔间，为宝妈们提供了更多的隐私空间。 　　一位在门口等待的宝爸表示，“以前我带着孩子不太敢去‘母婴室’，有的母婴室还会在门口写‘男士免进’，哪怕里面空无一人，也怕路人觉得我奇怪。有‘父婴室’就方便多了！” 　　他还提到，除了天虹超市， 深圳多个商场也陆续设立了类似的“父婴室”。 　　去年10月，上海有商场设立“ 父婴室”的消息，也一度引发热议。 　　武汉大学社会学院社会学教授周运清认为—— 　　“现在孩子成长教育过程中，父亲陪伴比较缺乏， 提倡父亲多陪伴，和母亲一起养育孩子， 这对孩子的健康成长是有好处的。‘父婴室’在母婴室的基础上出现，是完善家庭与生活服务的一种重要形式，也可以当作鼓励父亲带孩子的一种重要途径。在我看来， 养育孩子的过程中，在特殊阶段， 有专门的空间来给母亲喂奶、照顾孩子，标志着公共空间更加关注民生需求，说明公共空间关注民生更具体、更亲切了，是文明进步的标志。 公共场所如果真正考虑到孩子需要、父母需要的话，还要在娱玩设施——娱乐和游玩，多动些脑筋， 因为这是孩子的特点，实际上对商业也是有作用的。” 　　对于公共场所的亲子设施，也有父母表达了希望设立亲子间或家庭育婴室的想法， 不需要过分强调“父婴室”还是“母婴室”。 　　中南大学湘雅公共卫生学院儿少卫生与妇幼保健学系主任龚雯洁也认同这种想法。在她看来， 公共场所的亲子设施本质是体现社会对育儿责任的支持和尊重，营造对家庭友好的公共环境。 你怎么看？ 来源： 中国青年报，综合经视直播、 深圳新闻网、央广网、央视新闻等 本期编辑：胡程远、朱田恬 觉得好看，请点这里 ↓ ↓ ↓
“三种油”再香也要管住嘴！研究发现：抑制免疫细胞，加速肿瘤生长,https://mp.weixin.qq.com/s/0Qf-RLYiAjR0H_y8la_2tQ,2025-09-23,日常生活中，很多人喜欢用猪油炒菜、吃牛油火锅、用黄油煎牛排。确实，动物油脂能带来非常棒的香气，但过多摄入却可能会对健康产生不利影响。近日，哈佛大学的一项研究发现： 过量摄入猪油、牛油、黄油等动物油脂会抑制免疫细胞的功能，加速肿瘤的生长。 01 研究发现：猪油、牛油、黄油 或加速肿瘤生长 你喜欢用猪油还是 植物油炒菜？ 2025 年7 月，哈佛医学院研究团队在《自然- 新陈代谢》 （ Nature Metabolism ） 期刊上发表 的 一项研究发现： 猪油、牛脂、黄油等动物脂肪为主的高脂肪饮食，会削弱免疫细胞的功能，加速肿瘤生长， 而植物脂肪则能保护免疫细胞的功能，维持了其抗肿瘤功能。 研究人员通过 动物实验给小鼠 喂食 “ 常规食物 ” 和 “高脂饮食” （猪油、牛油、黄油、椰子油、橄榄油或棕榈油） ，给小鼠皮下注 入 黑色素瘤细胞， 观察这些黑色素瘤细胞的生长速度。 最终 出人意料的是 ： 喂食动物油脂 （ 猪油、牛油 、 黄油 ） 的 小鼠 ， 其 肿瘤生长 的速度 比 “常规食物”组的小鼠更快；而喂食植物油脂 （ 椰 子油、橄榄油 、 棕榈油 ） 的小鼠其 肿瘤生长 速度和 “常规食物”组的小鼠没有差异。 简单来说， 不同的油脂 会 影响 肿瘤 的 生长 速 度 。 经常吃动物油脂 （猪油、牛油、黄油） 或会加速肿瘤生长。 研究人员进一步研究 发现， 动物脂肪 会 通过代谢物抑制抗肿瘤免疫，加速肿瘤生长；而植物 油脂 则保留免疫功能，减缓肿瘤进展。 02 换一换家里食用油 死亡风险大大降低 2025 年3 月，《美国医学会杂志- 内科学》刊发的一项随访33 年涉及22 万成年人的研究 发现 ： 用植物 油脂 代替动物 油脂 （黄油） ， 死亡风险大大降低。 研究重点 比较 了动物油脂 （ 黄油 ） 和植物 油脂 （大豆油、玉米油、菜籽油 、 橄榄油 、红花油 ）的 日常 摄入量。结果发现 ： 动物油脂摄入过多会升高死亡风险： 与吃黄油最少的人相比，吃动物油脂（黄油）最多的人总死亡风险增加了 15%。 用植物油脂替换黄油死亡风险降低： 用植物油脂（尤其是菜籽油、大豆油和橄榄油）替换动物油脂（黄油），可以显著降低死亡风险。比如：用等量的植物油脂替换 10 克/天的黄油，预计可使总死亡风险降低 17%，癌症死亡风险降低 17%。 总之，动物油脂 （黄油）摄入量越高与 死亡风险升高 有关，而植物 油脂 则相反。 用植物 油脂替换 动物 油脂 （黄油） ， 特别是橄榄油、大豆油和油菜籽油，可能 对预防 过早死亡带来重大好处。 03 日常健康吃油，记住这5点 健康适量吃，绝不能不吃油 有人 认为 “油吃多了容易胖，不吃油 或很少吃油， 行不行？ ” 这是不行的！因为 食用油为人体提供的必需脂肪酸主要是亚油酸和 α- 亚麻酸。必需脂肪酸是指人体生命活动必不可少、但人体自身又不能合成、必须由食物供给的多不饱和脂肪酸 。 不同植物油，要经常换着吃 没有 “ 绝对 完美 ”的油 ， 建议要经常 换着油吃，不要长期只吃一种油。 很多人对经常换 油吃得理解是换不同的品牌， 事实上虽然许多 食用油 名字不同，但 其中 脂肪酸 的 构成 是 差不多 的 。比如 ： 大豆油、玉米油、小麦胚芽油和葵花籽油类似；花生油和米糠油类似；茶籽油、杏仁油和橄榄油类似；亚麻籽油和紫苏籽油类似等。 常用油脂中脂肪酸组成图。 图/ 《中国居民膳食指南2022》 因此， 不同油脂的替换，应该按照脂肪酸构成不同的品种来换，否则所得到的脂肪酸基本一样，相当于没有替换。 平时炒菜多，选精炼植物油 平时炒菜和油炸较多，优先精炼植物油，烟点较高；平时凉拌较多，可选用初榨、初级冷榨、特级初榨植物油。 食用油质量等级标准 根据 精炼程度划分，由高到低分为：一级、二级、三级、四级，等级越高，精炼程度越高，有害成分的含量就会减少，但同时也会流失一部分营养物质与风味。 一级、二级食用油： 精炼程度较高，炒菜油烟少，比较适合高温烹调，如炒菜等，但也不建议长时间煎炸； 三级、四级食用油： 精炼程度不高，烟点较低，营养保留较多，适合炖汤、蒸菜等 。 控制摄入量，每日别超30克 油脂虽然不能一点不吃，但也不能吃得太多。 《中国居民膳食指南  2022 》 推荐成人每日烹调油摄入量为 25- 30  克 （约 2-3  白瓷汤匙）。这包括了烹饪用油和食物中自带的油脂（如肉类、坚果、糕点等）。 反复煎炸油，建议不要再吃 有些人日常经常会炸一些食物，往往会用很多油来煎炸。这些油炸完食物扔掉又很可惜，于是许多人过滤沉淀后会继续用来炒菜。高温反复煎炸的油会产生反式脂肪酸，反式脂肪酸对心血管健康危害极大，显著增加心脏病风险。 来源：健康时报微信 本期编辑：刘杰、郑薛飞腾 分享给家人朋友！ ↓ ↓ ↓
来了！新闻早班车,https://mp.weixin.qq.com/s/ksxt0jpRrplQWLadKL_kiA,2025-09-23,点击这里，查看更多精彩内容 要闻 中共中央总书记、国家主席、中央军委主席习近平率中央代表团20日中午乘专机抵达拉萨，出席西藏自治区成立60周年庆祝活动。 中共中央总书记、国家主席、中央军委主席习近平20日下午接见西藏各族各界代表，代表党中央向西藏各族儿女致以诚挚问候和衷心祝愿，希望大家继续同心协力、团结奋斗，共同谱写中国式现代化的绚丽雪域篇章。 习近平在听取西藏自治区党委和政府工作汇报时强调，全面贯彻新时代党的治藏方略，努力建设团结富裕文明和谐美丽的社会主义现代化新西藏。 西藏自治区成立60周年庆祝大会将于今天上午10时在西藏自治区拉萨市隆重举行。中共中央总书记、国家主席、中央军委主席习近平将出席大会。 20日，国务院新闻办公室举行新闻发布会，介绍 阅兵准备工作 有关情况。（附： 阅兵训练高清大图 ） 今年以来，我国实施新一轮农村公路提升行动，前7个月全国新改建农村公路超5万公里。 今年前7个月，国家开发银行发放先进制造业和战略性新兴产业贷款3850亿元，同比增长51.3%。 今年前7个月，我国对上合组织其他成员国进出口2.11万亿元，规模创历史同期新高。 近日，我国科研团队通过对嫦娥六号月壤样品的高精度年代学研究，首次精确测定月球阿波罗盆地形成于41.6亿年前。 20日上午，中俄海军第5次海上联合巡航圆满结束。 社会 未来一周，黄淮、江淮、江南等地有持续性高温，江浙沪等地部分地区最高气温37～39℃。中央气象台继续发布高温黄色预警。 市场监管总局起草公用事业领域反垄断指南，20日起面向社会公开征求意见。 2025年两院院士增选 有效候选人名单 公布。 中国社科院发布《新编第二次世界大战史》等8项抗战史和二战史重大研究成果。 体育总局近日发文，明确合作组建国家高水平运动队的管理机制，开门、开放办竞技体育。 国家药监局通告：哈尔滨蜜雪儿化妆品有限公司、和世生物科技（重庆）有限公司、蔻丝芙国际贸易（深圳）有限公司生产质量管理体系存在严重缺陷，责令暂停生产。 北京市消协推出共享充电宝行业自律公约，建议共享充电宝用满5分钟才能收费。 广西将为全区近96万名适龄女生提供免费HPV疫苗接种服务。 宁夏—湖南±800千伏特高压直流输电工程投产送电，每年可向湖南输送电量超360亿千瓦时。 新疆乌鲁木齐至尉犁高速公路预计年底具备通车条件，将改变天山南北的交通格局。 政策 财政部、税务总局发布公告，对按照育儿补贴制度规定发放的育儿补贴免征个人所得税。 国家卫健委等4部门发文，提出引导儿童与青少年科学、安全使用耳机等任务，提高耳与听力健康水平。 广州商业住房贷款转公积金贷款政策今起实施，为承担商业房贷的家庭打开降息通道。 今日天气 　　内蒙古中东部、东北地区中南部、青海东部、甘肃南部、陕西、华北、江南东部、西南地区东部和南部、华南西部等地部分地区有中到大雨，其中，辽宁东部和西南部、陕西东部、山西西部和南部、河北中北部、北京东部、天津北部和西部、四川盆地西部和南部、贵州西部和南部、云南东部和南部、广西东北部等地部分地区有暴雨，局地大暴雨。 早安中国 　　每个清晨，遇见大美中国。 　　今年是西藏自治区成立60周年。珠穆朗玛峰高耸入云，雅鲁藏布江奔腾不息，见证着雪域高原的沧桑变迁。60年来，西藏实现历史性巨变，站在新的历史起点上，西藏各族人民团结一心、昂然向前，为更加幸福美好的明天携手奋进。西藏欢迎您 ！ 　　坚持的人，懂得把自律当作习惯，把困难当作挑战。绝大多数好习惯的养成，藏在每天、每周、每月的细微坚持里。有些习惯看似很小，却在时光沉淀中迸发出远超想象的力量，带你抵达向往的远方。新的一天，早安！ 本期编辑：石磊 ，实习生： 陈皓迪 、 孟媚 ｜主播：韦礼义 觉得好看，请点这里 ↓ ↓ ↓
习近平观看庆祝西藏自治区成立60周年文艺晚会《雪域欢歌》,https://mp.weixin.qq.com/s/r1u1dBresEivuTAgfxvcsw,2025-09-23,习近平观看庆祝西藏自治区成立60周年文艺晚会《雪域欢歌》 王沪宁蔡奇出席观看 20日晚，西藏大剧院洋溢着喜庆祥和的氛围。庆祝西藏自治区成立60周年文艺晚会《雪域欢歌》在这里举行。中共中央总书记、国家主席、中央军委主席习近平，同西藏自治区各族干部群众共同观看演出。 晚会在载歌载舞的《感谢您·“图吉切”》中拉开帷幕。演出共3个篇章。上篇通过《幸福的起点》《踏歌庆贺》《农场五朵金花》等歌舞，展现建设社会主义新西藏的生动场景。中篇情境歌舞《奔跑的高原》、歌曲联唱《家乡美》、配乐讲述《厚爱》，表现改革开放给雪域高原带来的蓬勃生机。下篇《新的征程》《嘎拉村的欢笑》《琴鹤齐鸣》《我们都是亲兄弟》《在祖国的怀抱》等歌舞，展现幸福新西藏的美好图景，《同心共舞新时代》将晚会推向高潮。整台晚会情感浓烈、精彩纷呈，反映了西藏自治区60年来的光辉历程，表达了西藏各族人民永远听党话、感党恩、跟党走的真挚情感。 王沪宁、蔡奇、李干杰、何立峰、张国清、王小洪、洛桑江村、胡春华和张升民，在西藏工作过的老同志，以及中央和国家机关有关部门负责同志、中央代表团全体成员一同观看演出。 来源：人民日报客户端 本期编辑：刘杰、郑薛飞腾 觉得好看，请点这里 ↓ ↓ ↓
【夜读】这些话，读完豁然开朗！,https://mp.weixin.qq.com/s/_d-0FZ7zRhWQsVnayyN9aQ,2025-09-23,今天是周三 人民日报夜读 “周三加油站” 如约而至 每个周三晚上 我们会用漫画的方式 治愈你、温暖你 为你加油鼓劲 今晚的夜读 送给有时候会觉得 压力有点大的你 01 日常生活里 我们难免会有 觉得“压力很大”的时刻 纠结着过去的遗憾 担忧着未来的发展 人生路漫漫 你若把路上遇到的每一件事 都紧紧攥在手心 就会寸步难行 学会放下，学会翻篇 倒空杯子 才能装下新的人生故事 02 亲爱的朋友 别焦虑、别难过 去专注自己，去直面问题 大部分时候 我们都无法立即轻松地解决问题 我们会沮丧，会失落 会一次又一次地跌倒 然而，也是在这个过程中 我们渐渐学会了 面对问题，解决问题 适应这个变化的世界 而这最终将会让我们 成为自己想成为的人 我们常说“要加油啊！” 并不是因为自己不够勤奋 也不是要跟别人比成就 而是由衷地觉得： 我不止于此，我值得更好的 我希望努努力 和理想目标再近一点 我不想回首往事时 因一事无成而悔恨遗憾 所以，亲爱的朋友 要加油 要日复一日地加油 要排除万难地加油 要在每一次想要放弃的时候 再给坚持一点理由 努力追上那个 想要成为的自己 这里是人民日报夜读 “周三加油站” 每个周三晚上 我们都会在这里 为你加油鼓劲 摇旗呐喊 让我们一起加油 创造更美好的未来 来源：人民日报夜读、小红书@鸡几喳喳 |  漫画作者：永勤，网络行走的充电宝，想为你治愈焦虑，部分漫画文案从网络搜集整理 本期编辑： 李娜 陈露，实习生：甘雨欣 洪舒云 觉得好看，请点这里↓ ↓ ↓
两院院士增选，候选人名单公布,https://mp.weixin.qq.com/s/oEy38NkTIrBqU78b0s5-Vw,2025-09-23,8月20日，中国科学院网站、中国工程院网站分别发布公告，公布2025年中国科学院院士增选有效候选人名单、中国工程院2025年院士增选有效候选人名单。 关于公布2025年中国科学院院士增选有效候选人名单的公告 　　2025年中国科学院院士增选推荐工作已经结束。经中国科学院学部主席团审议，中国科学院党组审定，确认2025年中国科学院院士增选有效候选人639人。根据《中国科学院院士增选工作实施办法（试行）》的规定，现将有效候选人名单予以公布。 中国科学院     2025年8月20日   关于公布中国工程院2025年院士增选有效候选人名单的公告 　　中国工程院2025年院士增选提名工作已经结束。经中国工程院第八届主席团第十六次会议审议，中国工程院党组审定，确认中国工程院2025年院士增选有效候选人660人。根据《中国工程院院士增选工作实施办法》的规定，现将有效候选人名单予以公布。 中国工程院 2025年8月20日 来源：人民日报客户端（记者：谷业凯） 本期编辑：刘杰、郑薛飞腾 觉得好看，请点这里 ↓ ↓ ↓
九三阅兵训练高清大图，来了！,https://mp.weixin.qq.com/s/o80Qa5YrbghXOFyqGIqxuA,2025-09-23,来源：中国军号 本期编辑：刘杰、郑薛飞腾 点赞！ 转发！ 骄傲！ ↓ ↓ ↓
习近平：全面贯彻新时代党的治藏方略 努力建设团结富裕文明和谐美丽的社会主义现代化新西藏,https://mp.weixin.qq.com/s/Q5xxXtn1Fd6xvbYpPlpsvQ,2025-09-23,习近平在听取西藏自治区党委和政府工作汇报时强调 全面贯彻新时代党的治藏方略 努力建设团结富裕文明和谐美丽的社会主义现代化新西藏 王沪宁蔡奇参加汇报会 　　率中央代表团出席西藏自治区成立60周年庆祝活动的中共中央总书记、国家主席、中央军委主席习近平，20日听取西藏自治区党委和政府工作汇报。他强调，西藏要全面贯彻新时代党的治藏方略，坚持稳中求进工作总基调，完整准确全面贯彻新发展理念，扎实推动高质量发展，持续深入抓好稳定、发展、生态、强边四件大事，努力建设团结富裕文明和谐美丽的社会主义现代化新西藏。 　　习近平指出，西藏自治区成立60年来，在党中央坚强领导和全国人民大力支持下，自治区党委和政府团结带领全区各族人民艰苦奋斗、开拓进取，坚持和完善民族区域自治制度，深入开展反分裂斗争，经济社会发展取得举世瞩目的重大成就，雪域高原发生翻天覆地的变化，同全国各地一道如期全面建成小康社会、迈上全面建设社会主义现代化国家新征程。他代表党中央，向西藏各族干部群众表示热烈祝贺、致以诚挚问候！ 　　习近平强调，治藏稳藏兴藏，首先是要保持西藏的政治安定、社会稳定、民族团结、宗教和顺。要进一步铸牢中华民族共同体意识、推进中华民族共同体建设，加强党史、新中国史、改革开放史、社会主义发展史、中华民族发展史宣传教育，广泛宣传西藏自治区60年来的辉煌成就，讲好新时代西藏故事，引导各族干部群众不断增进“五个认同”。要积极创建全国民族团结进步模范区，推广普及国家通用语言文字，促进各民族交往交流交融，推动西藏与内地经济、文化、人员双向交流。要按照系统推进我国宗教中国化、加强宗教事务治理法治化的要求，引导藏传佛教与社会主义社会相适应。要强化党建引领，健全社会工作体制机制，更好凝聚服务群众，夯实社会治理基础。 　　习近平指出，西藏发展有自身特点，要从实际出发推动高质量发展。要因地制宜发展高原特色优势产业，特别是特色农牧业和清洁能源产业，持续发展资源加工业，积极发展现代服务业，促进文旅产业融合。要有力有序有效推进雅下水电工程、川藏铁路等重大项目建设。要加强生态文明建设，协同推进降碳、减污、扩绿、增长，守护好“世界屋脊”和“亚洲水塔”。要统筹推进新型城镇化和乡村全面振兴，巩固拓展脱贫攻坚成果，扎实做好就业、教育、医疗卫生、社会保障、养老、托幼等民生工作，进一步提升各族群众的获得感、幸福感、安全感。要继续做好定日县灾后重建工作。 　　习近平强调，做好西藏工作，必须始终坚持党的领导、加强党的建设。要坚持不懈用新时代中国特色社会主义思想凝心铸魂，引导各族干部群众听党话、跟党走。要大力弘扬老西藏精神、“两路”精神，坚持严管厚爱统一、激励约束并重，引导广大党员、干部和各类人才奋发进取、担当作为，同时落实各项关爱措施，帮助解决后顾之忧。要充分发挥基层党组织的战斗堡垒作用。要运用好深入贯彻中央八项规定精神学习教育成果和经验，健全作风建设常态化长效化机制。要认真落实全面从严治党政治责任，坚持正风肃纪反腐相贯通，一体推进不敢腐、不能腐、不想腐，努力营造风清气正的政治生态。 　　西藏自治区党委书记王君正汇报了自治区党委和政府的工作。全国政协副主席、自治区政协主席帕巴拉·格列朗杰，自治区人大常委会主任严金海，自治区人民政府主席嘎玛泽登参加汇报会。 　　王沪宁、蔡奇、李干杰、何立峰、张国清、王小洪、洛桑江村、胡春华和张升民，中央和国家机关有关部门负责同志，中央代表团全体成员，西藏自治区党政军负责同志等参加汇报会。 来源：人民日报客户端 本期编辑：刘杰、郑薛飞腾 觉得好看，请点这里 ↓ ↓ ↓
习近平接见西藏各族各界代表,https://mp.weixin.qq.com/s/grVDTZyj7MyMOlDxDPp8ZA,2025-09-23,习近平接见西藏各族各界代表 王沪宁蔡奇参加接见 　　中共中央总书记、国家主席、中央军委主席习近平20日下午接见西藏各族各界代表，代表党中央向西藏各族儿女致以诚挚问候和衷心祝愿，希望大家继续同心协力、团结奋斗，共同谱写中国式现代化的绚丽雪域篇章。 　　习近平等来到接见现场时，全场响起长时间热烈掌声。习近平向大家挥手致意，不时同代表亲切交流，并同大家合影留念。 　　习近平还分别亲切接见了援藏干部代表，自治区及有关部门、各地市负责同志和老同志代表，政法干警代表，宗教界爱国人士和寺管会干部代表。 　　当天下午，习近平亲切接见了驻拉萨部队上校以上领导干部和部分基层先进模范、文职人员，代表党中央和中央军委向驻西藏部队全体官兵致以诚挚问候，并同大家合影留念。 　　王沪宁、蔡奇、李干杰、何立峰、张国清、王小洪、洛桑江村、胡春华、帕巴拉·格列朗杰和张升民，在西藏工作过的老同志，中央和国家机关有关部门负责同志等参加有关接见。 来源：人民日报客户端 本期编辑：刘杰、郑薛飞腾 觉得好看，请点这里 ↓ ↓ ↓
西藏自治区成立60周年庆祝大会21日上午在拉萨举行 习近平将出席大会,https://mp.weixin.qq.com/s/kEA_HleZ2eatlhkCdWrIwA,2025-09-23,　　西藏自治区成立60周年庆祝大会将于8月21日上午10时在西藏自治区拉萨市隆重举行。中共中央总书记、国家主席、中央军委主席习近平将出席大会。 　　届时，中央广播电视总台将进行现场直播，新华网进行图文直播。 来源：新华社 本期编辑：刘杰、郑薛飞腾 觉得好看，请点这里 ↓ ↓ ↓
俄罗斯公布解密文件,https://mp.weixin.qq.com/s/VkqUR8KPW1iRHGpojJczag,2025-09-23,俄罗斯发布解密文件揭示731部队人体实验罪行 俄罗斯联邦安全局公共关系中心19日在该局官网发布的解密文件显示， 侵华日军第七三一部队（简称731部队）为发动细菌战，不停实施人体实验，甚至用携带病菌的炮弹攻击数百名中国人，以计算感染率、确定致病菌“质量”。 俄联邦安全局官网“历史”单元和“档案资料”栏目发布了鄂木斯克州分局提供的解密文件数字版副本及内容摘要。 这些解密文件显示，苏联红军在中国东北与日本关东军作战过程中，超过60万日本军人投降。1945年至1948年，苏联国家安全机关对被俘和被扣押日方人员中参与过研制细菌武器的军职和文职人员进行审查。1947年，时任苏联内务部哈巴罗夫斯克边疆区内务局长伊万·多尔吉赫向时任苏联国家安全部驻远东地区特派员谢尔盖·戈格利泽发去一封专函，标题为《关于日本准备对苏联实施细菌战》。 专函写道，哈巴罗夫斯克边疆区内务局通过调查被俘日军中的细菌专家确认，侵华日军预谋从中国东北地区进攻苏联，曾准备动用可大量消灭兵员的细菌战手段，并在哈尔滨设立731部队。该部队对各种类型的鼠疫、炭疽、气性坏疽、鼻疽、伤寒、痢疾、霍乱、传染性出血热进行研究和实验，目的是找到能大规模感染人体的最有效病原体及其使用方法。 为检验各种细菌的作用和感染方式，731部队不停实施人体实验，为此关押中国人、俄罗斯人和被判处死刑的日本人。 解密文件显示，1948年2月，苏联远东地区赤塔州内务局通过审问参与细菌武器研制的日本细菌研究者加藤常则（音译）得知，为秘密研究对苏联、中国和美国实施“破坏”的细菌手段， 日本加茂部队（731部队曾用名）在哈尔滨附近一个乡镇用中国人做细菌实验，被实验者通常是游击队员或其同情者。 加藤常则读过的一份文件显示， 日军曾把数百名中国人带到田野里，随后向他们发射填充鼠疫、炭疽或霍乱菌的炮弹。一段时间后，日军会收集尸体和染病者并计算感染比例，以此确定致病菌的“质量”。 多尔吉赫在专函中指出，在纳粹德国开始进攻苏联、日本准备从中国东北进攻苏联时，日本用于对苏联实施细菌战的主要研究工作已经完成。 来源： 新华社，记者：栾海 本期编辑：刘杰、郑薛飞腾 历史不能忘！不敢忘！ ↓ ↓ ↓
习近平率中央代表团抵达拉萨出席西藏自治区成立60周年庆祝活动,https://mp.weixin.qq.com/s/Kv2WoLla3pqogQNIR3QKXA,2025-09-23,中共中央总书记、国家主席、中央军委主席习近平率中央代表团20日中午乘专机抵达拉萨，出席西藏自治区成立60周年庆祝活动。习近平等在机场和拉萨市区受到西藏各族群众的热烈欢迎。中共中央政治局常委、全国政协主席、中央代表团团长王沪宁，中共中央政治局常委、中央办公厅主任蔡奇等同机抵达。 来源：人民日报客户端，记者：杜尚泽、胡泽 曦 ，图片： 新华社记者 谢环驰 燕雁 申宏 殷博古 本期编辑：刘杰、郑薛飞腾 觉得好看，请点这里 ↓ ↓ ↓
男生开面馆陪女友读研，因学历差距被质疑？双方最新发声,https://mp.weixin.qq.com/s/O69yqDWsrdPIVKU_t11ovQ,2025-09-23,近日，“ 男生为陪女友读研离乡创业开面馆 ”一事引发广泛关注。 “99年大专毕业，从重庆来云南陪女友读研、创业。开了家正宗重庆小面，梦想是毕业后娶她。”这是重庆男孩小张个人主页上的介绍。二人被网友们提到最多的便是学历差异。 看到这则消息，不少网友表示羡慕： 不过，也有人“阴阳怪气”地表示质疑： 当事女生小杨告诉记者 她觉得责任、上进、勤劳 这些都比学历更重要 结婚后把自己的小家庭经营好 19日，当事男生小张发文讲述了二人一路走来的心路历程，“我女朋友真的是很好很好的人， 我只希望以后能和她有个家，能一起过幸福的小日子 。她在哪儿我就在哪儿，和她永远在一起就是我的信仰。” 小杨此前向媒体表示 她和小张是中学同学 大学时走到一起 “曾经，我是在乎过他的学历 但是看到了他独自从重庆来到昆明 又努力奋斗从0到1、从无到有后 就发现了他这个人身上的魅力” 提到创业经历 小张表示 最开始两人开店借了钱 但经过一年的努力已经还上 努力的人最好运 祝福他们！ 来源： 中国青年报（ID： zqb cyol 整理：张小松 ）综合封面新闻、当事人社交账号 本期编辑：胡程远、王若彤 觉得好看，请点这里 ↓ ↓ ↓
文物展柜里有一部手机？回应来了,https://mp.weixin.qq.com/s/4AdGrQTCvOmf0n3qoLSj2g,2025-09-23,　　8月17日，有网友发视频称，参观山西博物院时，发现一件 青铜文物展柜内有一部手机。 　　现场视频显示，展柜内放置的文物是 附耳蹄足鼎 ，展柜四周均有玻璃将文物与游客相隔。视频发布者称，该展柜没有上盖，玻璃罩上端约两米多高。 　　山西博物院官方网站藏品介绍显示， 附耳蹄 足鼎为 春秋时期的炊煮器，1961年侯马市上马墓地出土。 　　8月18日，山西博物院发布 关于 8月17日“观 众手机误入展柜”事件 的情况说明与温馨提示 ， 同时公布了事发时的画面 。 　　画面显示，2025年8月17日15时10分， 一名未成年观众在山西博物院“晋国霸业”展厅参观期间，因拍摄文物不慎将手机滑落至展柜内。 该展柜陈列了体量较大的附耳蹄足鼎，展柜为四周设有玻璃围挡、无顶盖的半封闭设计。 手机自围挡边沿滑入后，与文物保持安全距离， 未对文物造成任何损坏。 　　事发后，展厅工作人员第一时间上报保卫部门。17日15时24分， 保卫人员取出手机并归还观众，全程未对文物安全及展厅秩序造成影响。 　　为进一步保障文物安全与参观秩序，山西博物院将增加展厅巡查频次，加强拍摄行为密集区域监控和提醒， 并 建议观众拍摄时与展柜保持适当距离。 　　原文如下： 来源：山西博物院、央广网（记者：张晋鹏）、极目新闻、中国青年报 本期编辑：胡程远、王若彤 关注↓ ↓ ↓
钟南山人民日报撰文,https://mp.weixin.qq.com/s/Fpjz7Sky1Bouvpp-vEHG2A,2025-09-23,“人的一生，总要在这个世界留下点什么。只要留下点什么，你就是没白活。”“我面对的是生命，是生和死的问题，这一点儿都不能含糊。”8月20日，“共和国勋章”获得者、中国工程院院士钟南山在人民日报撰文，深情回望自己的医学之路，分享人生感悟。以下为全文—— 人的一生，总要留下点什么 我出生在 “卢沟桥事变”的前一年。父母给我取名“南山”，因我生在南京，南京有个钟山，爸爸说，干脆取名钟南山吧！他希望我像大山一样，经历过大风雨，还能够屹立在那儿，茁壮成长。 听外婆讲，在我不到两岁的时候，日本飞机开始轰炸南京，把我家的房子炸塌了，我被埋在土里。外婆紧张极了，一直扒着砖头瓦砾，拼命把我挖了出来。那时我的脸已经黑紫，她把我的鼻子清清，又按按我的身体 ……我活过来了。我的命还挺大。 后来，我们逃到贵阳。刚买了新房子、添置好家具，日军的炮弹又来了。那时家里生活困难，只有咸菜吃，偶尔有块腐乳就很不错了。贵阳天无三日晴，地无三尺平。房间里很多臭虫、跳蚤，我们的头发上长着虱子。有一天晚上，我突然听到外面放炮仗的声音，跑到大街上一看，到处灯火通明，大家开心地欢呼。接着听到电台说： “日本投降了！” 1946年，我们家离开贵阳，到广州安顿下来。我的父亲钟世藩是广州中央医院的院长，妈妈廖月琴是护士长。有一年，我家住的小楼天台上突然多了很多小白鼠，一问才知，父亲是在做乙脑病毒的实验。当时医院很困难，父亲就用自己的工资买来小白鼠养在家里。我觉得很有意思，父亲便安排我 喂小白鼠 。小白鼠养得多，我家总有一股老鼠味儿。有人来找我们，邻居就说， 你只要闻到老鼠味儿，就知道他们家在哪了。 邻居们经常带孩子来找父亲看病。孩子病好了，家长开心，父亲也开心。这些事耳濡目染，让我从小就觉得做医生能帮人解决困难、减少痛苦，是一个很好的职业。 如果我不做医生，或许会成为一名专业运动员。读高三时，在广东省的一次运动会上， 400米项目我跑出了53秒05的成绩，出乎意料地打破了广东省纪录！后来参加全国运动会，我得了全国第三名。中央体育学院（现北京体育大学）问我要不要来当运动员，我回家和父母讨论了半天，决定还是学医。父亲说，学医不单让自己身体好，而且能帮助别人、让别人身体也好。于是我考取了北京医学院（现北京大学医学部）。 不过，我仍喜欢体育运动。竞技运动不是单纯训练身体，而且有益于锻炼人的意志品质，争上游、讲究团结和时间效率，还有不服输的精神。把体育的这种竞技精神拿到工作、学习上来，是极为可贵的。 我与妻子李少芬的结缘，也与体育有关。从广州到北京后，我周末常去姨婆家玩，在那里结识了李少芬。当时李少芬是国家篮球队队员，我常到她的训练基地去锻炼。一个周六的晚上，我从北医骑车到龙潭湖去找她。骑了一个半小时，天气很冷，电话也不方便，找她找不到，我很丧气地又骑了一个半小时回校。结果同学对我说，她从龙潭湖骑车来北医找我了！我心里头突然非常温暖。尽管我俩没见着，但是，我们确认了对彼此的感情。 李少芬一直是国家队的主力。 1963年底新兴力量运动会，领导对她开玩笑说，如果女篮拿了冠军，你就可以结婚。几天后，真的夺冠了！相恋8年的我们结婚了。 1971年我回到广州，在第四人民医院工作。一天晚上，父亲和我聊天，聊到一半，他突然问了一句：“你今年都35岁了？真可怕。”然后沉默了。父亲35岁时，早已在美国读完医学博士，回国成为知名的儿科专家。而我经历了下放农村、烧锅炉，刚回到医生的岗位上，甚至还没接触临床。我的35岁，差得太远了！ 这一句话点醒了我，我要把失去的时间赶回来。在医院我只是最低级的住院医生，我主动要求到急诊室工作，因为可以学到更多的解决医学急重问题的方法。过了半年，我基本熟练掌握了常见急诊患者的诊治，正想申请到病房进一步提高，突然有一天，我接到了要求我参加研究慢性支气管炎防治的任务。没想到，这竟成了我的人生转折点。 当时全国只有从事结核病防治的医务人员，少有呼吸疾病的专家，医院里也没有专门的呼吸科，这是一门从零开始的学科，非常困难。有一天，我在为慢支炎患者检查的时候，发现这些患者咳出来的痰，不仅痰量不同，颜色、黏度、气味也都不同，结合在北医生化教研组进修的知识，我突然有一个奇想，患者的痰或许是研究的一个突破口！我收集了不同患者的痰液，进行生化成分及酶学分析，并根据分析结果将慢支炎区分为四种不同的病理生理类型，从而采用中西医结合的方法分类治疗，其疗效比常规方法提高 50%。这项研究获得了1978年全国科学大会成果一等奖。 43岁那年，我获得了国家公派留学的机会。到了英国爱丁堡皇家医学院，我第一次去见导师弗兰里先生。那次见面不是“面对面”，而是“面对背”。他在屋里煮咖啡，我进去了。他问，你想做什么研究？我讲了讲自己的想法。他说，你们中国的医学毕业生学历在国外是不被承认的，你先去看看我的实验室吧，有兴趣就做些研究。导师背对着我谈了六七分钟，就把我打发走了。 我有点孤独，但想到国家送我们过来有多不容易， 我就暗下决心，要让外国人看看中国人的实力！ 导师对我的改观源于一次实验。我研究的课题是 吸烟的主要成分 ——一氧化碳对血液中血红蛋白的影响。此前，我的导师曾用数学公式来算碳氧血红蛋白和氧运输的关系，成为这个领域的权威。但我认为，用实验的办法来观察，才能得出更严谨的结论。实验需要大量的血，找朋友来收集血远远不够，我只好在自己身上抽，3周内前前后后大概有800毫升，才校准了仪器。 做吸烟实验，我决定自己上，一边吸一氧化碳，一边抽血检查。 一氧化碳浓度达到15%时，相当于连续吸了60支烟，同行们都担心我出问题，我有些头晕，但为了取得全过程数据，坚持继续吸入，直到浓度达到22%时，终于得到了完整的曲线结果。 实验证明，导师所用的数学曲线有一半是对的，另一半是错的。我请导师看我的结果，他大为诧异，也很高兴，一把抓住我，说： “你怎么做到的？太好了！我要推荐你到英国皇家学会的内科学会去作演讲！”那次之后，导师和同事都改变了对“钟医生”的看法。 留学期间，我最大的收获是学会了 搞好基本功 。没有走好第一步，不要走第二步；第一步一定要证实它是正确的、有效的或重复性很好，再走第二步。这与父亲对我的教导是一致的。我曾在农村给一个患肾病的孩子看病，根据血尿症状，有一位医生认为他是肾结核，给他一些相关治疗。回家后，我和父亲讲起这件事，说到一半，父亲反问我一句： “你怎么知道他是肾结核？”听到这话，我蒙了，真的答不上来。父亲平时讲话很少，一讲就讲到要害。 父亲晚年由于痰咳不出来，呼吸困难，最后 3年生活质量很差。我担任父亲的主治大夫，他非常信任我，让我大胆地去做实验，但当时的医疗只能到那个水平。他去世后不到两年，一个新的仪器问世了——无创的人工呼吸机，对他最合适。有了这个仪器，也许他能活到90岁。这也成了我终身的遗憾。 父亲的嘱托我一直记着 —— 干什么事，说什么话，都得有依据 。在抗击非典时，我指出新闻所说的衣原体感染是错误的。抗击新冠疫情时，我第一个在电视台中讲到“人传人”，都是掌握了依据才敢下的判断。 2002年12月22日，有一个从广东河源转过来的患者，说吃了一顿饭后就开始发高烧，很快出现呼吸困难。用过很多抗生素，仍然不管用，3天时间肺就全白了。不寻常！ 这是首例报告的非典患者。 紧接着，症状相同的患者接连出现。 2003年1月底发病最厉害的时候，一个人传染一家子。患者收进诊室后，有些医生不敢进去，送药、递餐都通过窗户。这种气氛我觉得不对。我认为，只要保持良好的室内通风及戴口罩，就不容易被传染。会诊结束后，我说，将市内那些重患者都转给我们医院。患者来了，我们的护士照样见他，给他量体温，那种恐怖气氛马上就解开了。 在广州呼吸疾病研究所人员共同努力下，大家摸索出一套有效的治疗方案，提出 “三早三合理”，即早诊断、早隔离、早治疗，合理使用皮质激素，合理使用呼吸机，合理治疗并发症，可有效避免更多的伤亡。这套方案后来成为通用的治疗方案。医生队伍稳定，社会稳定就有保障。 2020年春节假期，新冠疫情袭来，全国再一次面临着非常困难的局面。许多医护人员自愿去最前线的地方、最艰苦的地方、最容易感染的地方，去战斗。我向他们致敬。大家同心，是一定能够过难关的。 我面对的是生命，是生和死的问题，这一点儿都不能含糊。 我的压力来自患者的生命。面对质疑，我没有想太多，只想把患者救活。这是我最大的追求。 近年，我向中央提议建设国家实验室，以应对下一个 X疾病。X疾病是什么？任何人都不知道，但我们用人工智能的方法可以预测到可能是哪些。未来10年可能在医学上是一个极大变化的时代。我们的生活、我们的健康，很多问题通过人工智能可以得到一定的解决。谁现在不抓住人工智能，再过几年就会落后。 对于医护工作者来说，要学会把人工智能应用到本专业中。但同时， 人工智能代替不了医学人文，代替不了医患的沟通 。人工智能是在技术上解决问题，但难解患者的心理焦虑。一个人得病，他一定会心理得病。心理状态，对于疾病向恶化还是向改善发展起了很大作用。要解决患者的 “心病”，需要医生来交流。医生救的不是病，而是人。 如今我已年届九十，但还不觉得自己老。早上 7点起床，工作到12点半，午休一会儿，下午3点接着工作，晚饭后再工作两小时，11点睡觉。主要的临床是搞大查房，就是全国多家医院联合一块看疑难病。也阅读一些最新的医学期刊，不要局限于实验室，多看看国际新闻，拓宽自己的视野。另外，抽空在室内跑步、划船、举重，不同类型的体育活动是我最好的休息。 真正的变老，是不想学习新东西了。 在我现在这个年纪，主要任务不是自己研究一个项目，而是如何更好地协调，团结大家完成一个共同的任务。广州国家实验室现有 1000多人，能给年轻人创造一个好平台，我也没什么遗憾了。 父亲曾说： “人的一生，总要在这个世界留下点什么。只要留下点什么，你就是没白活。”我常用这句话来激励自己。想来想去， 我是一个医生，如果因为我的存在、我的工作给社会带来一点价值以及进步，我觉得自己的人生还是有益的。 来源： 《人民日报》（ 2025年08月20日  第20版）“ 大家谈人生”栏目 ，作者：钟南山 本期编辑：胡程远、王若彤 觉得好看，请点这里 ↓ ↓ ↓
阅兵准备工作情况，极简版来了！,https://mp.weixin.qq.com/s/flKrYuJJWUajyAonsr7WOg,2025-09-23,今天（20日），国务院新闻办公室举行新闻发布会，介绍阅兵准备工作有关情况，并答记者问。 【全面推进中国式现代化进入新征程的首次阅兵】 这次阅兵是全面推进中国式现代化进入新征程的首次阅兵，是人民军队奋进建军百年的崭新亮相。 【阅兵按照阅兵式、分列式2个步骤进行】 阅兵活动按照阅兵式、分列式2个步骤进行，时长约70分钟。 阅兵式环节，受阅部队在长安街列阵，光荣接受中共中央总书记、国家主席、中央军委主席习近平的检阅。 分列式环节，按空中护旗梯队、徒步方队、战旗方队、装备方队、空中梯队的顺序，依次通过天安门广场。 这次阅兵编设45个方（梯）队。 【 抗战老部队将接受检阅 】 徒步方队体现的是“一老一新”。“一老”就是抗战老部队，“一新”就是军事力量结构新布局，包括“三结合”的武装力量体系。 【 装备方队按照实战化联合编组 】 装备方队按照实战化联合编组，编陆上作战群、海上作战群、防空反导群、信息作战群、无人作战群、后装保障群、战略打击群等。 【 空中梯队基本涵盖我军现役主战机型 】 空中梯队按照模块化、体系化编组，由先进的预警指挥机、歼击机、轰炸机、运输机等组成，基本涵盖我军现役主战机型，有的还是首次公开亮相。 【 我军力量结构新布局在阅兵中首次集中展示 】 这次阅兵，在党旗、国旗、军旗引领下，受阅方队将擎军旗和武警部队旗集中亮相，这是我军力量结构新布局在阅兵中的首次集中展示。 【阅兵各项准备已基本完成】 目前，阅兵各项准备已基本完成，全体受阅官兵将以昂扬的精神状态接受党和人民检阅，共同迎接9月3日这个值得世界人民永远纪念的胜利之日。 【 部分陆海空基战略重器等将首次展示 】 部分陆海空基战略重器、高超精打、无人和反无人装备，是第一次对外展示。 【 阅兵训练坚持实战标准 】 这次阅兵训练坚持实战标准，依托战时指挥体制指挥阅兵行动，采取作战推演方式研推方案计划。 【 阅兵训练利用北斗定位等系统 】 这次阅兵训练注重科学训练，利用北斗定位、智能评估等系统和模拟仿真手段，辅助开展基础训练、编队训练、空地协同训练、复杂场景训练、特情处置训练，以及训练考核评估，效果非常好，节省了训练时间、提高了训练质效。 来源：人民日报客户端 本期编辑：胡程远、王若彤 觉得好看，请点这里 ↓ ↓ ↓
新一代武器装备将集中亮相！,https://mp.weixin.qq.com/s/8W4Fn-Bs2Rz1ka3gkpAUEA,2025-09-23,
阅兵时长约70分钟，编设45个方（梯）队！最新消息→,https://mp.weixin.qq.com/s/0a2-L352qfY5v1GvncXREA,2025-09-23,今天（ 20日 ），国务院新闻办公室举行新闻发布会，介绍阅兵准备工作有关情况，并答记者问。 阅兵活动 按照阅兵式、分列式两个步骤进行，时长约70分钟。 阅兵编设45个方（梯）队。 其中阅兵式环节受阅部队在长安街列阵，光荣接受中共中央总书记、国家主席、中央军委主席习近平的检阅。 分列式环节按空中护 旗梯队、徒步方队、战旗方队、装备方队、空中梯队的顺序依 次通过天安门广场。 空中护旗梯队 ，由多型直升机组成多个编队，以护卫旗帜、编成字符、悬挂标语等方式，体现在中国共产党领导下，国家日益繁荣昌盛、军队不断发展壮大，体现历经80年岁月沧桑、伟大的抗战精神薪火相传，向全世界昭告正义必胜、和平必胜、人民必胜的伟大真理。 徒步方队 ， 体现的是“一老一新”。“一老”就是抗战老部队，“一新”就是军事力量结构新布局，包括“三结合”的武装力量体系。 装备方队 ，按照实战化联合编组，编陆上作战群、海上作战群、防空反导群、信息作战群、无人作战群、后装保障群、战略打击群等，不少是代表现代战争形态演变的最新装备，还有一些是国之重器，充分展示我军制胜现代战争的强大能力。 空中梯队 ，按照模块化、体系化编组，由先进的预警指挥机、歼击机、轰炸机、运输机等组成，基本涵盖了我军现役主战机型，很多是大家关注的明星装备，有的还是首次公开亮相，充分展示我军空中作战力量的跨越式发展。 来源：人民日报客户端 本期编辑：胡程远、王若彤 觉得好看，请点这里 ↓ ↓ ↓
受阅部队将在长安街列阵，光荣接受习近平的检阅,https://mp.weixin.qq.com/s/3fSn2yP8b-VUGm1PxFh7pw,2025-09-23,国务院新闻办公室8月20日上午举行新闻发布会，介绍阅兵准备工作有关情况。 阅兵式环节，受阅部队在长安街列阵，光荣接受中共中央总书记、国家主席、中央军委主席习近平的检阅。 来源：人民日报客户端 本期编辑：胡程远、王若彤 觉得好看，请点这里 ↓ ↓ ↓
今日上午10时，举行重磅发布会！,https://mp.weixin.qq.com/s/3DdjrfERZfMcmgdgfLoAtg,2025-09-23,今天（20日）上午10点， 国务院新闻办公室举行新闻发布会，邀请阅兵领导小组办公室副主任、中央军委联合参谋部作战局少将副局长吴泽棵，中国人民解放军 中部战区阅兵指挥机构办公室常务副主任、政治工作部少将副主任徐贵忠介绍阅兵准备工作有关情况 ，并答记者问 。 目前，纪念中国人民抗日战争暨世界反法西斯战争胜利80周年大会已完成两次综合演练。 人民日报视频号正在直播 一起关注阅兵最新消息 来源：人民日报客户端 本期编辑：胡程远、王若彤 觉得好看，请点这里 ↓ ↓ ↓
肿瘤科医生黄丹丹患癌离世，年仅35岁！最后一条视频提醒......,https://mp.weixin.qq.com/s/9_-thWjSxchEoF3V3SByJA,2025-09-23,　　8月17日，记者从北京大学首钢医院肿瘤科黄丹丹医生的朋友圈获悉，其丈夫发布讣告称， 黄丹丹医生因病医治无效，生命定格于2025年8月15日凌晨2时30分，年仅35岁。 　　据了解，在亲友、同事、病人的眼里，黄丹丹一直是个非常优秀、积极乐观的人。 　　她来自河南一个贫困小山村，凭借努力考入南昌大学第一临床医学院，后又被保送至北大攻读博士。 　　博士毕业那年，黄丹丹的事业和爱情一起开花结果，和同为博士的丈夫结婚生下儿子，留在北京大学首钢医院，后成为肿瘤内科的主治医师。 　　黄丹丹和癌症斗争了1年8个月。2023年12月，一次例行体检， 查出“弥漫性大B细胞淋巴瘤”，四期，晚期，癌细胞已经扩散到骨髓。 　　可她没躲，也没哭。2024年初，她开了抖音号“丹丹的抗癌日记”，开始拍视频：化疗反应、饮食建议、医保报销流程……一条条讲，像上课一样。 　　“我不是想博同情，”她第一条视频说， “是想告诉病人家属——癌症没那么吓人，但也别不当回事。” 　　今年2月，黄丹丹开始更新账号“正能量火箭丹”，希望能将自己积极乐观的心态传递给其他患者，并科普科学规范抗癌的方法。 　　“作为一名肿瘤科医生，我从未想到过自己会成为患者。这段艰难的发病经过和自我疗愈的故事，揭示了生命中的意外与坚韧。” 黄丹丹曾在自己的抗癌日记里写道。 　　哪怕掉光头发、脸因激素肿成馒头，她也笑着调侃：“我现在这造型，像不像动画片里的面包超人？”可镜头外呢？据她丈夫在微博透露，她经历了六轮高强度化疗、一次自体移植，还试了CAR-T，但癌细胞太狡猾。 　　2025年3月，癌细胞转移到大脑，黄丹丹开始看不清东西，说话也含糊了。 　　她最后一条视频是7月10日发的： “大家……记得体检……别等……像我这样……” 来源： 极目新闻、九派新闻、北京大学首钢医院、中国青年报等 本期编辑：胡程远、王若彤 一路走好 ↓ ↓ ↓
小区里这种水千万别用，请直接倒在地上！（不要倒进下水道）,https://mp.weixin.qq.com/s/ha8mpjI6IpYM4qX-3ZfIdg,2025-09-23,近日，一些地方雨水充沛 给蚊虫孳生提供了大好条件 疾控工作人员入户监测发现 部分市民有 存雨水浇花 的习惯 乍一看 是不是觉得还挺节约、环保的？ 其实这直接相当于 在家里放了“定时炸弹”！ 大概一周后 家里会被无处不在的蚊子“狂轰乱炸” 蚊子有四个发育阶段： 卵➡️幼虫➡️蛹➡️成虫 前三个阶段都需要在水中完成 疾控人员介绍 雨水充沛的天气 为蚊虫孳生提供了有利条件 存水的水缸、水桶等 更易成为蚊虫的“月子中心” 记者跟随疾控人员入户监测时 发现很多存雨水的容器里 密密麻麻全是扭动的小虫 疾控人员介绍 这就是 孑孓（jié jué） 是蚊子的卵泡在水中孵化出的幼虫 现场，工作人员使用布雷图指数法 监测蚊子幼虫的密度 这些蚊子幼虫将被带到疾控中心 做种类鉴定和病原学检测 为蚊媒传染病的流行 提供预测预警 疾控工作人员介绍 从卵变成蚊子的过程 一共需要7到9天 及时清理积水 就能把蚊子扼杀在摇篮里 需要注意的是 已经孳生蚊虫的水 不要倒进下水道里 应直接倒在水泥地上 让幼虫自然干燥死亡 了解这一情况后 社区工作人员、志愿者和居民一起 清理了存水桶，并做了消杀 这些小型积水 容易滋生蚊子 　　蚊子不挑环境，只要5毫升水（一个瓶盖的量）就能产卵。 　　以下常见积水点，你家可能也有！ ✅ 室内易积水处 　　1.花盆托盘：浇水后残留的水，蚊子的“五星级产房”。 　　2.水培植物（绿萝、富贵竹）：长期不换水，孑孓疯狂繁殖。 　　3.空调排水管、饮水机接水盘：容易被忽视的积水死角。 　　4.鱼缸、花瓶：未加盖或长期不换水，蚊子偷偷产卵。 　　5.宠物饮水碗：每天换水，避免变成“蚊子培养皿”。 ✅ 室外易积水处 　　1.废弃瓶罐、轮胎：下雨后积攒雨水，蚊子最爱。 　　2.屋顶排水槽、阳台地漏：落叶堵塞后积水，蚊子疯狂繁殖。 　　3.竹筒、树洞：天然积水容器，需用沙子或水泥填平。 　　4.塑料布、遮阳棚凹陷处：积水不易蒸发，需定期清理。 　　5.玩具、游乐设施（如小推车、塑料球）：雨后积水，孩子玩耍时易被叮咬。   如何防止蚊虫孳生？ 　　1.定期检查积水 ：每周一次，检查家中花盆、瓶罐、地漏等易积水处。雨后重点巡查阳台、庭院、屋顶，避免积水残留。 　　2.长期防蚊： 改变积水环境 　　· 加盖密封：储水容器（如桶、缸）必须加盖，防止蚊子产卵。 　　· 养鱼控蚊：水池、水缸中养鱼（如孔雀鱼、斗鱼），自然消灭孑孓。 　　· 使用生物灭蚊剂：对水生生物无害，专杀蚊幼虫。 常见误区 　　❌“这点水没事，蚊子找不到”→蚊子嗅觉灵敏，5毫升水就能繁殖！ 　　❌“雨水很快会干，不用管”→蚊子卵有一定耐旱能力，水一回来，会立刻孵化！ 　　❌“家里没积水，蚊子是外面飞来的”→大多数蚊子其实就在家附近繁殖！ 　　发现长期积水（如工地、废弃水池），可向物业或疾控部门报告。 来源： 徐州电视台《张慧帮你问》（记者：王晶、侯楠）、徐州疾控、新华每日电讯 本期编辑：胡程远、王若彤 转发提醒↓ ↓ ↓
来了！新闻早班车,https://mp.weixin.qq.com/s/UgYeVb47piewudcSGOaGcw,2025-09-23,点击这里，查看更多精彩内容 要闻 中央宣传部、国家卫健委向全社会公开发布2025年“最美医生”。王玉凤、申小惠、尼玛拉毛、邢少云、刘志宏、农康、何建行、张军桥、周坚红和梁春荣等10名同志光荣入选。 今年前7个月，全国一般公共预算收入135839亿元，同比增长0.1%。 截至2024年底，全国卫生人员总数达到1578万人。 人社部等5部门发布《关于领取个人养老金有关问题的通知》。 详讯 1至7月，国家铁路累计发送货物23.31亿吨，日均装车18.33万车。 19日，力箭一号遥十运载火箭在东风商业航天创新试验区发射升空，将搭载的中科卫星05星等7颗卫星顺利送入预定轨道。 商务部消息，今年上半年，我国与上合其他成员国货物贸易额达2477亿美元，同比增长0.8%。 当地时间19日，中印边界问题特别代表第24次会晤在新德里举行。 当地时间19日，世界卫生组织表示，自苏丹武装冲突爆发以来，该组织已记录了174起针对医疗机构的暴力袭击事件。 社会 水利部19日14时针对天津、河北、辽宁、云南4省（直辖市）启动洪水防御Ⅳ级应急响应，维持针对北京市的洪水防御Ⅳ级应急响应，并派出工作组赴天津、河北暴雨洪水防御一线协助指导。 近日，央行新增支农支小再贷款额度1000亿元，支持防汛救灾及灾后重建。 数据显示，2024年，我国户外运动线上消费约2亿人次，消费总额超3000亿元。 近日，中共北京市委批准同意追认于鸿庆同志为中国共产党党员。 详讯 15日，我公安机关将涉嫌非法吸收公众存款犯罪的嫌疑人李某从泰国引渡回国，李某涉案3亿余元人民币。 近日，河北固安发现侵华日军日记相册，为揭露日军侵华罪行增添新铁证，也为相关历史研究提供珍贵素材。 19日，渝昆高铁首座超20公里特长隧道贯通。 深圳警方通报，男子阮某平涉嫌假冒退役少将、中科院院士等特殊身份非法获利，已被刑事拘留。 19日，国际乒联发布2025年第34周世界排名，孙颖莎连续第162周女单世界第一。 政策 国家卫健委5部门发布《提升家庭医生签约服务感受度若干措施》，兼顾全人群和重点人群，提出提升签约人群服务感受度3方面10项措施。 海南明确，对在自由贸易港工作并享受优惠政策的高端紧缺人才实行清单管理，其个人所得税实际税负超过15%的部分，予以免征。 湖北明确，药品零售企业应当设置质量管理部门或者配备质量管理人员，同时质量管理岗位的职责不得由其他岗位人员代为履行。 今日天气 　　京津冀、陕西北部、山西中北部、辽宁中南部、吉林东南部、青海东部、四川盆地西部、贵州南部、广西中北部、云南北部和东南部等地的部分地区有大到暴雨，其中，辽宁南部和东部、河北中部和东北部、北京东南部、天津中北部等地局地大暴雨。 早安中国 　　每个清晨，遇见大美中国。 　　辽宁康平县卧龙湖，生长着蒲草、芦苇、莲藕等植物，栖息着大雁、灰鹤、丹顶鹤、天鹅等各种鸟类。 天气晴好时， 澄澈蓝天倒映水光，湖畔花海竞相绽放，湿地生机盎然。微风拂过，荷香满怀，康平县欢迎您！       不要让“准备”成为拖延的借口，行动就从此刻开始；不要质疑自己的能力，相信你远比想象的更强大；不要再把时间都留给游戏、网络，让书本和运动充实生活。每天一点小小的改变，告别消极、懈怠的自己。新的一天，早安！ 本期编辑：朱田恬，实习生：洪舒云、 陈羽新 ｜主播：韦礼义 觉得好看，请点这里 ↓ ↓ ↓
【夜读】好的家庭教育，离不开这7句话！做到4条就很厉害,https://mp.weixin.qq.com/s/JnnDvRswX7UeAVgOPVOjaQ,2025-09-23,01 陪伴在先，教育在后 生活中，不少父母往往把 时间 安排得很满，却没有留给孩子的专属时间。 其实，陪伴才是最好的教育。好的家庭教育，是父母和孩子的共同活动中产生的潜移默化的影响。 在父母无目的性的陪伴中，孩子才能产生归属感、安全感，坦露真实的自己。这时候，教育不仅会自然发生，而且效果极其明显。 比如，可以每天和孩子一起吃晚饭，和孩子玩一些家庭游戏，或者在睡前进行15分钟的亲子共读。如果平时实在没时间，也可以定期在周末、假期和孩子一起爬山、逛公园、参观博物馆。 亲子之间信任关系的建立，要比所有教育方法都更重要。 02 咬住底线，放大空间 教育孩子最基本的前提是有底线。什么是底线？就是必须遵守的纪律，比如“放学后必须按时回家”。 当然，孩子每个年龄段需要设置不同的底线。父母可以在每年孩子生日的时候，和孩子商量、确定下一阶段的底线要求，并且充分向孩子说明理由。不见得都要听孩子的，但要跟孩子阐述清楚理由。而且，底线没有讨价还价的余地。 但是，只要孩子不突破底线，就尽量不要事无巨细地安排孩子生活的所有细节。如果除了底线，你还是没完没了地对孩子说“不”，这也不行那也不行，那孩子就不知道自己到底能做什么，就会胆小怕事、不敢担当，更别提创新意识。 确定好底线，可以把内容写下来甚至打印出来，一式两份，一份贴在孩子的房间，一份贴在所有家庭成员都能看到的地方。 03 设计策略，培养习惯 所有好习惯都不是天生的，而是需要长期培养。但是好习惯的培养没有那么容易，往往孩子一哭闹、一撒娇，父母就心软了、放弃了。 父母要学会设计策略，给孩子一个脚手架，让他们能比较容易地攀登到良好习惯的台阶上。 比如，几乎所有家长都想培养孩子阅读的习惯。那么吃完晚饭，孩子在写作业的时候，家长就不要在一旁玩手机、打麻将，而是可以拿出一本书安静地去读，读完还可以和孩子交流读后感。不必说教孩子“你必须看书”，而是营造一个人人都爱读书的家庭氛围。在这样的家庭氛围里，孩子就会比较容易养成阅读的习惯。 再如，你想培养孩子吃蔬菜的习惯，就不要把所有饭菜一起摆到饭桌上，先把孩子必须吃但通常不喜欢吃的蔬菜端上饭桌，让他们在食欲较好的时候先吃完蔬菜。 这就是“设计策略，培养习惯”，习惯不能一蹴而就，它是顺着策略渐渐养成的。 04 搭建阶梯，化难为易 培养习惯很重要，但孩子的成长是一个渐进的过程，急不得。比如，一两岁的孩子刚开始学吃饭，用手抓可能是最得力的方式，饭桌上、衣服上，肯定会弄得一塌糊涂。但到了一定的年龄，孩子会轻松地学会怎么样使用筷子和勺子。这不用急，到了年龄自然就会。 了解了这一点，当孩子刚开始搞得一塌糊涂的时候，家长就不会怒火冲天，也不会代替孩子去做，而是相信孩子渐渐地会越做越好的。孩子仅仅从吃饭这么简单的一件事当中，就会感受到父母对自己能力的信心，这才是最宝贵的。 父母真正要做的，是帮孩子搭建阶梯，化难为易。 比如，想让孩子整理房间，最好给孩子一个需要整理的物品清单，并教他们操作方法。有了这样的抓手，孩子就知道该怎么干了。这就是阶梯。 又如，培养孩子的阅读习惯，不可能让他从绘本一步跨越到文字阅读，可以给孩子买一些“桥梁性的书”，比如插画版的文字书，帮助孩子提升阅读水平。 05 随时鼓励，定期反思 有些家长对孩子总是批评太多、表扬太少，看见孩子身上有什么缺点总忍不住批评，希望他们变得更好。 父母得培养这样的习惯：随时对孩子进行鼓励。 当孩子通过你的鼓励不断意识到自己的优点时，这些好的行为就会固化成他们的习惯，让孩子闪闪发光。 那不好的行为怎么办？父母单纯批评没用，应该做的是定期和孩子一起反思。 请注意，这两个词很重要：反思和定期。 反思，是帮助孩子对一定时期内出现的问题进行总结、归因，找到改进的方法。比如，上学迟到是因为赖床，赖床是由于前一天晚上拖延了上床时间，那么按时睡觉问题就解决了。一起找原因，找改进的方法，这叫反思，而不是批评。 定期也很重要，不是每天说，看见就说，而是一个星期或两个星期一次，定期反思。 最后还要提醒家长，反思是针对行为本身，而不是对孩子本人。 每一次鼓励或者反思，都要谨记对事不对人。 06 转移目光，发现潜能 每个孩子身上都有闪光点，只是每个人的潜能会表现在不同的方面而已。 如果发现孩子在某一方面有明显的短板，父母要立刻转移视线，去发现孩子其他方面的天赋； 转移视线不是放弃，而是帮孩子找到一条更开阔的道路。 数学不好的孩子，可能在人文或者艺术方面有优势；不喜欢弹钢琴的孩子，可以尝试舞蹈、绘画、合唱和其他的艺术门类。 如果不愿意接受孩子天赋中的短板，非得盯着它不放，必然会让孩子产生挫败感，造成孩子的对抗，不仅亲子关系变得紧张，也会影响孩子在其他方面可能的发展。 好的家庭教育，父母要做的是帮孩子激励自己，并让他们发现自己的潜能。 07 先处理心情，再处理事情 教育孩子的过程中，家长和孩子之间难免会有不同意见，有些小摩擦。一旦起冲突，家长心情不好，孩子心情也不好。这时，要记住一个原则：先处理心情，再处理事情。 家长越是焦躁、恼怒地面对孩子，孩子的抵触情绪就会越强烈。 所以，家长首先要处理好自己的心情。 父母要先冷静下来，再处理孩子的情绪。可以根据不同的情况，让孩子尽情地倾诉委屈，或者让他们转移注意力，通过听音乐、深呼吸等等方式来缓解。等孩子的情绪平息之后，再跟孩子交谈。 交谈时，家长要全神贯注地倾听孩子的讲述，而不打断他们；可以用复述孩子的话去回应，而不是急着评价孩子，每一次复述其实都意味着 “我听到了，我在尝试理解你的想法” ；家长还要思考孩子情绪底层的原因，而不仅仅停留在表面，多给孩子一些时间，让孩子慢慢理解、思考。 能够良好沟通的家庭，往往会培养出情绪稳定、内核强大的孩子。 你做到了几条？ 今晚开始 就选择其中一条 进行实践吧 来源：人民日报夜读，综合 《家庭教育指南》（作者： 李希贵）、得到  |  主播：赵文龙 本期编辑：李娜，实习生：陈皓迪、甘雨欣 觉得好看，请点这里↓ ↓ ↓
刷屏短片里的这些人，都是谁？,https://mp.weixin.qq.com/s/RrTrzmugN7Z1Fb2e98T8VQ,2025-09-23,这两天 一 部短视频《不屈》 在朋友圈刷屏了 视频以一幅幅抗战主题经典画作为基底 通过数字水墨再创 呈现 抗战 历史 让不少网友感叹： 水墨渲染家国魂 这波创意必须点赞！ 那么，你 知道 视频中出现了哪些画作？ 画面中的这些人物是谁？ 点击下面的图片查看 ↓ ↓↓ 铭记历史， 缅怀英雄 ！ 振兴中华，吾辈自强！ 来源：人民日报新媒体，制图：钟金叶、余典、甘雨欣 本期编辑：熊捷、郑薛飞腾 觉得好看，请点这里 ↓ ↓ ↓
被低估了的“抗癌运动”，一次运动就有抗癌效果！不是走路,https://mp.weixin.qq.com/s/I_gtvBozxvxzpnITPGitPQ,2025-09-23,说起防癌运动，大多数人会选择有氧运动：走路、跑步、跳操、打球……然而，有一种被不少人忽视的运动方式其抗癌效果远超普通锻炼，那就是——抗阻运动！最新研究发现： 一次45分钟的抗阻运动，能显著抑制癌细胞生长！ 01 一次抗阻运动，显著抑制癌细胞生长 2025年7月，发表在《乳腺癌研究和治疗》（Breast Cancer Research And Treatment）期刊上的一项新研究显示， 做一次抗阻运动或者高强度间歇训练，就能激活身体的“抗癌武器”！ 在这项研究中，研究人员邀请了32名接受过主要治疗的乳腺癌患者，分为抗阻运动组和高强度间歇训练组。阻力训练包含8个针对大肌群的练习（上肢、下肢），每组动作重复8次，共5组，每组之间休息1～2分钟，总时长约45分钟；高强度间歇训练包括7组30秒高强度运动，每组之间休息3分钟，总时长约45分钟。 研究发现：运动后立即验血发现，所有参与者体内“抗癌蛋白”水平飙升9%～47%；更神奇的是，体外实验发现，两种运动都明显抑制了癌细胞的生长。其中， 抗阻运动组降低了20%～21%，证实了阻力运动方式能通过提升抗癌肌动蛋白水平抑制癌细胞生长。 研究人员表示， 即使是单次运动也能激活身体的抗癌机制。 这对预防乳腺癌复发特别有意义，而且完全无副作用。 这项研究再次证明，运动不仅是保健方式，更是对抗癌症的有力武器！ 02 抗阻运动的好处被严重低估了 强健心脏 2024年刊发在《老年科学》期刊的一项研究，揭示了 抗阻训练不仅能增强肌肉力量，还能显著改善老年女性的心脏形态和功能。 研究显示，经过24周的抗阻训练后，利用功能性超声心动图进行检测，发现抗阻训练显著改善了老年女性的心脏形态和功能。 也就是说，适当的抗阻运动，帮助你拥有一颗强健心脏！ 改善血压 2023年，美国心脏协会在《循环》期刊上发表的一篇文章介绍， 坚持抗阻运动可以帮助改善血压。 在年轻健康成人（≤40岁）中，抗阻运动可引起舒张压小幅但显著地降低（降低1毫米汞柱）；对于中老年健康成人（>40岁），抗阻运动可为其收缩压（降低4毫米汞柱）和舒张压（降低2毫米汞柱）带来更大幅度的降低。 改善血脂 2023年《中国循环杂志》杂志刊登的一篇文章指出， 无论有氧运动、抗阻运动，还是日常体力活动均可对血脂谱产生积极影响。 对于高血脂和高血糖患者，单纯的有氧运动可能不足以达到最佳效果。建议在有氧运动的基础上，结合抗阻运动。 对抗衰老 中日友好医院骨科副主任医师陈星佐2024年在CCTV生活圈刊文指出，人衰老的主要原因是肌肉流失，如果不刻意锻炼，从30岁肌肉就开始流失，到75岁只剩下一半， 力量训练是保住肌肉的好方法。 强壮骨骼 陈星佐医生表示， 力量训练可以帮助人体增加肌肉量， 而肌肉作为“人体钙库”，可以帮助储存血液中游离的钙离子，让补进来的钙能真正存在身体里， 避免骨质疏松症发生。 03 钟南山院士建议 日常一定要常做抗阻运动 抗阻运动也就是力量训练，指的是人体在克服外来阻力时的运动方法， 主要包括仰卧起坐、深蹲、仰卧推举等，还可以通过使用器械辅助的方式进行，包括沙袋、哑铃等。 很多人认为，抗阻力训练是练肌肉的年轻人才适合的运动，但其实，老年人群也需要进行抗阻力训练。 2025年3月，中国工程院院士钟南山在国家老年大学线上直播分享自己的健康体会时强调， 日常一定要经常做抗阻运动，包括上肢和下肢，即使是老年人也要经常做。 日常建议抗阻运动和有氧运动结合。每周≥2次抗阻训练，可有效实现肌肉和心血管获益。 北京体育大学运动人体科学学院教授邱俊强2022年在接受中国体育报采访时表示， 大家不用把抗阻运动想得很难，许多训练在家就能做。 例如： 蹲起、台阶运动或坐立运动可以锻炼腿部和臀部肌肉； 墙式俯卧撑可以锻炼胸部和上肢； 提踵可以锻炼腿部； 可用哑铃（可用矿泉水瓶替代）进行抗阻抬举； 还可以用弹力带也可以做弓箭拉伸运动和肩带拉伸锻炼背部和上肢。 04 抗阻运动注意4个细节 存在特殊疾病的人群，运动要遵医嘱。对于普通人，做抗阻运动时要注意4个细节。 保持自然呼吸 抗阻运动时要保持自然呼吸状态，特别注意避免屏气，以免缺氧或血压波动幅度过大，必要时提供适当的保护。 关注身体状态 急性疾病期要暂停运动，如严重感冒、发烧、严重腹泻等；运动中出现胸痛、胸闷、头晕、心悸、异常的呼吸困难或疲劳、关节肌肉明显疼痛等不适感觉，应立即降低运动强度或停止运动，采取对应措施，必要时就医。 锻炼每个肌群 力量锻炼主要针对身体的主要大肌肉群，如上背部、胸部、肩部、上肢（肱二头肌和肱三头肌）、下肢（腘绳肌和股四头肌）和小腿肌肉等。 为每个肌肉群选择一个或多个练习，学会以正确的形式和方式进行适当练习。 每周每个肌群的锻炼至少进行2次，间隔2天以上。每个大肌肉群做2～4组，每组重复8～12次，组间休息2～3分钟。   图自美国心脏协会。健康时报编译 合适运动强度 锻炼后有一定疲劳感，疲劳感在运动后第二天基本消失。强度过小，没有明显健身效果；强度过大，可能造成运动损伤。 来源：健康时报微信 本期编辑：刘杰、林帆 觉得好看，请点这里 ↓ ↓ ↓
人民日报专访“胖东来”董事长于东来，聊了这些热点——,https://mp.weixin.qq.com/s/R-meOA1oB7WXC9nrSL5AIA,2025-09-23,　　河南许昌胖东来，一家企业带火一座城，被网友称为“没有淡季的‘6A级景区’”。近日，围绕一些热点话题，人民日报记者与胖东来商贸集团董事长于东来进行了面对面交流。于东来分享了他对高质量发展的理解和对服务品质的追求。 “对‘人’的重视，是我们成功的关键” 　　问：您曾说，如果胖东来无法坚持自己的追求，可能会选择关停胖东来，这种追求指什么？ 　　答：我年轻的时候，也干了很多工作，赔了很多钱。一直到1995年，才开始摸清做生意的门道。以前，我做生意亏了钱，就只想着把欠别人的钱给还上。后面有能力了，就想像雷锋、焦裕禄一样服务社会。具体怎么做呢？如果我开超市，能让老百姓买到放心的产品，我也是在做一个有追求的人。 　　问：员工高薪酬、高福利模式，违反商业逻辑吗？ 　　答：我不这样认为。1999年，我挣了1700万元，年底就决定拿出50%分给员工。你对员工好，员工对顾客好，顾客对社会好，这就形成了良性循环，企业也会向善向好发展。 　　对“人”的重视，是我们成功的关键。我和不少企业家是好朋友，平常会分享一些经营心得。他们的企业有些地方可能不成熟，我的性格也有点急，就来帮着调整。只有去尊重员工、成就团队，企业才能做得更长久。 　　问：这种经营模式是可借鉴、可复制的吗？ 　　答：胖东来的经营模式有可借鉴的地方，但要完全复制并不容易，也没必要。因为每个企业所处的环境、文化和团队都不一样。我们的模式是基于对员工、顾客和社会的理解逐步形成的。如果其他企业只是照搬一些表面做法，比如高薪酬、高福利，而没有真的理解，是很难成功的。 　　问：面对一些网络上的质疑，您怎么看？恶意谣言给企业发展带来哪些困扰？ 　　答：这几年关注的人多了，表扬的多、骂的也多，这都正常。网络流量是一把“双刃剑”。它能让更多人关注胖东来，了解我们的经营理念、服务和产品。但如果过于追求流量，忽视了企业经营的本质，那就是本末倒置。胖东来能有今天的关注度，不是因为刻意追求流量，而是一直坚守自己，用心服务顾客，做好产品质量。 　　有的质疑是有道理的，我们立即整改。有的质疑带着恶意的诋毁，企业发展可能因片面攻击被全盘抹杀。对此，我们不能置之不理，得采取措施维护自己的合法权益。我希望相关法规能够再完善、再细化一些，让造谣行为被及时遏制。 “我们不想为了规模，牺牲品质和顾客体验” 　　问：有些企业通过压低供应商报价来增加利润，并将这种模式作为零售行业的规则，对此您怎么看？ 　　答：这是短视的，不利于整个行业的健康发展。很多企业“内卷”竞争、打价格战，很辛苦，自己到最后也赚不到钱，还把自己“卷”死了。商品的毛利率不能太低，太低了，不尊重商品。 　　如果让我提建议，企业要在品控上多下功夫。产品不好，就改产品。把不那么好的产品下架，把值得信任的产品上架；员工能力不理想，要给员工多培训、涨工资。 　　问：胖东来关闭了一些还在盈利的店铺，背后是怎样的商业判断？ 　　答：关闭一些还在盈利的店铺，是因为我们更注重企业的经营质量。我们制定了1000多种、数万页的操作手册，涵盖不同业态、部门和岗位，并且一直保持动态更新。有了手册，还要保证都能落到实处。有些店铺虽然盈利，但可能在经营模式、顾客体验等方面存在一些问题，不符合企业的发展理念，那我们宁愿把店关了。我们不想为了规模，牺牲品质和顾客体验。 　　问：目前胖东来还没有走出河南，这是为什么？深耕一域和走向更广市场之间应该怎样选择？ 　　答：在追求做大做强与做精做久之间，我们认为做精做久是基础。只有把企业的经营理念、产品质量、服务水平等都做到极致，企业才能长久发展。现在，我们会先把现有的店铺经营好，不断优化管理和服务，等条件成熟了，再考虑要不要在合适的地方开设新店。我们不追求盲目扩张，而是追求稳健、可持续的发展。 　　胖东来无意成为一个全国连锁品牌或跨国商超巨头，我们的发展看重质量而非数量。我希望胖东来做一个样板、一条鲇鱼，能激活整个行业的服务升级，能有更多的企业实现高质量发展。 　　问：有人说，胖东来通过诚信制造了竞争优势，是这样吗？ 　　答：商业不仅是逐利，从长远来看，更应该建立信任。胖东来这些年坚持让“诚信”两个字落地生根。我们严格执行“无理由退换货”政策、设立“500元投诉奖”，看似增加了企业成本，实际上换来了口碑。 　　坚守诚信不仅是一种道德选择，也是一种商业智慧。我们花费大力气建设中央厨房生产豆芽等食品，利润很微薄，但仍然坚持去做，就是为了满足群众的需要。胖东来选择了一条难而正确的路——用真诚换取信任，用信任赢得市场。现在的实践证明，我们走对了。 　　问：胖东来的一线职工不必层层上报，就能对顾客需求做出即时回应。职工赋权和企业管理是如何统一的？ 　　答：我们相信员工，给予他们充分的信任。我们认为员工在一线，最了解顾客的需求，赋予他们权限能让服务更高效、更贴心。同时，我们通过完善的培训和企业文化建设，让员工明白自己的责任和使命。职工赋权和企业管理是通过公平的制度、充分的信任以及文化的引导来实现统一的，目的是让职工有家的感觉，为顾客提供更优质的服务。 “不能光是希望别人去干、国家去干，自己也要干” 　　问：有人认为当前消费降级，对这种观点您怎么看？在全方位扩大内需、提振消费的背景下，民营企业如何确定自己的发展节奏？ 　　答：中国的经济是一片大海。14亿多人口的消费体量，这是其他国家比不了的。有的人唱衰中国经济，说消费低迷。你来胖东来的店里看看，就明白了，哪里低迷？有的人不花钱，有没有可能是因为产品和服务质量低，使用或体验不舒服？ 　　现在我们国家很多地方都走在了世界前列。我们走自己的路，有自己的节奏，不用把弦绷得太紧。有些方面降一降，发展速度合理一些，品质更高了。 　　问：企业的发展离不开良好的营商环境，政府和企业应该是什么样的关系？ 　　答：政府对企业的支持至关重要。政府在各方面给了我们很大的支持，让我们更专注于经营。在商超路口，有交警协助执勤；出现网上侵权，知识产权、市场监管等部门能主动帮忙。 　　当前，营商环境不断优化，为民营企业提供了很好的发展机遇。一个好的营商环境，是大家一起创造的。如果相互拆台，彼此失去信任，都会受损。 　　问：面对当前的挑战，如何发挥新时代企业家精神？ 　　答：民营经济在中国很重要，是不可忽视的力量。如果有更多好的民营企业成长起来，我们国家就会有更好的发展。 　　1999年，我去了上海。通过上海这个窗口，看到了世界。当时，家乐福是我学习的对象。现在，不少国内外的商超来许昌参观。中国的经验，世界也可以借鉴。 　　大家都希望能有真诚美好的发展环境，我们不能光是希望别人去干、国家去干，自己也要干。作为企业家，有能力为国家分忧是多好的一件事。发挥新时代企业家精神，就是一起推动社会往更美好的方向发展。 来源：《人民日报》（2025年08月19日 第06版），原标题：《用真诚换取信任，用信任赢得市场（与企业家谈“新”）——胖东来商贸集团董事长于东来访谈》，记者：王乐文、方敏、张文豪 本期编辑：石磊、王若彤 觉得好看，请点这里 ↓ ↓ ↓
假冒退役少将、中科院院士，阮某平被刑拘！,https://mp.weixin.qq.com/s/QxZCKH8G07XfYH3yfKvHjA,2025-09-23,8月19日，深圳南山公安发布警情通报： 近日，网传阮某平假冒院士等身份行骗。现初步查明 阮某平（男，63岁）涉嫌假冒退役少将、中科院院士等特殊身份非法获利，并多次假冒特殊身份参加社会活动。 目前， 阮某平因涉嫌冒充军人招摇撞骗罪已被依法刑事拘留，案件正在进一步侦办中。 来源：人民日报客户端 本期编辑：刘杰、林帆 觉得好看，请点这里 ↓ ↓ ↓
9月1日起实施！个人养老金新增3种领取情形,https://mp.weixin.qq.com/s/Q-mciFa3JUbnLUEPU97Htg,2025-09-23,近日，人力资源社会保障部、财政部、国家税务总局、金融监管总局、中国证监会联合印发 《关于领取个人养老金有关问题的通知》 ，进一步丰富个人养老金领取情形，明确具体操作办法， 自9月1日起开始实施。 通知规定， 新增3种个人养老金领取情形： 申请之日前12个月内，本人（或配偶、未成年子女）发生的与基本医保相关的医药费用支出，扣除医保报销后个人负担（指医保目录范围内的自付部分）累计超过本省（自治区、直辖市）上一年度居民人均可支配收入； 申请之日前2年内领取失业保险金累计达到12个月； 正在领取城乡最低生活保障金。 此前，参加人符合下列条件之一的，可以领取个人养老金。一是达到领取基本养老金年龄。二是完全丧失劳动能力。三是出国（境）定居。 个人养老金怎么领取？ 《通知》明确，参加人领取个人养老金， 可以通过国家社会保险公共服务平台等全国统一线上服务入口、个人养老金资金账户开户银行、当前基本养老保险关系所在地社会保险经办机构等渠道提出申请， 由社保经办机构核实。对核实通过的，由个人养老金资金账户开户银行代扣代缴3%个人所得税后，将资金划转至本人社会保障卡银行账户。 《通知》要求，各地人力资源社会保障部门要按要求，完成与信息平台的对接，做好领取个人养老金的管理工作。加强与医保、民政等部门的信息共享，充分利用可获取的跨业务、跨层级数据，优化经办系统功能，为参加人领取个人养老金提供便捷服务。 个人养老金是什么？ 个人养老金 是指政府政策支持、个人自愿参加、市场化运营、实现养老保险补充功能的制度。个人养老金实行个人账户制，缴费完全由参加人个人承担， 每年缴费上限为12000元， 缴纳的资金由个人自主选择购买符合规定的储蓄存款、理财产品、商业养老保险、公募基金等金融产品，封闭运行，按照国家有关规定享受税收优惠政策。 来源：央视新闻， 记者：李欣、郑春宇 本期编辑：刘杰、林帆 转发周知！ ↓ ↓ ↓
按病种付费！国家医保局正式印发,https://mp.weixin.qq.com/s/iNo1AdxLpqUO8Yvri5AIfw,2025-09-23,为推进以按病种付费为主的多元复合式医保支付方式改革，国家医保局正式印发《医疗保障按病种付费管理暂行办法》（以下简称《办法》）。根据《办法》， 我国将为医保按病种付费建立病种分组方案动态调整机制，原则上每两年调整一次。 医保按病种付费是指通过对疾病诊疗进行分组或折算分值，实行医保对医疗机构的“打包付费”。随着医疗技术的飞速发展，按病种付费也需要动态调整以适应临床变化。为此，《办法》提出，根据客观数据、意见建议、临床特征规律、政策调整变化等因素进行定期调整。 近年来，国家医保局着力推进住院医疗费用按病种付费，开展了按病组（DRG）和按病种分值（DIP）付费两项试点。DRG分组方案调整，在保持主要诊断大类相对稳定的基础上，重点调整核心分组和细分组；DIP病种库调整，重点包括核心病种和综合病种。 《办法》对按病种付费有关政策、关键技术、核心要素、配套措施等进行了明确，规范总额预算管理，要求合理编制支出预算，在此基础上确定按病种付费总额，强调总额预算的刚性。此外，《办法》还明确将按病种付费相关要求纳入协议管理，加强改革成效监测评估，强化基金监管，完善医保信息平台建设等，提升按病种付费的标准化水平。 国家医保局相关负责人表示，此次对医疗机构较为关心的按病种付费相关政策进行了明确，有利于引导医保医疗相向而行。 值得关注的是，《办法》对医疗机构关心的“特例单议”机制独立成章，支持医疗机构收治复杂重症患者、合理使用新药耗新技术。 申报特例单议的病例主要包括“因住院时间长、资源消耗多、合理使用新药耗新技术、复杂危重症或多学科联合诊疗等，不适合应用病种支付标准的病例”，对评审通过的病例，可按项目付费或调整支付标准，解除医院和患者的后顾之忧。 新闻多一点>>> 推行医保支付按病种付费 有哪些变化 一直以来，我国传统的医保支付方式是按项目付费，药品、耗材、服务项目，用了多少结算多少，这种医保支付方式容易滋生“大处方”“大检查”等过度医疗行为。 目前按病种付费已覆盖全部医保统筹地区。为什么要推行医疗保障按病种付费？对患者来说会有哪些变化？ 对医疗机构→ 自2019年起，国家医保局持续推行“按病种付费”支付方式改革，即 通过历史数据精准测算，根据患者的病情分组，对同组患者，确定相似的费用标准，由医保部门“打包”支付给医疗机构 。医疗机构和医务人员从“多开项目获得收益”，转变为“控制成本也能获得收入”。 目前“按病种付费”已覆盖全部医保统筹地区。 对于住院时间长、资源消耗多、使用新药新技术等不适合按病种支付的病例，医疗机构可以申请特例单议， 医保部门经过审核后，可以按照项目付费或调整支付标准，确保这些患者能够得到合理充分的治疗。 对患者 → 医保支付方式指的是医保与医院之间的结算方式， 改革不影响患者出院结算体验，患者出院实行按比例报销， 患者因为少做了不必要的医疗服务项目，按比例报销后个人负担部分可能会减少。 国家医保局表示从未出台“单次住院不超过15天”之类的限制性规定， 对少数医疗机构将医保支付标准的“均值”变“限额”、 以“医保额度到了”的理由强行要求患者出院、转院或自费住院的情况，国家医保局将予以严肃处理。 来源：工人日报、央视新闻 本期编辑：石磊、王若彤 觉得好看，请点这里 ↓ ↓ ↓
李某被引渡回国,https://mp.weixin.qq.com/s/26ErDyX2DiV8N49xXhocYw,2025-09-23,8月15日，在中国驻泰国使馆和泰国相关执法部门的大力协助下，我公安机关将涉嫌非法吸收公众存款犯罪的嫌疑人李某从泰国引渡回国。 据了解，李某在不具备吸收公众存款资质的情况下，虚构公司资金实力雄厚、经济效益良好和即将挂牌上市等不实信息，以扩大生产经营为由，以高额利息为诱饵，先后向800余名群众非法吸收3亿余元人民币。案发后，李某逃往境外。 李某外逃后，公安机关坚持不懈开展追逃追赃工作。2023年9月，河南省商丘市睢阳区人民检察院以涉嫌非法吸收公众存款罪对李某批准逮捕。2024年10月，国际刑警组织对其发布红色通报。2025年6月，泰国有关部门将李某逮捕，并依法判决将其引渡回中国。 公安部相关负责人表示，李某的成功引渡，是中泰两国执法司法合作不断深化、双边互信不断加强的成果，彰显了公安机关维护公民财产安全、捍卫法律底线的坚定决心，对今后我国与其他国家建立和深化执法合作起到积极示范作用。 来源：人民日报客户端，记者：张天培 本期编辑：石磊、王若彤 觉得好看，请点这里 ↓ ↓ ↓
9月10日起，这里的现役军人父母将享受多项优待！,https://mp.weixin.qq.com/s/msDHHn-LDM72BOZQNwsGdA,2025-09-23,近日 厦门市退役军人事务局等 11个部门联合出台 《关于做好现役军人父母优待工作的措施》 《措施》涵盖 养老服务、生活保障、医疗健康 住房保障、就业创业、法律服务 和荣誉激励等七个维度 为现役军人父母 提供多项特别优待  新政策  将从今年9月10日起正式施行 据了解 这是在全国率先出台的 专门针对 现役军人父母优待工作的 政策举措 养老服务方面 　　对符合条件的低收入、失能、高龄等现役军人父母，实行同等条件下优先安排入住公办养老机构，并优先提供家庭养老床位及定期探访关爱服务。独居、高龄、失能等现役军人父母可优先申请安装“邻安康”长者守护设备，纳入重点关爱对象，确保突发情况及时响应。 生活保障方面 　　对基本生活陷入困难的现役军人父母，符合条件的及时纳入基本生活救助范围，按规定给予临时救助、最低生活保障等相应救助。 医疗健康方面 　　现役军人父母可享受门诊、取药、缴费、住院等“四优先”服务，优先签约家庭医生，符合条件的还可申请上门诊疗、家庭病床等服务。义务兵父母可享受一次免费体检。 住房保障方面 　　对符合保障性住房或农村危房改造条件的现役军人父母给予优先支持，农村宅基地申请亦纳入优先审批范围。 查看《措施》全文 厦门市退役军人事务局等11部门关于 做好现役军人父母优待工作的措施 各区退役军人事务局，各区委宣传部，各区民政局、司法局、财政局、人社局、住建局、卫健委、农业农村局、人武部： 为深入贯彻习近平强军思想，进一步营造尊崇军人职业、尊重关爱现役军人家庭的浓厚氛围，切实提升现役军人父母的获得感、荣誉感，根据国家和福建省有关政策规定，结合我市实际，厦门市退役军人事务局联合相关部门制定本措施，推动做好现役军人父母优待工作。 一、指导思想 以习近平新时代中国特色社会主义思想为指导，聚焦服务国防和军队建设大局，以增强现役军人家庭荣誉感、幸福感为目标，健全完善优待工作机制，落实落细优待政策，让现役军人心无旁骛在军营建功立业。 二、适用对象 本措施适用于我市行政区域内现役军人的父母（现役军人父母为厦门户籍）。 三、优待措施 （一）养老服务 1. 养老机构优待：对符合条件的低收入、失能、高龄等现役军人父母，实行同等条件下优先安排入住公办养老机构（含公建民营）。 2. 居家养老服务：优先为符合条件的、有需求的现役军人父母设置家庭养老床位，按照有关规定给予运营机构相应的建设补贴、运营补贴和护理补贴。根据个人自愿，为独居、高龄、失能等现役军人父母建立定期探访关爱服务。 ３. 紧急援助机制：独居、高龄、失能等现役军人父母申请安装“邻安康”长者守护设备，实行同等条件下优先安排。镇(街)将其列为重点关爱对象，确保在突发疾病、意外等紧急情况时能迅速响应、及时救助，并第一时间联系其子女和亲属。 责任单位：市、区民政局，市财政局，市、区退役军人事务局，各级退役军人服务站。 （二）生活保障 1. 基本生活帮扶：对遭遇突发事件、意外伤害、重大疾病或其他特殊原因导致基本生活陷入困难的现役军人父母，符合条件的及时纳入基本生活救助范围，按规定给予临时救助、最低生活保障等相应救助。鼓励社会组织、爱心企业和爱心人士开展结对帮扶，为困难现役军人父母提供生活帮扶。 2. 困难救助：对面临特殊困难的现役军人父母，由退役军人事务部门联合市慈善总会给予困难救助。  3. 商户优惠：鼓励厦门“凤凰花”拥军平台特约商户为现役军人父母提供优惠商品和优待服务。 责任单位：市民政局，市慈善总会，市财政局，市、区退役军人事务局，各级退役军人服务站。 （三）医疗健康 1. 医疗优先：现役军人父母到医疗机构就诊时，享受普通门诊优先诊察、优先取药、优先缴费、优先住院等服务。 2. 家庭医生签约：优先为现役军人父母提供家庭医生签约服务，优先为有需要的伤病残、老龄现役军人父母提供上门出诊、家庭病床、健康管理等服务，确保现役军人父母享受便捷、连续、综合的基本医疗和公共卫生服务。 3. 体检：应征青年服义务兵役期间，父母享受一次免费体检（参照当地企事业单位职工体检标准执行），由各区人武部组织实施，所需经费由区财政负担。 责任单位：市卫健委，警备区政治工作处，市、区退役军人事务局，各级退役军人服务站。 （四）住房保障 1. 保障性住房：现役军人父母符合保障性租赁房申请条件的，按照规定予以适当优先保障。 2. 农村住房改善：居住在农村的现役军人父母，符合农村危房改造条件的，优先纳入农村危房改造相关项目范围。 3. 农村宅基地申请：居住在农村的现役军人父母，符合宅基地申请条件的，按照有关规定优先受理、审核审批。 责任单位：市住建局，市农业农村局，市、区退役军人事务局，各级退役军人服务站。 （五）就业创业 1. 就业扶持：公共就业服务机构为劳动年龄段内有就业意愿的失业现役军人父母提供免费的职业介绍、职业指导、就业培训等服务，帮助其提升就业能力，实现就业。 2. 创业支持：对于符合条件的现役军人父母，免费提供就业创业信息。现役军人父母自主创业的，符合条件的可按规定享受创业担保贷款、一次性创业补贴等创业扶持政策。 责任单位：市人社局，市财政局，市、区退役军人事务局，各级退役军人服务站。 （六）法律服务 1. 法律咨询援助：对于符合法律援助条件的现役军人父母，法律援助机构免于核查其经济困难状况，及时指派专业律师提供法律援助，维护现役军人父母合法权益。 2. 矛盾纠纷调解：加强人民调解、行政调解、司法调解联动，指导完善涉军矛盾纠纷多元化解机制。对现役军人父母遇到的矛盾纠纷，优先受理、优先调解、优先处理，及时化解矛盾，维护社会和谐稳定。 责任单位：市、区司法局，警备区政治工作处，市、区退役军人事务局，各级退役军人服务站。 （七）荣誉激励 1. 建立联系卡：由区退役军人事务局会同人武部梳理现役军人家庭情况表，建立现役军人父母联系卡，畅通沟通联系渠道，便于遇有需求第一时间联系解决。 2.定期走访慰问：在八一、春节等重要节日，通过多种形式向现役军人父母致以节日问候和诚挚祝福。对当年荣立三等功及以上现役军人父母，由区退役军人事务局会同人武部组织上门慰问，并送上慰问品（金）；其他现役军人父母由镇（街）退役军人服务站和人武部每年上门走访，了解困难需求，及时协调解决。 3. 表彰宣传：做好“光荣牌”悬挂、义务兵家庭优待金发放和现役军人立功送喜报工作。邀请立功受奖的现役军人父母代表参加国家和地方重要庆典和纪念活动。利用各类媒体和公共宣传阵地，广泛宣传现役军人父母的先进事迹，在全社会营造尊崇军人家庭的良好氛围。 责任单位：市委宣传部，警备区政治工作处，市、区退役军人事务局，各级退役军人服务站。 四、保障机制 （一）加强组织领导 各级各有关部门要把现役军人父母优待工作摆上重要位置，切实强化政治责任和使命担当。要建立健全党委和政府统一领导下，退役军人事务部门统筹协调，各部门各司其职、密切配合的工作机制。 （二）强化经费保障 相关部门将现役军人父母优待工作所需经费纳入部门预算，确保各项优待政策落实到位。鼓励通过社会捐赠、慈善资助等方式多渠道筹集资金，为现役军人父母优待工作提供补充支持。 （三）加强宣传引导 充分利用各类媒体和宣传阵地，广泛宣传现役军人父母优待政策，提高政策知晓率和社会影响力。及时总结推广优待工作中的好经验、好做法，树立先进典型，营造全社会关心关爱现役军人父母的良好氛围。 现役军人父母身份采用现役军人证件与户口本共同识别，或者采用现役军人所在部队出具的证明材料识别。现役军人退役后其父母不再享受相关优待。 本措施自2025年9月10日起施行，有效期五年，由厦门市退役军人事务局负责解释。 厦门市退役军人事务局 中共厦门市委宣传部 厦门市民政局 厦门市司法局 厦门市财政局 厦门市人力资源和社会保障局 厦门市住房和建设局 厦门市卫生健康委员会 厦门市农业农村局 厦门市慈善总会 厦门警备区政治工作处 2025年8月5日 让军人没有后顾之忧 来源：人民陆军 本期编辑：石磊、王若彤 觉得好看，请点这里 ↓ ↓ ↓
男子主动放弃继承亡父房产，法院：无效！,https://mp.weixin.qq.com/s/3VdO4XXexJas5BGAtSTqpA,2025-09-23,　　一边拖欠子女抚养费，一边放弃自己应该继承的遗产，这样的父亲太会打“如意算盘”。近日，上海市浦东新区人民法院（以下简称浦东法院）审理了这样一起案件，法院最终判决该男子的放弃继承行为无效。 男子从未支付子女抚养费 将亡父遗产让给姐姐 　　小宸系蒋先生与梁女士之子。2017年，梁女士与蒋先生经法院判决离婚，并判令蒋先生自2016年12月起每月支付孩子抚养费1500元，直至小宸年满18周岁。然而，判决生效后，蒋先生始终未履行任何支付义务。 　　梁女士先后两次向法院申请强制执行，均因蒋先生没有财产可供执行而终结执行程序。但据梁女士所知，蒋先生的父母名下有一套房屋，其父2016年11月离世，此后该房以210万元价格售出， 按理蒋先生父亲名下50%的产权份额应由蒋先生及其母亲、姐姐共同继承，蒋先生应当有足够的财产支付拖欠的抚养费。 　　梁女士向法院申请调查令后得知， 由于蒋先生与母亲均在公证中明确表示放弃继承，该房屋50%的产权份额最终由蒋先生的姐姐一人继承。 法院： 存在明显恶意 放弃继承的行为无效 　　梁女士认为，蒋先生放弃继承时已对小宸负有法定抚养义务，这个行为明显是为逃避支付抚养费，严重损害了小宸的利益。为此小宸将蒋先生与蒋先生姐姐告上法庭，请求认定蒋先生的放弃继承行为无效，并要求蒋先生姐姐返还蒋先生本应继承的份额。 　　蒋先生及其姐姐辩称，蒋先生放弃继承与支付原告抚养费之间没有关系。蒋先生放弃继承时仍有工作和收入，具备支付抚养费的能力，之后才失去工作，且其放弃继承是出于自愿，并非为逃避义务。 　　法院经审理后认为，子女抚养费是基于父母子女的身份关系而产生的法定义务。法院此前已判决蒋先生需支付小宸抚养费直至其成年，但蒋先生却长期不履行义务。之后， 蒋先生在明知自身负有抚养义务且未支付过抚养费的情况下，主动放弃继承，不久后又失去工作，进一步丧失履行抚养义务的能力。 蒋先生放弃继承的行为，损害了小宸的利益， 这种行为，存在明显恶意，故判决蒋先生放弃继承房屋产权份额的行为无效。 法官说法 　　父母应当尽力保障子女的基本生活与健康成长。 　　继承权是公民的民事权利，继承人有权自主处分，但该权利的行使应当遵循诚实信用原则和公序良俗要求，不能被用作逃避法定义务的“工具”。 依据《最高人民法院关于适用〈中华人民共和国民法典〉继承编的解释（一）》中“继承人因放弃继承权致其不能履行法定义务的，放弃继承权的行为无效”的规定，法院依法认定本案中蒋先生放弃继承的行为无效。 　　值得注意的是， 抚养费是基于父母子女的身份关系而确定的法定义务，具有强制性， 无论收入变化或财产状况如何，父母都应当尽力保障子女的基本生活与健康成长，任何试图通过转移、隐匿或放弃财产来规避这一义务的行为，不仅违反法律规定、背离社会公德，更严重损害了未成年人的正当权益，应当承担法律责任。 来源： 上海广播电视台《案件聚焦》（记者：钱浩明）、央视网 本期编辑：石磊、王若彤 觉得好看，请点这里 ↓ ↓ ↓
于鸿庆同志，被追认为中共党员,https://mp.weixin.qq.com/s/qEgzk4PupKBde8kV04duMA,2025-09-23,近日，中共北京市委批准同意追认于鸿庆同志为中国共产党党员。 于鸿庆，男，汉族，1995年7月出生，北京人，生前系平谷区镇罗营镇社区卫生服务中心医生。2025年7月28日，于鸿庆同志在赶赴密云区大城子镇南沟村执行紧急医疗救援任务途中，遭遇短时强降雨，在组织同车组人员安全离车后，被洪水冲走，不幸牺牲，年仅30岁。 于鸿庆同志生前思想上积极要求进步，向党组织提出入党申请，并按照党员标准严格要求自己。他始终牢记为人民服务的初心使命，扎根基层医疗卫生事业近10年，用心用情服务村民，在平凡岗位默默奉献，用医者仁心守护群众健康。在暴雨袭来时，不顾危险赶赴救援现场，危难关头舍己为人，用自己年轻的生命书写了“人民至上、生命至上”的壮丽华章，践行了“随时准备为党和人民牺牲一切”的庄严承诺。 根据于鸿庆同志生前入党愿望和一贯表现，特别是在防汛救灾中义无反顾奔向救援一线、洪水袭来时先人后己的英勇行为，市委批准同意追认于鸿庆同志为中国共产党党员。 来源：北京日报，记者：武红利 本期编辑：石磊、王若彤 觉得好看，请点这里 ↓ ↓ ↓
这场面，真美！点击查看答案,https://mp.weixin.qq.com/s/Sr7zsp50QeX0rKDNqACZpQ,2025-09-23,在首钢迁钢炼“绿”钢 🌲 不再是口号 太浦河流经江浙沪三地 🏞️ 成为联合治理“好伙伴” 青藏高原再次出现“万羊齐奔” 🐑 库布其沙漠里跑出“黑骏马” 🐎 壮美场面 人民日报经济宣传融媒体品牌栏目 《高质量发展故事汇》第十期上线 让我们跟随镜头 透过四个故事 听生态环境部部长黄润秋 探寻绿色中国的“两山”回响 “绿”钢是怎样炼成的？ 提起钢铁厂 人们脑海中常浮现浓烟弥漫的景象 走进首钢股份迁安钢铁厂区 映入眼帘的却是洁净的道路 葱郁的绿植 湛蓝的天空 多处环境监测设备如哨兵守护 宛如置身一座现代化的生态园区 要实现超低排放 关键在于打好 源头严防、过程严管、末端严治 的 组合拳 在创新驱动下 高炉也能淬炼出“绿动能” “太浦”怎得清如许 太浦河 太湖流域最大的人工河道之一 沟通起江苏、浙江和上海三地 上世纪90年代 各色油漆废料随着雨水直排入河 轧钢厂的煤渣堆满河岸 水葫芦年年疯长 跨省清理常闹矛盾 2018年 长三角一体化上升为国家战略 苏浙沪联手治理太浦河 推出了“联合河长制” 江苏汾湖湾村沈晓华书记 和浙江湖滨村的沈建春 上海新池村的池建芳 成了“跨省搭档” 原来“三不管”的河道 现在一句消息就能一呼百应 如今的太浦河 水清岸绿 村民“出门见绿、推窗见河、家门口就业” 真正成了三地的“幸福河” 藏羚羊“奶爸” 在青藏高原可可西里 有一群人默默守护着这片神圣的净土 及其最灵动的精灵——藏羚羊 才文多杰就是其中的一员 每年夏天 可可西里腹地的卓乃湖 数万只雌性藏羚羊穿越数百公里 来到这里繁衍后代 有一些刚出生的小藏羚羊 在混乱和危险中与妈妈失散 成为茫茫荒原上无助的“落单者” 索南达杰保护站的野生动物救助中心 这里550亩的围栏 成为这些“落单者”临时的避风港 才文多杰成为“藏羚羊幼儿园”的一名 “藏羚羊奶爸” 在全社会的帮助下 他们年复一年 用脚步丈量荒野 用生命守护生命 让这个美丽的物种重新焕发生机 沙漠里的“黑骏马” 内蒙古鄂尔多斯伊金霍洛旗的草原上 一幅能源转型的时代画卷正在展开 连绵的光伏板在阳光下熠熠生辉 远方的白色风机悠然转动 这里曾以“羊煤土气” 羊绒、煤炭、高岭土、天然气 闻名于世 如今 这座资源型城市 正全力向“绿色零碳新城”迈进 当发展的车轮滚滚向前 如何让大地永葆生机？ 答案就在绿水青山的回响里 在生态文明建设的壮阔征程中 解读发展故事 感悟思想伟力 人民日报《高质量发展故事汇》 敬请继续关注！ 来源：人民网 本期编辑：刘杰、方梓祎 觉得好看，请点这里 ↓ ↓ ↓
痛心！吴建波，一路走好……,https://mp.weixin.qq.com/s/NVcmoIPTmCr0PB2d5ZyZHA,2025-09-23,　　“我当了一辈子医生，救了那么多人，为什么救不了你啊……”杨英跪在地上，拼命给丈夫吴建波做心肺复苏，泪水早已决堤。可那张熟悉的、爬满皱纹的脸，再也没应她一声。 　　7月18日清晨，正在监区值班的湖北省钟祥市看守所一级警长吴建波突感不适，返回家中取药就医时轰然倒地。8时4分，经抢救无效，55岁的吴建波因公牺牲。 　　在人生的最后一刻，他臂弯里仍搭着那件浸透汗渍的警服。自1987年穿上警服起，38载从警路，他像一把沉默的锋刃，刻下了最清晰的生命印记。 “帽子要摆正，人要站得直” 　　7月18日6时10分，钟祥市看守所的走廊安静得只能听见滴答钟声。正在巡逻的吴建波揉了揉发闷的胸口，额角渗着细汗。 　　“您哪里不舒服吗？”面对值班同事马宇的关心，他显得有些疲惫，“嗯，胸闷得很，感觉要吃药。” 　　在带班领导面前，他强撑着说“就是有点晕”，转身往家赶时，脚步已经踉跄。推开家门，他扶着门框对妻子杨英挤出几个字：“我头晕……”话音未落，吴建波身子一软栽倒在地，任凭如何呼唤却毫无反应。 　　冰冷的绝望瞬间攫住了杨英，但36年的从医本能压倒了恐惧，杨英抓起速效救心丸就往他嘴里塞，双手按压着他的胸膛，“老吴，你醒醒啊！”可那张总挂着笑容的脸，再也没给她回应。 　　床头，警帽和反光背心叠得方方正正。“他说帽子要摆正，人要站得直。”杨英坐在床边摸着帽檐，哭到喘不上气。 吴建波床头整齐叠放反光背心和警帽 　　“从2024年调到看守所以来，老吴每天巡逻要走两万多步，警力紧张时他会帮忙提押，高峰时每天提押30多人，从没喊过累。”钟祥市看守所副所长李方园惊闻噩耗后，不禁红了眼。 　　工作群里，吴建波的最后一条消息停在了7月17日22时14分：“三监区主巡道西边的第2个应急灯脱离基座，得赶紧修修。”同事们红着眼圈修好了灯，却等不到老吴来检查。 “不能休息，队里还有好多事等着我” 　　时间回到1999年深秋，彼时29岁的吴建波还是一名交警。 　　深夜执勤，他拦下一辆违规机动三轮车。司机递过证件时，手腕止不住地抖。吴建波眯了眯眼——照片与本人不符，同车3人眼神飘忽，绝非普通违章！ 　　“先去岗亭登记，明天再来处理。”吴建波不动声色，巧妙地将司机“请”进了岗亭。 　　没想到司机竟察觉不妙、准备挣脱，却被早有准备的吴建波死死控制，但此刻另两名同伙趁机逃走。 　　吴建波迅速呼叫支援，战友快速追击，两名犯罪嫌疑人悉数落网——一起特大抢劫杀人案在案发后3小时内告破。 　　当三等功勋章别上警服时，吴建波笑了笑，“运气好，碰上了”，转身又穿梭在车流不息的马路中。 吴建波将轻生男子抬上担架 　　这身黄马甲，一穿就是26年。钟祥的老街坊记得，早高峰的路口总有个身影，帮送孙子的老人提菜篮；暴雨天的积水潭边，他背过孕妇、抱过发烧的孩子；收废品的三轮车翻进沟里，他第一个冲过去救助。 　　2016年12月，吴建波已调任巡特警大队3年，一纸甲状腺癌诊断书如晴天霹雳般砸向了他。 　　做完手术后不久，吴建波就执意回到训练场。“不能休息，队里还有好多事等着我。”妻子劝他多休养，他的回答却斩钉截铁。 　　他铁骨铮铮，却总把最深的柔情留给并肩的战友和需要帮助的人。 　　同事家中有急事，吴建波总是主动替他们顶班。节假日、暴雨夜、偏远巡逻路线，他全部都揽了下来。 “ 再快一分钟，就多一分救人的希望” 　　“再快一分钟，就多一分救人的希望”。对吴建波来说，“救命”二字是他刻进骨子里的本能。 　　2020年5月15日15时20分，钟祥市公安局巡特警大队值班室警铃炸响——有人喝农药自杀！ 　　吴建波一边拉响警报火速赶赴现场，一边紧急联系120。现场刺鼻的农药味中，男子已意识模糊。他当机立断，和战友协力将其背下楼，警车一路鸣笛，把死亡生生逼停。 　　次日5时，警铃再响：镜月湖大桥，女孩欲跳桥。吴建波带队狂奔现场。女孩蹲在桥栏外侧，摇摇欲坠。 　　吴建波缓步靠近，“姑娘，风大，往里挪两步。”趁女孩分神，他飞身越过栏杆，一把攥住她手臂。女孩大声哭喊，他却一字一顿：“你爸妈还在家等你！” 吴建波跨越栏杆营救欲跳湖轻生女子 　　自2013年调任巡特警大队机动中队副中队长以来，吴建波11年期间共妥善处置警情1200余起，参与各类救援100余次，亲手拉回轻生者20余人。“他总说守护群众平安是警察的天职。”妻子杨英回忆时哽咽难言。 　　更鲜为人知的是，他的抽屉里，献血证摞了厚厚一沓。2022年，他又通过考试拿到红十字救护员证——“能多救一个，就多救一个。” 　　从车水马龙的街头到壁垒森严的高墙，从生死时速的救援到日复一日的巡逻，每一个岗位都是吴建波用生命打磨的锋刃。 　　锋刃虽折，其声如洪钟，在汉江之畔久久回响；星河纵远，其光犹在，照亮后来者前行的路。 　　“老吴，你床头那件叠得板板正正的警服，我们替你收好了；你工作群里没来得及回复的消息，我们替你盯着……放心吧！你未竟的黎明，我们替你守住。”这是来自吴建波同事的共同心声。 来源：平安湖北 （通讯员：周隗伟、刘俊杰） 本期编辑：石磊、王若彤 一路走好 ↓ ↓ ↓
快看你家冰箱有没有！14岁男孩差点儿被它炸断拇指,https://mp.weixin.qq.com/s/s3cHfuG-geRG15sqzeQtZA,2025-09-23,冰镇冷饮 冰激凌 为冷链食物保鲜 制作“仙气飘飘”的网红饮料 …… 干冰在日常生活中十分常见 但很多人不知道 干冰若储存、使用不当 便会“暗藏杀机” 把干冰当玩具摇 14岁少年手指被炸得深可见骨 　　前不久，湖南一名14岁的少年维维（化名），在爸爸网购冰激凌的 箱子里发现了 用于冷藏的干冰，便拿走当成玩具玩， 捏在手里反复摇晃 。 　　突然， 密封袋里的干冰发生爆炸 ，维维的右手瞬间鲜血直流，拇指虎口处 被撕开一道 约10厘米的伤口，深可见骨 ， 肌肉组织断裂外露， 还伴随着 拇指骨折、关节脱位 ，整个拇指完全失去知觉。 　　见状，家人赶紧带他到当地医院包扎，随后紧急转往湖南省人民医院手足显微外科。经治疗， 维维的拇指保住了，但后续 还需长期康复训练 ， 才能慢慢恢复手部精细动作功能。 　　维维懊悔不已： “ 早知道干冰这么危险，我绝对不会去玩。” 干冰不是“冰” 爆炸威力堪比鞭炮 　　干冰，又名 固态二氧化碳 ，通常为无毒无味的 白色固体，形状不一。干冰在常温常压下，可以直接 升华成二氧化碳气体，升华 时 体积膨胀800倍至1000倍 ， 加入热水后会急剧加速升华产生大量烟气。 　　湖南省人民医院手足显微外科主任陈建民介绍，如果将干冰装在密封袋里摇晃，随着气体不断增多， 袋子承受不住压力就会爆炸， 爆炸产生的威力是普通鞭炮的数倍 ， 瞬间的杀伤力不容小觑。 干冰使用不当 可能造成致命危险 爆炸  　　在密闭容器中使用干冰： 干冰在常温下易转化为二氧化碳气体，导致密闭容器内压力升高，超过容器承受极限后产生爆炸。 △图源：广东消防 　　在冰箱内放置干冰： 干冰的升华温度约为-78.5℃，而冰箱冷冻室的温度在-4℃至-24℃之间，因此干冰放入冰箱后，会 持续升华产生大量二氧化碳气体，致使冰箱内部压力过大 ， 发生爆炸。 △图源：广东消防 窒息  　　干冰升华后产生的二氧化碳气体 会 导致人呼吸困难 ， 如果在较封闭的空间内，短时间就可引发窒息，危及生命。 冻伤  　　干冰是温度在 -78.5℃ 以下 的固态二氧化碳，直接接触皮肤会瞬间带走热量，非常容易造成冻伤，甚至导致 皮肤坏死，重则伤及肌肉、骨骼 。 收到冷链包裹 如何安全处理干冰？ 别让孩子触碰  　　家长要把干冰放在孩子拿不到的地方，防止儿童因为其“烟雾缭绕”而好奇把玩， 明确告诉孩子干冰不是玩具 。 拒绝密闭空间  切勿将干冰存放在矿泉水瓶等 密闭容器 中，或保存在 冰箱 里； 干冰要放置在通风良好的地方。 不要在 汽车等密闭空间 内 存放使用干冰。 接触必戴防护  　　不要直接接触干冰，为避免冻伤，可 使用 防冻手套或夹子拿取 干冰。 受伤立即就医  当人体皮肤接触干冰后 出现 冻伤 ，应对周围皮肤热敷并使用冻疮膏进行处理，若冻伤情况严重，应及时就医。 一旦 被干冰 炸伤 ，应马上就医，以免耽误治疗。 来源：国家应急广播 本期编辑：石磊、王若彤 转发提醒↓ ↓ ↓
今天，一起说声：谢谢你们！,https://mp.weixin.qq.com/s/Hh-gj8L0tuAvxocpA5FPPQ,2025-09-23,每个生命的护佑者 都值得被致敬！ 今天，中国医师节 谢谢所有医务工作者！ 来源：人民日报客户端，海报制作： 朱艺彤、钟金叶、喻晓雪、谷琛 本期编辑：刘杰、方梓祎 致敬医务工作者！↓ ↓ ↓
来了！新闻早班车,https://mp.weixin.qq.com/s/BJ4lk_-l4g2su2WXEa-fNw,2025-09-23,点击这里，查看更多精彩内容 要闻 经中央军委批准，《习近平论强军兴军（四）》印发全军。 国务院新闻办 公室将于 20 日上午 10 时举行新闻发布会，介绍阅兵准备工作有关情况，并 答记者问。 中央编办消息，目 前全国 3.8 万个乡镇街道的履职事项清单编制工作已全部完成。   2024 年 4 月 至 2025 年 7 月，全国 企业采购机械设备类金额同比增长 7.3% ，其中，工业企业采购机械设备类金额同比增长 9.8% 。 15 日，神舟二十号乘组圆满完成第三次出舱活动。此次任务中，陈冬身着的 空间 站舱外服 B 已累计保障了 20 次出舱任务，成为我国空间站首套实现“ 4 年 20 次”延寿目标的舱外服。 18 日，新横琴口岸正式启用满 五年。自开通以来，累计验放人员突破 7560 万人次、车辆超 895 万辆次，年均增长率分别达 55.6% 和 4 3. 3% 。 商务部决定将对原产于欧盟的进口相关乳制品反补贴调查期限延长至 20 26 年 2 月 21 日 。 2 025 年男 篮亚 洲杯 18 日在 沙特阿拉伯吉达落下帷幕。中国男篮以 一分之差惜败 于 澳大利亚队， 获得 亚军。 社会 中央气象台发布高温黄色预警 ，今天陕西关中、河南中南部、湖北北部、安徽南 部、江西北部、浙江中西部等地局地最高气温可达 40 ℃以上。 据网络平台数据 ， 2025 年暑期档 电影总票房（含预售）已突破 100 亿元 ， 《南京照相馆》《浪浪山小 妖怪》《长安的荔枝》分列前三位 。 自 7 月 1 日暑运启动以来，至 8 月 17 日全国铁路累计发送旅客突破 7 亿人次，达 7.12 亿人次，同比增长 4.1% 。 浙江省人大常委会党组 副书记、副主任高兴夫涉嫌严重违纪违法，目前正接受中央纪委国家监委纪律审查和监察调查。 在西藏自治区成立 60 周年之际，在今年预算安排 148 亿元支持实施 28 件民生实事的基础上，西藏预 计新增投入资金约 20 亿元，追加实施十件民生实事。 详情 全国学生资助管理中心发布 2025 年第 3 号预警：警惕“助学贷款办理”骗局。 详情 北京住房公 积金管理中心发布通知，将对受 2025 年汛情影响的缴存职工给予阶段性支持。 20 日至 21 日清晨，金星和木星 将与一轮弯月在东南方低空上演“双星伴月”，届时只要天气晴好，我国感兴趣的公众裸眼就可欣赏这一幕。 13 日 ， 安徽 安庆 一村民 突遇洪水 ， 抓住 一棵小柳树求生 。 危急关头 ， 村党支部书记、退伍军人倪林燕将救生绳索固定在岸边围栏上 ， 套上救生圈迎着湍流，纵身跃入水中 ， 成功救起被困村民。 政策 上海 要求，健全 24 小时开放公园管理制度，保障 24 小时开放公园游客如厕需求，园内至少有一座厕所实现 24 小时开放。 河南 发布 支持企业降本增效若干政策措施 ，对投资额 5000 万元以上的重大技术改造示范项目，按照实际投资额的 15% 给予补助，最高不超过 1000 万元。 海南 明确，持续加大创新药械研发支持力度，对产品研发的临床前研究、临床试验等全流程，按照阶段性成果给予 40 万元至 1000 万元的资金奖励。 今日天气 青海东部、甘肃中东部、陕西北部、内蒙古中部、黑龙江西部和东北部、辽宁中南部、山西北部、京津冀、四川盆地西部、贵州西部和南部、广西大部、广东大部等地部分地区有中到大雨，其中，内蒙古河套地区、陕西北部、山西北部、河北中北部、北京、天津、四川盆地西部、广西西部和南部、广东南部等地部分地区有暴雨或大暴雨 。 早安中国 每个清晨，遇见大美中国。 今天，我们迎来第八个中国医师节。听诊器里，他们捕捉生命的律动。无影灯下，他们与时间赛跑，创造生命的奇迹。他们默默奉献，救死扶伤，以辛劳换来我们的安康。今天，让我们致敬所有医务工作者，谢谢你们！ 有一种坚持，叫热爱能抵岁月漫长；有一种进步，叫一分耕耘一分收获。你的全力以赴，终会照亮自己的前路。早安！ 本期编辑：李娜，实习生：甘雨欣、鲁钦轲｜主播：蓝艳 觉得好看，请点这里 ↓ ↓ ↓
【夜读】原来这就是“轻舟已过万重山”！,https://mp.weixin.qq.com/s/s1b4s9C56sQzfGXeB1_8Lg,2025-09-23,所有的“难过” 虽然难但总会过 　　人生中，我们难免会遇到低谷的时刻，仿佛整个世界都失去了色彩。 可是，亲爱的朋友，请仔细回想一下，人生以往的各个阶段里，你是不是都曾有过觉得自己的“人生完蛋了”的时刻？或许是忘记拿作业本，或许是说错了一句话，或许是没能做好一件事……然而，随着时间的流逝，现在你回过头再看，那些曾以为“不得了”的事，大多都变成了“没什么大不了”的事。 其实，真正会影响你的，往往不是挫折本身，而是你面对挫折时的恐惧和焦虑。面对一座山，如果你攀登之前便丧失信心，那你攀登的每一步都会感觉到无比痛苦。反之，如果你视它为成长的必经之路，那无论山有多高，只要你以平常的心态去对待它，走着走着，总有一天会跨过它。 关关难过关关过。当你跨过曾以为无法跨越的高山，回头望去，你终于可以畅快地说出那句： “轻舟已过万重山！” 换个角度看眼前的坎坷 可能正是藏着机会的时刻 　　横看成岭侧成峰。当你换个角度看眼前的坎坷，或许会发现这正是藏着机会的时刻。那些让你头疼的难题里，也往往藏着成长的密码。 　　河流遇到礁石会改变流向，却也因此激荡出更美丽的浪花。眼前的困难或许会让你暂时偏离预设的轨道，却可能带你走向更辽阔的天地。那些人生的考验，会悄悄磨砺你的心智，让你在不知不觉中变得更坚韧、更从容。 　　亲爱的朋友，你的人生没有“失败”，因为你要么成功，要么成长。所以，遇到坎坷时，不要恐惧，更不要轻易绝望，不如试着问自己，“它想给我什么？它在以什么方式塑造一个更好的我？” 人生要大胆往前走 错过一个节点也没关系 　　从小到大，可能有很多人对你说过“这一年对你很关键”“这个选择对你很关键”，仿佛一步踏错就满盘皆输。其实，人生是有容错率的，很少有哪一步关键到无可替代。如果总带着“每一个选择都不能选错，选错人生就完了”的心态，只会让你犹豫不前，自卑脆弱。 　　亲爱的朋友，只要你没有放弃自己，就算你错过了一个节点，人生也不会“完蛋”。一条路走不通，那就换个方向；一次尝试失败了，那就奔赴下一场。 如果短时间内看不清出路，那就等一等、放轻松、去学习、去提升、去感受你周围的人和事。当你见过足够大的世界，你的认知随之提升，自然就有更多的解题思路。 　　人生没有白走的路，每一步都算数。在这个过程中习得的经验和技能，或许你一时间没有找到使用它们的地方，但这并不意味着它们是没有用的。 总有一天，你会突然发现，那些在兜兜转转的过程中得到的东西，给你打开了一条崭新的人生通路。 亲爱的朋友，别慌张，别害怕。轻装上阵，乘上你的人生之舟，勇敢地出发吧！即使山有千万重，勇敢的你也可以乘风破浪，奔赴自己的梦想！ 来源：人民日报夜读综合央视新闻 |  主播：赵文龙 本期编辑：郑薛飞腾，实习生：洪舒云 觉得好看，请点这里↓ ↓ ↓
清华博士庞众望：没有获300万奖金,https://mp.weixin.qq.com/s/_e8zbVMqGmrIkUx3_Dc_yg,2025-09-23,8月16日，清华大学精密仪器系博士生庞众望获颁《感动中国》2024年度人物。此前有传言称其 通过科研获得300万奖学金， 并以母亲之名设立教育基金全额捐出。 8月17日，抖音“辟谣卡”向庞众望本人确认， 网传信息不实。 庞众望表示， 当前并未因科研获得巨额奖金， 会继续努力，不辜负妈妈对自己的期望。 据了解，今年26岁的庞众望，出生于沧州市吴桥县。其父亲因病无法与人交流，母亲下肢残障行动 不便，而他自己还患有先天性心脏病。 但 庞众望 从未自怨自艾，而是不断奋发图强。 他曾在采访中表示，“从小我妈妈就把我教育得挺乐观的，她 常说人要往前看， 我妈妈每天都在笑，我为什么要去难受？ ” 2017年， 庞众望 在高考中取得优异成绩，被清华大学精密仪器系录取。 刚进入大学时，庞众望曾很在意别人的目光， “不是说在意别人看不起我，而是我害怕会有负众望”。 在本科的学习与科研中， 庞众望 找到了方向。临近毕业，他 毫不犹豫地选择继续攻读博士学位。 之后， 庞众望 获得直博资格， 只是母亲已遗憾离世 。 母亲过世后，庞众望说自己很少在母亲面前流露语言上的情感，更愿意用行动来表达。“我觉得她给我起了这样的名字， 我能够做的就是在未来不辜负她给我起的名字 。” 如今， 庞众望 牢记母亲“为国家做贡献”的期许，立志科研报国。 他说：“我现在就是想努力把科研做好，向所有人展现中华儿女骨子里的那种韧性还有奋进， 不管遇到什么样的困难，我要坚定地走下去。” “背影留给坎坷，笑容交给阳光 名字里写着责任，步履中充满力量 磨砺过的剑，破茧后的蝶 你一直向前，一直向上 不辜负妈妈的目光 不辜负时代的期望” 祝福庞众望！ 来源： 中国青年报综合央视新闻、九派新闻等 本期编辑：刘杰、方梓祎 觉得好看，请点这里 ↓ ↓ ↓
云南3岁女童头上插刀淡定就医，受伤原因公布,https://mp.weixin.qq.com/s/qrGsdMMZCGgi_9NbVkdLOQ,2025-09-23,近日，“云南3岁女童头上插刀淡定就医”的视频在网上引发关注。 据潇湘晨报消息，8月17日 ，当地相关部门回应表示， 经医护人员全力救治，刀体已第一时间取出。 此外， 经公安机关介入调查， 认定系意外事件，排除案件。 网传视频截图 网传视频截图 据介绍，8月15日23时，昆明市东川区居民胡某在家中更换床单， 拉抖床单时不慎将床边摆放的水果刀甩飞，砸到正在玩耍的女儿刘某头部。 胡某及时将女儿送至昆明市东川区人民医院救治，经医护人员全力救治，刀体已第一时间取出。 此前，东川区人民医院工作人员曾在接受采访时表示，医院确实收治了一名被水果刀插入颅脑的3岁女童患者。 女童接受开颅手术后，水果刀已被取出，女童身体情况稳定。 东川区卫健局也提醒，应妥善存放刀具、打火机、开水壶等易对幼儿造成伤害的物品，避免类似情况再次发生。 目前，刘某正在医院接受后续治疗，无生命危险。经公安机关介入调查，认定系意外事件，排除案件。 8月17日，有媒体采访到资深医师，医生表示， 刀刃插进头骨，只要及时救治还是可以保命的。 “利刃插入头骨，这种可能性是有的，只要插的不深，一般问题不大。应该是嵌在骨头里头，因为小孩的颅骨比较软，比较容易扎在骨头里，也没想到女童会这么淡定。” 这位医生表示 ， 如果女童母亲当时盲目地硬性拔掉刀子，女童就有很大的危险，正确的做法还是应该第一时间寻求专业医生的救治。 网友：心真大， 应该打120 来源： 中国青年报综合潇湘晨报、大风新闻、澎湃新闻、红星新闻等 本期编辑：刘杰、方梓祎 觉得好看，请点这里 ↓ ↓ ↓
高兴夫被查！,https://mp.weixin.qq.com/s/DI7IDbNUxCcKcgVyRjDnyQ,2025-09-23,浙江省人大常委会党组副书记、副主任高兴夫涉嫌严重违纪违法，目前正接受中央纪委国家监委纪律审查和监察调查。 来源： 人民日报客户端 本期编辑：刘杰、方梓祎 觉得好看，请点这里 ↓ ↓ ↓
江山如画｜不屈,https://mp.weixin.qq.com/s/xJpF1gswOt8JWc4GwSN7Sg,2025-09-23,　　当太行群峰在墨色中挺起脊梁，当黄河波涛载着烽火奔涌向前，一卷书写不屈史诗的丹青之作缓缓铺展开来。 　　今年是中国人民抗日战争暨世界反法西斯战争胜利80周年，人民日报社今天推出“江山如画”系列短视频第一期《不屈》。 　　从九一八的烽火、卢沟桥的石狮，到青纱帐的枪声、百团大战的硝烟……《不屈》以10余件抗战美术经典作品为基底，用数字水墨的方式进行再创作，通过动画影像、原创歌曲与当代叙事的融合，完成从静态画作到立体叙事的跨媒介转化，以数字时代的视觉力量弘扬伟大抗战精神。 　　让我们一起进入《不屈》，跨越时光洪流，看丹青为史立传，听山河诉说不屈，在流动的画卷里读懂：何以江山如画？因为有人曾用生命写下答案。 来源： 人民日报文艺、人民日报新媒体；承制：人民日报视频客户端“视界”；技术支持：腾讯混元 本期编辑：熊捷、郑薛飞腾 觉得好看，请点这里 ↓ ↓ ↓
破100亿元！,https://mp.weixin.qq.com/s/qUn74vdYzqz_27fBSvProQ,2025-09-23,据网络平台数据 2025年暑期档（6～8月） 电影总票房（含预售） 已突破100亿元 《南京照相馆》 《浪浪山小妖怪》 《长安的荔枝》 分列前三位 截至目前 2025年电影总票房（含预售） 突破373亿元 暑期档题材多元 电影市场持续升温 《南京照相馆》 7月25日上映以来 总票房已破25亿元 居暑期档榜首 电影取材于南京大屠杀期间 日军真实罪证影像 故事围绕“日军罪证照片”展开 该片已宣布延长上映至9月24日 国产动画电影 《浪浪山小妖怪》 累计票房突破10.026亿 超过《功夫熊猫3》 进入中国影史动画电影票房榜前十 也是中国影史二维动画电影票房冠军 延续暑期档热度 一批佳片陆续上映 8月16日 《非人哉：限时玩家》 《捕风追影》《坏蛋联盟2》 登陆大银幕 《营救飞虎》《731》《脱缰者也》等 也将在近期上映 延续暑期档热度 8月23日：《白衣逆行者》 8月29日：《有朵云像你》《脱缰者也》 《7天》 9月3日：《营救飞虎》 9月5日：《爱的暂停键》（挪威） 9月13日：《轻于鸿毛》 9月18日：《731》 来源：央视新闻 本期编辑：胡程远、林帆 觉得好看，请点这里 ↓ ↓ ↓
中国驻日本大使馆再次提醒！,https://mp.weixin.qq.com/s/3P82Sz46paZqbv1xOGZS7w,2025-09-23,近期，日本社会治安事件呈增加趋势， 多地发生中国公民遇袭事件。 此外，针对海外留学生、技能实习生等人群的电信诈骗案件呈高发态势， 近日某中国留学生遭遇“假绑架真诈骗”，损失金额高达数千万日元。 自然灾害方面，日本多地发布高温、暴雨等预警信息， 近日某中国留学生暴雨天身着单衣攀登富士山失联引发亲友担忧焦虑。 中国驻日本大使馆提醒来日游客及在日同胞增强自我防范意识，保护好自身生命及财产安全。 一、关注当地气候 日本自然灾害多发，出发前应提前了解目的地气象预警和防灾信息，建议下载日本向访日外国游客提供灾害信息“Safety tips”应用，关注气象变化。如遇灾害，请遵从当地指引避难，切勿擅自行动。 行前通过“中国领事APP”或微信“中国领事”小程序进行“海外公民登记”，以便中国驻日本使领馆在紧急情况下及时与您取得联系并提供领事保护与协助。 二、加强安全防范 近期涉我公民遇袭案件频发，中国驻日本大使馆已向日本外务省提出严正交涉，要求日方切实保护在日中国公民安全与合法权益。来日游客及在日同胞应增强安全意识，避免前往人员复杂和治安混乱区域。遵守当地法律法规，如遇针对性歧视和纠纷保持冷静，妥善应对，避免发生肢体冲突，确保人身安全，注意保存证据。 三、购买旅行意外保险 建议行前积极考虑购买保险。短期来日游客因未加入日本国民健康保险，如遇突发状况在日接受治疗，可能面临高昂医疗费用。针对没有加入日本医保的外国患者，部分医院按日本国民自费价格的2-3倍收取医疗费。 四、注意徒步登山安全 近期日本地方政府多次提醒，因救援力量有限，请游客不要在天气恶劣时段攀登富士山。登山前务必做好充分准备，履行登记备案手续，提前预定山屋住宿。富士山天气多变，山上容易出现雷阵雨。即使在盛夏，夜间山顶气温也只有5-8摄氏度，请提前带好保暖衣物，按登山管理部门要求准备好登山鞋、登山杖、照明灯、充电宝、水等必要物品。 注意与家人、同伴保持联系，提前告知位置、登山线路、联系方式、预计返回时间，以免亲友担忧。 五、注意铁道通行安全 据日本媒体报道，近期有来日中国游客因站在铁轨上拍照而遭列车撞击不幸身故。切勿盲目赴网红景点打卡，避免前往未开发、缺乏安全保障区域。请注意遵守交通规则，熟悉交通标识，红灯时应站在铁道禁止通行护栏外等待，切勿进入铁轨区。看护好随行儿童，不要在非安全区奔跑玩耍。 六、谨防电信诈骗 国内政府部门、外交部领事保护热线（12308）和中国驻外使领馆不会以电话方式通知中国同胞涉嫌犯罪或有重要文件包裹待取，不会将电话转接至“国际刑警中心”或国内公检法等部门，也不会要求接电人回拨任何电话号码进一步联系。凡是要求安装监控软件、撰写陈述书“自证清白”或转账汇款到指定账户的，都是电信诈骗! 请广大同胞提高防范意识，遇以上情况直接拒绝。不要向陌生人透露个人信息，更不要轻易转账汇款。如有疑问，可通过电话、邮箱等联系驻日使领馆进一步核实。 ※日本紧急求助电话：119（急救、消防）、110（警察）、118（海上事故、海难）、+81-3-3501-0110（中文报警） 外交部全球领事保护与服务应急热线（24小时）：+86-10-12308、+86-10-65612308 驻日本大使馆领事保护与协助电话：+81-3-6450-2195 驻大阪总领馆领事保护与协助电话：+81-6-6445-9427 驻福冈总领馆领事保护与协助电话：+81-92-753-6483 驻札幌总领馆领事保护与协助电话：+81-11-513-5335 驻长崎总领馆领事保护与协助电话：+81-95-849-3311 驻名古屋总领馆领事保护与协助电话：+81-52-932-1036  驻新潟总领馆领事保护与协助电话：+81-25-228-8888 来源：中国驻日本大使馆微信公众号 本期编辑：胡程远、林帆 注意安全！ ↓ ↓ ↓
想长寿，晨起三不要，饭后三不急，睡前三不宜！,https://mp.weixin.qq.com/s/1Tmk16NBW10Egv5BqTVEPA,2025-09-23,世界卫生组织的研究表明，生活方式对人们的健康和寿命起到了主要作用，大概占60%。剩下的是遗传、社会因素、医疗条件及气候的影响。可见，要想健康长寿，生活方式有着重要影响。建议平时做到： 晨起三不要、饭 后 三不急、睡前三不宜。 01 晨起三不要 1.不要着急起床 早晨醒后不要马上起床。尤其老年人的椎间盘较松弛，突然由卧位变为立位，不仅容易扭伤腰背部，还可能影响神经系统。患有高血压、心脏病的老人如果突然改变体位，可能发生意外。 建议 先在床上躺5分钟，在床上伸伸懒腰，舒展一下四肢关节 ，再慢慢坐起来。 2.不要不吃早餐 北京大学第一医院心内科及心脏中心主任霍勇介绍， 早餐距离上一餐的时间有十个小时左右，人体需要补充更多能量 。如果人们空腹时间比较长，会导致早晨血压升高。若是常年不吃早餐的话，会导致相关激素的紊乱。 3.不要太早晨练 北京老年医院康复医学科副主任医师高亚南曾提醒，老人不宜过早锻炼。过早锻炼可能会诱发疾病， 尤其是温差大的秋冬季 ，建议太阳出来一个小时后再出门健身。推荐在上午八、九点后或下午四、五点太阳落山前，外出活动半小时至一小时。 02 饭后三不急 1.不要着急散步 中国中医科学院西苑医院心血管病中心主任医师徐浩2021年刊文提醒，老年人群餐后低血压的发生率很高，特别是对患有高血压、糖尿病、帕金森病、心血管疾病、自主神经功能损害等老年人，更容易发生。用餐后别着急做剧烈运动， 餐后可保持坐姿或者半卧位，或餐后20~30分钟间断进行低强度的运动 。 2.不要着急睡觉 北京中医药大学东直门医院消化内科副主任医师彭家胜2022年刊文介绍，饭后犯困是正常生理现象， 吃完饭后立即睡觉易导致肠胃蠕动减慢，不能使食物充分消化吸收 。尤其是反酸情况严重的胃食管反流病人，饭后2小时内不要立马平躺。 3.不要着急喝茶 江苏省连云港市妇幼保健院营养科主任医师张晓燕2017年刊文谈到，饭后马上喝茶并不是好习惯。茶中的鞣酸进入胃肠道后，会抑制胃液和肠液的分泌， 对肠胃不太好的人而言，易引发消化不良 。最好在饭后1小时后再喝茶较合适。 03 睡前三不宜 1.不宜吃太多 一般推荐大家23点前入睡。中医认为，“胃不和则寝难安”。专家表示，进餐时间最好不要迟于晚上8点。因为人们很快会进入睡眠，肠胃的蠕动下降， 摄食过多将会影响睡眠 。 2.不宜剧烈运动 南京脑科医院心理医学科主任医师欧红霞表示，人运动后，大脑皮层非常兴奋，这种兴奋度，一般需一段时间才能渐渐平稳，所以 短时间入睡会比较困难 。建议入睡前2个小时内最好不要锻炼，有条件者最好还是将锻炼时间改在白天。 3.不宜看手机 东南大学附属中大医院心理精神科主任医师袁勇贵指出，在床上使用1个多小时的手机，其发出的蓝光会减少人们生成褪黑激素总数大概22%。 直接的影响便是让人始终处于浅睡眠。 建议在夜晚使用手机时，尽量调低亮度，并且控制手机使用的时间，最好别超过45分钟。 04 六个长寿建议 1.晨起按时排便：防便秘 一天有两个“黄金排便时间”：一个是早上起床的“起立反射”，另一个是吃完早饭后的“胃结肠（大肠）反射”。按时、规律的排便可以避免便秘发生。 2.晨起空腹喝杯温水：防血栓 晨起可以喝杯温开水，约200~300毫升，有助维持血流通畅，防止血栓形成。 3.饭后半小时后走走：助消化 饭后可以站或坐着休息一下再活动。中山大学附属第一医院胃肠外科主任医师马晋平表示，饭后最好休息半小时至一小时后再进行较柔和的活动或先以散步为主，循序渐进地加大运动量，并且剧烈运动前注意热身。 4.饭后半小时靠墙站：助减肥 饭后也可以靠墙站会儿，有助于消化，还能减肥。刚开始可以站5分钟，慢慢延长时间10-15分钟。站立时注意穿平底鞋。 5.睡前泡脚20分钟：助睡眠 老年人泡脚时间不可太久，因为老人泡得太久，容易引发出汗、心慌等症状。所以，老人每日临睡前泡脚20分钟为佳。 6.睡前喝几口温水：防血栓 人体熟睡时会出汗，造成血液中的水分减少，血液的黏稠度变高。老人晚上喝200毫升水，可以使早晨血黏度下降，维持血流通畅，防止血栓形成。 来源：健康时报 本期编辑：胡程远、林帆 觉得好看，请点这里 ↓ ↓ ↓
重磅发布会，后天（20日）上午举行！,https://mp.weixin.qq.com/s/YNYaVMHwAwsDwcaDPIWcdA,2025-09-23,国务院新闻办公室将于2025年8月20日（星期三）上午10时举行新闻发布会，请阅兵领导小组办公室副主任、中央军委联合参谋部作战局少将副局长吴泽棵，中国人民解放军中部战区阅兵指挥机构办公室常务副主任、政治工作部少将副主任徐贵忠介绍阅兵准备工作有关情况，并答记者问。 来源：人民日报客户端 本期编辑：胡程远、林帆 觉得好看，请点这里 ↓ ↓ ↓
发现带血枕头报警的外卖小哥是他！19岁，兼职学生，获奖励！,https://mp.weixin.qq.com/s/YIYJ_84gCWOIP18w1_Re7g,2025-09-23,近日，四川乐山一名外卖小哥 发现“110 625”血书枕后报警 民警破译“密码”踹门救出被困女士 此时，她已被困在房间超30个小时 网友纷纷表示 “外卖小哥立大功” 17日， 记者 获悉 这名报警救人的外卖小哥找到了！ 房东被困卧室两天一夜 挂衣服、扔泡沫都没求救成功 11日上午，在四川乐山一写字楼 经营民宿的周女士 来到位于25层的房间打扫卫生 没想到一阵风意外将她反锁在卧室 门锁出了问题无法打开 而她的手机则放在了客厅 周女士称，这间卧室很小 只有一张床和一些床上用品 没有饮用水、也没有食物 周女士被困的房间 被困后， 周女士多次尝试开锁或破门 但都没有成功 她先是大声呼救 但由于楼层太高 楼下根本听不到她的声音 后来，她把客人留下的红色唐装 从窗户上挂出去 希望引起人们的注意 但都没人看到 事发楼栋及房间 被困一天一夜后 周女士逐渐感到绝望 12日下午4点多 她咬破了手指，蘸着血 在白色枕头上写下“110 625”字样 随后从窗户扔了下去 周女士扔下的枕头 求救枕头落在外卖小哥面前 “ 我怕出事就报了警 ” 报警的外卖小哥叫 张焜 今年19岁，来自四川乐山犍为 是暑期兼 职的大学生 就读于成都工贸职业技术学院 张焜 回忆， 12日下午4点多 他刚好到周女士被困的写字楼送外卖 从楼里出来，就看到枕头从天而降 “ 那个枕头就落在我面前 我过去看发现上面用血写了110 625 这样奇怪的数字 我怕出事就报了警” 张焜回忆 他送完外卖再回到现场 民警辅警已经赶到，正在处置 赶到现场的是 民警 杨祎 以及两名 辅警 潘俊丞 、 李俊豪 经过排查，他们发现 这个枕头正是周女士的民宿用的 他们来到6号楼25层 在靠近大楼外侧的15号 房听到 门内传来“咚！咚！咚！”的撞击声 杨祎迅速判断局势后 连踹数脚，将防盗门踹开 但撞击声来 源的卧室 门依然紧闭 杨祎再次奋力踹开卧室门 终于救出了 脸色苍白、极度虚弱的周女士 婉拒被救者红包 外卖小哥：以后还会伸出援手 获救后，周女士曾给张焜发红包 表示感谢 并提议为其制作一面锦旗 但都被张焜拒绝了 周女士表示， “他自己暑假打工 还是拒绝了我的谢意 真的是一个非常正能量的弟弟” 张焜的行为还获得大量网友的称赞 但他 表示 “我就是报了个警，举手之劳” 17日，当地公安局聘任张焜为 平安守望者联盟成员 平台授予张焜 “先锋骑手”荣誉称号 同时 发放 奖金2000元 锦旗和荣誉证书 张焜 说：“如果以后再遇类似情况 我还会第一时间伸出援手 共同维护社会的正能量” 对于周女士采取的各种自救方式 民警杨祎表示了肯定 他介绍说，出现类似险情 首先要保持沉着冷静 然后可透过窗户大声呼救 或抛下柔软物品吸引路人注意 也可以尝试敲击建筑物或者家具求救 由于白天环境嘈杂 可能夜晚效果更好 周女士给民警送来锦旗 “如果多次呼救无果 一定要暂时保存体力” 杨祎提醒，在等待救援时 可躺下或坐下以保存体能 在关键时刻再发出求救信号 为民警、外卖小哥点赞！ 来源：红星新闻（记者：顾爱刚）、封面新闻、央视新闻 本期编辑：胡程远、林帆 觉得好看，请点这里 ↓ ↓ ↓
火了！爆发式增长、订单排到9月份……,https://mp.weixin.qq.com/s/jyJuPMRbZ4JZyjKBSLDm_A,2025-09-23,今年6月以来，欧洲多国持续出现高温天气，多地气温突破40℃，市场对空调电扇的需求呈现爆发式增长。广东空调、电扇订单量增长热销海外。 1 广东空调订单量增长 中国制造全球送“清凉” 近期，中国空调出口量激增，中国家电企业正以更智能、更高效、更环保的产品加速融入欧洲、美洲、非洲等国际市场。 某企业海外产品负责人 赖工： 这条线正在生产的就是我们7月份法国和西班牙客户紧急补的一批订单，已经发走了一批1.7万台，剩余第二批大概还有3万台，9月初发过去。 为了迎合欧洲市场的需求，这家企业推出了具有宽频压缩技术的空调产品，能够在高温下正常运转。此外，搭载了AI智能芯片的光伏储能空调，具有节能省电的特点，也受到欧洲消费者的青睐。 同样，位于广东中山的另一家空调生产企业，近期欧洲订单量也持续增长。在生产车间里，工业机器人集群24小时不停工，进行装配、检测、分拣等工序。针对欧洲市场，企业还推出了能实现多国语言控制的AI语音空调。 某企业西北欧业务经理 唐尉乔： 今年以来，我们的订单量合计已经突破1200万套，其中欧洲市场整体增长约18%。作为海关高级认证企业，在口岸通关、业务办理等方面更具有优势，这也有助于我们进一步扩大出口。 拱北海关所属中山海关驻石岐办事处企业管理科科长 许丹侠： 今年前7个月，中山市对欧洲出口空调24.8亿元，同比增长36.8%。 广东顺德一家企业在发展欧洲市场的同时，还进一步加大非洲和中东市场的开拓力度。近日，企业成功拿下了7万台迪拜空调的订单。 某企业品牌中心总监 甘建国： 每个国家的要求不一样，有电压的要求，有环境的要求，有能效的要求。根据客户的需求，研发团队为客户量身定做了一些产品。 今年1至7月，企业累计向非洲和中东市场出口空调30万台。 2 广东电风扇热销海外 创新赢得市场青睐 在广东，不只是中山和顺德的空调企业收获了大量海外订单，深圳、汕头等地生产的电风扇一样热销海外。从便携式风扇到传统风扇，各家企业凭着创新赢得市场。 在汕头澄海区的一个迷你小风扇生产车间，从注塑成型到精密组装，每个程序环环相扣。产品从手持式、挂脖式到桌面台式，以及加入冰敷功能的新款小风扇，匹配不同人群的差异化需求。 企业设计总监 江育： 这款主要是带冰敷，对比以往的产品来说，主要解决客户快速降温的需求。月销量50万台左右，最高续航可以达到10个小时。 据统计，汕头今年生产的空调、电扇、挂脖风扇等清凉家电产品，主要销往欧洲、美洲、中东、东南亚等地。 同样，在深圳，今年大大小小的风扇制造企业也很忙。一家位于宝安区的风扇制造企业，工人们正在赶制一批货值超200万元的储能电扇马达订单。目前，该企业产品已进入非洲、东南亚、美国、南美等地区，今年还新增了贝宁、喀麦隆等市场。 企业负责人 赵喜平： 因为非洲这个地方能源比较缺乏，但是太阳能又比较发达，所以我们的产品内置了电池，同时用太阳能可以给它充电。今年出口大概有两倍的增长。 龙岗区一家便携风扇企业通过电机升级，将马达转速提高到每分钟2万转，风力是普通风扇的3倍，产品受到国际市场的欢迎。 企业负责人 林琼娜： 现在一个月单品销量已突破20万台。为稳固市场竞争力，公司还注重在不同国家和地区，推进专利、外观等方面的注册和布局，凭借这些优势持续领跑海外市场。 据统计，今年前7个月，深圳电扇出口超60亿元，风扇系列产品远销非洲、东南亚、南北美洲等国家和地区。 来源： 央视新闻 本期编辑：胡程远、林帆 觉得好看，请点这里 ↓ ↓ ↓
违规打牌、赌博，这5名党员干部、公职人员被通报！,https://mp.weixin.qq.com/s/FItyTJOQdR6CA5w_KDrGTA,2025-09-23,湖北通报5起党员干部、公职人员违规打牌和赌博典型问题 15日，中共湖北省委深入贯彻中央八项规定精神学习教育工作专班、中共湖北省纪委办公厅通报5起党员干部、公职人员违规打牌和赌博典型问题。 松滋市老城 镇党委委员 、副镇长程以东违规打牌问题 。 2025年6月8日上午，程以东在该镇某农庄二楼聚餐时参与带有财物输赢性质的打麻将活动。2025年7月，程以东受到党内警告处分。 仙桃市西流河镇下查埠学校党支部书记、校长李志虎违规打牌问题。 2025年春节期间，李志虎多次参与带有财物输赢性质的打麻将活动。2025年6月，李志虎受到党内警告处分。 孝感市孝南区民政局老龄服务中心工作人员方萌工作日违规打牌问题。 2025年5月16日下午，方萌以家中有事为由请假，在该市某茶楼参与带有财物输赢性质的打麻将活动。2025年6月，方萌受到警告处分。 鄂州市自然资源和规划局鄂城分局花湖国土资源所工作人员丁建工作日参与赌博问题。 2025年3月31日下午，丁建在鄂城区汀祖镇某商行内以打纸牌方式进行赌博，被公安机关处以罚款500元的行政处罚。2025年7月，丁建受到党内警告处分。 潜江市渔洋镇七一村党支部原副书记王贵学参与赌博问题。 2024年初至2025年3月，王贵学多次通过微信转账向庄家支付赌资，以购买开奖生肖对应数字的方式参与“六合彩”赌博，被公安机关处以拘留十一日、罚款1000元的行政处罚。2025年7月，王贵学受到党内严重警告处分。 来源：湖北发布、新华社 本期编辑：胡程远、林帆 关注！ ↓ ↓ ↓
1分之差，拼到最后！中国男篮，亚军！,https://mp.weixin.qq.com/s/MZ25oaPUyL9RASHyq30Iog,2025-09-23,北京时间8月18日凌晨 在沙特阿拉伯吉达举行的 2025国际篮联男篮亚洲杯 完成全部比赛 中国队在决赛中1分惜败 以89-90憾负澳大利亚队获得亚军 取得该项赛事近十年来的最好成绩 澳大利亚队获得冠军 在三四名决赛中 伊朗队战胜新西兰队取得季军 此次决赛之前 澳大利亚男篮已达成亚洲杯 17连胜 面对强大的对手 中国男篮敢打敢拼 一度打出分差两位数的领先优势 半场结束 中国男篮46-42领先澳大利亚4分 进入下半场 中国队和澳大利亚展开激烈争夺 比分交替上升 最后，中国队以89-90 一分之差惜败澳大利亚队 本次参加亚洲杯的国家队中 只有胡金秋、赵睿和胡明轩3人 有亚洲杯经验 其余9人都是第一次参赛 20岁的王俊杰甚至是首次入选国家队 开赛前，外界并没有寄予太大希望 8月17日，中国队球员在比赛前。新华社记者王东震 摄 然而，他们 一路过关斩将 并在决赛中与对手拼至最后一秒 中国男篮的小伙子们 配得上“虽败犹荣”四个字 胡金秋和王俊杰也凭借出色发挥 入选本届赛事最佳阵容 胡金秋 王俊杰 8月17日，中国队球员胡明轩（左）在比赛中。新华社记者王东震 摄 8月17日，中国队球员赵睿（右）在比赛中。新华社记者王东震 摄 熬夜观看比赛的球迷感慨 中国男篮打出了风采 拼出了水平 有遗憾但足够出色 小伙子们未来可期 中国男篮，继续加油 永远支持你们！ 来源：综合人民日报客户端（记者：范佳元）、央视新闻、新华社、@中国篮球之队 本期编辑：胡程远、林帆 觉得好看，请点这里 ↓ ↓ ↓
全球罕见！中国医生救回“身首离断”患者,https://mp.weixin.qq.com/s/67c7JYisREi-s9Stf6AWuA,2025-09-23,从业近30年，上海长征医院 颈椎外科 病区 主任陈华江 教授 接诊过无数 凶险的颈椎外伤 患者，但称得上是 “ 身首离断 ” 的，他还是第一次遇到。 眼前这位患者，几乎已被宣判“死刑”。影像学检查显示， 患者 发生了罕见的大跨度颈椎 离断式脱位， 脊髓严重挫伤、关键 的 神经血管结构撕裂 。 影像检查显示患者颈椎罕见大跨度脱落 “我们查阅了国内外大量文献，都没见过颈椎分离这么严重的病例，更别提治疗后存活的。”陈华江说。 据介绍，若决定手术，医生要面 对骨折脱位 、 椎动脉损伤 、 严重 脑脊液漏等 众多不确定因素，并且 术中 的诸多难题 没有前例可循， 每一个潜在的风险，都可能造成严重后果。 这台超高难度的手术，要 如何完成？ “身首离断”，手术难度堪比登天 当时，患者因颈部遭受机械臂重击，导致颈椎瞬间遭受毁灭性损伤，当场高位截瘫、心跳骤停，经紧急心肺复苏才勉强恢复微弱生命体征。 影像学检查结果令人震惊： 颈椎发生极其罕见的大跨度脱位，其严重程度犹如“身首离断”，已造成脊髓严重挫伤、关键神经血管结构撕裂。 雪上加霜的是，骨折脱位区域形成巨大血肿，双侧椎动脉均因损伤而闭塞，导致患者血压如同过山车般频繁骤降至约 50mmHg 的危险低水平，不得不依赖大剂量血管活性药物勉强维持循环。 患者时刻游走在灾难性大出血导致休克、或椎动脉损伤继发致命性脑梗死的边缘。 面对这一生命禁区的挑战， 由 袁文终身教授、陈华江教授、王新伟教授3位“上海市仁心医师”奖获得者 领衔组成的骨科核心团队，第一时间联合 急诊、重症医学科主任李文放教授 以及 麻醉科主任袁红斌教授 组成多学科专家组。 “当时若不进行手术，患者的结局十分明确。”陈华江说，脊髓损伤必然会逐渐向上蔓延，最终累及呼吸和心血管中枢， 造成患者死亡 。 但若积极治疗，专家组讨论认为，手术难度堪比登天。 CT三维重建提示颈椎离断部位情况严重复杂 首先，患者的 椎动脉 已 损伤 闭塞 ，极易出现术中 再次 大出血。 人共有两条 椎动脉 ，分别位于颈部左右两侧。 CT 造影 检查显示，患者的 右侧椎动脉 已经断裂，幸运的是正好被 骨折软组织移位 和 血凝块堵住 ， 椎动脉闭塞了 。而左侧 椎动脉 遭到牵拉，“就像一根被拉长的细管”，勉强维持着血供。 “ 椎动脉压力很高， 术中一旦出现 血凝块掉落 或 松动 ，几秒钟内出血量就可达1000至2000毫升，人 可能 很快就没了。”陈华江说。 其次，没有任何现成的手术方案可供使用。 据陈华江介绍，患者 颈椎前后的骨和软组织全断了， 面对如此 严重 的 颈椎骨折脱位 ，单纯的颈椎 前路 手术 钢板固定力量有限 ，需要采用 颈椎后路 ，或前路联合后路手术进行复位固定。 “但患者受伤部位在颈后部 ， 颈后部皮肤有大面积破损， 后路手术感染风险 很大 。 加上离断的颈椎之间有大量血凝块和脑脊液， 一旦 细菌 感染，可能会导致致命的 颅内 感染。 ”陈华江说。 更棘手的是，患者还不具备进一步完善影像学检查的条件。 “他的伤太重了，连完善检查都存在 极大的生命 安全风险， 稍一 挪动身体，他的 血压就掉到50以下 ，连基本生命体征都难以维持稳定。” 这也意味着，若要开展手术，术前陈华江和团队无法知晓受伤部位的全貌，面对如此严重的损伤，在手术台上也只能是“走一步、看一步”。 中国医生，挑战“不可能” “ 不管怎么样，哪怕只有一线生机，我们也愿意尝试 ，不能让孩子没有父亲。”患者家属术前的请求，让多学科团队最终决定放手一搏。 团队对患者的伤情进行了极其入微的评估，针对术中可能出现的每一种极端风险如难以控制的大出血、循环崩溃、脑灌注不足等，制定了详尽的应急预案和精细的手术路线图。 陈华江教授、王新伟教授与麻醉科团队紧密协同完成手术 手术台上，陈华江教授、王新伟教授与麻醉科王成才教授、傅海龙教授、羊海琴护士长带领的精锐麻醉护理团队紧密协同， 如同在刀尖上起舞 。 在患者极其脆弱的生命体征监护下， 专家们凭借炉火纯青的解剖功底和显微操作技术 ，小心翼翼地清除巨大血肿，克服严重粘连和畸形， 最终精准地将完全离断错位的颈椎结构完美复位 。 尤为关键的是， 团队 创新性地应用了“ 卫星钢板 ”固定技术 ，在常规固定之外巧妙增加辅助钢板，为重建的颈椎提供了前所未有的超强稳定性， 这一技术应用在此类极端病例中尚属首创 。 团队创新性应用“卫星钢板”固定技术，为重建的颈椎提供了前所未有的超强稳定性 陈华江表示，虽然整体思路清晰，但术中要在哪里固定螺钉、椎体能否固定牢靠等，没有先例可参考，完全依赖既往经验积累下的实时判断。 此外，在如此狭小的空间进行复杂的复位操作，“看着只是在动骨头，其实周边的 血管 、 神经都 会受到拉扯。 这也要求我们要‘胆大心细’，既要避免二次损伤，还得追求操作成功率。 如果一两次复位不成，反复尝试，血管受累破裂，很快出血就会遮盖操作视野。”陈华江说。 幸运的是，在医生们细致的操作下，所有此前担心的意外都没有发生。 历时约3小时，手术顺利结束！ 术后，患者恢复情况令人鼓舞 术后 ，患 者意识状态迅速恢复清晰，一度岌岌可危的生命体征逐渐趋于平稳，成功拔除了气管插管。 更 令人欣喜的是，患者已能在家人辅助下坐起，标志着其神经功能开始出现积极信号，现已转入系 统康复阶段 ，为功能恢复带来了曙光。 术前、术后影像对比，手术效果良好 陈华江教授说：“ 未来，我们将继续向颈椎外科的‘无人区’进发，不断挑战技术极限，为更多挣扎在生死线上的患者点燃希望之光。 ” 医术精湛、医者仁心！ 点赞！ 来源： 上海长征医院、医学界 本期编辑：李娜、朱田恬 觉得好看，请点这里 ↓ ↓ ↓
微信给别人转账，记得加一个动作！网友：又学到一招,https://mp.weixin.qq.com/s/JV0jDzgWF08lbXpIz8CPIg,2025-09-23,微信转账暗藏玄机？ 这个步骤不做小心吃大亏！ 8月17日 关于 微信转账 的一个话题词霸榜热搜 平时用微信转账的小伙伴，是不是觉得“转完截个图就稳了”？但其实这并不靠谱，尤其是借钱、大额转账这种事，万一 聊天记录删除了，想要用截图来证明是非常困难的， 特别是在纠纷调解或诉讼证据中，转账凭证尤其重要。 其实 微信里藏着一个自带的“安全工具” 能帮你拿到有法律效力的凭证 比任何截图都管用 步骤如下 首先， 转账的时候一定要添加转账说明。 等对方收款后，打开微信点击 【我】→【服务】→【钱包】→【账单】→【全部账单】→筛选【转账】→【确定】→点击你支出的那笔转账记录→在左下角就会看见【申请转账电子凭证】→最后点【申请】 就可以了。 几分钟后微信就会把电子凭证推送给您 把它保存好就可以啦 注意 转账说明+转账凭证一个都不能少 Q1：申请凭证需要对方同意吗？ 不需要。只要输入正确的收款方姓名即可申请，对方不会收到通知。 Q2：凭证申请有次数限制吗？ 同一笔转账可重复申请，但每次需重新填写信息。 Q3：遇到“姓名不符”怎么办？ 个人转账：请对方提供微信实名认证的真实姓名。 商户转账：检查是否填写完整商户名称。 觉得有用的话 赶紧mark吧~ 来源： 橙柿互动·都市快报综合 本期编辑：胡程远、林帆 觉得好看，请点这里 ↓ ↓ ↓
来了！新闻早班车,https://mp.weixin.qq.com/s/GBNWNu0OuChU6QoZOWZvTQ,2025-09-23,点击这里，查看更多精彩内容 要闻 中共中央党史和文献研究院编辑的习近平同志《论坚持全面深化改革》第一卷、第二卷，近 日由 中央文献出版社出 版， 在全国发行。 8 月 16 日 17 时 30 分至 8 月 17 日 3 时 30 分，北京天安门地区举行了纪念中国人民抗日战争暨世界反法西斯战争胜利 80 周年大会第二次综合演练，约 4 万人 参加演练及现场保障 工作。 国 家邮政局消息，今年前 7 个月我国快递业务量累计完成 1120.5 亿件，同比 增长 18.7 % 。   商 务部最新数据显示，截至 14 日， 2025 年消费品以旧换新带动相关商品销售额超 1.9 万亿元 ，惠 及超 3 . 2 亿人次。 农 业农村部最新农情调度显示，今年秋粮生产开局 总 体顺利，面积稳中有增。 17 日，我国最北高寒高铁哈齐高铁迎来开通运营十周年，十年来累计运 送旅 客 突破 1 亿 人次。 17 日，我国在西昌卫星发射中心使用长征四号丙运载火箭，成功将试验二十 八号 B 星 02 星发射 升空。 第12届世界运动 会17 日在成都闭幕。 中国体 育代表团在本届世运会共收获 36 金 17 银 11 铜 ，居金牌榜、奖 牌榜首位。 欧盟、北约以及多个欧洲国家的领导人确认将于 18 日前往美国白宫，同美国总统特 朗 普及乌克兰总统泽连斯基举行会晤。 社会 中央气象台 发布高温黄色预警，预计 18 日白天， 黄淮大部、江淮、江汉中东部、江南中北部、陕西关中、四川盆地、新疆吐鲁番盆地和南疆盆地东部等地的部分地区有 35 ～ 39 ℃的高温天气。 日前，中国考古博物馆上新一批精品文物，新石器时代的蛋壳陶、彩绘陶，以及唐代 骑马俑 等文物亮相。 我国自主研制的大型水陆两栖飞机 AG600 的批产第二 架飞机， 成 功完 成首次生产试飞。 1 7 日， 北京天工队的“具身天工 Ult ra ”机器人以 21.50 秒的成绩夺得全球首个人形机器人运动会 100 米短跑 项目的冠军 。 近日，一张赵尚志在抗日游击队时期的照片被披露。尘封 90 多年后， 英雄真容 重 现世 间。 河北廊坊发现一本由侵华日军井谷惇一郎手写的日记，日记中明确提及日军 暴行，有力驳斥了日本右翼势力妄图掩 盖侵华历史 真相的谎言 。 17 日， 世界最大直径水下盾构 隧道—— 山东济南黄岗路黄河隧道 顺利 贯通 。 国 际科研机构开发出一种利用生成式人工智能设计新型抗生素的方法，有望为应对 耐 药 性问 题提 供突破口。 截至 17 日 17 时 20 分，内蒙古巴彦淖尔市乌拉特后旗山洪已致 10 名野外露营人员遇难，尚有 2 人失联， 目前 1 人获救。 近日，浙江杭州 31 岁的肿瘤内科医生蔡承智成功捐献 209 毫升造血干细胞混悬液，连带着一封亲笔信 ，为一位小 患者送去“生命的火种”。目前，这名小患者已完成造血干细胞移 植。 政策 山东出台 举措， 高质量建设3000所左右全国青少年校园足球特色学校。 重 庆发布方案，追加资金 1000 万元用于 2025 年三季度电动自行 车 以 旧换新 补 贴 。 云南印发通知，面向国内外企业免费提供高原无人机测试服 务，对 经审定的测试项目运营成本给予资金支持。 今日天气 广东南部沿海、广西南部沿海、海南岛西部、内蒙古中部和东北部、山东半岛、四川盆地西部、云南西部等地部分地区有大到暴雨，其中，广东西南部沿海等地部分地区有大暴雨。 早安中国 每个清晨，遇见大美中国！ 浙江云和县云和梯田，分布在海拔200-1200米之间，一层层从山脚盘绕到山顶，与云海、山村、竹海相互掩映。日出时，红霞满天，云雾滚动，如入世外桃源。云和县欢迎您！ 有人说，能够掌控早晨的人，才能掌控人生。很多优秀的人并非天赋异禀，而是当你在酣睡中，他们已经在追梦的路上了。清晨，在第一缕阳光中醒来，对自己说声加油，开启全新的一天。早安！ 本期编辑：方梓祎，实习生：甘雨欣、 勇佩言 ｜主播：蓝艳 觉得好看，请点这里 ↓ ↓ ↓
【夜读】有这4种特质的人，可深交！,https://mp.weixin.qq.com/s/U_Xw1RxNy9FkAwvEpgU4aA,2025-09-23,1 热爱生活的人，可深交 热爱生活的人，眼中有光，心中有梦。他们对生活始终抱有热忱， 能够从平凡的日常中发现 “小确幸”。 一朵盛开在路边的小花、一顿精心烹制的晚餐，都能成为他们感知美好的契机。 因为热爱，他们对 世界充满好奇， 愿意主动探索新鲜事物， 让 生活 更加充实有意义，也始终保持着年轻的心境。 和这样的人相处，你会慢慢被这份积极的能量感染，不再轻易被琐碎小事困扰，也开始用 积极、 欣赏的眼光看待身边的一切 。平凡 的日子，也会因为这份对生活的热爱，变得有滋有味。 2 持续学习的人，可深交    能持续学习的人， 身上 往往 有一种 难得的韧性。 他们 不会困在过往的经验里停滞不前 ， 无论是优化工作方法，还是学习新的知识技能，都牢牢地掌握着生活的主动权。 他们对生活和事业总是怀揣热情， 持续释放着积极向上的能量，让人忍不住想要靠近，和他们共同成长。 持续学习的习惯 ，还会 帮助 他们拥有更丰富的知识储备、更敏锐的思考能力。 所以，如果有幸遇见持续学习的人，请一定要珍惜，因为你或许已经找到了能相互启发、共同成长的同行者。 3 说到做到的人，可深交 说到做到的人，心里装着对他人的尊重，也守着对自己的承诺。在答应他人之前，他们会先衡量自身实力，清楚自己能做到什么、做不到什么，不会因碍于情面勉强承诺，更不会凭空给人期待。 他们 深知言行一致的重要性， 承诺的事，一定会 尽力做到 ，即使 中途遇到阻碍 ，也会立刻说明情况，而不是逃避推诿。 这样的人 ，不会透支自己的信用、辜负别人的信任 ， 自然让人放心。和他们同行，你总会被真诚的力量所打动，也会在潜移默化中，成为一个更靠谱的人。 4 懂得体谅的人，可深交 生活中，我们难免 会遇到不顺心的事 ，每逢 这样的时刻 ，都 希望 能 向值得 信赖的人倾诉，得到开导与支持。而 懂得 体谅他人的人， 恰是这样温暖的存在。 他们 为人真诚，不会敷衍你， 能 静静陪着你分担难过，也 能 耐心帮你梳理问题。 他们 也许不会 盲目附和你的情绪 ， 但 会在你被情绪冲昏头脑的时候，帮你冷静下来 ， 找出 恰当的解决办法 。 既能真诚地表达自己的想法，又懂得体谅别人的难处 ，这样温暖的朋友，是生命中难得可贵的礼物，遇到了，请好好珍惜。 遇到有这 4 种 特质的人 一定要用心珍惜 同时，我们自己也要努力成为 一个值得别人深交的人 互相鼓励、互相温暖 一起成为更好的自己 来源：人民日报夜读，综合人民论坛网、有书等 |  主播：赵文龙 本期编辑：王若彤，实习生：余典、陈皓迪 觉得好看，请点这里↓ ↓ ↓
山河为证，《不屈》明日震撼上线！,https://mp.weixin.qq.com/s/ncpvRS76v3uDSxlj-Y2Z1g,2025-09-23,当太行山脉的轮廓在水墨中苏醒 当黄河波涛裹挟着呐喊奔涌而来 一幅镌刻民族风骨的画卷徐徐展开 人民日报社 “江山如画”系列视频 第一期《不屈》 将于8月18日正式上线 从九一八的火把 到卢沟桥的石狮 从青纱帐的游击枪声 到百团大战的烽火硝烟 妻子送郎上战场的泪眼 刘老庄战士的怒吼 …… 这不是普通的回望 十多幅抗战主题经典绘画 化为动态光影 在国风水墨与国潮旋律中 展开震撼人心的精神图谱 8月18日 让我们伴随《不屈》 穿越八十年时光 重回那段永志不忘的岁月 看丹青为史立传 听山河诉说不屈 在流动的画卷里读懂： 何以江山如画？ 因为有人曾用生命写下答案 来源：人民日报新媒体，视频制作：安然 本期编辑：熊捷、郑薛飞腾 觉得好看，请点这里 ↓ ↓ ↓
辽GM8297司机承认：我是故意的！,https://mp.weixin.qq.com/s/UzvqC3Ov1i53CyS9hbhrRw,2025-09-23,最近 一则视频火爆全网 辽GM8297大货车司机 一个“故意而为”的举动 避免了一场事故 让全网为他点赞 记者几经辗转联系上了 这位司机师傅 据了解 辽GM8297司机叫高宠 铁岭开原人 今年38岁 目前在 锦州众诚运输有限公司 凌海分公司工作 是位有着15年驾龄的老司机 在接受采访时 高师傅详细描述了当时的场景 表示自己确实是有意为之： 他在 行车过程中发现 后面的车多次想超车 但对向来了很多大车 高师傅便下意识地打了转向 提醒后面的车辆 等前方车道没车了 他主动靠边让道 小车超车后鸣笛感谢 他也鸣笛作了回应 面对各位网友的夸赞 高师傅谦虚地说 “榜样倒是不至于 我真心希望每一个司机 一路平安” 当被问及 “再有这样的事儿发生 还要继续做吗” 高师傅坚定不移地回答说 我会做！ 高师傅所在公司的同事 在接受采访时表示 高师傅这次的做法 非常值得肯定 后续公司会给予高师傅奖励 消息传开后 网友们纷纷为高师傅点赞 ↓ ↓ ↓ 感谢高师傅的“日常之举” 也希望所有的司机 都能谨慎驾驶、相互体谅 一路平安！ 来源：辽宁日报、北斗融媒 本期编辑：李娜、朱田恬 觉得好看，请点这里 ↓ ↓ ↓
中学教师酒店入住记录被“开盒”，高三女生遭牵连！法院判了,https://mp.weixin.qq.com/s/E4snNeaOCg78o_L2BLP9RA,2025-09-23,近日，最高人民法院发布入库参考案例 《吴某慧、陈某强等侵犯公民个人信息案》 ， 为实施诽谤而非法获取公民个人信息行为的 裁判提供参考和指引 。 中学教师酒店入住记录被“开盒” 高三女生遭牵连 被害人朱某系江苏省某中学教师，被告人吴某慧系朱某的亲属。吴某慧在与朱某发生矛盾后多次向被告人陈某强提及此事， 陈某强提出可以通过获取朱某个人信息并在网上发负面帖子抹黑朱某 。吴某慧遂向陈某强提供了朱某妻子的身份证信息，以便查询朱某的个人信息。 2020年5月，陈某强以人民币13150元（币种下同）的价格向被告人陈某购买包含朱某及陈某强前女友杨某等人的住宿记录、民航、铁路购票记录等信息1442条。 其中涉及朱某、杨某的住宿记录、民航、铁路行程信息299条，其他与朱某、杨某等人具有时空交叉关联人员一般身份信息1143条。 后被告人陈某强将获取的信息发给被告人吴某慧，吴某慧从中挑选了部分与朱某同一时间段入住同一酒店的女性人员信息（ 涉及在该中学就读、高考在即的一高三女学生等共计20余人 ），用于撰写帖文，后由陈某强修改帖文并支付费用交由专门发负面帖子的邓某等人（另案处理）， 将诋毁朱某的不实帖文以多个吸引流量的夸张标题在知名网络发布。帖子发布后在上述网站迅速扩散，阅读、转发及跟帖回复人数总计超过200万。 后教育主管部门至江苏省某中学调查此事，该中学在校学生也纷纷向老师询问相关事件， 学校专门对帖子涉及的即将参加高考的高三女生等安排了心理辅导，朱某的教学和生活均受到较大的困扰。 其间，同案被告人陈某、汤某良、丁某沙等购买并在微信朋友圈发布买卖个人信息的消息，买卖上述包含被害人朱某、杨某等信息在内的公民个人信息共计1739条，售价从8870元至19350元不等。 案发后，被害人朱某等人没有就诽谤罪提起刑事自诉。 江苏省苏州市姑苏区人民法院于2021年2月1日作出（2020）苏0508刑714号刑事判决： 一、被告人吴某慧犯侵犯公民个人信息罪， 判处有期徒刑十一个月，并处罚金人民币二千元 。 二、被告人陈某强犯侵犯公民个人信息罪， 判处有期徒刑一年，并处罚金人民币二千元。 （其他被告人判项略） 宣判后，同案被告人丁某沙提出上诉，后申请撤回上诉。江苏省苏州市中级人民法院于2021年5月24日作出（2021）苏05刑终267号刑事裁定：准许上诉人丁某沙撤回上诉。 裁判理由 《中华人民共和国刑法》第二百五十三条之一第一款、第三款规定 ： “违反国家有关规定，向他人出售或者提供公民个人信息，情节严重的，处三年以下有期徒刑或者拘役，并处或者单处罚金；情节特别严重的，处三年以上七年以下有期徒刑，并处罚金。” “窃取或者以其他方法非法获取公民个人信息的，依照第一款的规定处罚。” 《最高人民法院、最高人民检察院关于办理侵犯公民个人信息刑事案件适用法律若干问题的解释》（法释〔2017〕10号，以下简称《解释》）第五条第一款在列举“情节严重”的具体认定情形外，还在第十项设置“其他情节严重的情形”的兜底项。对此，可以综合行为人非法获取、提供公民个人信息的主观动机、获取方式、具体用途、造成的危害等情节予以考量。对于所涉行为的社会危害程度与其他列明的情形相当的，可以认定为“情节严重”。 本案中， 被告人吴某慧，陈某强非法获取他人的公民个人信息后，撰写诋毁他人的内容在网络上发帖，阅读、转发及跟帖回复人数总计超过200万，给朱某的工作、生活及其所任职学校造成严重不良影响。 吴某慧，陈某强的行为虽不符合《解释》第五条第一款规定的九类具体入罪标准，但综合考量二被告人非法获取公民个人信息的动机、信息类型和数量、造成的危害等情节，可以认定其行为的危害性与《解释》第五条第一款第二项所规定的“知道或者应当知道他人利用公民个人信息实施犯罪，向其出售或者提供的”情形具有相当性 ，综合考量信息类型和数量、造成的危害等，可以认定为“其他情节严重的情形”。故吴某慧，陈某强构成侵犯公民个人信息罪。 裁判要旨 　　1.对于通过网络“开盒”等方式公开曝光他人个人信息，符合刑法第二百五十三条之一规定的，以侵犯公民个人信息罪定罪处罚。 　　2.对于《最高人民法院、最高人民检察院关于办理侵犯公民个人信息刑事案件适用法律若干问题的解释》（法释〔2017〕10号）第五条第一款第十项规定的“其他情节严重的情形”，可以结合行为人非法获取、提供公民个人信息的主观动机、获取方式、具体用途、造成的危害等情节予以考量，综合判断其社会危害性。对于所涉行为的社会危害程度与其他列明的情形相当的，可以认定为“情节严重”。 来源：《人民法院报》（2025年08月14日 第8版）、央视网 本期编辑：石磊、林帆 觉得好看，请点这里 ↓ ↓ ↓
第二次综合演练，现场画面来了！,https://mp.weixin.qq.com/s/GgGFCtoh9x309ggEnZzOeA,2025-09-23,记者从中国人民抗日战争暨世界反法西斯战争胜利80周年纪念活动新闻中心获悉，8月16日17时30分至8月17日3时30分， 北京天安门地区举行了纪念中国人民抗日战争暨世界反法西斯战争胜利80周年大会第二次综合演练，约4万人参加演练及现场保障工作。 据介绍，第二次综合演练在首次演练的基础上，增加了更多的要素及环节，纪念大会仪式、集结疏散等各流程组织有序、环环相扣，达到了预期目标，也进一步检验了指挥体系运行及组织保障工作。北京市有关方面表示，第二次综合演练时间跨度更长、涉及区域更大，衷心感谢广大市民游客的理解与支持。 来源：新华社、央视新闻 本期编辑：李娜、朱田恬 觉得好看，请点这里 ↓ ↓ ↓
中国队，双第一！,https://mp.weixin.qq.com/s/p4HUJUKiHJdylcx0kSwekg,2025-09-23,北京时间8月17日 2025成都世运会比赛 全部结束 中国体育代表团 在本届世运会 共收获36金17银11铜 居金牌榜 首位 奖牌榜首位 祝贺中国队 为你们骄傲 来源：人民日报客户端（记者：季芳  陈晨曦  王亮）、人民日报微博（制图： 林渊 时雪 胡润新  ） 本期编辑：李娜、朱田恬 祝贺，点赞 ↓ ↓ ↓
脖子上长出的小肉粒，到底是啥啊？,https://mp.weixin.qq.com/s/XP9UKXBrXg1L1tRkB-K-5Q,2025-09-23,生活中，许多人都曾在脖子上发现过这种 “小肉粒”。 这个 小肉粒一般是 丝状疣 。 网上有一种说法， 丝状疣 是因为 HPV感染引起的，确实是这样吗？长了这个东西该怎么办？ 01 丝状疣是什么？   丝状疣 一般表现为皮肤表面细小的突起，像丝线或者指头，这种突起可能有好几个长在一起，外观看起来很粗糙，不光滑。 除 了长在脖子上，它还容易长在其他暴露部位的皮肤，比如说脸上、眼皮、手上等。 丝状 疣不 瘙痒、不疼痛，一般只长在一处。 其实， 丝状疣本身是皮肤疣的一种， 很常见，不是大问题。 医学上所谓的皮肤疣，确实和HPV相关，但 HPV感染的类型有很多，超过了200种亚型，和尖锐湿疣这种性病相关的，主要是HPV6型和11型， 而丝状疣主要是HPV2型和4型引起的，是特殊外观的寻常疣 。 所以，大家不要看到HPV就害怕，要分具体情况。 02 丝状疣怎么治疗？ 长了丝状疣该怎么处理？有人想一揪了事，其实这样做会有风险。 首先， 丝状疣根部连着皮肤，下方有很多神经末梢， 揪的话会很疼 。 其次， 丝状疣 是病毒藏匿在皮肤并引起皮肤角质增生的过程，病毒很多，不是想揪就能揪掉的。 更危险的是， 揪它会导致疣体破损，增加感染的风险 。 最后，如果揪过度了，出血较多，损伤到了真皮，还可能留疤。 正规治疗丝状疣，有外用药物治疗、局部破坏性治疗，还有外科手术治疗。这些治疗各有优势和劣势，可以根据实际情况进行选择。 以 局部破坏性治疗 为例，它 主要是 液氮冷冻治疗 和 激光治疗 ， 液氮冷冻治疗的要点，是用温度很低的液氮冻伤、冻掉病变；激光治疗则是用高能量的激光烧掉、破坏掉病变。 一般来说，治疗1～2次就能好，每次间隔1个月左右。有治疗需求的可以去正规 医疗机构 面诊后处置。 03 脖子上的小肉粒 还可能是这些情况 除了丝状疣，脖子上的小肉粒还有可能是 皮赘、老年斑 和 扁平疣 等 。 皮赘 皮赘本质上是皮肤组织的局部增生，而这增生的成分主要是松散的纤维组织。医学上，皮赘还被叫做软纤维瘤。 不过，不要看到名字有“瘤”就担心，皮赘这种瘤是良性的，不会恶变。 不考虑年龄的话，大概有50%~60%的人都有皮赘。实际情况是，年龄大的人更容易出现，曾经有数据显示，50~59岁的人群中，三分之二的人都有皮赘，而二三十岁之前的人则较少有这个困扰。 那么，皮赘的外观有哪些特点呢？ 基本形态： 肤色或深色的肉疙瘩，有的和皮肤有“把”相连 大小： 一般几毫米，个别更大，普遍小于2.5厘米 质地： 偏软，像脂肪一样 部位： 脖子、腋窝、躯干、腹股沟为主 个数： 一般是多个 处理上，和丝状疣类似，可以选择激光、冷冻治疗，也可以由医生用手术器械进行切除、削除甚至剪除。 老年疣 老年疣也就是老年斑，学名叫做脂溢性角化症，它和衰老、日晒关系最大，可以理解为是皮肤老化引起的表皮良 性增生。常见部位是面部，但脖子也时有可见。 扁平疣 扁平疣是另一种 HPV 感染，同样不是性传播疾病，一般是接触传染的。 它的特点是个数比较多的 肤色、褐色或淡红色扁平丘疹 ，喜欢长在脸上、脖子、胳膊或手背的部位。另外，儿童、成人，都会长扁平疣。 治疗方案，和丝状疣基本一样，要么是破坏性治疗，要么是药物治疗。 一张图梳理它们之间的区别 ↓↓↓ 来源：丁香医生、科普中国，审核：徐敏 天津医科大学代谢病医院皮肤科副主任医师 本期编辑：李娜、朱田恬 觉得好看，请点这里 ↓ ↓ ↓
外卖小哥发现带血枕头报警，上面写着“110625”！,https://mp.weixin.qq.com/s/hAKF1U1egzjTGrKM5Jd3Lw,2025-09-23,“我在世豪荟楼下发现一个白色带血枕头， 上面写着‘110 625’， 可能是求救信号……” 8月12日下午16时 一阵急促的警铃声 在四川省乐山市公安局市中区分局 彭山路派出所响起 这是一名外卖小哥 打来的报警电话 随即 彭山路派出所蟠龙前哨警务站 值班民警杨祎带领 辅警潘俊丞、李俊豪 迅速赶到现场 只见在楼梯角落处 有一个白色枕头 上面用暗红色液体写着一串数字 虽有点模糊 但仍可看出是“110 625” 疑似用血迹书写 “110”是生命线 “625”是什么？难道是房号？ 民警凭借日常工作中的经验判断 这应该是附近酒店使用的枕头 随即针对周边酒店进行排查 一家酒店工作人员表示 “6号楼25楼有一家民宿 用的就是同款枕头” 民警判断枕头 可能就来自6号楼的25楼 结合枕头落点位置和高度 可能是靠近大楼外侧的15号房 “赶紧救人！” 三人直扑25楼 正要敲门时 里面传来沉闷的“咚！咚！咚！” 疑似身体撞击家具的声音 但里面没有任何呼救声 房间里到底发生了什么？ 此时 物业提供了业主电话号码 民警拨打过去时 房间内响起手机铃声 却始终无人接听 而门内的撞击声越来越密 越来越响 “不能等了！” 杨祎三脚踹开了防盗门 随后又撞开了传来撞击声的卧室门 卧室门打开 一名脸色苍白、极度虚弱的女子 踉跄着扶着墙走了出来 房间里没有其他人 原来，她就是房东周女士 据周女士介绍 8月11日上午 她在打扫房间时 一阵风意外将她反锁在了卧室内 门锁出了问题无法打开 而她的手机放在了客厅 多番自救无果后 她孤注一掷——咬破手指 在枕头上写下了“110 625” 从窗户丢了下去 幸运的是 路过的外卖小哥发现了枕头报警 被困30余小时的她终于获救 周女士给民警送来锦旗 8月15日 周女士来到 彭山路派出所蟠龙前哨警务站 送上了锦旗 向民警表达感激之情 “没有警官们，我不敢想现在， 可能就饿死在里面了，真的太感谢了！” 网友评论 被反锁在房间如何自救？ 一、要意识到自己只是被锁在房间内，不轻举妄动并不会有生命危险。保持沉着冷静，避免因为慌乱，做出伤害自己的事情。 试着找一找房间内有没有备用钥匙，以及电话、手机等可以联系外面的工具，或试着用力拍打门板，大声呼救。 二、如果多次呼救无果，先暂时保存体力。若被反锁的房间内正好有窗户，不妨通过窗户看一下能不能看到外面的街道。如果可以看到有行人路过，就大声呼救（可以探头招手，但绝不可把上半身伸出窗外）。 三、楼层过高的房间，可以在房间内找软的物体比如枕头、衣服向下抛，来引起楼下路人的注意，从而寻得救援。如果是在晚上，可以找一找手电筒，以照射经过的路人等方式求助。 来源：新华社综合红星新闻（记者： 顾爱刚 ）、宁海深甽 本期编辑：石磊、林帆 觉得好看，请点这里 ↓ ↓ ↓
证据来了！这个习惯真能抗癌，效果堪比药物,https://mp.weixin.qq.com/s/ZRL5PAeXkzWI1SEZleIIfA,2025-09-23,「运动有益健康」「运动能提高生活质量」「运动能防癌抗癌」…… 类似的话你可能已经听到耳朵磨出茧子了，但有个问题，或许一直藏在心里没有问出来： 都说运动有用，到底多有用啊？特别是癌症，运动能顶多大事儿？ 这次，真有医学家把临床研究做出来了，医学期刊《新英格兰医学杂志》（NEJM）前不久发布了一项跨度近15年、覆盖889名结肠癌患者的大型临床试验，答案令人振奋： 运动能大大减少癌症患者的死亡风险 研究人员甚至给出评价： 「运动的效果，可能堪比一些抗癌药物。」 让我们一起来看看这是个什么研究，凭啥敢这么夸运动！ 运动是一种「抗癌处方」 死亡风险降低近 30% 「运动抗癌」不是什么新鲜事儿， 比如人们常说的「爱运动的人活得更久」， 但有个问题——爱运动的人，也可能吃得更健康、作息更规律…… 这就很难说明白，到底是运动有用，还是有些人本来就更健康 。 所以，这类研究往往只能说明「可能存在关联」，却难以确立明确的因果关系。 新研究不一样， 这是全球首个运动与癌症治疗的III期随机对照试验（RCT），结果更具说服力、更接近真实因果。 先看试验的条件： 参与者是明确的癌症术后患者（基础患病情况相对更一致）； 尽量控制只有运动这一个变量； 最硬核的终点：癌症有没有复发？人还在不在世？ 再看试验的执行： 889名结肠癌术后患者被随机分为两组： ● 一组拿到「健康建议」小册子，由患者自主发挥； ● 一组进入为期3年的「定制运动计划」，配套有行为指导、专业督促和跟踪。 第一年：每两周一次面对面带练+个性化指导；后两年：每月线上或电话随访；全程还有设定目标、制定计划、解决障碍等行为支持工具，帮助建立起「能坚持的运动习惯」。 这套「由密到疏」「从陪练到放手」的结构化设计，是打破「知道运动好但动不起来」魔咒的关键。 项目和强度也不复杂，快走、骑车、慢跑都可以，每周中等强度有个几小时就够。 三年坚持、八年追踪后，运动的抗癌答卷非常亮眼： ✅ 运动组癌症复发、死亡风险降低28%； ✅ 运动组活得更久的人，多了37%； 对于癌症这个医学老大难问题，能把复发和死亡风险降低近30%，是非常厉害的效果了。 研究人员还发现，两组在体重和腰围上没有什么变化，说明抗癌不是靠减肥带来的副效果。 也就是说： 只要动起来，身体就能真的变强！ 每周坚持动一动 13种癌症风险降低了 看到这里，有些朋友可能要问了： 研究说的是术后癌症患者，跟我这种普通人没什么关系吧？ 你还别说， 运动对癌症的预防效果，也很显著。 首先明确：不运动，是一种癌症风险。 研究指出：久坐不动，是某些癌症，包括（卵巢癌、子宫内膜癌、结肠癌、乳腺癌、前列腺癌和直肠癌）的风险的重要可变危险因素之一。 反过来，只要多动一动，就能有效改变。 一项追踪了144万人、长达11年的研究发现：只要每周能凑够7.5 MET·小时的运动量（大概是快走3次或慢跑2次），就已经属于运动量「人群前10%」了！ 做到的效果也很惊人——13种癌症的风险都能明显降低，比如胃癌、肾癌、结肠癌、乳腺癌等等。 换句话说：从不动，到一周三次快走， 你就已经在离癌症更远一点的路上了。 好咯！这次真的没有借口不运动了🙂 前面提到 每周运动量能达到 7.5MET·小时 ，就能明显降低多种癌症风险。 这到底怎么算？ 给大家开个简单的「运动处方」，希望各位按时服用—— 先给大家快速科普一下概念： 收下这张表，对照看看自己喜欢的运动大概是什么强度： 如果不想自己算，给你几个方案，今天开始试一试： 你看，只要动起来，7.5MET·小时其实很容易做到。 不管选择什么项目，什么方案，关键都是： 找到你能坚持、愿意动的方式。 因为只有你喜欢，才能不知不觉地坚持下来，才能真的产生防癌抗癌效果。 也欢迎在留言区 分享你的运动故事~ 来源：丁香医生，审核：王飞宇 空军杭州疗养院心血管内科 主治医师，于洋 北京肿瘤医院肠胃外科 住院医师  本期编辑：石磊、林帆 觉得好看，请点这里 ↓ ↓ ↓
清华博士庞众望，获感动中国年度人物,https://mp.weixin.qq.com/s/QjDSYTHo_k3ZgPQKJuVTtA,2025-09-23,“背影留给坎坷，笑容交给阳光 名字里写着责任，步履中充满力量 磨砺过的剑，破茧后的蝶 你一直向前，一直向上 不辜负妈妈的目光 不辜负时代的期望” 8月16日晚 《感动中国》2024年度人物名单揭晓 清华大学 精密仪器系 在读博士生 庞众望 获评2024年度人物 今年26岁的庞众望 出生于沧州市吴桥县的特殊家庭 父亲因病无法与人交流 母亲下肢残障行动不便 而他自己还患有先天性心脏病 命运似乎给了他一副沉甸甸的担子 但脸上总是挂着笑容的庞众望 从未自怨自艾 而是奋发图强 2017年，庞众望在高考中取得优异成绩 被清华大学精密仪器系录取 初入清华园 庞众望曾很在意别人的目光 “不是说在意别人看不起我 而是我害怕会有负众望” 后来，他在学习与科研中找到方向 临近本科毕业 他毫不犹豫地选择继续攻读博士学位 “大学前的经历 让我有了走下去的力量 在清华的时间 让我找到了自己前进的方向” 庞众望本科毕业照 如今 他牢记母亲“为国家做贡献”的期许 立志科研报国 庞众望说 “我现在就是想努力把科研做好 向所有人展现中华儿女 骨子里的那种韧性 还有奋进 不管遇到什么样的困难 我要坚定地走下去” 庞众望近照 众望所归 继续加油 来源：政事儿、央视新闻、清华大学 本期编辑：石磊、林帆 觉得好看，请点这里 ↓ ↓ ↓
价格大跳水，你爱吃的这一口，正大量上市,https://mp.weixin.qq.com/s/gufilr31WPeMT80ITCwGhQ,2025-09-23,进入8月，随着东海、黄海部分海域迎来“小开渔”，梭子蟹大量上市，价格有明显下降。 据钱江晚报报道，近日，杭州水产市场中，梭子蟹来货量远大于往年。相较于往年小开渔50~60元/斤的批发价， 今年直降50%，普货批发价15~16元/斤。  新鲜梭子蟹上市   价格大跳水  从东海发货，抵达杭州市场的梭子蟹，都是凌晨批发交易的。码头直发的活蟹，如果到早晨五六点钟还卖不完，批发档口的老板就会开始低价清仓。 比如，舟山大白蟹凌晨批发价是50元/斤，连云港统货蟹凌晨批发价是15~16元/斤，到了凌晨四五点钟没出货的，市场里便会响起此起彼伏的叫卖声：“200元/筐（每筐50斤）！” 天亮清仓甩卖的情况，其实往年也有，清仓单价通常是300元/筐，今年因为来货量大，档口老板们的销售压力也比较大，因此清仓的价格也特别低。 在上海，梭子蟹价格同样走低，销售火爆。在嘉定区最大的嘉燕水产批发市场，虽然已过了海鲜交易的高峰时间，但仍有不少顾客前来选购。 顾客吴女士：便宜的，因为7月份买的时候80元才能买两只，现在80元买8只，甚至买9只、10只！我们家里人都比较喜欢吃。 工作人员介绍， 今年梭子蟹产量较高，批发价格比去年同期降了约一半。 最近，该批发市场梭子蟹的日均交易量已超10万斤。所售海鲜都是通过箱式保温货运车从海港运达，运输时间不超过5个小时。 有摊主介绍，刚上市没几天，梭子蟹价格已有不小的回落，目前销量非常不错，自家摊位每天可卖出一、二百斤。 另据川观新闻报道， 得益于运输路线、物流技术的优化和提升，沿海的梭子蟹在24小时内就能端上成都市民的餐桌。 8月11日，记者走访了成都多家海鲜市场和零售商超，发现梭子蟹每斤售价在50~80元。 渔业部门预计，这两天出海捕捞的渔船将集中回港，梭子蟹、大黄鱼等海鲜的数量也将增多，市场价格有望进一步回落。  梭子蟹吃多了、吃错了   都很伤身  如何挑好蟹 这几个小技巧快来学 辨活力 首选生猛活跃、动作敏捷、吐沫多的蟹，触碰眼睛能快速缩回者尤佳。 掂重量 大小相近的蟹，越重说明越肥壮，蟹肉越饱满。 观蟹壳 蟹壳呈青灰色，富有光泽，纹理清晰。肚脐处饱满凸出通常膏黄多。尖脐为公蟹，膏少肉多；圆脐为母蟹，蟹黄多。 捏蟹腿 捏捏倒数第二只蟹脚（大钳后面那只），结实硬朗说明肉质饱满。蟹脚完整无断缺。 看腹部 腹部干净，无发黑或异味。 这样吃螃蟹 过嘴瘾又不伤身 熟透才安全 食用时必须彻底加热至熟透（蟹壳变红、蟹肉呈白色不透明状），以杀灭可能存在的致病微生物（如副溶血性弧菌）及寄生虫。 食用需适量 建议每次吃不超过2只，避免消化不良或摄入过多胆固醇。 痛风及高尿酸血症者、高胆固醇血症和心血管疾病患者、海鲜过敏者、脾胃虚寒和易腹泻者、肾功能不全者等人群需谨慎食用。 这些部位不要吃 蟹腮、蟹胃（在蟹盖内三角锥形囊状物）、蟹心（白色六角形片状物，位于蟹身中央）和蟹肠（从蟹脐延伸到蟹身的黑色细线状物）是蟹的呼吸、消化器官，易积累污物或病菌，务必摘除干净。 这种螃蟹谨慎吃 整只熟透的螃蟹最多冷藏1～2天，如未及时冷藏或冷藏时间过长，即使再次加热也难完全消除细菌毒素，极易引发食物中毒。 来源：央视网综合 央视财经、每日经济新闻、钱江晚报、川观新闻 本期编辑：石磊、林帆 觉得好看，请点这里 ↓ ↓ ↓
导师：“醒了吗？”我：“可以醒！” -_-→O_O,https://mp.weixin.qq.com/s/Ea86dARRv5ARiswYZv-Etw,2025-09-23,迷迷糊糊的清晨 睡眼朦胧地拿起手机 “导师：☎️未应答” 大脑CPU强行启动 （虽然其实还没醒，但是） “可以醒~” 近日 有同学分享了自己 与实验室小伙伴的对话日常 网友：“研究生有自己的‘清醒剂’~” 评论区网友纷纷分享 自己“锻炼”出的 全方位“辨别”导师的神奇本领 一声“导师来了！” 研究生们开启了一天的科研日常 然而 你以为的科研画面—— 冷静地推演公式 优雅地操作、计算数据 实际上的科研画面—— ↓ ↓ ↓ 所有实验器具 都是我的“宝宝”~ 研究生“哄”实验现状： 所有实验器具都是 世界上最厉害的“宝宝” “你们要加油哦！妈妈爱你们！” 遇到笨“宝宝” 不要生气！ 切记“不以鼠喜，不以鼠悲” 实验遭遇瓶颈的时候 也会委委屈屈地 “小发雷霆” 当我连续做了几天实验 室友：“十堰有什么好玩的？” 我：“实验？什么实验？” 东借西借的实验室日常 除此之外 一位同学还分享了 向实验室“兄弟姐妹” 借材料的日常 网友笑称 “不敢想象你的毕业致谢将有多长” 其他同学也分享了 互帮互助的 温馨 日常 急需的瓶瓶罐罐、试剂耗材 是“战友”间心照不宣的支援 关键时刻 只需要问一声 “谁有材料吗？”  “我有，尽管拿~” 那些年离谱的实验结果 当历经实验“奋战” 终于拿到结果！ ...... “5克绿茶 中 提取出11克咖啡因” 老师：我想不明白 还有的同学“倒反天罡” “在杀死细胞实验中 细胞成活率102%” “实验 结论是建议多吸尾气” ...... （以上均为离谱结论，请阅后即忘） 明明是按照老师演示的流程 一步步 小心谨慎地操作着 可结果...... 到底是哪个环节出了问题？ 科研的历程 往往不是一帆风顺的 遇到坎坷与瓶颈时 或许会沮丧 会难过得想要大哭一场 一位同学分享了 在自己因实验失败而沮丧难过时 导师 发来的温暖信息❤️ “没想到看起来‘硬心肠’的老师 也会说出这么温柔的话~” 放松心态，调整步伐 “身体不舒服了就先好好睡一觉 饿了就好好吃一顿” 大家共同讨论 静下心来思考 又能“满血复活” 科学研究 不正是 在无数次跌倒与爬起中 在不断尝试与修正后 才开出花朵的吗~ 每一次的失败 都在为最后的成功铺垫 或许那个困扰很久的问题 就在某个瞬间 茅塞顿开了 从量变到质变的飞跃 正是科研的魅力呀 愿各位同学 怀揣热爱、 坚定信念、锲而不舍 去探索科学的真理 实现人生的价值 你的实验室日常 或曾经的实验室日常里 藏着哪些“名场面”呢？ 来源：学校共青团 本期编辑：胡程远、郑薛飞腾 觉得好看，请点这里 ↓ ↓ ↓
大反转！“凌晨四点送外卖”的“苏星颜”，被罚！,https://mp.weixin.qq.com/s/6c6MXxzBmTPFXqlXhJ5Exw,2025-09-23,据“公安部网安局”公众号消息，视频账号“苏星颜努力中”“小颜拼搏中”等账号（以下简称“苏星颜”）自今年6月14日起更新数十条作品，所有视频均身穿外卖骑手工服，哭诉“后悔没好好读书”“凌晨四点送外卖”“每天跑十几个小时外卖”“一个差评一天白干”等悲惨经历，引发大量网民关注和讨论。 经核，网民“苏星颜”真实身份为杨某，于2025年3月24日注册成为骑手，截至目前，仅上线3天，累计送达10单，其中3月27日6单，7月5日1单，8月1日3单，其余时间均无上线跑单记录。 自2025年7月下旬开始，随着谣言视频的热度增长，“苏星颜”发布了标题为《视频上了1000多万大热门，我究竟做对了什么》的视频， 以“下单99元面膜附赠短视频课程”的套路，诱导网友添加其个人账号，购买课程。 经询， 杨某为吸引眼球、获取流量，刻意摆拍悲惨、困境等虚假视频，误导网民关注和同情，进而通过带货、卖课等方式牟利。 其发布的视频不仅严重损害外卖骑手形象，还容易误导网民，挑起公众情绪对立，扰乱社会秩序，对网络环境带来不良影响。 目前，山东青岛公安机关 已对违法行为人杨某处以行政处罚。 网警揭秘 此类摆拍卖惨牟利“套路” 注册账号跑几单便摆拍卖惨、蹭热点传递焦虑情绪，靠恶意营销博流量牟利，其实就是“做号牟利套路”，而 这种套路就是 典型三步走 ： 1、先摆拍个悲惨故事，比如被扣钱、孩子生病陪送外卖、自己从站点离职被罚1500元、下雨天送餐差评等，误导网民关注和讨论； 2、虚假视频流量高了后，立刻发“复盘”吸粉； 3、最后引流到私域，卖99块的“短视频速成课”。 网络不是法外之地！为博流量无下限，恶意摆拍不可取！ 公安机关严厉打击恶意编造传播网络谣言的行为，请广大网民自觉遵守法律法规，不造谣、不信谣、不传谣，积极向公安机关举报各类网络谣言和传播虚假信息的违法行为，携手营造清朗网络空间。 来源：公安部网安局 本期编辑：胡程远、郑薛飞腾 觉得好看，请点这里 ↓ ↓ ↓
纪念中国人民抗日战争暨世界反法西斯战争胜利80周年大会第二次综合演练顺利完成,https://mp.weixin.qq.com/s/gdX9HROHhgCjRcP-Rgajgg,2025-09-23,记者从中国人民抗日战争暨世界反法西斯战争胜利80周年纪念活动新闻中心获悉，8月16日17时30分至8月17日3时30分，北京天安门地区举行了纪念中国人民抗日战争暨世界反法西斯战争胜利80周年大会第二次综合演练，约4万人参加演练及现场保障工作。 据介绍，第二次综合演练在首次演练的基础上，增加了更多的要素及环节，纪念大会仪式、集结疏散等各流程组织有序、环环相扣，达到了预期目标，也进一步检验了指挥体系运行及组织保障工作。北京市有关方面表示，第二次综合演练时间跨度更长、涉及区域更大，衷心感谢广大市民游客的理解与支持。 来源：新华社 本期编辑：石磊、林帆 觉得好看，请点这里 ↓ ↓ ↓
来了！新闻早班车,https://mp.weixin.qq.com/s/0qKpsJX8LzNbtNxJt5ff4w,2025-09-23,点击这里，查看更多精彩内容 要闻 自然资源部消息，我国通过开展大规模国土绿化行动，贡献了约25%的全球新增绿化面积。 国铁集团消息，1至7月，全国铁路完成固定资产投资4330亿元，同比增长5.6% 市场监管总局、工信部就智能网联新能源汽车产品规范宣传向社会公开征求意见，拟规定企业不得暗示消费者将辅助驾驶视为自动驾驶。 国家疾控局发布的《基孔肯雅热防控技术指南（2025版）》将浙江、福建、广东、广西、海南、云南列为基孔肯雅热流行风险Ⅰ类地区。 国家统计局消息，7月，国民经济保持稳中有进发展态势。生产供给稳定增长，全国规模以上工业增加值同比增长5.7%，环比增长0.38%。 中国人民银行发布报告，上半年，我国货币政策适度宽松，人民币汇率在合理均衡水平上保持基本稳定；下阶段将落实落细适度宽松的货币政策。 截至目前，A股市场融资余额已突破2万亿元大关，创下了近十年来的新高。 外交部发言人就日本政要参拜靖国神社表示，中方对日方公然挑战历史正义和人类良知的行径表示强烈不满，已向日方提出严正交涉。 美国总统特朗普和俄罗斯总统普京15日在美国阿拉斯加州安克雷奇市埃尔门多夫-理查森联合军事基地举行会晤。 社会 中央气象台发布高温黄色预警，今天白天，黄淮大部、江淮、江汉东部、江南中北部、陕西关中、四川盆地、新疆吐鲁番盆地和南疆盆地等地的部分地区有35～39℃的高温天气。 国家防总办公室预测，8月下半月至9月，华北、东北大部、西北部分地区多雨态势仍将维持，防汛救灾形势严峻复杂。 16日12时，南海海域和东海部分海域为期三个半月的伏季休渔期结束。 7月，我国民航运输规模创历史新高，全行业完成运输总周转量同比增长8.6%。 截至16日，2025年暑期档（6～8月）电影总票房（含预售）已突破95亿元。 16日，山东荣成一辆载有11人的面包车坠海，3人获救、6人遇难，2人正在搜救中。 16日，广西防城港通报“司机亮证逼迫让路事件”后续处理结果。 详情 16日，我国首条穿越贺兰山的铁路隧道——包银高铁银巴支线贺兰山隧道顺利实现全隧贯通。 沙特阿拉伯时间16日，在2025年男篮亚洲杯半决赛中，中国队战胜新西兰队，时隔10年再度进入该项赛事决赛。 近日，安徽潜山一村民被洪水困在河道中央，村干部倪林燕套上救生圈跃入急流，将被困村民救起。 政策 上海印发通知，鼓励养老服务机构与设置养老服务相关专业的院校建立校企合作联盟，为学生提供专业实践实习、社会交流和创新创业的学习机会。 江苏印发通知，9月起，免收全省高速公路车辆救援服务拖车、吊车费用。 安徽就科创发展集聚区管理征集意见， 拟定给予评估优秀的集聚区100万元-300万元资金支持，用于对科技服务业企业扶持、公共服务平台建设等。 今日天气 　　吉林东南部、辽东半岛、山东中北部、河北东南部、河南东北部、四川盆地西部、广东西南部沿海、广西东南部沿海、海南岛等地部分地区有大到暴雨 。 早安中国 　　每个清晨，遇见大美中国。 　　云南云县涌宝镇，立秋过后，万寿菊正热烈绽放。橙黄花瓣顶着晨露，从山脚漫向山巅，妆点了乡村美景，成为吸引游客“打卡”的好去处。云县欢迎您！ 与其纠结过去、焦虑未来，不如脚踏实地、拼搏现在，因为人生最好的时刻，永远是当下。认真走好现在的每一段路，尽最大努力不辜负眼前的时光，就是我们对待生活最好的方式。早安！ 本期编辑：郑薛飞腾，实习生：余典 、 李小碟 ｜ 主播：蓝艳 觉得好看，请点这里 ↓ ↓ ↓
每天睡够8小时才健康？NO！最完美睡眠时间其实是……,https://mp.weixin.qq.com/s/g7gXbgTlwiYjSLScUMoJnw,2025-09-23,　　“人一天到底睡多久最好？” 这个问题可以说是睡眠话题里最高频的问题之一，很多人对此都很焦虑，生怕自己没睡够。那么，人一天到底睡多久最好？有标准答案吗？ 　　先说答案： 因人而异。 01 不同年龄，所需睡眠时间不同 《美国睡眠医学会》为了回答“人类睡眠时间”的问题，曾经专门组织了一个睡眠专家小组。小组成员回顾了数百项关于睡眠时间和健康问题的研究，最终给不同年龄段所需睡眠时间划了一个范围。 总体来看， 婴幼儿所需的睡眠时间最多， 随着年龄的增长，人类所需的睡眠时间有减少的趋势，一直到18岁以后，变化才慢慢趋于稳定。 注意， 是趋于稳定，不是固定不变 。所以，不同年龄段，睡眠需求可以变化。 为什么没有3个月以下宝宝的建议呢？原因是这个年龄组的睡眠需求差异非常大（ 少则11小时，多则19小时） 。所以，家长们无需和其他孩子比睡觉时间然后回来折腾宝宝。 02 成年人每天睡眠时间要≥7小时吗？ 先说答案： 还是因人而异 。 但每天7小 时以上的睡眠的确是多数成年人需要的，这里的多数是统计学上的一个“均数”。 如果你白天多数时候状态都不好，常常犯困，或者常常需要靠咖啡提神，这个时候需要考虑的问题就是：夜间睡眠不足。下一步就是重新调整作息，让自己多睡会儿。 但是要注意，“多数人”也好，“均数”也罢，它们都不等于标准答案。在睡眠时间统计图表上，除了中间的7小时外，还有部分数据是分布在两端的。最左端是 “短睡眠者” ，最右端是 “长睡眠者” 。 即 存在少部分人（天生的），他们不需要睡那么多，睡6个小时或者5个小时就够了（即不影响白天状态）。 也存在少部分人，天生需要睡很久 ，可能需要睡9小时甚至10小时以上才能保证白天的精神状态 （对成年人来说）。从某种角度来说， 长睡眠者是最容易“睡不够”的一群人 ，他们常常在白天打瞌睡，影响学习和工作效率。 从短睡眠者，到中间的“7～9小时均数”，再到长睡眠者，这些睡眠数据形成了一个正常的连续的“时间谱”。 所谓的“成年人需要8小时睡眠”只是一个参考答案 ，作为个体，不能只根据一个单独的数字来给自己贴“睡眠不足”或“睡眠太多”的标签。 换句话说， 你的睡眠时间，不要和过去比；你的睡眠时间，不要和别人比。 03 如何判断自己 需要睡多久？ 简单说： 看醒后的表现。 如果你醒来后，在多数时间都能保持足够清醒和足够好的专注力，不影响工作和生活，那么就可以认为，睡得可以。 反之，如果醒后还容易嗜睡，注意力下降，那么就意味着你睡得不够好——或者是时间不够，或者是质量不佳，或者两者都有。 这个时候，你可以先参照一下成年人的“均数”——7小时。如果时间没有7小时，可以试着找一找“时间都去哪儿了”。如果时间有7小时，那就需要寻找下是否有其他“睡眠阻力”在干扰你的睡眠质量。 04 睡眠不足该怎么办？ 如果睡眠不足，可以参照以下3个步骤去改善： 1.梳理睡前活动 首先，把晚上睡前的活动进行梳理，计算各自大概占了多少时间。然后，挑出那些没那么重要的项目，试着把这些项目删掉或者时间压缩。 2.做一个睡前放松的仪式 制定一个能让自己放松的睡前仪式。比如，洗澡、看手机、打游戏等，然后距离睡前半小时左右远离屏幕。这样做的好处是，可以让大脑更容易从紧张的白天工作以及互联网信息中解脱出来，有利于进入睡眠状态。 3.补觉 如果晚上实在是没睡够，可以采取补觉的方式让自己“回点血”。不过，补觉需要技巧，一次不能补太狠，否则容易影响当天晚上的睡眠，也容易打乱整体的睡眠节律。 最推荐的补觉方式叫做“分期付款”。 比如，工作日晚上睡不够，那么在白天的中午时段，小睡20分钟。遇到节假日，早上多睡一会，不超过平时起床的1小时，中午可以再小睡20分钟，晚上早点安排自己睡觉。 05 总结 多数成年人的睡眠需求是7小时左右，但这不是标准答案，作为个体来说，你不能只根据这个数字来衡量自己是否睡得好。 是否睡眠充足，关键看醒后白天的状态。如果状态不好，再回过头看自己的睡眠时间是否有多数人的7小时，如果不够，则提示有其他因素在剥夺你的睡眠。如果睡眠时间充足，那么就需要寻找是否有其他睡眠阻力在影响你的睡眠质量。 如果计划让自己多睡一点，可以“3步走”：梳理睡前活动，做好睡前放松的仪式，补觉。 最后要指出的是，没有谁可以做到365天每天都睡得好， 偶尔的睡眠不足其实不用太担心，平常心看待就好。 来源：科普中国 本期编辑：胡程远、郑薛飞腾 觉得好看，请点这里 ↓ ↓ ↓
【夜读】请学会好好休息,https://mp.weixin.qq.com/s/0fisds9LmtHqh_zZVbJw9A,2025-09-23,01 休息，本就是生活的一部分 很多人觉得“闲下来”就是浪费时间，好像只有持续奔跑才算“有意义”。但其实，休息和努力一样，都是生活的一部分。懂得休息的人，才不会在奔跑中迷失自己，也更能保持稳定的节奏去面对挑战。 午后的短暂小憩、喝一杯温热的茶，这些片刻的宁静都能让心情松弛。虽然表面上看似“什么都没做”，但身体和情绪都在悄悄修复，这份内在的调养，是日常努力中不可或缺的部分。 学会休息，是对生活的一种珍视，每次停下来，都是对自己温柔的拥抱。它让生活的节奏不至于过于急促，也让努力和安逸相互成全 。 02 学会真正放松，而不是换一种忙碌 有时候我们以为自己在休息，其实只是换了一种形式的忙碌。 运动的时候，还想着没做完的卷子；明明想休息一会儿，脑子里却不停地回想自己今天说错了什么话......表面上在休息，内心却没有停歇，这样的“休息”并不能让人充电，反而消耗了注意力和精力 。 想学会真正放松，需要找到适合自己的方式。有人喜欢在阳台上浇花，看绿叶慢慢舒展；有人喜欢运动、阅读或者手工，让注意力从焦虑和压力中脱离。每个人的放松方式都不同，关键是它让人感到舒心、愉悦 。 当身心疲劳得到缓解，生活就会更有韵律。每一次静下心来，都能让人更清楚地看到自己需要什么，也更容易在生活里找到属于自己的平衡 。 03 休息不是偷懒，而是为了积蓄力量 每一次舒缓身心，都是在为未来的行动储备更多耐心和精力 。 不知道你有没有这样的经历：暂时找不到推进事情的方法时，越是苦思冥想，越是想不出来；暂时无法解决眼前的困难时，越是茶饭不思、紧张慌乱，越容易忙中出错。 这个时候，需要通过恰当的休息，让自己找回节奏。真正高质量的休息，是身心的蓄能期 。 好好休息，也是一种自律。一个人如果一味地追求效率，不懂得休息的话，往往会适得其反。奋斗时竭尽全力。休息时也尽情放松。越是长远的路，越要保存实力。只有学会适时停下来休息，才能行稳致远 。 来源：人民日报夜读综合夜听、央视新闻等 | 主播：赵文龙 本期编辑：林帆，实习生： 洪舒云 觉得好看，请点这里↓ ↓ ↓
时隔10年！中国男篮，杀入决赛！,https://mp.weixin.qq.com/s/2XuMt-Ax4Ir6jNP7F81CcA,2025-09-23,沙特阿拉伯 时间8月16日， 2025国际篮联男篮亚洲杯迎来半决赛的争夺，中国队98:84战胜新西兰队，时隔10年再次打进决赛，提前完成赛前站上领奖台的目标。中国队决赛的对手是澳大利亚队和伊朗队的胜者。 祝贺小伙子们！ 决赛加油！ 来源：人民日报客户端（记者：范佳元），图片： 新华社记者王东震 摄 本期编辑：胡程远、郑薛飞腾 觉得好看，请点这里 ↓ ↓ ↓
60000000+！“你在，所以我们在”,https://mp.weixin.qq.com/s/QEpdbAYwWDonInd0aBaqRQ,2025-09-23,2025 年 8 月 15 日 人民日报微信粉丝量 突破60000000 啦！   当这串数字跃入眼帘 我们心中涌动的 有温暖，有责任，更有无限的感谢 有人问 运营拥有 6000万粉丝的微信公众号 是一种怎样的体验？ 今天，我想把答案说给你听  清晨五点多 当城市还在酣睡 《新闻早班车》已准时 “发车” 为您捎来第一份新鲜资讯 成为万千网友的“起床标配”   偶尔 发送稍晚 几分钟 后台会收到网友的 “灵魂拷问”： “小编别睡过啦！等你的早班车呢～” 这带着笑意的催促 是我们每天早起的动力 你以为早班早起， 晚班就能早休息？ 其实夜班的灯光 常常亮到深夜 嗯， 一般半夜“截稿”是常态 有时遇上突发新闻和 重大报道策划 通宵工作也不稀奇   有好几次 晚班选手直接工作到 跟第二天的早班选手打招呼 “早啊！”“昨晚辛苦啦！” 简单的对话里 是接力不歇的坚守 虽然未曾谋面 但我们与你每晚在《夜读》相逢 相互治愈，彼此温暖 很多动人的留言 常常让我们热泪盈眶 夜读十年，相伴有你 每晚和6000万人说晚安 是一件浪漫的事 而坚持做这件事超10年 是一件特别浪漫的事 亲爱的读者朋友们 或许，你们不知道 当你们给我们留言 “受到了鼓舞”的时候 我们也在被你们鼓舞着 当热点事件发生时 那句 “坐等 人民日报 解读 ” 是 对 我们莫大的信任与鞭策 当正能量故事发布后 满屏的 “泪目”“点赞”“致敬” 让我们看到善意在传递中生长 当 创意产品爆款迭出 那句 “ 这创意绝了！ ” 是对我们创新表达的最好褒奖 你可能不知道 最近，我们团队有 “可欣”“子涵”了 现在的我们是一支 平均年龄 3 0 岁出头的“年轻”团队 每一张年轻或也不年轻的脸庞上 都写满对内容的热爱与执着 在这里 我们始终坚持用 “权威声音、主流价值、清新表达” 连接每一个你 从上 达 国家大事 第一时间传递权威声音 解读政策热点，记录时代脉搏 到下晓社会万象 捕捉街头巷尾的温暖瞬间 讲述普通人的不凡故事   从做得了知识科普 把硬核干货变成轻松易懂的“ 知识点” 让你每天都能 get新技能  到写得出人生感悟 用细腻的文字抚平生活褶皱 在疲惫迷茫时给你力量 和 光亮 我们知道 6000 万粉丝的需求各有不同 所以 我们 努力让内容 既有高度，也有温度 既有广度，也有深度 只为让每一个你都能在这里找到共鸣 一路走来 我们早已不是简单的 “小编”与“读者” 而是彼此陪伴的同行者 我们一道 参与、沟通、记录 在时代的洪流中留下共同印记 坚持、奔跑、向前 在时光的长河里一起变得更好 6000 万，感谢每一个你 上千个日夜中的守候与陪伴 每一条留言里的鼓励和建议 “你在，所以我们在” 人民日报微信将继续努力 始终在你身边 和你一路向前 ❤️6000万分之一的你，最珍贵❤️ 来源：人民日报微信 本期编辑：刘杰、李娜、方梓祎、林帆 新的起点，初心不改 ↓ ↓ ↓
山东一面包车坠海，6人遇难，2人搜救中,https://mp.weixin.qq.com/s/pOb-svEN2bxYEh5uVmxl0w,2025-09-23,8月16日4时许，荣成市桃园渔港一辆载装卸人员的面包车离港时坠海，车上共有11人。3人获救生命体征平稳，6人无生命体征，其他2人正在搜救中。事故原因调查、善后处置等工作正在进行中。 来源：央视新闻 本期编辑：胡程远、郑薛飞腾
“亮证逼迫让道事件”，最新通报！,https://mp.weixin.qq.com/s/M-5ErWzeMizgzbKMxThWsg,2025-09-23,8月16日，针对“ 亮证逼迫让道事件 ”，广西防城港市委市政府调查组发布情况通报，全文如下： 2025年8月3日，我市发布“女司机亮证逼迫让道”舆情情况通报后，调查组会同相关部门和单位本着实事求是、依法依规原则，对有关违规违法和失职失责人员，深入开展调查和处理问责。同时，要求相关单位和个人深刻汲取教训，认真全面整改。现将处理情况通报如下： 一、相关当事人处理情况 （一）侯某某，钦州市某汽车配件有限公司员工，因冒用其丈夫黎某的行政执法证，违反《中华人民共和国治安管理处罚法》，产生严重不良社会影响。防城港市公安局防城分局对其处以行政拘留5日处罚，现已执行完毕。 （二）黎某，上思县某镇消防救援站二级消防士，因未妥善保管个人行政执法证，违反工作纪律，导致证件被配偶冒用，造成严重不良社会影响。经查，黎某不存在利用职业身份和工作便利干预公安机关办案的行为，且事后能够积极配合调查，认错态度诚恳。广西消防救援总队党委对其给予党内警告处分，自治区司法厅依照相关规定收回并注销其行政执法证。 二、相关公职人员处理情况 在深入调查基础上，依据《中国共产党纪律处分条例》《中国共产党问责条例》等规定，有关部门和单位根据干部管理权限和处分批准权限，对相关责任人员进行严肃追责问责。 （一）杨某鹏，防城港市公安局江山边境派出所民警，在7月31日晚出警处置过程中，沟通表达不够规范严谨，引起当事人误解，造成不良社会影响。防城港边境管理支队党委对其进行严肃批评教育，责令作出书面检查。 （二）王某顺，防城港市公安局江山边境派出所民警，在8月5日呈请对侯某某行政拘留处罚过程中，不正确履行职责，制作法律文书不够严谨细致，出现差错疏漏，造成不良社会影响。防城港边境管理支队党委对其给予党内警告处分。 （三）黄某杰，防城港市公安局防城分局法制大队大队长，在办理对侯某某行政拘留处罚案件中，不正确履行职责，对法律文书审核把关不严，造成不良社会影响。防城港市公安局防城分局党委对其给予诫勉处理。 （四）唐某武，防城港市公安局防城分局副局长，履行值班领导责任不到位，对案件处置协调不力、文书审批把关不严，造成不良社会影响。防城港市纪委监委驻市公安局纪检监察组对其给予党内警告处分。 （五）肖某春，防城港边境管理支队防城边境管理大队大队长，对所辖江山边境派出所履行管理监督职责不力，造成不良后果和影响。防城港边境管理支队党委对其给予问责，予以通报，进行严肃批评，责令作出书面检查。 （六）韦某，防城港市防城区政府副区长、市公安局防城分局局长，对该局办理的案件统筹协调、督办落实不到位，造成不良后果和影响。防城港市纪委对其给予问责，予以通报，进行严肃批评，责令作出书面检查。 此前，防城港市公安局已对该局宣传科接听记者来电出现不当行为的工作人员，给予严肃批评教育，责令作出书面检查。 三、相关单位整改情况 此事暴露出我们存在回应群众意见和网民关切不及时不主动、社会矛盾纠纷调处化解不够精准有力、干部管理不够严格规范等问题，我市公安和边境管理、消防救援等相关责任单位，已分别向其上级党委作出深刻书面检查并制定整改措施。下一步，我们将深刻汲取教训，认真落实整改，全面加强队伍建设，更好提升依法办事、化解矛盾、服务群众的质效。 衷心感谢社会各界、新闻媒体和广大网民对我市工作的关心和支持！ 网站截图 来源：人民日报客户端 本期编辑：胡程远、郑薛飞腾 关注！ ↓ ↓ ↓
痛心！6岁男孩感染“食脑虫”去世,https://mp.weixin.qq.com/s/jFsxc4_QIu1Y1BMGMTEp5Q,2025-09-23,今年7月，男孩玩水后感染狒狒阿米巴原虫（食脑虫）一事，引发广泛关注。 8月11日晚，男孩的妈妈在社交平台发布了一封“君宝贝和妈妈的感谢信”，称男孩的生命留在了6岁8个月。 此前，男孩妈妈曾 在网上发布求助帖称，孩子被检查出感染狒狒阿米巴原虫（俗称“食脑虫”）。 至于感染的原因， 男孩妈妈表示， 目前想到的就只有6月6日在学校打水仗和4月13日在公园里捞鱼，没有去过别的地方。 因夏日玩水感染“食脑虫”并非个例。今年6月，福建一名5岁女孩的家长求助称，带孩子去游泳和泡温泉后，孩子出现头痛低热呕吐的症状，最终被确诊为“食脑虫”感染。目前，孩子已在 儿童重症监护病房 待了50多天。 “食脑虫”为何如此凶险？ “食脑虫”并不是真的虫子，而是 一类分布于自然界中的单细胞生物阿米巴原虫。 首都医科大学附属北京友谊医院、北京热带医学研究所主任医师王磊介绍，目前，称之为“食脑虫”的阿米巴原虫有三种： 福氏耐格里属阿米巴、狒狒巴拉姆希阿米巴、双核匀变虫。 王磊表示， 这三种阿米巴原虫对人体造成损害主要有两方面： 造成皮肤性损害。 阿米巴原虫通过破溃的皮肤进入人体以后，在破溃的局部形成肉芽肿性改变。 侵入中枢神经系统， 导致患者出现间断或者持续性的抽搐、昏睡昏迷，以颅内高压为表现的恶心、呕吐、头疼，大约在1—2周以后就会造成不可逆转的神经系统病变。 2022年，浙江大学医学院附属儿童医院感染科曾收治了一例阿米巴原虫感染患儿，经过两个月左右的治疗，患儿才脱离生命危险。 浙江大学医学院附属儿童医院感染科主任黄丽素曾参与这次救治，她坦言，目前幼儿感染阿米巴原虫在治疗药物和方案上还缺乏成熟手段，只能根据患者情况，通过多种药物联合作用、控制颅内压、手术等综合手段积极挽救患儿生命。 如何预防“食脑虫”感染？ 7月11日，中国疾控中心发布关于“食脑虫”的健康提示。其中称，我国迄今累计报告狒狒巴拉姆希阿米巴感染病例仅40余例， 属罕见的寄生虫病。公众无需过度紧张，但需提高防护意识。 复旦大学附属华山医院感染科副主任王新宇介绍，“食脑虫”主要通过鼻黏膜、皮肤破损处等进入人体，常见于温暖的淡水，如湖泊、池塘、河流、温泉、未氯化的游泳池、污水和土壤中。 避免“食脑虫”感染，建议从以下几个方面入手： ■  远离不干净的水 不要在卫生状况不佳的野外水体里游泳，尤其要避免潜水、跳水，以免增加鼻腔进水风险。 如果自身皮肤有破溃情况，尽量不要进入自然水体。 避免用未经消毒或煮沸的自来水冲洗鼻腔‌。 ■  做好卫生防护 必须进入自然水体进行作业的情况下，要使用鼻夹，同时避免搅动水体底层沉积的物质，减少阿米巴原虫进入人体概率。 接触土壤后及时进行清洁，确保皮肤无伤口暴露。 佩戴隐形眼镜时做好消毒，避免接触污染水源。 游泳场所做好消毒工作，确保卫生条件达标。 王新宇强调， 鼻腔被温暖的淡水猛冲，是最典型的感染途径。 如果在“温暖淡水呛鼻”后一两周内， 出现高烧、剧烈头痛、恶心呕吐、颈脖僵硬，甚至很快意识模糊，务必立刻就医， 并主动告诉医生“最近在哪个水域把水呛进鼻子了”，以便检测确认病因。 来源： 央视新闻综合国家应急广播、中央广电总台中国之声 本期编辑：刘杰、方梓祎 转发提醒 ↓ ↓ ↓
恭喜，他们结婚了！也太太太好看了！,https://mp.weixin.qq.com/s/X98Qwc8vdb82HurU8eupTg,2025-09-23,战舰为媒，碧海为证 一场场集体婚礼浪漫来袭 新人在战友和家人们的祝福下 结为伉俪 开启人生“新篇章” 迎亲车队缓缓穿行 战风斗浪的海军战士 卸下钢枪换上盛装 以温柔的姿态 迎娶心中的挚爱 婚车抵达营区时 鞭炮声响彻云霄 那是战友们最热烈的祝福 婚礼伊始 新人与全体官兵 共同参加升旗仪式 家国情怀与爱情誓言 在晨光中交融 婚礼现场热闹非凡 刚劲有力的刺杀操 展现着军人的血性 喜庆的舞龙舞狮传递着祝福 新人携手步入“幸福拱门” 四目相对的瞬间 所有等待与坚守都有了答案 “你守国，我守家” “余生我们一起守护这片海” 一句句告白不似情话 却重若千钧 在战友、亲友们的 祝福与见证下 他们相互交换爱情信物 共同书写爱的誓言 当婚书紧握在彼此手中 这些新人的故事 也是无数军人军属的缩影 他们用爱支撑彼此 用坚守点亮强军路 此刻 南海之滨的风里 满是祝福 而他们的故事 才刚刚开始 来源：南海舰队 本期编辑：刘杰、方梓祎 点赞！祝福！ ↓ ↓ ↓
“成绩10分以下，被录取为初中老师”？官方回应,https://mp.weixin.qq.com/s/bldviMSttqywLcbgKks-mw,2025-09-23,近日， 一份教师选调拟录取名单 ，引发了网络热议。 有网友在“问政江西”上反映，江西省吉安市永新县公布的“ 农村小学选调农村初中拟录取名单 ”中， 部分考生总分在10分以下，却能录取为农村初中教师。 这名网友呼吁，应选拔有能力、考试成绩出色的小学老师到初中任教，杜绝农村教育歧视。 这份名单中，9人总分超过70分，最高为89.65分； 剩余14人中，总分最高为30.55分，4人成绩低于10分，最低分7.2分。另外，有2人笔试成绩仅为1分 。 而在当地“ 农村小学选调县城初中拟录取名单 ” 中，拟录取的最低总分为90.55分。 8月15日凌晨，永新县联合调查组发布通报。 原文如下： 近日，我县遴选农村初中教师一事引发网友关注。对此，我县高度重视，立即成立调查组，进行调查核实，现将有关情况说明如下： 今年暑期，我县组织农村小学教师进城遴选考试，到县城区小学任教。同时为解决全县农村小学教师富余、农村初中教师不足的问题，县 教体局未经认真分析研判，硬性要求参加县城区小学遴选考试人员中，具有本科及以上学历和初中教师资格证的，须同步报名参加农村初中教师遴选考试。 8月2日上午为农村初中教师遴选考试，下午为县城区小学遴选考试。 据调查， 因农村初中比农村小学的教学任务相对较重，部分参加考试人员不愿到农村初中任教，在当天上午的农村初中教师遴选考试中消极应对， 有的故意放弃答题，导致出现30分以下甚至10分以下的异常分数情况，但当天下午的县城区小学教师遴选考试无异常。 鉴于全县农村初中教师存在缺口，农村小学教师又富余， 县教体局错误地认为，既然来参加了考试，那这些教师应能接受转任初中，并上网公示。 在工作中，县教体局考虑不周全，遴选方案制定不合理，工作人员责任心缺失，未充分尊重教师个人意愿，造成不良影响。县委、县政府责令县教体局进行整改，充分尊重教师个人意愿，决定其是否交流任教，并对县教体局相关人员进行严肃处理。 下一步，我县将举一反三，进一步完善教师遴选考试等制度。非常感谢广大网友对我县教育工作的关注和监督。 来源：中国青年报 综合永新视听、南方都市报 本期编辑：刘杰、方梓祎 关注！ ↓ ↓ ↓
人民日报评“肖某、董某莹事件”最新通报,https://mp.weixin.qq.com/s/0T6Lf0gekrbLno1zp3BTqg,2025-09-23,日前，国家卫生健康委调查组发布关于肖某董某莹事件调查处置及问责情况的通报。国家卫生健康委联合教育部等有关部门经过全面深入调查，对相关违规违纪违法等问题严肃追责问责，回应了社会关切，顺应了民心民意。 此前，中日友好医院胸外科肖某被举报引发相关舆情后，国家卫生健康委迅速行动，第一时间成立调查组，坚持实事求是、客观公正原则，联合有关方面对事件涉及的肖某、董某莹及有关机构等进行认真调查核查，并及时通报了关于肖某引发舆情事件调查处置进展情况。 通报事实清晰、有理有据、令人信服，具有权威性和严肃性，体现了对医学人才培养、医疗质量安全、医德医风建设的高度重视，彰显了对医疗行业不正之风“零容忍”的鲜明态度。 有关部门以刀刃向内、刮骨疗毒的勇气，雷厉风行，坚决清除医疗行业的“毒瘤”，值得称赞。有关部门直面舆情“风口”，解开了公众的诸多疑问，进一步廓清了层层迷雾，让事件真相水落石出。事实证明，面对公共舆情事件，惟有坚持公开透明，不遮掩、不护短，才能赢得公众信任，重塑行业良好形象。 医学是一门关乎生命健康的学科，容不得半点弄虚作假。 医生，承担着救死扶伤的崇高使命，其职业道德水准常被寄予更高的期望。让优秀的人才学医从医，是对生命的尊重和敬畏。而 医生成长从来没有捷径，惟有经过千锤百炼，才能不负生命重托。医学院校是医学人才的摇篮，必须建立科学而严格的选拔培养制度， 打造一支医术精湛、医德高尚的医务人员队伍，为保障人民生命健康筑牢根基。 当前，我国人均预期寿命达到79岁，主要健康指标居于中高收入国家前列，这些成就凝结着广大卫生健康工作者的心血。医务人员是人民生命健康的守护者，也是推进健康中国建设的主力军。每当危急时刻，医务人员用生命守护生命，赢得了全社会的赞誉，这个群体是值得信任和尊重的。 当前，随着人民群众的健康需求日益增长， 如何进一步提高医疗质量、保障人民健康成为一道“必答题”。 国家卫生健康委在全国卫生健康系统组织开展医疗质量安全专项整治，既是对人民生命健康的负责，也是对广大医务人员的爱护。近日，国家卫生健康委等部门发布《医务人员职业道德准则（2025年版）》，要求进一步规范医务人员道德行为，弘扬崇高职业精神，践行社会主义核心价值观，引导医务人员明大德、遵医德、守公德、严私德。这是新时代加强医疗卫生行业行风建设、提升医务人员职业素养的关键举措，为推动卫生健康事业高质量发展、增进人民健康福祉提供了坚实保障。 “健康所系，性命相托”。 医疗质量安全关乎人民群众的健康权益和生命安全，是医疗行业的生命线。希望有关部门和机构以此为契机，举一反三，进一步加强医德医风建设和校风教风建设，大力弘扬敬佑生命、救死扶伤、甘于奉献、大爱无疆的职业精神，引导广大医务工作者恪守医德医风医道，成为人民生命健康的守护者，为中国式现代化夯实健康基础。 来源： 《人民日报》（2025年08月16日 第 04 版），原标题：《提高医疗质量 保障人民健康》，记者：白剑峰 本期编辑：刘杰、方梓祎 医学 容不得半点弄虚作假 ↓ ↓ ↓
今晨！普京和特朗普见了,https://mp.weixin.qq.com/s/3grAqcqiZ3YHASG_4FGX2w,2025-09-23,当地时间15日，美国总统特朗普和俄罗斯总统普京在美国阿拉斯加州安克雷奇市埃尔门多夫-理查森联合军事基地正式开始会晤。 据克里姆林宫最新消息，特朗普与普京在 阿 拉斯加安克雷奇 的小范围会谈已经结束。特朗普和普京在会晤开场未发表致辞。 据悉 ， 本次小范围会谈由 原计划的一对一会谈改为三对三会谈。 特朗普与国务卿鲁比奥和特使威特科夫一同出席，陪同普京与美国代表团会谈的俄罗斯官员包括俄外长拉夫罗夫和总统助理乌沙科夫。 这是自2021年6月以来俄美领导人首次面对面会晤， 也是自2015年9月以来俄总统首次踏上美国领土。 普京：俄美恢复合作“重要且必要” 当地时间15日下午，俄罗斯总统普京在同美国总统特朗普会晤后举行的联合记者会上说， 俄美关系实现翻篇并恢复合作“重要且必要”，希望与特朗普达成的谅解将为“乌克兰的和平铺平道路”。 普京说：“我有充分的理由相信，沿着这条道路前进，我们可以结束乌克兰冲突，而且越早越好。” 当天早些时候，普京和特朗普在美国阿拉斯加州安克雷奇市郊区的埃尔门多夫-理查森联合军事基地举行了近三小时的小范围会晤。 特朗普：“普特会”有进展但无协议 美国总统特朗普15日在与俄罗斯总统普京共同出席的联合记者会上称， 他与普京的会晤取得了一些进展，但尚未就“或许是最重要”的一个议题达成协议，后续仍有“非常好的机会”。 当天早些时候，特朗普和普京在美国阿拉斯加州安克雷奇市郊区的埃尔门多夫-理查森联合军事基地举行了近三小时的小范围会晤。对于双方在会晤中取得哪些进展，特朗普并没有具体说明。 特朗普和普京在联合记者会上没有回答记者提问。 来源：新华社、央视新闻 本期编辑：刘杰、方梓祎 觉得好看，请点这里 ↓ ↓ ↓
“妈妈，我能救她！”,https://mp.weixin.qq.com/s/uWfK8cEWLIy2jdke7SOhcA,2025-09-23,近日，辽宁沈阳一家餐厅里 一名女子在就餐时 不慎将食物吸入气管 瞬间变得呼吸困难 危急时刻，邻桌的小学生出手急救 帮女子转危为安 这位小学生名叫 胡紫涵 也被网友称作“冷静小孩姐” 女子被呛致无法呼吸 11岁女孩“教科书式”急救 公共场所视频显示 餐厅里一位正在用餐的女子突然起身 走到餐厅过道里 一边弯腰咳嗽 一边不停地向周围的人 做着手势寻求帮助 这位女子就是获救的 吴女士 吴女士事后回忆 当时她吃火锅感觉有点辣 于是喝了一口奶茶 可能是被珍珠或其他小料 呛到了 她又咽了一口气后 发现自己没有办法呼吸了 餐厅工作人员见状赶来 和女子的同行人员一同轻拍其背部 但于事无补 吴女士称 “当时我就想找一个人给我做急救 但没有人能知道我的意思” 就在大家束手无策时 邻桌一个小女孩 站了出来 她跟妈妈说 “妈妈，我会！我能救她！” 这个小女孩就是 11岁的 胡紫涵 胡紫涵说 女子一直在胸口部比画 应该是想问谁会急救帮助她 胡紫涵跟服务员们 说了两遍 “我会急救” 但在一群大人中间 并没人注意11岁的胡紫涵 胡紫涵 想到 红十字会老师告诉教过她 4分钟之内是“抢救黄金时间” 当时 胡紫涵决定立刻 冲出去 从身后环抱女子 女子也马上弯腰配合 胡紫涵立刻对其 进行急救 一次、二次、三次…… 胡紫涵 大概给吴女士做了五六下 吴女士就吐出来了一口气 窒息感已经没有之前那么强了 胡紫涵 又持续给做了半分钟左右 吴女士就可以呼吸了 获救的吴女士转过身 一把搂住胡紫涵 “我当时真的非常感谢这个小朋友 能勇敢站出来帮我” 现场也响起了掌声 “关键时刻只要会急救 真可以挽救生命” “在肚脐的上方大概两指 在软腹部位握一个空拳 用海姆立克急救法 气道异物梗阻的急救方法 向内、向上 对软腹部部分大力地冲击” 危急时刻 11岁的胡紫涵挺身而出 进行了一场“教科书式”的救援 这得益于她平时 对急救知识技能的认真学习 今年读小学六年级的胡紫涵 是辽宁省红十字会 应急救护培训基地 青少年宣讲团的一名志愿者 8月1日她正好学习了 气道异物梗阻的急救方法 也就是海姆立克急救法 这是胡紫涵学习急救知识后 第一次在实际生活中应用救人 胡紫涵说 “红十字会有一句话叫作 ‘人人学急救 急救为人人’ 在关键时刻，我们只要会急救 真可以挽救生命” 目睹了女儿救人全过程的 胡紫涵的妈妈说 那一瞬间她控制不住地夸女儿 “你太厉害了” “冷静小孩姐” 胡紫涵 好样的！ 来源： 央视新闻（记者：季熠非 张东航 王海容）、急诊夜鹰 本期编辑：刘杰、方梓祎 为胡紫涵点赞 ↓ ↓ ↓
男子吃了8颗，仅10分钟眼睛肿成“奥特曼”！医生提醒,https://mp.weixin.qq.com/s/Tzj2O_qrTQghb2qv1Itmsw,2025-09-23,近日 浙江温州一男子发布视频 记录自己食物过敏的经历 但这次过敏的食物有些特别 “吃了几颗蚕蛹过敏了 眼睛肿得像‘奥特曼’” 平日里爱好美食的张先生，带着猎奇的心态网购了一袋蚕蛹零食。8月9日， 他吃了两小包香酥蚕蛹， 然而没过多 久身体便出现过敏反应 ， “一共吃了8颗蚕蛹，5分钟后开始流眼泪打喷嚏，10分钟就成了肿眼包。” 张先生过敏前（左）后（右） “我吃海鲜、鸡蛋、牛奶都不过敏，没想到这一次吃蚕蛹过敏了！”张先生 赶紧服用抗过敏药物，第三天已完全康复。 之后，他还去医院检查了过敏原，发现自己属于 对异体蛋白过敏人群。 张先生的视频评论区 不少网友分享了类似过敏经历 吃了蚕蛹或知了猴以后 身体症状各不相同 ↓↓↓ 医生提醒：这些也属于 异体蛋白食物，需谨慎食用！ 四川成都市第五人民医院皮肤科主治医师曾芸 介绍， 蚕蛹、知了猴等昆虫属于 异体蛋白 ， 异体蛋白是人体以外的蛋白质成分，易引起过敏反应。 “饮食中常见的一些蛋白质，比如说蛋、奶，因为接触频率高，身体建立耐受后，免疫系统认定它是‘好朋友’，所以就不容易过敏。此外，蛋、奶的蛋白分子较小，容易被消化系统吸收，而 昆虫的蛋白分子量较大，结构比较复杂，消化系统难以完全分解，因此部分人群会产生过敏反应。 ” 除了蚕蛹、知了猴 野生黄鳝、甲鱼、小龙虾等 也属于异体蛋白食物 过敏人群需谨慎食用—— 浙江杭州余杭的李阿姨吃了响油鳝丝后，红疹遍布全身，继而出现过敏性休克，好在医护人员救治及时，最终脱险。 医生表示， 这是典型的 异体蛋白过敏 引发的过敏性休克。 野生黄鳝属于高蛋白食材，含有丰富的组氨酸，在某些个体中可能会被转化为组胺，从而引起过敏。 异体蛋白重度过敏或致命 一旦过敏这样做！ 轻度异体蛋白过敏 表现为 皮肤瘙痒、起皮疹、红斑，嘴唇、眼睛等部位肿胀。 中重度症状， 还会伴随 恶心、呕吐、腹痛、腹泻 等症状。 严重者 可能发生 过敏性休克、呼吸困难、喉咙水肿， 危及生命。 医生提醒，一旦出现过敏反应， 须立即停止食用诱发过敏的食品， 轻则可口服抗组胺药，如氯雷他定、西替利嗪缓解症状， 若症状严重，应当第一时间拨打120送医救治。 来源：光明网综合健康杭州等 本期编辑：刘杰、方梓祎 觉得好看，请点这里 ↓ ↓ ↓
来了！新闻早班车,https://mp.weixin.qq.com/s/Zw4dPK1veP9wf-uCXgjBlA,2025-09-23,点击这里，查看更多精彩内容 要闻 8 月 16 日出版的第 16 期《求是》杂志将发表中共中央总书记、国家主席、中央军委主席习近平的重要文章《促进民营经济健康发展、高质量发展》。 8 月 15 日是日本宣布无条件投降 80 周年的日子 ，各地 举行多种纪念活动，铭记历史、缅怀先烈，传承伟大抗战精神。 15日， 神 舟二十号航天员乘组圆满完成第三次出舱活动。 国家发改委 消息，我国 煤炭消费比重由 2020 年的 56.8% 下降到 2024 年的 53.2% ，非化石能源消费比重由 15.9% 提高到 19.8% 。 国家税务总局 发布最新数据， 2024 年 4 月至 2025 年 7 月 ，我国 日用家电、视听设备销售额同比分别增长 44.5% 和 22.8% ， 新能源车销量同比增长 81.7% 。 15 日起，国家认监委对移动电源、锂离子电池和电池组按照新的 3C 认证实施规则进行监管。 详情 15 日，我国在文昌航天发射场成功组织实施长征十号系列运载火箭系留点火试验，我国载人月球探测工程研制工作取得又一项重要阶段性突破。 15 日 ，日本民间团体在东京举行集会活动，呼吁日本政府反省侵略战争罪行。 社会 中央气象台发布强对流天气蓝色预警 ，今天山西东部、河北南部、天津北部、河南北部等地的部分地区将有 10 级以上雷暴大风。 铁路部门 优化学生旅客购票出行优惠措施 ，相关优惠车票预计将于 9 月 6 日开始发售。 详情 国家卫健委调查组通报关于肖某、董某莹事件调查处置及问责情况。 详情 15 日，黑龙江哈尔滨侵华日军第七三一部队罪证陈列馆公布一批侵华日军细菌战新罪证史料。 15 日，西藏定日 6.8 级地震灾后首批 2578 户约 1.2 万人搬入新居。所有受灾群众将于 10 月底前全部搬入新居。 《中流砥柱 —— 中国共产党抗日战争档案展》和《为了共同的事业 —— 从西班牙战场到中国抗日战场》两个专题展览 15 日起在中国共产党历史展览馆面向观众开放。 位于云南省腾冲市的滇西抗战纪念馆 15 日 恢复对公众开放 。 据 网络 数据，《浪浪山小妖怪》累计票房（含预售）破 8.079 亿元，成为中国影史二维动画电影票房冠军。 本年度最大下弦月将于16 日现身天宇。 16 日后半夜，公众可以观测到今年最大下弦月如反写的“ D ”形悬于夜空。 政策 海南发布通知，引进人才已享受各市县推出的专项购房补贴政策，可继续申领引进人才购房补贴。 贵州发 布行动方案，招引培育一批低空整机制造企业，支持产品已进 入适航取证阶段的低空整机制造企业在黔设立整机制造中心。 四川发 布中小学教师师德评价考核办法，师德评价考核 “ 不合格 ” 者，取消教师表彰资格和至少 24 个月职称评聘、岗位晋升、推优评先等方面的资格。 今日天气 东北地区中东部、华北大部、黄淮东部、内蒙古中部、陕西中南部、西南地区东部和南部、广西西部和南部沿海、广东西南部沿海和海南岛等地部分地区有中到大雨，其中，黑龙江东南部、吉林中部、辽宁东部和南部、陕西中部、山西中南部、河北中南部和东北部、天津北部和西南部、山东北部和东部、四川盆地西部和南部、广东南部沿海、广东西南部沿海等地部分地区有暴雨，局地大暴雨 。 早安中国 每个清晨，遇见大美中国。 广西南宁丘石花园，成千上万株千日粉热烈绽放，与蓝天白云相映成趣，美轮美奂。阳光洒下，花瓣仿佛会发光一般，温柔又治愈，随手一拍便能成为壁纸！丘石花园欢迎您 ！ 克服拖延最好的方法，就是把 “待会再说”换成“现在开始”。想，都是问题；做，才有答案。当你开始行动，就会发现生活正在一点点变好。早安！  本期编辑：李娜，实习生：陈皓迪、 孟媚、吴雨桐 ｜ 主播：蓝艳 觉得好看，请点这里 ↓ ↓ ↓
【夜读】做一个不扫兴的人,https://mp.weixin.qq.com/s/W0hLxYjx6Dao9osherxDlQ,2025-09-23,与人相处，需要恰到好处的成全 　　生活中，你是否经历过这样的时刻：满心欢喜地分享一件趣事，却被冷漠回应；兴致勃勃地提出一个计划，却被草草否定…… 　　有时，一个善意的赞许，就能给人莫大的信心和鼓励。相反的，一句漫不经心的“哦”，则可能像突然关上的门，把一份希望关在了外面。 　　与人相处，需要恰到好处的成全。一味地否定别人，并不会使自己变得更加出色；用一双欣赏的眼睛去看待他人，才会看到一个更加辽阔的世界，感受到生活中的美好。 不扫兴的人，是温暖的同行者 　　不扫兴的人，是这个世间温暖的同行者。他们不会吹灭你摇曳的烛火，而是轻轻用手为你挡风；他们不会嘲笑你心中的梦想，而是鼓励你前方一定有美丽的风景。 　　不扫兴的人，拥有宽广的胸怀和生活的智慧，默默地关怀着身边的人。 　　不扫兴的朋友，就像冬天旧棉衣口袋里，意外摸到的那个暖宝宝，不声不响地为我们暖手暖心。 你开心的时候，他们和你一起高兴；你难过的时候，他们会给你一个拥抱。你的高光时刻，他们为你鼓掌；你身处低谷，他们会给你鼓劲加油。 　　面对琐碎的日常，他们从来不会不耐烦，而是总能发现生活里的小美好。不扫兴的人， 就像一台缝纫机，把生活里的不开心缝补成美丽的花边。 让他人的欢喜，落地有声 　　每个人心里都住着一个“小孩”，当我们兴高采烈地分享时，那个“小孩”正捧着自己珍视的宝贝，充满期待地等着被认可。 　　表达认可不需要多么高超的语言技巧，而是需要一颗真诚的心。因为真正的不扫兴，不是生搬硬套的话语，而是发自内心的共情，是心口如一的夸奖，是对别人优点的肯定与认可。 　　这个世上最温暖的成全，莫过于让别人的欢喜，落地有声。愿我们都能做一个不扫兴的人，让生活中多一份欣赏，多一份美好。 来源：人民日报夜读综合夜听等 | 主播：赵文龙 本期编辑：石磊，实习生：甘雨欣 觉得好看，请点这里↓ ↓ ↓
明天起，查分！,https://mp.weixin.qq.com/s/WBolB_qBKTd6x8oC_HM8Zg,2025-09-23,　　2025年上半年全国大学英语四、六级考试（CET）成绩查询服务将于2025年8月16日开通，有关安排如下： 一、开通时间 　　2025年8月16日 上午6时 二、查询内容 　　2025年上半年CET全国大学英语四、六级考试成绩 三、查询方法 1.中国教育考试网 　　网址: http://cet.neea.edu.cn/cet 2.中国教育考试网微信小程序 　　使用微信APP扫描下方小程序码或搜索“中国教育考试网”小程序。 3.中国教育考试网支付宝小程序 　　使用支付宝APP扫描下方小程序码或搜索“中国教育考试网”小程序。 4.中国教育考试网百度小程序 　　使用百度APP扫描下方小程序码或搜索“中国教育考试网”小程序。 四、电子成绩报告单 　　8月17日15时起，考生可登录中国教育考试网（www.neea.edu.cn），免费查询、下载本次考试电子成绩报告单。 来源： 中国教育考试网 本期编辑：郑薛飞腾、王若彤 转发祝逢考必过！ ↓ ↓ ↓
口臭5年，查出胃癌前病变！身体的这些“信号”，别不当回事,https://mp.weixin.qq.com/s/lfvGxnvWxcUr5BYqNAIlDA,2025-09-23,近日 “28岁女子口臭5年查出胃癌前病变” 话题引发热议 一名女子体检时 查出幽门螺杆菌持续感染 胃镜结果显示为萎缩性胃炎伴肠化 已处于胃癌前病变状态 而她的父亲也曾因口臭 查出胃癌 目前正处于术后恢复的阶段 引发胃部疾病的幽门螺杆菌 究竟是什么？ 日常生活中如何避免被感染？ 一文了解 01 什么是幽门螺杆菌？ 　　幽门螺杆菌是一种寄生在人类消化道中的微需氧革兰氏阴性杆菌 ，它主要寄生在人类胃部，被认为是引起胃炎、胃溃疡和十二指肠溃疡的主要原因之一，与胃癌、胃黏膜相关淋巴组织淋巴瘤等疾病有密切关系， 70%的胃癌都和幽门螺杆菌有关， 因此，它被世界卫生组织列为1类生物致癌因子。 　　感染幽门螺杆菌后， 患者可能出现胃灼热、口臭、打嗝、胃痛、恶心、呕吐等症状，但仅有小部分人会出现症状。 02 哪些人需要查查幽门螺杆菌？ 1.有消化性溃疡病史的人 　　无论是否处于活动期，以及是否有并发症史，都应考虑进行幽门螺杆菌检测。 2.慢性胃炎患者 　　特别是那些处于活动期伴胃黏膜萎缩和糜烂的患者，以及有消化不良症状的慢性胃炎患者。 3.有胃癌或淋巴瘤等既往病史的人 　　由于幽门螺杆菌与胃癌等恶性肿瘤的发生密切相关，因此这些患者应定期进行幽门螺杆菌检测。 4.长期服用特定药物的人 　　如长期口服奥美拉唑或阿司匹林的患者，这些药物可能影响胃黏膜，增加幽门螺杆菌感染的风险。 5.合并其他血液等慢性病史的人 　　如不明原因的缺铁性贫血、特发性血小板减少性紫癜等，这些疾病可能与幽门螺杆菌感染有关。 6.卫生习惯不良的人 　　饭前便后不洗手，经常用手直接抓取食物，或没有做好口腔卫生，刷牙不积极，没有定期消毒餐具等，也都有可能会传播和感染幽门螺杆菌。 　　幽门螺杆菌通常采用 四联法 进行治疗，即一种质子泵抑制剂（抑酸药）、一种铋剂和两种抗生素。 常用抑酸药有奥美拉唑、雷贝拉唑、泮托拉唑 常用抗生素有青霉素、阿莫西林、左氧氟沙星、甲硝唑 常用铋剂有枸橼酸铋钾、果胶铋 　　目前 大剂量二联方案 指双倍剂量质子泵抑制剂（抑酸药）联合每日≥3g（分3次或以上给予）阿莫西林的方案，也被推荐。但注意这种二联方案抗生素只推荐阿莫西林，所以在应用阿莫西林前，要明确有无过敏史，排除药物禁忌后才可使用，并在首次用药的30分钟内监测不良反应。 03 养成良好习惯，避免感染 1.实行分餐制 　　实施分餐制，并使用公筷、公勺是预防幽门螺杆菌传播的有效手段，可以减少细菌通过唾液传播的机会，确保个人饮食卫生。 2.保持良好的个人卫生习惯 　　饭前、便后要用肥皂或洗手液彻底洗手，这样可以去除手上的细菌，减少感染的风险。 3.不要嘴对嘴给孩子喂食 　　通过把食物嚼碎、将奶嘴或勺子放到自己口中试温度等行为，家长会将口腔中的致病菌传播给孩子。 4.定期对餐具进行高温消毒 　　餐具的清洁和消毒也是预防幽门螺杆菌感染的重要环节。 定期对餐具进行高温消毒，可以有效杀灭细菌，确保餐具的卫生。 5.避免喝生水和吃生的食物 　　幽门螺杆菌可能在这些未经处理的食物和水中存活，通过饮食进入人体。 来源：健康时报、央视新闻 本期编辑：郑薛飞腾、王若彤 觉得好看，请点这里 ↓ ↓ ↓
火车学生票优惠新政，来了！,https://mp.weixin.qq.com/s/BFW7JZSf5Va9cBQYsJM1hw,2025-09-23,　　据中国铁路今天（15日）消息，继8月1日起全面实行学生旅客预约购票服务之后，进一步优化学生旅客购票出行优惠措施： 学生旅客每学年（10月1日至次年9月30日） 4次单程优惠票可随时使用，不再局限于寒暑假。 优惠区间 可根据家庭居住地至学校所在地调整设置。 优化调整后，院校所在地须与学信网信息一致，家庭居住地可根据实际变动情况设置， 修改次数不限，学生旅客可灵活安排行程。 动车组列车学生优惠票适用的席别范围 由“仅限二等座”调整为“包括二等座、一等座和动车组卧铺各席别” 。 普速旅客列车学生优惠票适用范围不变，仍为硬座、硬卧。 动车组列车学生优惠票计价规则调整为 按执行票价7.5折计算。 如某趟车次二等座的执行票价为公布票价的8折，学生优惠票将再打7.5折，相当于公布票价的6折。 在校学生已通过优惠资质核验的，出行时铁路部门将不再查验学生证；未通过优惠资质核验的，仍需携带学生证乘车。入学新生可凭录取通知书线上、线下购买学生优惠票出行。 　　相关优惠车票预计将于 9月6日开始发售， 学生旅客可通过铁路12306网站、客户端、微信等渠道查询，或关注各地铁路部门发布的动态信息。 来源：央视新闻、中国铁路 本期编辑：郑薛飞腾、王若彤 觉得好看，请点这里 ↓ ↓ ↓
肖某、董某莹事件，最新通报！,https://mp.weixin.qq.com/s/K3VMo_6cqu3PhuVmndtTpQ,2025-09-23,　　近期，国家卫生健康委员会联合教育部等有关部门对肖某董某莹事件涉及的相关单位、人员以及相关问题线索进行全面深入调查，在中央纪委国家监委驻国家卫生健康委员会、驻教育部纪检监察组参与指导下，北京市有关部门积极参加，通过谈话、调阅原始资料等方式，组织专家组对北京协和医学院“ 4+4 ”试点班项目进行评估，查明事实，对违规违纪违法等问题严肃追责问责。现将有关情况进一步通报如下。 一、 关于中日友好医院、北京协和医学院、北京协和医院、中国医学科学院肿瘤医院涉事人员调查情况和主要问题。 　　肖某违规违纪违法的主要问题，暴露出中日友好医院存在医疗质量安全管理、医德医风建设相关制度不健全、落实不到位问题，中日友好医院副院长（ 主持行政工作） 崔某，肖某所在胸外科主任梁某阳，以及护理部副主任、手术麻醉科护理单元护士长兼手术室护理单元护士长张某履行责任不力。 2019 年 4 月，北京协和医学院教务处马某在董某莹报名材料审核中，未辨别出其提供的北京科技大学成绩单（ 4 门课程共计 16 学分） 系伪造。 北京协和医院胸外科主治医师邴某兴在董某莹实习期间，私自安排董某莹在北京市第六医院“荧光腔镜精准肺段手术”中协助腔镜固定，并提供不实宣传素材。 董某莹的导师邱某兴指定北京协和医院骨科吴某、吴某宏负责董某莹科研训练和论文指导。董某莹 2021 年 2 月以“人工智能影像技术在脊柱畸形中的应用”进行开题报告， 2023 年 5 月以“跨模态图像融合技术在医疗影像分析中的研究”申请博士学位论文答辩，学位论文与开题报告不一致，题目变更未履行相关审批手续。吴某宏作为论文指导老师同时担任答辩委员会成员，违反了学校毕业论文答辩的有关规定。 北京协和医学院分管招生、教学等工作的副院校长张某履行管理责任不力。 北京协和医院骨科主任仉某国向中日友好医院脊柱外科主任移某打招呼，为董某莹调整住院医师规范化培训轮转计划提供便利。 北京协和医学院、北京协和医院、中国医学科学院肿瘤医院对学生和工作人员发表学术论文管理不严格。 董某莹在校学习和在中国医学科学院肿瘤医院工作期间，以第一作者发表的1篇学术论文（发表于Gastroenterology杂志的病例报道“Arare cause of peri- esophageal cystic lesion”与发表于《中华医学杂志》的病例报道《第551例吞咽困难-胸腔积液-后纵隔囊肿》）存在重复发表行为，论文通讯作者为北京协和医院内科学系吴某；以共同第一作者发表的3篇学术论文（2023年7月2日、2024年3月1日和3月3日发表于UroPrecision杂志的指南“Clinical practice guideline on bladder cancer Part I、Part II和PartIII”），并列第一作者为中国医学科学院肿瘤医院泌尿外科宋某，两人主要承担翻译工作，对指南内容没有实质性学术贡献，作者排序与其对论文的实际贡献不相符，属于不当署名，通讯作者为中国医学科学院肿瘤医院泌尿外科邢某增，存在对论文署名把关不严问题。 对北京协和医学院“ 4+4 ”试点班其他学生的入学资格情况进行核查，未发现存在违规情形； 网传两名学生为某院士孙女、个别学生以艺术特长生取得入学资格的信息不属实。 二、 关于董某莹成绩单造假、学位论文抄袭剽窃涉事人员调查情况和主要问题。 2019 年 1 月，北京科技大学班某娟（ 系董某莹姑姑，时任国际合作与交流处副处长） 通过李某宽（ 时任教务处注册中心主任） ，为董某莹伪造成绩单用于北京协和医学院“ 4+4 ”试点班报名资格申请提供便利。 2023 年初，班某娟安排其团队教师马某渊为董某莹撰写博士学位论文提供帮助，马某渊应董某莹要求，在其指导的某硕士研究生（ 已于 2023 年按期毕业并获硕士学位） 不知情的情况下，将该研究生学位论文过程稿发给董某莹，为董某莹抄袭剽窃提供便利，班某娟知情后默许。 三、有关责任人员和机构处理情况。 　　在已对肖某、董某莹调查处置的基础上，根据调查结果，依据《中国共产党纪律处分条例》《中国共产党问责条例》《中华人民共和国公职人员政务处分法》《事业单位工作人员处分规定》等有关规定，根据干部管理权限和处分批准权限，对有关责任人员和机构进行严肃追责问责，具体如下： 国家卫生健康委员会党组给予中日友好医院副院长（ 主持行政工作） 崔某诫勉； 给予北京协和医学院分管招生、教学等工作的副院校长张某党内严重警告处分。 中日友好医院党委给予胸外科主任梁某阳党内警告、记过处分；给予大外科护理单元副护士长兼胸外科护士长石某慧党内警告处分，免职处理；给予护理部副主任、手术麻醉科护理单元护士长兼手术室护理单元护士长张某警告处分；给予脊柱外科主任移某诫勉。 北京协和医学院党委给予教务处处长马某降低岗位等级处分，免职处理。北京协和医院党委给予骨科主任仉某国诫勉；给予胸外科主治医师邴某兴降低岗位等级处分；给予董某莹导师邱某兴批评教育（已退休，不再担任研究生指导教师），骨科吴某诫勉谈话并暂停研究生招生资格两年，骨科吴某宏诫勉谈话并暂停研究生招生资格一年；给予重复发表论文的通讯作者吴某科研诚信诫勉谈话。 中国医学科学院肿瘤医院党委给予不当署名论文的通讯作者邢某增科研诚信诫勉谈话、批评教育、责令检查； 给予不当署名论文的并列第一作者宋某科研诚信诫勉谈话。 北京科技大学党委给予班某娟留党察看一年、撤职处分，取消研究生指导教师资格，调离教师岗位；给予李某宽党内严重警告、记过处分，免职处理；给予马某渊党内严重警告、记过处分，暂停研究生招生资格两年；给予履行管理职责不力的时任教务处副处长宁某钧诫勉。 　　国家卫生健康委员会党组责令中日友好医院党委、北京协和医学院党委、北京协和医院党委，教育部党组责令北京科技大学党委，作出书面检查并切实整改。 四、   关于改进完善北京协和医学院“ 4+4 ”试点班项目。 　　北京协和医学院“ 4+4 ”试点班项目旨在探索推进医学教育改革，推动医学教育与多学科融合。针对北京协和医学院存在的试点方案不严密、管理不严格、落实不到位等问题，国家卫生健康委员会、教育部督促指导北京协和医学院进行深入整改。 “ 4+4 ”试点班项目要严格限定报考条件，严控报考者的本科毕业学校和专业范围，严格界定境外本科学校资质，本科阶段所修医学相关课程学分限定在本科就读大学获取，加强对成绩单的核验，强化对考生思想政治素质、职业价值观等方面的考核； 坚持立德树人，深入开展学生思想政治教育和学术诚信教育，严格临床实习管理； 强化导师监督考核评估机制； 严格学位论文质量要求和答辩管理，增加学位论文答辩后第二年再次查重管理，加强对学生学术诚信的核查； 严格住院医师规范化培训要求，对“ 4+4 ”试点班毕业生统一开展为期 3 年的住院医师规范化培训。 　　国家卫生健康委员会、教育部针对事件暴露出的相关单位管理不严不实、作风建设不扎实等问题，要驰而不息坚持全面从严治党，持续推进全面整治，进一步加强医德医风和校风教风建设，推进医疗质量安全专项整治，引导广大从业人员自觉践行崇高职业精神，更好为人民群众服务。 来源： 国家卫健委网站 本期编辑：郑薛飞腾、王若彤 觉得好看，请点这里 ↓ ↓ ↓
“下一站，受降！”,https://mp.weixin.qq.com/s/YbdJyN8PFjqg6ym0WJQ8VQ,2025-09-23,“下一站，受降！” 浙江杭州地铁6号线往桂花西路方向 一路坐到富阳客运中心的前一站 你会听到一个极富冲击力的站名 —— “受降站” 这不是一个简单的站名 它背后有一个让人难以忘 怀的事件 —— 80年前，侵浙日军投降仪式 在 杭州富阳县 长新乡宋殿村（现受降村） 举行 视频来源：美丽浙江/红色之江 1945年8月15日 日本宣布无条件投降 当时的富阳县长新乡宋殿村被指定作为 侵驻浙江地区日军投降的唯一地点 为纪念这一重大历史事件 富阳县长新乡被改名为受降乡 “受降”这一地名 几经变迁仍保留了下来 时至今日，当年的“受降厅”已扩建 成了抗日战争胜利浙江受降纪念馆 杭州地铁6号线直达这里 这一站被命名为“受降站” 地铁受降站出入 口 在“受降村”的群山之间 山坳中还有一座千人坑遗址 是当年日寇杀害我同胞的刑场和抛尸地 据统计， 抗日战争期间 仅宋殿村就有370余名村民惨死于此 留下了日军侵略中国、侵略浙江罪行的铁证 抗日战争胜利浙江受降纪念馆 陈列展出了近200幅历史照片 以及当年受降仪式现场的部分实物 重现了“侵略暴行”“不屈抗战” “接受投降”“审判战犯”等重要历史场景 80年前的今天 是亿万中国人民永远铭记的日子 这一天 日本电台播出了 裕仁天皇宣读的《终战诏书》 宣布无条件投降 抗日战争期间 3500多万 同胞伤亡 大半个中国 被日军践踏 930余座城市 被占 4200万难民 无家可归 中国人民 浴血奋战 14年 终于赢得了近代以来 中国抗击外敌入侵的第一次完全胜利 如今，在上海、南京、杭州、广州…… 许多接受日本投降的 城市 都有以“胜利”命名的路 从受降点到胜利路 一脉相承的是，那份百折不挠的必胜信念 山河重振，苦难已成为过去 但那段充满硝烟的历史 我们铭记在心，永不敢忘 勿忘历史，吾辈自强！ 来源： 央视新闻综合杭州发布、杭州日报、经济日报、湖北日报，海报：人民日报微博（制作： 林渊 时雪 赵德馨） 本期编辑：刘杰、林帆 铭记历史，吾辈自强！ ↓ ↓ ↓
微信聊天又有新功能！已有人用上了,https://mp.weixin.qq.com/s/cjP8R1wu_dM0o8j3zAmUlw,2025-09-23,8月14日，微信推出微信聊天引用部分文字功能。很多网友表示已经可以使用。 更新后，微信聊天可以引用朋友（或你本人）发的文字或部分文字，还能发表情包、照片、文字、语音做回复。 引用语音 引用图片、表情包 假如好友发来一堆文字只想引用某段精华，可手动选择引用部分文字，这样的引用就只露出你选择的部分文字。 引用部分文字 有网友表示，这功能让聊天精准多了，工作上引用需求细节不容易出错，生活里引用朋友的梗更有来有回。 你平时在微信上聊天时，会经常使用引用功能吗？你还希望微信推出什么新功能？来评论区聊聊吧。 来源： 羊城晚报、微信派 本期编辑：刘杰、林帆 转发周知！ ↓ ↓ ↓
守望绿水青山,https://mp.weixin.qq.com/s/dih2Bf2--3HwITugo3M4Pw,2025-09-23,
凉山“拄拐少年”考上大学，却没等到录取书……,https://mp.weixin.qq.com/s/F77msZFVMpb3lXhtDmRSHg,2025-09-23,那个在校园里总拄着拐杖的 少年 凌崇恩 终究还是没能等到 属于他的大学录取通知书 …… 凌崇恩拄着拐杖在学习 在今年高考中，这名四川凉山会理的残疾少年 以597分优异的成绩，被宁夏大学电气工程及其自动化专业录取。 然而，当这份承载着他所有憧憬的录取通知书送达时，这位不屈的少年已不幸离世。 近日，凌崇恩的老师写下一篇题为 《一封寄到天国的录取通知书》 的文章，悼念这位身残志坚的学生，感动了很多人。8月13日，记者多方采访获悉，凌崇恩因病不幸离世，家人、老师与同学们无不陷入深切的悲痛与惋惜之中。 凌崇恩的大学录取通知书 因脚部残疾与拐杖为伴 高考597分被宁夏大学录取 凌崇恩出生在凉山会理乡村，因脚部残疾，自幼与拐杖相伴，一步步走上求学的路。 升入中学后，他考入会理第一中学，继续在书本与课堂间追逐梦想。 今年2月27日，距离2025年高考仅剩100天，会理第一中学举行“百日誓师大会”，凌崇恩作为学生代表上台发言。尽管步履不便，但他的发言带着对未来的期望和拼搏，激励了很多同学。 凌崇恩作为学生代表在高三的百日誓师大会上发言 尽管身患残疾，凌崇恩对自己的要求从未有过丝毫松懈，学习成绩优异。 一名同学回忆，每次在学校见到凌崇恩，都觉得他超级有礼貌，而且学习特别努力，很多次遇到他下午不吃饭在学习，单科第一几乎每次都有他。 另一名同学介绍，有天中午，同学们都去打饭，看见凌崇恩拄着拐杖，一下一下地下楼，手里还拿着中午要看的书。“我真的好想接近他，帮他拿一下书，打一下饭，但是我害怕伤到他的自尊心。 他永远微笑着，很乐观的样子。 ” 该校一名老师表示，凌崇恩是会理第一中学的一名优秀学生。他身残志坚，通过自己刻苦的努力， 在今年高考中，他考出597分的好成绩，被宁夏大学电子与电气工程学院电气工程及其自动化专业录取。 还没等到录取通知书 他不幸因病离世 “听到崇恩离去的消息后，哭了几次。心里如压了一块巨大的石头，只要一想起崇恩杵着拐杖站在演讲台上的情景，想着他在教室学习，想着那封他没亲眼看到的大学录取通知书，心就痛，就忍不住流泪。” 8月10日，凌崇恩的一位老师以《一封寄到天国的录取通知书》为题发文悼念他，字里行间难掩痛惜之情。 该老师回忆，第一次见到凌崇恩，他右脚严重变形，不能着地，只能拄着两只拐杖前行。“我问他去干嘛，需不需要帮忙， 他抬头看我，眼睛很亮，说回寝室，不需要帮忙。那时候他刚上初一，背挺得很直。 ”初一年级演讲比赛，崇恩报了名，但讲得有点磕巴没选上。 凌崇恩（左二）初二时参加演讲比赛获得三等奖 初二时，凌崇恩参加会理市演讲比赛，主题为“科技托起梦想”。老师回忆，改完演讲稿没两天，他生病发烧了。“躺在床上还在背稿，嗓子哑得说不出话，就用手指在被子上划。等他病好回校，半期考试成绩仍是班里第一。演讲比赛那天，他穿了件洗得发白的校服，拐杖擦得锃亮。” 凌崇恩走上台时，聚光灯打在他身上，他深吸一口气，开始讲： “小时候，我的梦是能够如我的同龄人一样行走奔跑，妈妈含着眼泪告诉我‘不可能’。后来我的梦想是疼痛能少一点，不影响我读书……” 凌崇恩在演讲中说，他看到一则新闻：一名单脚跳行的女孩，医生用3D打印腿骨模型制定方案，最后能走路、骑车。这让他兴奋不已，觉得科技让自己的梦想不再遥远。 “我甚至能够想象18岁的我能够步履轻盈地散步，能够去任何我想去的地方， 甚至能 在篮球场上跳跃、投篮……” 老师回忆，凌崇恩的演讲最后拿了三等奖。大家都被他打动和感染。 “高中三年，我偶尔遇见他，还是拄着拐杖，背着沉甸甸的书包，见了我总笑着打招呼。在高三的百日誓师大会上，他还作为学生代表进行了发言。笑容灿烂，目光灼灼。高考结束后，我没问他的成绩，但我知道，他肯定很好！”该老师回忆，当再次得知凌崇恩的消息时，他已离世。 村干部证实他因病去世 老师与同学纷纷悼念 8月12日，凌崇恩老家的一名村民向记者证实了他去世的消息。这名村民与凌家相距仅1公里左右，据其介绍，凌崇恩自幼右脚残疾，从小依靠拐杖行走，学习也十分刻苦，学习成绩也很好。他因病去世，遗体已经火化，家人也非常痛心。   当地村干部向记者介绍，凌崇恩一个星期前因病去世。他离世后，其家人到村里开具了相关证明，因此减免了部分火化费用。 凌崇恩因病不幸离世，家人、老师与同学们无不陷入深切的悲痛与惋惜之中，纷纷悼念这个曾努力生活过的少年： “他没能等到录取通知书就离开了我们。 可他讲过的那些话，像种子一样落在了很多人心里。这大概就是崇恩留下的东西——不是奖状，不是成绩，而是那种‘慢慢来，总能’的劲儿……” “崇恩用短暂却炽热的生命，活成了一束光，不仅照亮了自己的路，更给无数人带来了力量。他用拼搏改写了‘残疾’的标签，用坚持诠释了生命的厚度，这样的灵魂永远值得铭记！” “那天，我和初中同学，高中班主任以及 同学们 去殡仪馆送走了他，让其他同学带着他的大学梦想去读大学吧。人走了，精神留在我们心中！” 凌崇恩 ， 一路走好！ 来源： 红星新闻，记者：江龙 本期编辑：刘杰、林帆 送别！ 一路走好！ ↓ ↓ ↓
女童调座椅致弟弟被挤压身亡，父母向车企索赔！法院判了,https://mp.weixin.qq.com/s/B4911IbvhLg-U5mPFepYMw,2025-09-23,当幼儿在乘坐机动车过程中遭遇意外，产品质量与监护责任的边界如何划分？8月14日， 上海市高级人民法院 公布了一起相关案例。 原告宗某、吴某系夫妻，育有女儿（5岁）、儿子（2岁7个月）。2023年5月1日，宗某驾驶一辆商务车，载吴某及两子女出行。11时许，因发现儿子在车内丧失意识伴全身青紫，家长遂将其送医院救治，但其经抢救无效死亡，死亡原因记载为缺氧缺血性脑病。 当日17时，宗某接受当地派出所询问时反映： 其子系被汽车座椅挤压窒息死亡。 当日10时左右，其开商务车带妻子及两个孩子到医院看病，妻子坐在第二排右侧，女儿坐在第二排左侧，儿子在第三排左侧座位玩手机。10时30分左右，宗某开到路口等红绿灯时， 妻子看到女儿将座位调得很低，转身发现座位压到了儿子的头， 儿子趴在座位下面，呼叫后儿子没有动静，宗某便停车检查，发现儿子已无呼吸，遂送医抢救。 此后两原告将某汽车公司诉至法院，认为案涉车辆座椅调节无自动感应回缩功能，压力过大，存在设计缺陷，且未设置明显警示标识，被告（车辆生产者）未尽警示义务，请求判令被告公开道歉并赔偿医疗费、死亡赔偿金、丧葬费、精神损害抚慰金等共计200万元。 被告辩称： 案涉车辆经国家强制认证，座椅调节为手动可控，符合国家标准；车辆《用户手册》已提示儿童安全座椅使用规范，无不合理危险。本案事故系原告未履行监护职责、未使用安全座椅、放任儿童自行操作所致。 法院查明以下事实： 案涉车辆为某汽车公司生产的小型普通客车，核定载客7人，2021年3月经检验合格出厂。车辆《用户手册》中有关于“警告、告诫和注意”的标注说明，并在“座椅与保护装置”中提及“为了降低伤害风险，车内必须安装儿童保护装置”“警告：如果未将儿童正确安置在儿童保护装置内，则儿童可能在碰撞事故中受到严重甚至致命的伤害。请按照儿童保护装置上的使用说明正确安置儿童”等内容。 最终，法院驳回原告宗某、吴某的诉讼请求。 来源： 上海高院 本期编辑：刘杰、林帆 觉得好看，请点这里 ↓ ↓ ↓
侵华日军731部队最新罪证公布！,https://mp.weixin.qq.com/s/mgXTG1JghTTMnUS12ANobw,2025-09-23,“ 让历史说话，用史实发言 ” 侵华日军第七三一部队细菌战新罪证史料公布   80年前的今天，日本宣布无条件投降。今天， 黑龙江哈尔滨侵华日军第七三一部队罪证陈列馆 公布一批侵华日军细菌战新罪证史料，涉及到日本侵华期间多个参与人体实验与细菌战机构的《身上申告书》《留守名簿》和相册、明信片、影像等。 本次公布的 新罪证史料总计 3010页，影像194分钟，照片312张，明信片12张，信件8张 ， 多为首次公开，具有极高的历史价值，进一步固化了侵华日军细菌战罪证链。 此次公布的罪证史料按照来源，主要有三部分构成： 第一部分是在日本官方搜集到的罪证史料。 包括侵华日军第七三一部队《身上申告书》、侵华日军第一六四四部队《留守名簿》、侵华日军第八六〇四部队《留守名簿》，以及日军哈尔滨第一陆军医院《身上申告书》。 七三一部队 《身上申告书》 是记录七三一部队队员以个人身份返回日本后所需填写个人信息登记表，属于核心档案。由 “个人”“军历”和“复员”三部分构成，共记录759人信息，其中哈尔滨本部52人，林口支部138人，牡丹江支部160人，孙吴支部130人，海拉尔支部156人，大连支部109人，以及日军牡丹江陆军病院等关联机构有14人。该档案重点记录了日本战败后七三一部队相关队员在中国与苏联的流转轨迹。从日文档案视角呈现了苏联对七三一部队队员的调查、惩处与审判过程，通过整理与研究，将有效提升七三一问题研究的客观性与准确性。 《留守名簿》是日本陆军的人事关系资料，属于部队人事档案范畴。是研究日本细菌战部队的核心资料，涵盖成员姓名、出生时间、原籍、编入时间、此前所属部队等内容。目前， 二战期间日本在海外设立的以上6支细菌战部队的《留守名簿》，已全部被侵华日军第七三一部队罪证陈列馆收藏，成为揭露日本侵华细菌战罪行，还原历史真相最有力的证据。 第二部分是赴日本 “跨国取证”采访的七三一部队队员长沼久夫、须永鬼久太的口述证言。其中须永鬼久太在其证言中讲述了“七三一部队的设施与环境”、“少年队的生活与管理”、“部队的工作与核心任务”、“部队人员与附属设施”及“战后情况与相关战后组织”等内容， 确认被实验者（“马路大”）是被宪兵队抓捕的间谍，用于研究实验。 长沼久夫在其证言中从个人视角还原了七三一部队的日常运作、人员构成、罪证销毁及相关历史细节。比如他曾经在七三一部队败退阶段，参与搬运浸泡在福尔马林中的标本至总部， 他曾经见过被称为“马路大”的关押者被栏杆包围，脚戴带圆球的镣铐，被带去参观解剖室，看到被切割的头盖骨等内容， 进一步从口述视角揭示了七三一部队人体实验罪行。 第三部分是在日本民间征集到的罪证史料。这部分史料类型多样，涵盖了日本陆军军医学校、侵华日军第十四防疫给水部等机构。本次公布的 《日本陆军军医学校第23期学生学习纪念相册》（1943年） 中有照片281张，记载了329名医学生信息， 在相册中可以看到有“X光”演习、“防疫给水教育运用演习”、病理解剖及防疫实习相关照片，同时还有大量军事训练的照片。 研究人员介绍， 这份相册再一次证明当时的日本军事与医学深度勾连，医学生被动员参加侵略战争，体现了日本军事医学的异化过程。 本次公布的新罪证史料呈现具有直接证据、罪证补充及内容完整的特点。 直接揭示了侵华日军第七三一部队的客观存在、整体形制、部队规模、人员构成等历史细节问题。呈现日本侵华细菌战部队犯罪体系，进一步证明了日本侵华细菌战部队在其建立和扩张过程中得到了日本政府、日本大本营、日本关东军、日本医学界的勾结与多方配合，充分证明了日本细菌战是自上而下有预谋、有组织的国家犯罪。从口述影像、文字档案、历史照片、罪证实物四方面进一步印证并固化侵华日军第七三一部队反人类暴行。 来源：人民日报客户端，记者：祝大伟 本期编辑：刘杰、林帆 历史不容否认！ ↓ ↓ ↓
他决定：立即辞职，赶往武汉,https://mp.weixin.qq.com/s/5etIJxRw-6SaYm_kc4CdSg,2025-09-23,“工作没了可以再找， 为了救人辞职，值得！ ” 8月13日 回到荆门沙洋家中的 80后厨师冯国栋 （化名） 这样说道 8月11日，在武汉某医院 造血干细胞采集室内 经过4个多小时的采集 冯国栋成功捐献 277毫升造血干细胞混悬液 他也成为荆门市第58例 湖北省第739例 全国第20784例 造血干细胞捐献者 辞职到武汉捐献造血干细胞 冯国栋是一名厨师 在沙洋一家小餐馆上班 妻子陈丽（化名） 在当地另一家餐馆做服务员 日子过得很温馨 今年5月 正在餐馆颠勺炒菜的冯国栋 收到造血干细胞配型成功的短信 “当时既紧张又激动， 感觉像中了生命彩票。” 冯国栋说 身为餐馆厨师的冯国栋 几乎每天都要忙到凌晨 为了配合配型复查和体检 他硬是挤出所有空闲时间 一次次往返于医院和餐馆之间 前期检查结束 接下来就要到武汉进行捐献 前后需要7天 现在正值消费旺季 冯国栋工作的餐馆 仅有一名厨师 他不上班意味着餐馆就得停业 当得知患者的病情刻不容缓时 冯国栋选择立即捐献救人 为了不让老板为难 他毅然选择辞职 请老板再找厨师 “工作可以再找， 钱可以再挣，救人最要紧。” 冯国栋坦然地说 8月6日 冯国栋来到武汉 开始新一轮的体检 对于丈夫辞职捐献造血干细胞 妻子陈丽也很支持 8月11日，采集当天 她也请假一天 到武汉陪伴丈夫 11日上午，在采集室内 鲜红的血液 在血细胞分离机中缓缓流动 4个多小时后 277毫升造血干细胞混悬液 采集完成 它将带着这份善意 奔赴遥远的移植医院 “希望这些‘生命种子’能快点抵达， 让远方的陌生人早日康复。” 冯国栋说 夫妻俩共同献血20多年 这份善举的背后 是冯国栋与妻子陈丽 几十年如一日 共同奉献人间大爱的 默契和坚守 2004年11月 年轻的冯国栋第一次踏上献血车 这个看似偶然的决定 开启了他连续21年的热血征程 目前，他累计捐献12800毫升 相当于全身血液更换3次 妻子陈丽的献血之举 始于2006年 这位看似柔弱的女性 已累计献血45次 共17400毫升 20多年来 这对平凡的夫妻累计献血78次 总量达30200毫升 相当于6个成年人的全身血量 用最朴实的行动诠释了人间大爱 “婚前只知道彼此心善， 婚后才发现 我们都在默默做同一件事。” 陈丽笑着说 这份不谋而合的善意 成了他们婚姻里 最珍贵的“共同语言” 2017年 陈丽在献血时 了解到造血干细胞捐献的意义 当即登记加入中华骨髓库 “当时就想，多一份样本， 患者就多一线生机。” 陈丽抚摸着泛黄的献血证说道 多年来，她先后3次 与患者初步配型成功 虽因种种原因未能最终捐献 但她始终保持着 手机24小时畅通的习惯 2022年生日当天 冯国栋在完成第29次献血后 也郑重签署了 造血干细胞捐献同意书 为冯国栋、陈丽夫妻，点赞！ 来源： 湖北日报（记者：祝华，通讯员：张超 张克龙 朱秀晖）、湖北日报客户端沙洋频道 本期编辑：刘杰、林帆 觉得好看，请点这里 ↓ ↓ ↓
将内部工作PPT外包第三方制作，一地被通报！,https://mp.weixin.qq.com/s/FE7swiIWwa5aZK4Pyj9Qyg,2025-09-23,日前，上海市委层面整治形式主义为基层减负专项工作机制办公室会同上海市纪委办公厅对3起整治形式主义为基层减负典型问题进行通报。具体如下： 1.宝山区委组织部强制要求基层单位制作视频。 2025年5月，宝山区委组织部开展微视频展播活动，下发通知要求各街镇、园区、大口委办局党（工）委每家单位至少上报3部微视频，造成有的单位不得不想办法动员基层上报，有的找第三方机构进行制作，增加了基层不必要负担。 2.闵行区虹桥镇将内部工作PPT外包第三方制作。 2020年12月、2021年6月，闵行区虹桥镇先后组织为辖区内企业和干部开展讲党课活动，在准备讲课材料过程中，该镇将课件PPT委托第三方公司制作，未严格执行厉行节约反对浪费的有关规定。 3.市绿化市容局考评工作成效过于注重汇报展示形式。 2018-2021年，市绿化市容局在局系统示范党支部创建评选工作方案中，要求以PPT辅助汇报等形式进行展示，考核导向出现偏差，增加了基层不合理负担。 以上问题暴露出，有的部门不顾基层实际需求，以完成任务指标为导向，要求下级单位制作视频，增加基层负担；有的地方将用于内部活动的PPT制作项目外包给第三方机构，且使用率不高，铺张浪费，“过紧日子”的要求执行不到位；有的部门在设定考核内容时，导向出现偏差，将PPT汇报形式的好坏作为考核评价依据之一，助长华而不实的工作作风。 通报指出，各区各部门要认真对照《党政机关厉行节约反对浪费条例》《整治形式主义为基层减负若干规定》和上海市《关于全面规范本市党政机关和事业单位购买服务工作的通知》等有关要求，坚决纠治公务政务活动中强制要求制作PPT、视频等加重基层负担行为，力戒形式主义、厉行节约反对浪费，大力营造谋实事、务实功、求实效的良好氛围。 来源： 廉洁上海 本期编辑：刘杰、林帆 力戒形式主义！ ↓ ↓ ↓
80年前的今天，日本无条件投降！,https://mp.weixin.qq.com/s/UeCAT0E-DytbK9OJaeOHzg,2025-09-23,80年前的今天 重庆一家照相馆里 一位父亲正抱着儿子拍照 他特地让8岁的儿子将一份 《大公报》号外叠好拿在胸前 并叮嘱儿子要特意将大标题对着镜头 那张《大公报》号外大标题正是： 《日本投降矣！》 1945年8月15日 日本宣布无条件投降 《大公报》 使用了 前所未有的超大字号 发布这力透纸背的5个字 号外一经发出 就被民众抢购一空 人们奔走相告，万人空巷 80年前 得知日本投降的亲历者 是什么样的心情？ 这是一个等待了太久 为之奋战太久的消息 这一天 全国各地沸腾了 在延安 诗人萧三以《延安狂欢夜》记录这一天 “我还守着一盏残灯 山沟里死一般地寂静 忽然山上山下，人声异常嘈杂 又听锣鼓喧天 有人甚至乱敲铜盆 有的用力吹喇叭 整个延安起了骚动 男女老少涌出窑洞 …… 人似潮水流向街头，旗帜招展在星空 人们舞火炬，扭秧歌，喊口号 人们只是叫，只是跳，只是笑 ” 在蜂拥来去的人群中 有一位拄着拐杖的荣誉军人 他是在平型关大捷中光荣负伤的 他激动地说： “我的血没有白流！” 人群中一个卖水果的商贩 情不自禁地跳了起来 把筐中的水果抛向空中 大声喊道： “不要钱的胜利果，请大家自由吃呀！” 人们报以热烈的掌声 延安各界两万余人集会于延安南门外广场，举行庆祝抗战胜利大会。   在重庆 整个城市像是“沸腾的开水锅” 当地一家报纸记录下这一刻： “磁器口一露宿的瞎眼叫花 闻得鞭炮声，忙问啥事 知是日本投降的消息后 他便抛去破碗、竹杖作疯狂地吼叫 乱吼乱跳一阵 附近水果摊被他踩翻好几处 要是在平时，叫花真是凶多吉少 但是摊贩不仅不发怒 反去抱着叫花喊：‘安逸！’ ” 日本无条件投降后，重庆街头狂欢的民众。图：重庆日报 在昆明 西南联大教授闻一多 曾经发誓 抗战一日不胜利，就一日不剃须 得知日本投降的消息后 他立马去剃了胡须 留下了这张为人熟知的照片 闻一多获悉日本投降后，立即兑现诺言，剃去长须。 闻立雕供图 在上海 著名作曲家陈歌辛得知消息后 心潮澎湃 创作了歌曲《恭喜恭喜》 “皓皓冰雪溶解 眼看梅花吐蕊 漫漫长夜过去 听到一声鸡啼 恭喜恭喜恭喜你呀” 陈歌辛为自己署名 “庆余” 很多人不知道 现在这首总在春节播放的歌曲 写下的时候 恭喜的不是新年来到 而是“庆祝劫后余生” 恭喜赢得胜利 80年前的这一天 不只有欢笑 还有泪水 为了这场胜利 中国人民付出了巨大的牺牲 1945年8月15日 邓玉芬在亲人的坟前哭了 家住今属北京密云的 邓玉芬 家境贫寒 和丈夫 含辛茹苦地拉扯起7个儿子 1933年， 邓玉芬的家乡 被日本侵略者占领 划入伪“满洲国” 侵略者强迫百姓忘记自己是中国人 邓玉芬对孩子们说： “记住，咱是中国人 到死也不能忘了祖宗！” 邓玉芬 1940年 八路军来到密云猪头岭 邓玉芬第一次听八路军宣讲抗日道理 懂得了只有穷苦人都行动起来 拿起枪杆，才能救国救己 她和丈夫商量： “抗日是咱自己的事 把儿子叫回来打鬼子去吧！” 邓玉芬的大儿永全 二儿永水成为游击队战士 后来， 三儿永兴 不堪忍受财主的欺压跑回家来 邓玉芬又送三儿参加了白河游击队 三个儿子随游击队到外地作战 邓玉芬托人捎去话： “别惦记家，安心打鬼子” 儿子在外抗战 邓玉芬在家为八路军 烧水做饭、缝补衣服 为伤员喂汤喂水、精心照顾 把粮食省下来，自己以野菜充饥 每当伤病员痊愈离开 她都像送儿子出征一样 拉着手送出老远 邓玉芬帮助隐藏伤病员的山洞 1942年，噩耗传来 丈夫任宗武和五儿永安被日军杀害 四儿永合被抓走 邓玉芬闻讯几次晕厥过去 她对两个小儿子说： “姓任的杀不绝，咱和鬼子拼到底！” 1942年秋 大儿永全在战斗中壮烈牺牲 1943年夏 四儿永合惨死在鞍山监狱 1943年秋 二儿永水在战斗中负伤回家休养 因伤情恶化死在家里 1944年春 日军进行疯狂“扫荡” 小六儿跑丢了 邓玉芬背着7岁的小七 躲进一个隐蔽山洞 为了掩护藏在附近的乡亲和干部们 她眼睁睁地看着幼子 连病带饿死在怀里 她再也承受不住这巨大的打击 当即昏过去 醒来时乡亲们告诉她 敌人撤走了 小七埋在山坡上 邓玉芬扑倒在孩子的小坟上 失声痛哭 泪水一滴滴渗入坟土…… 舞剧《邓玉芬》 失去六位亲人 邓玉芬告诉自己 要坚强地活下去 她要亲眼看到胜利的那一天 1945年8月15日这一天 邓玉芬眼噙泪花 告慰九泉之下的亲人 咱们胜利了！ 英雄母亲邓玉芬的塑像和她使用过的炊具。饶强/摄 还有人下定决心 让日军罪证重见天日 1937年1 2月13日 日军侵占南京 进行了惨绝人寰的南京大屠杀 15岁的 罗瑾 躲进南京安全区 逃过一劫 罗瑾 1938年初 罗瑾到“华东照相馆”当学徒工 在为一个日军军官 冲洗两卷“樱花牌”胶卷时 发现其中有多张 日军砍杀中国军民 侮辱中国妇女的照片 罗瑾气愤不已，他加洗了一套 作为日军的罪证保存起来 后来，他选出16张 装订成一本小相册 他在相册封面上 画了两颗滴着血的心 和一把刺向心脏的匕首 旁边写了一个大大的“耻”字 1940年，迫于生计 罗瑾被招募到汪伪某集训队 学习电讯技术 他偷偷地将相册转移到 集训队驻地 毗卢寺 1941年的一天 日伪突然展开搜查 罗瑾赶紧将相册藏到 毗卢寺后院茅厕的墙洞内 后来，当他准备把相册转移时 发现相册不翼而飞 为了安全起见，他立刻逃离南京 其实，相册没丢 同在 集训队的 吴旋 意外在茅厕发现了这本相册 看到里面的内容后 他 赶紧将相册揣进口袋里 后又在夜里 藏到大殿内佛像的底座下 罗瑾、吴旋冒死保存的16张日军拍摄的暴行照片 1941年秋，吴旋趁着夜色 将相册从佛像底座下取出 塞在小皮箱的底层 并冒着生命危险保存相片 直到1945年8月15日 日本人投降了 他才松了一口气 1946年，吴旋听闻 即将对日本战犯进行审判 他将保存了数年之久的 16张南京大屠杀罪证照片呈交 吴旋呈文 这16张照片 作为“京字第一号证据” 在对南京大屠杀案主犯 谷寿夫的审判中发挥了重要作用 1947年4月26日上午，法庭将被告谷寿夫验明正身，押赴雨花台，依法枪决。 80年了 故事还在继续 我们从未忘记 1970年，邓玉芬因病逝世 享年79岁 临终前，她嘱咐亲人： “把我埋在大路边 我要看着孩子们回来” 在邓玉芬生活过的村子里 当地政府修建了 “英雄母亲邓玉芬”主题雕塑 和英雄母亲主题广场 英雄母亲邓玉芬伫立在山岩上 左手握布鞋，右臂挎针线筐 她眺望着远方 迎接亲人和战士们胜利归来 后来， 罗瑾定居 福建大田县 重操旧业，开了一家照相馆 1995年6月10日 罗瑾与吴旋时隔半个多世纪后 在南京重逢 已过古稀之年的罗瑾与吴旋 一同参观 侵华日军南京大屠杀遇难同胞纪念馆 两人还前往毗卢寺 指认当年藏照片的茅厕所在地 1998年，吴旋在南京去世 2005年，罗瑾在上海病逝 罗瑾（左）、吴旋（右） 今年，以他们为原型拍摄的电影 《南京照相馆》上映 80年了 我们为什么要记住这一天？ 为了那些 没能活着看到这一天的人 为了那些 甘愿赴死只为更多人 能活着看到这一天的人 为了那些 送了一个又一个 儿子上战场 又失去一个又一个儿子的母亲 为了那些 在战火中流离失所、饱受欺辱 却仍以勇气和信念 坚持到这一天的人 为了伤亡的3500多万同胞 为了那些 用血肉之躯 筑起新的长城的人 他们付出如此巨大的牺牲 所期盼的不过是 我们今日的幸福生 活 正义必胜 和平必胜 人民必胜 铭记历史 吾辈自强 来源：人民日报微信（作者：李娜），资料来源：人民日报客户端（记者：贺勇）、 《亲历者说：中国抗战编年纪事》、解放军报、重庆日报、CCTV国家记忆、 侵华日军南京大屠杀遇难同胞纪念馆、生态密云等 本期编辑：李娜 实习生：洪舒云 铭记历史，吾辈自强 ↓ ↓ ↓
来了！新闻早班车,https://mp.weixin.qq.com/s/3rrCuJMCCh7jLUrDOgg3pw,2025-09-23,点击这里，查看更多精彩内容 要闻 《国务院关于修改〈中华人民共和国外国人入境出境管理条例〉的决定》 公布，自 2025 年 10 月 1 日起施行。 最高法、最高检等 12 部门联合印发《关于加强执法司法工作协同 服务保障长江流域生态环境保护和高质量发展的意见》。 中央财政支持地方从 2025 年春季学期起，将义务教育阶段特殊教育学校和随班就读残疾学生生均公用经费补助标准，由每生每年 6000 元提高至 7000 元。 截至6月底， 我国5G基站总数达到455万个，千兆宽带用户达2.26亿户，算力总规模位居全球第二。 今年前 7 个月，我国邮政 行业寄递业务量累计完成 1223 亿件，同比增长 16.2% 。其中 ， 快递业务量累计完成 1120.5 亿件，同比增长 18.7% 。 今年前 7 个月，我国区域外 贸持续向好。其中，长三角地区进出口 9.59 万亿元，同比增长 5.4% ，占同期全国进出口总值的 37.3% 。 根据计划安排，神舟二十号航天员乘组将于近日择机实施第三次出舱活动。 目前，成都世运会已完成超过三分之二的比赛项目。截至 14 日 18 时，中国体育代表团以 22 金 6 银 4 铜的成绩位列金牌榜第一位。 社会 中央气象台发布暴雨橙色预警 ，今天湖南南部、广西中北部和南部沿海、广东西南部等地部分地区有大暴雨，广西东北部等地局地特大暴雨。 北京 市委决定，追授在防汛救灾中不幸牺牲的尹春燕、蔡永章同志 “ 北京市优秀共产党员 ” 称号。 市场监管总局通报上半年全国食品安全监督抽检情况，上半年全国完成食品安全监督抽检 263.9 万批次，总体不合格率为 2.61% ，较上年同期下降 0.17 个百分点 。 中国航空运输协会 发布 航空客运自律公约 ，明确将对航空销售网络平台加强监管，严禁违规捆绑销售、价外加价。 因冒充官方账号、编撰军事谣言等，一批违法违规涉军自媒体账号被处置。 详情 14 日， 湘潭大学宿舍投毒案被告人周立人二审 被判处死刑。 我国科学家 研制出能量密度突破 600 瓦时 / 公斤的软包电芯及 480 瓦时 / 公斤的模组电池，较现有商用锂电池能量密度和续航能力提升 2-3 倍。 2025 年上半年全国大学英语四、六级考试（ CET ）成绩查询服务将于 16 日开通 。 14 日 ， 在 2025 国际篮联男篮亚洲杯 1/4 决赛上 ， 中国队战胜韩国队晋级四强 。这是 中国 男篮 时隔 10 年再次打进 亚洲杯 四强 。 16 日午夜之前、月出之后，年度最大下弦月将斜着穿过昴星团 （ 又称 “ 七姐妹星团 ” ） ，并遮蔽昴星团中的若干恒星 。如果天气晴好，东部地区感兴趣的公众可借助双筒望远镜进行观测 。 政策 上海印发碳市场全面深化改革行动方案 ，自 2026 年起，石化化工等高载能行业、数据中心的纳管门槛降至年排放 1 万吨二氧化碳当量。 河北发布 2025 年第二号总河湖长令，到 2030 年，新建 100 条（个）以上幸福河湖、 1000 余公里滨水休闲岸带。 江西调整普通高校招生体育类专业统一考试足篮球项目测试办法， 2028 年开始，体育统考考试时间将安排在上一年 11 月。 今日天气 湖南西部和南部、贵州、重庆东南部、广东中西部、广西等地部分地区有大到暴雨，其中，湖南南部、广西中北部和南部沿海、广东西南部等地部分地区有大暴雨，广西东北部等地局地特大暴雨。此外，内蒙古中部、北京东北部、天津北部、黑龙江南部、山东中北部、河南北部、湖北西南部等地有分散性大雨或暴雨。 早安中国 每个清晨，遇见大美中国。 今天是全国生态日，2005年的这一天，时任浙江省委书记的习近平同志在安吉县余村考察，提出“绿水青山就是金山银山”的“两山”理念，引领之江大地发生绿色蝶变。在新时代实践中，这一重要理念升华为新发展理念的重要内容，彰显中国式现代化的鲜明特点，指引美丽中国建设不断迈出新步伐，为全球可持续发展提供宝贵范例。 今天起， 做一个内心有光的人 。 自信自强，保持热爱，以积极的人生态度，义无反顾地追寻梦想。心里有光，不仅能照亮自己，也能照亮别人。 新的一天， 早安！ 本期编辑：李娜、冯昌泰，实习生：洪舒云、陈羽新｜主播：蓝艳 觉得好看，请点这里 ↓ ↓ ↓
【夜读】有一种内耗，叫过度准备,https://mp.weixin.qq.com/s/je7He459puOlsHsOYVNN1Q,2025-09-23,可以准备 但不要过度准备 　　你是 否 也有这样的经历： 决定健身，却想等做完健身计划、买完一系列运动装备再开始 ； 想看一本书，必须要有一天的空余时间、安静的环境，才能开始看 ...... 拖着拖着，就没有了当初的“心气儿”，最后干脆放弃。 　　想做一件事， 总要等自己觉得准备万全、万无一失了再去做 ，这是很多人都陷入的“过度准备”状态 。“ 过度准备”就像伪装忙碌的“假动作”，我们以为做好充足的准备，进度就到了 99% ，离成功只差一步，实际上这只是一种虚假的满足感，只要还没开始行动，进度就永远停滞 在 0%。 　　有备无患的想法确实没错，可是没有人能做到准备得百分百充分。长期的“过度准备”只会阻碍我们的行动，导致很多事情半途而废， 让自己 越来越不自信 。 过度追求完美 容易让人倍感 压力 　　“过度准备”，往往源于对 “不完美”的恐惧。生活中，有些人总想着 “准备好了再开始” ， 等所有条件都成熟，等自己足够优秀再去做，结果一等再等，把原本可以着手的事拖成了遗憾。 　　可是， 生活 本就 充满不确定性， 做一件事的 “完美时刻”或许并不存在。无论我们准备得多么细致，也无法完全预测未来会发生什么，将遇到哪些挑战。 　　所有的完美都建立在完成之上 ， 没有谁能一开始就做到无懈可击 。 与其一开始就因为追求完美而给自己极大的心理压力，不如 先行动起来， 在过程中不断调整完善。 　　哪怕现有的成果并不完美，也允许自己在试错中进步、成长。先完成，再完美；先出发，再慢慢调整方向。 三个方法 帮你克服过度准备 　　想要克服“过度准备”，以下三个方法，你可以试试： 　　1. 先行动，再准备 　　打破“过度准备”的内耗，不妨试着 先行动、再准备 。先迈出第一步， 在实践中不断摸索什么是我们需要的，然后再根据实际需要去做准备。 想要养成 跑步 习惯 ，不必等买 了 专业跑鞋、规划好完美路线才开始，穿上普通运动鞋 先 下楼跑起来 ，再慢慢调整为更合适的路线和装备。   　　2. 减少对困难的预设 　　在事情开始之前，我们可以转换一下思路，只要方向是正确的，就不要一直想 “ 这件事有多难 ” ，而是想 “先 试试再说 ” 。 　　很多时候，当我们真正投入事情本身时才会发现，那些困难只是被我们放大了。实际去做的时候就会发现，它并没有我们想象中的那么难。   　　3. 适当 放低 期待   　　行动开始之前，适当放低期待并不意味着消极面对，而是不让自己陷入对“完美”的追求。试着调整心态， 允许自己做得不那么完美， 让自己平和、从容地应对未知，慢慢改善。   　　卸下对结果 的执念，反而 更容易 把注意力放在 当下的行动 上。轻装上阵，反而可能在不经意间收获惊喜。 种一棵树 最好的时间是十年前 其次是现在 如果你心中有想做的事情 看准了就大胆去尝试 任何时候都不晚 ! 来源：人民日报夜读，综合壹心理、央视新闻等 |  主播：赵文龙 本期编辑：王若彤，实习生：甘雨欣、余典 觉得好看，请点这里↓ ↓ ↓
҈ 大 ҈ 暴 ҈ 雨 ҈ 、 ҈ 特 ҈ 大 ҈ 暴 ҈ 雨 ҈ 要来了！,https://mp.weixin.qq.com/s/iKVlfBDHRvaF9lE6mD4aug,2025-09-23,中央气象台8月14日18时继续发布 暴雨橙色预警 ： 预计，8月14日20时至15日20时，湖南西部和南部、贵州、重庆东南部、广东中西部、广西等地部分地区有大到暴雨，其中，湖南南部、广西中北部和南部沿海、广东西南部等地部分地区有大暴雨，广西东北部等地局地特大暴雨（250～260毫米）。 此外，内蒙古中部、北京东北部、天津北部、黑龙江南部、山东中北部、河南北部、湖北西南部等地有分散性大雨或暴雨。上述部分地区伴有短时强降水（最大小时降雨量20～50毫米，局地可超过70毫米），局地有雷暴大风或冰雹等强对流天气。 防御指南： 1、政府及相关部门按照职责做好防暴雨应急工作； 2、切断有危险的室外电源，暂停户外作业； 3、处于危险地带的单位应当停课、停业，采取专门措施保护已到校学生、幼儿和其他上班人员的安全； 4、做好城市、农田的排涝，注意防范可能引发的山洪、滑坡、泥石流等灾害。 中央气象台8月14日18时发布 强对流天气蓝色预警 ： 预计8月14日20时至15日20时，内蒙古中东部、东北地区西部、华北西北部和南部、河南北部、山东北部、重庆东南部、湖北南部、贵州东北部、湖南西北部、华南北部等地的部分地区将有8级以上雷暴大风或冰雹天气，其中，黑龙江西南部、吉林西部等地的部分地区将有10级以上雷暴大风，最大风力可达11级以上。 内蒙古中东部、东北地区中西部、华北中东部和南部、陕西南部、华中北部和西部、山东北部、西南地区中东部、华南等地的部分地区将有小时雨量大于20毫米的短时强降水天气，其中，黑龙江西南部、吉林西部、河北南部、山东西北部、河南北部、重庆东南部、湖南西北部、贵州南部、广西北部和南部、广东南部等地的部分地区小时雨量大于50毫米，最大可达70毫米以上。 防御指南： 1.政府及相关部门按照职责做好防短时暴雨、防雷、防大风准备工作，气象部门做好人工防雹作业准备； 2.户外行人和工作人员减少户外活动，注意远离棚架广告牌等搭建物； 3.驱赶家禽、牲畜进入有顶蓬的场所，关好门窗加固棚舍； 4.相关水域水上作业和过往船舶采取回港规避或者绕道航行等积极应对措施，工地注意遮盖建筑物资，妥善安置易受暴雨、风雹影响的室外物品； 5.检查城市、农田、鱼塘排水系统，做好排涝准备和对山洪、滑坡、泥石流等灾害的防御准备。 来源：中国天气网 本期编辑：胡程远、郑薛飞腾 转扩！注意防范！ ↓ ↓ ↓
这些面包真的不建议多吃，理由都在这里了,https://mp.weixin.qq.com/s/PPI0qIkwQnSAPMkxbcgOUQ,2025-09-23,　　面包是很多人的早餐必备，方便食用、节约时间，而且经济实惠。并且，对于很多“面包控”来说，每天1个面包更是“解馋”良方。不过，面包你真的吃对了吗？ 01 面包和馒头谁更营养？ 　　基于原料的不同，虽然面包和馒头都是富含碳水化合物的主食，但它们在营养上存在较多的差异。 从营养上来看， 馒头的热量、脂肪、盐的含量都比面包低，面包的优势在于蛋白质含量普遍会比馒头高 。 02 面包“吃错了”有哪些危害？ 1.不利于控制血糖 　　警惕：蜂蜜小面包、带馅面包 　　这类面包大多都属于高GI食物，配料中往往还含有较多的添加糖。常吃它们不仅会增加患龋齿的风险，也不利于血糖的控制。 2.诱发心血管疾病 　　警惕：手撕包、可颂牛角面包、椰蓉面包、巧克力馅面包 　　这类面包大多都含有较高的脂肪， 并且，其中含有的脂肪还包括饱和脂肪酸或反式脂肪酸。黄油、椰蓉通常是饱和脂肪酸的贡献者；起酥油、人造奶油、人造黄油、代可可脂巧克力酱，不仅是饱和脂肪酸的贡献者，还可能含有反式脂肪酸。 　　经常吃它们 会增加患心血管疾病的风险，也会促进身体炎症反应的发生 。 3.不利于控血压 　　警惕：肉松面包、芝士面包、面包+火腿肠 　　肉松和芝士大多盐含量不低。面包中本来也会含有一部分盐，普通面包的钠含量一般为300mg/100g左右，若是再加了较多的肉松和芝士，钠含量会增加不少。经常吃这种面包，全天盐摄入量容易超标。 　　高盐饮食对控血压可不友好，会增加患高血压的风险，高血压是脑卒中的重要危险因素。 4.长期只吃面包可能营养不良 　　很多人忙起来什么也顾不上吃，直接“炫”1个大面包，再喝1瓶水，一餐就这样解决了。长期单一地食用面包，很可能会导致营养不良，不利于身体健康。 03 关于面包的2个传言 1.听说吃面包会致癌？ 　　真相是：并不用担心。 之所以会有这样的说法，是因为面包富含碳水化合物，烤制面包的温度普遍又高于120℃，会产生一定量的丙烯酰胺，丙烯酰胺就是大家口中的“致癌物”。 　　其实我们没必要这么担心丙烯酰胺，它属于2A类的致癌物，意思是已经证实会引起动物癌症，但是对人致癌的证据还有限。要想在享受面包的同时，减少丙烯酰胺的摄入，那就别吃烤焦糊的部位。 2.全麦面包真的全麦吗？ 　　很多人认为，全麦面包是比较健康的面包。不过，市面上全麦面包质量良莠不齐，有的全麦粉含量很低，也有的添加了糖和油来中和口感。 　　要想买到真正的全麦面包， 除了看面包的外观，还得看好配料表和营养成分表。 　　真正的全麦面包，外表不会是白白净净的，大多呈现褐色或者深褐色，看起来不光滑、很粗糙，有的还能看到完整的谷物颗粒和麸皮。 　　配料表中全麦粉/黑麦粉应该排在第一位 ，如果标注了含量更好；选择 含量≥51% 的，这是因为2021年中国营养学会制定了T/CNSS 008-2021《全谷物及全谷物食品判定及标识通则》团体标准，限定全麦面包中全麦粉含量不得少于51%。 　　营养成分表中要 选择膳食纤维和蛋白质相对高一些，且钠含量更低一些的 。比如下图的A款就比B款更值得推荐。 04 如何挑选1个“好”面包？ 　　关于如何挑选“好”面包，有以下5点建议。 1.看种类 　　多选全麦面包、碱水面包、贝果、法棍、大列巴，这些面包的加工用料较少，基本上面粉、酵母、水、盐就能搞定；全麦面包还能提供更多的膳食纤维、B族维生素、矿物质等营养，饱腹感强。 　　少选带馅面包、热狗面包、牛角包、手撕包、椰蓉面包、肉松面包、蜂蜜小面包。 2.看配料表 　　尽量选配料表短一点的，能避开起酥油、人造奶油、代可可脂巧克力、黄油、白砂糖、果葡糖浆的更好。 3.看营养成分表 　　如果是普通面包，选热量和钠含量相对较低以及蛋白质相对高一些的就好；如果是全麦面包，还得注意膳食纤维的含量，选高的。 4.选小包装的 　　小包装的面包比较容易控制食用量，避免一次吃得太多。 5.注意营养搭配 　　若是想面包和健康兼顾，那就搭配天然食物，圣女果、水果黄瓜、西红柿、猕猴桃、橘子、牛奶、无糖酸奶、煮鸡蛋、鸡腿等都是不错的选择。 来源：科普中国 本期编辑：胡程远、郑薛飞腾 觉得好看，请点这里 ↓ ↓ ↓
痛悼！尹春燕书记遗体已找到,https://mp.weixin.qq.com/s/Um0wsgLxBd1sySB-m4xaCg,2025-09-23,据 北京新闻广播消息，北京市 怀柔区琉璃庙镇孙胡沟村党支部书记兼任村委会主任尹春燕的遗体已经被救援人员找到。 据了解，遗体是昨天（8月13日）16时在琉璃庙镇白河北村白河湾附近找到的，目前已经确认是尹春燕书记，镇里已经成立了治丧委员会。 尹春燕 此前，在7月31日下午举办的北京市防汛救灾新闻发布会上，怀柔区委书记张强介绍，在组织群众转移时， 孙胡沟村党支部书记尹春燕逐家逐户查看转移情况，最后不幸被洪水冲走。其爱人蔡永章在协助转移群众时也不幸被洪水冲走。 8月5日上午，记者从尹春燕的家人处获悉，已找到蔡永章的遗体。 8月14日，北京市委决定，追授尹春燕、蔡永章同志“北京市优秀共产党员”称号。 来源：北京新闻广播、北京日报 本期编辑：胡程远、郑薛飞腾 痛心！一路走好！↓↓↓
周立人，二审死刑！,https://mp.weixin.qq.com/s/WNW8rJ5nTiJnHir27SV4XQ,2025-09-23,8月14日，湖南省高级人民法院对上诉人周立人故意杀人案进行二审宣判，依法裁定驳回上诉，维持原判，对上诉人周立人的死刑裁定依法报请最高人民法院核准。 一审法院审理认为，被告人周立人为泄私愤，向寝室内两名室友共食的罐装麦片内投放剧毒物质，致张某某一人死亡，其行为构成故意杀人罪。周立人因日常琐事对室友不满，利用所学专业知识，趁机投毒，意图杀害两名室友，周某某因未食用而幸免；在张某某毒发抢救期间，刻意隐瞒事实，延误救治，终致张某某多器官系统功能衰竭身亡；案发后，试图隐匿和销毁重要物证掩盖罪行、逃避惩罚，犯罪动机卑劣，主观恶性极深，社会影响恶劣，罪行极其严重。2025年4月7日，湘潭市中级人民法院以故意杀人罪对被告人周立人一审判处死刑，剥夺政治权利终身。 一审宣判后，周立人提出上诉。湖南省高级人民法院于2025年7月11日二审公开开庭审理该案。二审审理查明的事实与一审一致。湖南省高级人民法院认为，一审判决认定的犯罪事实清楚，证据确实、充分，定罪准确，量刑适当，审判程序合法，遂依法作出前述裁定。 二审审理过程中，法庭依法保障了周立人及其辩护律师各项诉讼权利。 来源：人民日报客户端 本期编辑：胡程远、郑薛飞腾 关注！ ↓ ↓ ↓
国安部发声：“手机换菜刀”，到底行不行？,https://mp.weixin.qq.com/s/OqgAiUho53VlCr8f8qhpFA,2025-09-23,“旧手机、旧电脑换菜刀、换不锈钢盆喽！”这与时俱进又略带夸张的吆喝，你是否也曾听过？一些闲置的“电子家当”留着无用，很多朋友会考虑出手置换，主打一个该省省该花花。那么，其中的风险隐患你又是否全然了解？今天就来盘一盘， 如何“变废为宝”又不“引火烧身” 。 旧手机中这些信息 或有个人隐私 泄露 风险 一部经久使用的智能手机，就像一个浓缩的数字人生档案袋，如果随意交出，其中蕴含的信息安全风险便悄然升级。 账户信息遭窃。 旧手机中存储的 个人身份信息、关联的银行账户、使用的支付或登录密码 一旦被不法分子通过技术手段恢复获取，可能危及个人隐私、财产安全。 隐私数据丢失。 旧手机存储的 个人社交账号、活动轨迹、生理数据等 ，若未经妥善处理，存在被不法分子用于分析机主个人特征、社交关系、行为习惯及活动轨迹的风险，可能衍生出诈骗、身份盗用等问题。 工作信息泄露。 旧手机中可能存储 工作邮件、会议记录、客户资料等敏感数据 ，如这些信息被不法分子恢复，可能导致工作信息泄露，给单位和个人造成损失。更有甚者，如手机 曾接入单位内网 ，不法分子可能利用其残留的网络配置信息（如VPN设置），作为入侵企业核心系统的通道。 此外，旧手机中 未退出的云端账号还可能成为黑客攻击的突破口 。如手机曾绑定过智能家居，黑客甚至可能远程操控家中智能设备实施窃听窃视。 国家安全机关提示 简单恢复出厂设置还不足以彻底清除旧手机中的个人信息 。对于个人而言，可以从以下几方面保护自己的“数字家当”。 彻底清除数据。 先退出手机上的所有应用程序（尤其是支付、社交媒体、邮箱等含重要数据的APP）账户登录状态； 关闭手机自带的“查找设备”功能，防止追踪定位； 最后再恢复出厂设置，覆盖旧数据痕迹。 销毁关键硬件。 在处置设备前， 务必取出手机内的SIM卡和存储卡，并自行保管或剪毁 ，或确保其在正规机构处置流程中被粉碎处理，杜绝后患。 正规渠道回收。 将淘汰的旧手机 交予资质齐全的官方回收机构 ，优先选择手机品牌官方以旧换新计划、大型电商平台的回收服务或具有国家认证资质的专业电子废弃物回收处理企业。 培养保密意识。 在日常生活中，避免在手机中存储身份证或银行卡照片、密码明文等敏感信息； 如确需在手机内存储，务必使用可靠加密软件或设备自带的保险箱功能； 及时删除不再需要和含有个人信息的文件或图片。 来源：国家安全部微信公众号 本期编辑：胡程远、郑薛飞腾 觉得好看，请点这里 ↓ ↓ ↓
14岁女孩帮妈妈谈成外贸订单，全程英文交流！网友：又是别人家的孩子,https://mp.weixin.qq.com/s/_k2CmYmqGmimTuEKtM3Lmw,2025-09-23,"暑假期间 不少孩子选择学外语 只不过有的孩子在 背单词、做小报、读外文书 有的初中生 已经开始帮妈妈谈生意 用流利的英语拿下外贸订单了 ""Considering bulk volume  we can meet at $8.65"" （考虑到订单量，我们可以接受8.65美元） 8月12日 浙江宁波 14岁女孩朱政语 全英文与美国客户商务谈判的一段视频 在网络上走红 获得众多网友点赞 视频中 14岁的 朱政语 沉着应答 谈话内容涉及到 单价谈判、认证服务、交货周期等 最终完成了一笔 1200件野外手电筒的外贸订单 朱政语与外国客户打电话。 当美国客户试探压价时 小朱没有慌乱，马上二次出价 并特意强调了产品附加值 让孩子妈妈意外的是 小朱主动提及CE/RoHS 这两个国际贸易中的认证标准 原来， 小朱长期看妈妈整理外贸单据 对这些已经耳熟能详 在结束通话前 小朱还明确了时间节点 生活中的朱政语。 “我是从事外贸方面工作的 孩子对英语比较有兴趣 就想趁着暑期让她帮我和客户交流 培养下孩子处理事情的能力 顺便练练口语” 小朱妈妈笑着说 宁波作为一座港口城市 国际贸易往来、多元文化交融氛围浓厚 之前的寒暑假 小朱妈妈也会带她去国外旅游 开拓眼界 耳濡目染下 孩子对外语交流的兴趣日渐浓厚 小朱妈妈说 这也是城市基因 赋予新一代年轻人的独特优势 谈到外语学习的窍门 小朱分享道： “小时候看看英文动画 听听英文歌曲 语感自然而然就有了” 随着年级增加 她还会尝试听听双语新闻” 生活中的朱政语。 此外 小朱习惯用笔记本实时记录关键词 特别是专业术语的复杂词汇 “现在网络资源很多 最主要的是把学习变成日常习惯” 小朱说 在老师和同学们眼中 朱政语总是活力满满 国旗下讲话、运动会、艺术节…… 学校里开展各类校园活动时 总能看到她的身影 朱政语参加校园活动的部分奖状。 “她就像一个小太阳 走到哪里都能带来温暖 给大家带来欢乐和正能量” 学校班主任老师郑宇佳这样评价 网友评论 又是别人家的孩子 成长的舞台不止于课堂 少年，继续努力 👍👍👍 来源：宁波晚报， 记者：钟婷婷，通讯员：王卫栋， 视频剪辑：孙琦 本期编辑：石磊、阮可欣、陈子涵 觉得好看，请点这里 ↓ ↓ ↓"
这些好碳水，吃得饱还不长胖！很多人都不知道→,https://mp.weixin.qq.com/s/7BmnkY4Mv3RczwUYpDjgCg,2025-09-23,碳水化合物简称“碳水”，是人体三大产能营养素之一。很多控制体重的人将其视为“大敌”，认为它是“长胖元凶”。但是，碳水化合物其实分“好”与“坏”，吃对了并不容易让人发胖。 吃对碳水有助于体重管理 研究发现，低碳水饮食有助于体重管理，但关键在于碳水的“质”而非“量”——较少精制碳水、较多植物蛋白和健康脂肪的“高质量”低碳水饮食，与体重减少相关；而依赖精制碳水、更多动物蛋白和不健康脂肪的“低质量”低碳水饮食，可能加速体重增加。 好碳水：减重帮手 好碳水主要来源于加工程度低、营养保留完整的天然植物性食物，具备低升糖指数（GI）、高膳食纤维、高营养密度的特点。其消化吸收速度较慢，能持久稳定地供能，避免血糖快速大幅波动，有助于降低糖尿病和心血管疾病的发生风险。以下几类食物属于此类。 坏碳水：甜蜜陷阱 坏碳水多为精加工或添加大量糖的食品。好吃到令人上瘾，但是营养价值低，几乎只提供能量，升糖速度快，易引发血糖骤升骤降，导致“过山车式”的饥饿感，饱腹感差，很容易进食过量。长期大量食用坏碳水，会增加肥胖、糖尿病、心血管疾病等慢性病发生风险。以下几类食物属于此类。 如何科学吃碳水 1、优化结构 多选择 全谷物、薯类、杂豆 等好碳水，减少精制谷物和含糖饮料的摄入。例如，将1/3精白米替换为糙米、燕麦米、杂豆等，或者用红薯、玉米作为部分主食。儿童、老人及胃肠消化功能较弱的人群避免全吃粗粮。 2、控制总量 《中国居民膳食指南（2022）》推荐，每天碳水提供的能量应占总能量的50%～65%。对于一般人群，推荐每天摄入谷类200～300克，其中，全谷物和杂豆50～150克，薯类50～100克。需要减重的人群应根据能量比例适当减少。 碳水摄入过少，身体可能被迫分解蛋白质供能，导致肌肉丢失、脱发、烦躁易怒、月经紊乱等问题。碳水摄入过多，多余的碳水会转化为脂肪储存起来，尤其是造成腹部脂肪堆积。 3、巧妙搭配 好碳水还得搭配优质蛋白 （如豆制品、鸡蛋、牛奶、鱼虾、瘦肉） 和健康脂肪 （如植物油、坚果） ，尤其是增加植物性食物的摄入，有助于进一步稳定血糖，增强饱腹感。 4、食物多样 每天摄入 3种谷薯杂豆，搭配4种新鲜蔬菜和水果， 让身体得到全面的营养。 碳水并不是洪水猛兽，关键在于选择好碳水，控制总量，搭配合理。早餐不妨把白面包换成全麦面包，让健康和美味同行，开启活力满满的一天！ 来源： 健康中国， 作者：复旦大学附属中山医院营养科主管技师 李帆、副主任技师 高键，审核：国家健康科普专家库成员、华中科技大学同济医学院公卫学院营养与食品卫生学系主任 杨雪锋 本期编辑：石磊、阮可欣、陈子涵 转发周知！ ↓ ↓ ↓
“又怕兄弟超过我，又怕兄弟考不好！”,https://mp.weixin.qq.com/s/I3dlOfLaCJZG7RyUPws3QQ,2025-09-23,在今年高考中 来自河南南阳淅川县的 双胞胎兄弟 李宸宇、李峻宇 均以656分的高考成绩 考入 哈尔滨工业大学 威海校区工科试验班 希望未来可以投身航天事业 考试同分并非第一次 兄弟俩在高考中的 这份“神同步”的默契 贯穿了两个人17年的成长轨迹 从小学到初中再到高中 他们始终是同班同学 在学习和生活中形影不离 小时候的李宸宇（右）、李峻宇（左） 兄弟俩 小升初同分 中考总分仅差5分 高考分数不仅同分 其中化学、物理分数都只差1分 在 淅川县 九重镇第一初级中学 班主任祁文丽印象中 兄弟俩上课回答问题时 解题思路都基本一致 甚至很多次考试成绩不相上下 并同时对数学、物理保持兴趣 在淅川县第一高级中学 高三班主任杨平看来 兄弟俩能够 在高考中 取得优异成绩 更多源于勤奋、刻苦 特别是在备战高考期间 他们抓紧一切可以利用的时间学习 “又怕兄弟超过我 又怕兄弟考不好！” 兄弟俩自小就约定携手并进 在 学习上互相竞争、互相鼓励 他们笑着说 “又怕兄弟超过我 又怕兄弟考不好！” 靠着自律和互相比拼 他们把课本翻到“破烂” 笔记也是密密麻麻 双胞胎的父亲介绍 二人从小不上辅导班 也没有家长强迫学习 老师、家长督促 不如孩子的自驱力 双胞胎的母亲说 从二年级开始就对孩子选择“放手” 老师布置的背诵任务 兄弟俩都是 互相背、 互相检查 给他们的零花钱也不着急花 等攒够了俩人就跑到书店去买书 谈到入学后的规划 兄弟俩表示首先要学好专业知识 在打牢基础后再继续深造 兄弟俩约定考研再考到同一校园 他们共同感兴趣的是 电气自动化 、软件工程相关专业 并且在生活中也有着相同的爱好 如乒乓球、篮球、羽毛球等 有网友表示 李宸宇、李峻宇的名字里 都有一个“宇”字 注定和航天有缘 父亲对孩子的未来充满期待 “相信兄弟俩 可以取得更骄人的成绩 将来投身航天、报效国家！” 来源：央视新闻综合哈尔滨工业大学、民生大参考、淅川融媒等 本期编辑：石磊、阮可欣、陈子涵 觉得好看，请点这里 ↓ ↓ ↓
等等等等！这只羊，好像不对劲……,https://mp.weixin.qq.com/s/_gfSfe4GuTpZcsty9RGTyg,2025-09-23,　　可可西里卓乃湖畔，下午三点钟，高原的太阳开始有点暖意，正是藏羚羊觅食的高峰。 　　突然，离记者最近的一群藏羚羊旁边，出现了一只步履稍显僵硬的“藏羚羊”，脚步没有那么轻盈，体型也更丰满一些。 　　上面这一幕中那只有点不一样的“藏羚羊”，其实是一只刚刚诞生的“机器藏羚羊”。 如果仅从毛色、形象来看，这只“机器藏羚羊”和真的藏羚羊没有多大差别，只是走动起来的时候，没有真的藏羚羊那么轻盈、敏捷。 　　地处青藏高原西北部的可可西里无人区，平均海拔4600米以上，高寒缺氧，被称为人类的“生命禁区”。又因其丰富的生物多样性，被誉为“动物王国”。 　　参与这次行动的中国科学院西北高原生物研究所研究员连新明说，这只首次出现在可可西里腹地的“机器藏羚羊”，突破了人类观测野生动物的常规距离限制， 将为我国藏羚羊行为研究提供更加精准可靠的影像和数据，助力赋能守护好这片“生命禁区”中的珍稀野生动物和自然生态环境。 来源：新华社，记者：令伟家、焦旭锋、史卫燕，视频：刘思录、郭依格、邓寒思，本文有删节 本期编辑：石磊、阮可欣、陈子涵 觉得好看，请点这里 ↓ ↓ ↓
冒充官方账号、编撰军事谣言、暴露部队营区……一批自媒体账号被处置！,https://mp.weixin.qq.com/s/cKZJNxIE3GIyoD61RYN4Zg,2025-09-23,近期，一些自媒体账号违反《互联网军事信息传播管理办法》，违规发布涉军信息，误导公众认知，损害军队形象，社会影响恶劣。军地职能部门依法依规处置了一批网上违法违规信息及自媒体账号，现遴选通报有关典型案例。 一、冒充官方账号。 网络账号“南部卫士”、“联参智库服务”、“联勤保障”等与军队单位开办的网络账号雷同，以高仿账号冒充官方账号，发布内容多为涉军信息，蹭炒军事热点吸粉牟利。 二、编撰军事谣言。 网络账号“乖乖兔军情”利用AI编造“中国四大镇魂武器”等谣言信息，误导认知。网络账号“军事课代表”发布所谓“解析装备细节”、“分析战术战法”、“解读军事行动”等内容，部分文章需付费购买浏览，借军事话题违规牟利。 三、歪曲解读军史。 网络账号“红小岩的自留地”、“红小岩谈古论今”、“红小岩的后花园”等，称抗美援朝志愿军飞行员、空军一级战斗英雄张积慧“战绩有水分”，质疑污蔑英烈功绩，借党史军史严肃话题引流牟利。 四、抹黑军队形象。 网络账号“军创怡姐”、“苏州怡姐”利用所谓“答疑视频”，发布“在XX地服役有什么危害”等误导性内容，抹黑军队形象。 五、消费拥军情怀。 网络账号“秦淮河畔”自称退役军人，长期发布身穿各式军服或军服仿制品的短视频，为个人账号违规引流。 六、暴露部队营区。 网络账号“杨阳阳”自称90后留守军嫂，发布多篇“部队家属院”短视频，内容含各类训练设备，并标注定位，暴露军队敏感信息。 军地相关部门负责人表示，将持续贯彻落实《互联网军事信息传播管理办法》，坚决依法依规打击自媒体涉军违法违规行为，从严查处发布和炒作不实信息账号主体，曝光典型案例。同时欢迎有关部门和网民积极参与举报，共同打造良好涉军网络环境。 来源：人民日报客户端 本期编辑：石磊、阮可欣、陈子涵 觉得好看，请点这里 ↓ ↓ ↓
陆军女飞行员徐枫灿，有新动向！,https://mp.weixin.qq.com/s/l7SYwOtH-ZaY9jG12e40iA,2025-09-23,南部战区陆军某旅 飞行员徐枫灿 又有新动态啦 近日 她在 总台电视节目 《面对面》 中 亮相出镜 真情流露、诉说心声 再次展现飒爽英姿 面对外界的质疑 徐枫灿坦言 自己曾经觉得“挺难过的” 可她 慢慢想通 了 “我一步步走来，都是稳扎稳打 不断突破自己” 访谈中， 徐枫灿提到 全国各地许多中小学生给她写信 表达崇拜之情的同时 也诉说着 逐梦蓝天的梦想和愿望 自身的 经历 能激励更多青少年追逐梦想 徐枫灿认为这 非常有 意义 节目中最令人感动的 是徐枫灿和记者关于家国的讨论 每次出重大任务前 需要写请战书和家书 对此， 记者不禁问道 “在请战书里面你会想表达什么” “如果祖国需要，我义无反顾” 回答这句话时 徐枫灿的眼神清澈而坚定 面对镜头 徐枫灿真诚而自信 在她看来 荣誉和光环的背后 更多的是责任和使命 唯有实力和成绩 才是最好的回答 “掠过连绵起伏的群山 波光粼粼的湖泊 …… 每当我驾机飞行 自豪感都会油然而生” 徐枫灿也向 更多有志青年发出号召 参军入伍，报效国家 今年以来 徐枫灿先后走进 军事院校 、地方高校开展交流 用自己的亲身经历 鼓励 大家 勇敢 朝着 自己的 目标奋进 当选全国人大代表 取得 二级机长资质 两次参加中国航展 荣立三等功 2次 …… 徐枫灿一次次用努力证明 “飞行没有性别之分 只有合格与否 我们和男飞行员学的一样 从来不是花瓶” 为徐枫灿点赞 来源 ： 南陆清风 本期编辑：石磊、朱田恬 觉得好看，请点这里 ↓ ↓ ↓
禁止到这个网红地游玩！广西一地公告,https://mp.weixin.qq.com/s/HdvDUCE5oxbUet8P0pi2Gg,2025-09-23,　　8月9日，广西崇左市天等县宁干乡人民政府发布了《宁干乡人民政府关于禁止到未开发未开放区域（剑龙山）旅游的公告》。 　　公告称，宁干乡剑龙山范围属天等县城饮用水保护区，属未开发区域，该区域内地形及路况复杂，通讯信号较弱、无安全保障措施，且当前正值汛期，雷雨天气频繁，雨量较大，地质灾害风险高，存在山体滑坡、石头松动滑落等多种安全隐患，擅自进入探险、攀爬、露营、游玩等，极易引发意外安全事故，救援难度极大。 　　为坚决防范和遏制未开发区域游客遇险等安全事件的发生，现就禁止到未开发区域（如剑龙山等）游玩相关事项通告如下： 　　一、为切实维护人民群众生命财产安全，有效保护生态环境和自然资源，根据《中华人民共和国旅游法》等法律法规， 严禁任何组织和个人未经批准擅自进入未开发区域（剑龙山）游玩和登山。 　　二、广大民众要增强自身安全防范意识，珍爱生命，敬畏自然，规范旅游。 要谨慎对待“网红景点”，不到未开发区域游玩，避免发生意外事故，酿成悲剧。 　　三、周边村民要遵纪守法，不得违规从事组团、导游等涉旅经营活动。禁止非法充当向导，带人进入未开发的“网红景点”，从事游览、探险、攀爬、露营等活动，如有违反将依法处置。 　　四、禁止任何组织或个人携带火种进山入林，禁止玩火弄火、禁止燃放烟花爆竹、禁止焚烧垃圾、禁止乱扔烟头等野外违规用火行为。 　　五、如游客个人或团队组织不听劝返或无视公告擅自进入未开发区域（剑龙山）进行旅游、攀爬、露营或探险等活动，造成的一切后果由组织者或个人自行承担。 　　剑龙山位于崇左市天等县宁干乡，山脊起伏态势恰似剑龙的脊背，因此被航拍爱好者称为“剑龙山”。 　　2024年9月25日，宁干乡人民政府曾发布通告，禁止个人或团队攀登剑龙山。 来源： 广西崇左市人民政府网站 本期编辑：石磊、朱田恬 觉得好看，请点这里 ↓ ↓ ↓
来了！新闻早班车,https://mp.weixin.qq.com/s/hChj-1tOJyfhambakP0OZw,2025-09-23,点击这里，查看更多精彩内容 要闻 国 家发改委消息，近期， 2025 年超长期特别国债支持设备更新的 1880 亿元投资补助资金已下达完毕，支持工业、用能设备等领域。 财政部进一步加大对特殊教育学校支持保障力度， 2025 年下达资金 42.5 亿元，比上年增长 16.8% 。 13 日，市场监管总局、国家卫健委、国家中医药局联合发布《医疗广告认定指南》，为有力打击违法医疗广告提供更为清晰、更具可操作性的指引。 中国工商银行 等六大行发布 关于个人消费贷贴息 工作的公告。 详讯 文旅部于 7 月中下旬对天津、内蒙古 等 8 省份 开展暗访，发现部分地区仍存在经营场所消防器材设施损坏或配备不足 等 安全生产和市场秩序问题 。 中国人民银行消息，截至 6 月末，全国服务消费重点领域经营主体的贷款余额 2.8 万亿元。 13 日，我国在文昌航天发射场使用长征五号乙运载火箭 / 远征二号上面级，成功将卫星互联网低轨 08 组卫星发射升空，卫星顺利进入预定轨道 。 南部战区海军新闻发言人就美驱逐舰非法闯入中国黄岩岛领海发表谈话表示，战区海军部队时刻保持高度戒备，坚决捍卫国家主权安全和地区和平稳定。 商务部 公布《关于对欧盟两家金融机构采取反制措施的决定》，自 8 月 13 日起施行。 社会 水利部 13 日组织会商，安排部署暴雨洪水防御工作，并对福建、广东、广西、湖南 4 省份启动洪水防御Ⅳ级应急响应。 国家计算机病毒应急处理中心检测发现，70款移动应用存在违法违规收集使用个人信息情况。 详讯 国家医保局日前公布第一版商业健康保险创新药目录通过初审名单， 121 个药品通过初步审查。 今年前 7 个月，全国市场监管部门共对饮料产品开展监督抽检 11.19 万批次， 不合格率 0.57% 。 截至 13 日 15 时 06 分 ， 2025 年暑期档（ 6 ～ 8 月）电影总票房（含预售）突破 90 亿元 。 13 日，十五运会和残特奥会赛事官方票务平台上线，比赛门票将从 8 月 28 日起开售。 北京市人民政府天安门地区管理委员会发布提示，按照天安门广场及周边区域施工作业安排，天安门广场8月20日至23日暂停开放。 云南大理通报，苍山走失8岁男童不幸遇难，初步排除刑事案件可能。 13日凌晨，北半球三大流星雨之一的英仙座流星雨迎来极大，吸引了全国多地观星爱好者观赏。 近日，辽宁沈阳一餐厅内，一名女子喝奶茶不慎被 “珍珠”卡住致面色青紫，危急时刻， 11 岁女孩胡紫涵用海姆立克急救法施救，帮助女子转危为安。 政策 山西规划五年全域土地综合整治，明确禁止借整治之名变相占用永久基本农田、调整生态保护红线和城镇开发边界，严禁挖山填湖造景、违法占用林草湿地等破坏生态的行为。 福建印发措施 ， 推动建设生育友好型社会 ，鼓励女职工较多的用人单位建立 “妈妈小屋”。 海南印发办法，规范 种子进出口生产经营许可管理 ，明确 种子生产经营许可证有效期限为 5年 ， 将推动电子证照应用，与纸质证照具有同等法律效力。 今日天气 　　广东中东部和北部、福建东部和南部、江西南部、湖南南部、广西东北部、台湾岛南部等地有大到暴雨，部分地区大暴雨，其中，广东东部、福建东南部局地有特大暴雨。此外，黑龙江东部、内蒙古中部偏南地区、河北北部、天津、安徽北部、江苏北部、河南西南部、川西高原南部、云南中西部等地的部分地区有中到大雨。 早安中国 　　每个清晨，遇见大美中国。 　　北京北海公园，水面开阔，翠柏苍劲，湖光塔影相映成趣，楼台亭阁独具匠心。回廊蜿蜒曲折，荷塘莲叶田田，花脸鸭、鸳鸯在水中悠然栖息。一步一景，风光秀丽。北海公园欢迎您！        运气不会凭空而来，只有当你足够努力的时候，才会足够幸运。用积极的态度迎接每一次挑战，用不懈的努力去达成每一个目标，请相信，生活不会辜负每一个勇敢和坚持的人。新的一天，早安！ 本期编辑：王若彤、冯昌泰，实习生：洪舒云、史怡菲｜主播：韦礼义 觉得好看，请点这里 ↓ ↓ ↓
【夜读】人生，别浪费在不开心的事上,https://mp.weixin.qq.com/s/cppffmISPkVppQ6Aypv7UA,2025-09-23,今天是周三 人民日报夜读栏目的 “周三加油站” 如约而至 今天的夜读 送给心情不太好的你 01 有些时候，烦恼好比坏天气 让人心情糟糕 我们无法左右天气 但可以调整自己的心情 不开心是一天 开心也是一天 与其愁眉 不展 不如淡然一笑 人生不过三万天 开心一天是一天 02 你是否会在夜深人静的时候 不停回想那些 让自己不舒服的瞬间 最后越想越难受 甚至辗转难眠 反复琢磨那些不舒服的事 会让你困在情绪里 停止内耗其实很简单 就是把你的注意力 从“别的人”和“别的事”上移开 不让它们占据你生活的“C位” 千万别把有限的心力 浪费 在无限的焦虑上 03 快乐有时很简单 一句话就够了 快乐有时又很难 需要我们主动寻找 现在，张开你的怀抱 去体会风，去关注云 去感受身旁的每一件小事 你会发现前路有光 未来有无限可能 无论何时，都请记得 首先你要快乐，其次都是其次 接下来的日子里 凡事多往好处想 把快乐请到心里来 认真过好每一个当下 去发现藏在生活里的 “彩蛋” 人生不过三万天 别浪费在不开心的事上哦！ 来源：人民日报夜读、方方小狗 |  作者：方方小狗，是一只温暖的“电子抚慰犬”，想要疗愈你的所有不开心，治愈小漫画持续加载中 本期编辑：方梓祎，实习生：甘雨欣 觉得好看，请点这里↓ ↓ ↓
“你儿子真不嫌事大！”,https://mp.weixin.qq.com/s/rCLeu1pfb4FQBGY3YlbmNw,2025-09-23,“警察同志，快帮帮我！ 我妈正带着7万块钱 要给骗子送过去！” 近日 山东德州市武城县公安局 接到王先生的紧急报警求助 据王先生反映 他发现母亲王女士近来行为反常 整日沉迷手机 时常躲在屋里不知道在操作什么 面对家人的询问支支吾吾 就在几天前 母亲突然向他借款2万元 透露自己是在“理财” 并保证提现后立即归还 他觉得事有蹊跷 多次劝说母亲停止“投资” 但王女士坚信这是赚钱的“好机会” 根本听不进去 甚至趁儿子去接孩子时偷偷取现 准备按“客服”要求送钱 接到报警后 民警火速行动 第一时间尝试电话联系王女士 并组织警力沿途寻找 最终成功拦截 正在给骗子送钱的王女士 见到民警时 王女士仍试图以“家庭矛盾”掩盖 瞒着家人取现的真实目的 “阿姨你要相信我们！ 这是我的警察证！ 你被骗了，这群里面都是托！” “阿姨，您想想 正常交易怎么会提示风险？ 合法理财为啥要瞒着家人偷偷操作？ 前面给你返几百块 转头就让你投几万、十几万 这不是明摆着挖坑吗？” 面对执迷不悟的王女士 民警结合案例耐心劝导 最终王女士幡然醒悟 原来 这一切源于一条“课程退费”信息 骗子冒充视频剪辑课客服 以充值返利为诱饵 诱导王女士加入聊天群 通过设置多档返现陷阱 引诱其进行充值 随后王女士按照“客服”要求 进行了三次小额充值 获得了一定的收益 之后又投入3000元 客服以“操作失误”冻结账户为由 要求其缴纳2.3万“解冻费” 之后又以同样的理由再次索要7.8万  而王女士被“高回报”冲昏了头脑 一心想着“解封后赚回来” 甚至在电商平台大量购买黄金 因支付平台检测到异常交易终止操作后 又听从“客服”指令 准备将现金送到指定地点 还好民警拦截及时 目前 案件正在进一步侦办中 警方提示 不轻信来路不明“内幕消息” 任何自称有“内幕消息”“内部通道”等的 投资理财都是诈骗 不存在“保本高息”理财产品 任何承诺“高额回报”“稳赚不赔”的 投资理财都是诈骗 同时也提醒大家 如遇要求使用快递、网约车 进行现金或黄金寄送的 请立即拒绝并向警方举报 来源 ：山东公安、德州公安 本期编辑：胡程远、郑薛飞腾 觉得好看，请点这里 ↓ ↓ ↓
手机里有这些App的，注意了！共70款→,https://mp.weixin.qq.com/s/P8CK4t1JIpGRcCclcXtLhA,2025-09-23,依据《网络安全法》《个人信息保护法》等法律法规，按照《中央网信办、工业和信息化部、公安部、市场监管总局关于开展2025年个人信息保护系列专项行动的公告》要求，经国家计算机病毒应急处理中心检测， 70款移动应用存在违法违规收集使用个人信息情况，现通报如下。 1、在App首次运行时未通过弹窗等明显方式提示用户阅读隐私政策等收集使用规则；隐私政策难以访问；个人信息处理者在处理个人信息前，未以显著方式、清晰易懂的语言真实、准确、完整地向个人告知个人信息处理者的名称或者姓名、联系方式、个人信息的保存期限等。涉及13款移动应用如下： 《北斗伴》（版本v1.47，360手机助手）、《边锋斗地主》（版本V1.0.7.140，微信小程序）、《才能网》（版本6.2.8.3，360手机助手）、《兰湘子湘菜小炒》（微信小程序）、《老碗会点单+》（版本3.30.14，微信小程序）、《墨墨背单词》（版本V5.5.11（0839）RLC，PP助手）、《上海思极_Android_SDK》（版本2.8.4，官网）、《斯维登民宿公寓别墅预订》（版本1，微信小程序）、《速冲印》（版本v1.3.23，vivo应用商店）、《小厨娘淮扬菜》（微信小程序）、《元气SDK》（版本5.7.2，官网）、《云课堂 SDK》（版本6.39.4，官网）、《长安应用商店》（版本1.0.0.av，长安启源Q05预装应用） 2、隐私政策未逐一列出App（包括委托的第三方或嵌入的第三方代码、插件）收集使用个人信息的目的、方式、范围等。涉及38款移动应用如下： 《百家云Android点播回放core sdk》（版本3.22.2，官网）、《爆笑P图表情包DIY》（版本4.1.0，小米应用商店）、《北斗伴》（版本v1.47，360手机助手）、《才能网》（版本6.2.8.3，360手机助手）、《蝉妈妈》（版本4.18.2，华为应用市场）、《宠日常》（版本V26.3.0，抖音应用中心）、《对庄翡翠》（版本8.5.5，历趣市场）、《多多动画屋》（版本3.8.8.0_alipp，PP助手）、《好分数》（版本V4.31.55，应用宝）、《驾路通》（版本v5.6.7，抖音应用中心）、《江海锦龙综合版》（版本V9.00.91，百度手机助手）、《句读》（版本V5.0.7.1102，PP助手）、《开言英语》（版本8.2.9，应用宝）、《论文翻译助手》（版本3.5.12，vivo应用商店）、《猫箱》（版本1.51.0，抖音应用中心）、《妙趣P图》（版本3.2.1，小米应用商店）、《墨墨背单词》（版本V5.5.11（0839）RLC，PP助手）、《木屋外卖》（微信小程序）、《拍读英语》（版本5.7.9，当下软件园）、《人人租》（版本3.16.3，快手下载中心）、《上海思极_Android_SDK》（版本2.8.4，官网）、《神龙加速》（版本1.4.0，华为应用市场）、《石油商旅》（版本4.3.0，vivo应用商店）、《万达普惠》（版本25.07.3，华为应用市场）、《橡子星座》（版本V7.5.5，应用汇）、《小厨娘淮扬菜》（微信小程序）、《悬浮时钟》（版本1.4.4，搜狗下载）、《雪球基金》（版本7.66.0，华为应用市场）、《讯飞有声》（版本2.7.3201，PP助手）、《音乐多多》（版本1.0.7，百度手机助手）、《优健康》（版本8.4.5，豌豆荚）、《元贝驾考》（版本10.5.9.869，PP助手）、《元气SDK》（版本5.7.2，官网）、《圆周旅迹》（版本V3.1.9，360手机助手）、《云直播-推流 SDK》（版本2.7.1，官网）、《掌上公交》（版本7.1.6，豌豆荚）、《掌上华医》（版本V3.124.5，应用宝）、《臻好借》（版本9.0.5，小米应用商店） 3、个人信息处理者向其他个人信息处理者提供其处理的个人信息的，未向个人告知接收方的名称或者姓名、联系方式、处理目的、处理方式和个人信息的种类，并取得个人的单独同意。涉及17款移动应用如下： 《车轮》（版本10.0.8，豌豆荚）、《宠日常》（版本V26.3.0，抖音应用中心）、《多多动画屋》（版本3.8.8.0_alipp，PP助手）、《方舟健客网上药店》（版本6.42.0，OPPO软件商店）、《驾路通》（版本v5.6.7，抖音应用中心）、《句读》（版本V5.0.7.1102，PP助手）、《开言英语》（版本8.2.9，应用宝）、《美丽修行》（版本8.36.0，应用汇）、《妙趣P图》（版本3.2.1，小米应用商店）、《同城心动》（版本1.1.0，快手下载中心）、《涂鸦画图》（版本9.0.7，搜狗下载）、《万达普惠》（版本25.07.3，华为应用市场）、《讯飞有声》（版本2.7.3201，PP助手）、《元贝驾考》（版本10.5.9.869，PP助手）、《掌上公交》（版本7.1.6，豌豆荚）、《掌上华医》（版本V3.124.5，应用宝）、《臻好借》（版本9.0.5，小米应用商店） 4、未在征得用户同意后才开始收集个人信息或打开可收集个人信息的权限。涉及7款移动应用如下： 《寄信助手》（版本2.5.1，华为应用市场）、《兰湘子湘菜小炒》（微信小程序）、《老碗会点单+》（版本3.30.14，微信小程序）、《木屋外卖》（微信小程序）、《拍读英语》（版本5.7.9，当下软件园）、《万达普惠》（版本25.07.3，华为应用市场）、《音乐多多》（版本1.0.7，百度手机助手） 5、未提供有效的更正、删除个人信息及注销用户账号功能；虽提供了更正、删除个人信息及注销用户账号功能，但未及时响应用户相应操作，需人工处理的，未在承诺时限内完成核查和处理。涉及5款移动应用如下： 《百家云Android点播回放core sdk》（版本3.22.2，官网）、《斯维登民宿公寓别墅预订》（微信小程序）、《云课堂 SDK》（版本6.39.4，官网）、《云直播-推流 SDK》（版本2.7.1，官网）、《众创指购会员》（版本4.7.3.0515，豌豆荚） 6、投诉、举报未在承诺时限内受理并处理；个人信息处理者未建立便捷的个人行使权利的申请受理和处理机制。涉及7款移动应用如下： 《91桌面》（版本10.5.2，搜狗下载）、《宠日常》（版本V26.3.0，抖音应用中心）、《句读》（版本V5.0.7.1102，PP助手）、《上海思极_Android_SDK》（版本2.8.4，官网）、《神龙加速》（版本1.4.0，华为应用市场）、《斯维登民宿公寓别墅预订》（微信小程序）、《烟台银行市民e贷》（版本v2.4.1.0(acc94934)，微信小程序） 7、未向用户提供撤回同意收集个人信息的途径、方式；个人信息处理者未提供便捷的撤回同意的方式。涉及28款移动应用如下： 《北斗伴》（版本v1.47，360手机助手）、《才能网》（版本6.2.8.3，360手机助手）、《车轮》（版本10.0.8，豌豆荚）、《宠日常》（版本V26.3.0，抖音应用中心）、《对庄翡翠》（版本8.5.5，历趣市场）、《多多动画屋》（版本3.8.8.0_alipp，PP助手）、《方舟健客网上药店》（版本6.42.0，OPPO软件商店）、《好分数》（版本V4.31.55，应用宝）、《寄信助手》（版本2.5.1，华为应用市场）、《开言英语》（版本8.2.9，应用宝）、《口袋冲印》（版本V2.6.1(81)，vivo应用商店）、《论文翻译助手》（版本3.5.12，vivo应用商店）、《猫箱》（版本1.51.0，抖音应用中心）、《墨墨背单词》（版本V5.5.11（0839）RLC，PP助手）、《人人租》（版本3.16.3，快手下载中心）、《石油商旅》（版本4.3.0，vivo应用商店）、《速冲印》（版本v1.3.23，vivo应用商店）、《涂鸦画图》（版本9.0.7，搜狗下载）、《烟台银行市民e贷》（版本v2.4.1.0(acc94934)，微信小程序）、《音乐多多》（版本1.0.7，百度手机助手）、《优健康》（版本8.4.5，豌豆荚）、《圆周旅迹》（版本V3.1.9，360手机助手）、《云课堂 SDK》（版本6.39.4，官网）、《长隆旅游》（版本Version7.9.3，360手机助手）、《掌上公交》（版本7.1.6，豌豆荚）、《掌上华医》（版本V3.124.5，应用宝）、《臻好借》（版本9.0.5，小米应用商店）、《众创指购会员》（版本4.7.3.0515，豌豆荚） 8、通过自动化决策方式向个人进行信息推送、商业营销，未同时提供不针对其个人特征的选项，或者未向个人提供便捷的拒绝方式。涉及2款移动应用如下： 《句读》（版本V5.0.7.1102，PP助手）、《雪球基金》（版本7.66.0，华为应用市场） 9、处理敏感个人信息未取得个人的单独同意。涉及1款移动应用如下： 《万达普惠》（版本25.07.3，华为应用市场） 10、个人信息处理者处理不满十四周岁未成年人个人信息的，未制定专门的个人信息处理规则；收集未成年人信息未取得监护人单独同意。涉及12款移动应用如下： 《边锋斗地主》（版本V1.0.7.140，微信小程序）、《费大厨辣椒炒肉会员》（微信小程序）、《兰湘子湘菜小炒》（微信小程序）、《老碗会点单+》（版本3.30.14，微信小程序）、《墨墨背单词》（版本V5.5.11（0839）RLC，PP助手）、《木屋外卖》（微信小程序）、《陶味茶楼》（微信小程序）、《天津鲁能城购物中心》（微信小程序）、《万达普惠》（版本25.07.3，华为应用市场）、《橡子星座》（版本V7.5.5，应用汇）、《小厨娘淮扬菜》（微信小程序）、《云课堂 SDK》（版本6.39.4，官网） 11、收集个人信息的频度等超出业务功能实际需要。涉及1款移动应用如下： 《音乐多多》（版本1.0.7，百度手机助手） 12、未采取相应的加密、去标识化等安全技术措施。涉及31款移动应用如下： 《爆笑P图表情包DIY》（版本4.1.0，小米应用商店）、《蝉妈妈》（版本4.18.2，华为应用市场）、《大悦城商场JOYCITY》（版本1.0.47，微信小程序）、《对庄翡翠》（版本8.5.5，历趣市场）、《费大厨辣椒炒肉会员》（微信小程序）、《寄信助手》（版本2.5.1，华为应用市场）、《肯德基》（版本6.23.0，OPPO软件商店）、《口袋冲印》（版本V2.6.1(81)，vivo应用商店）、《兰湘子湘菜小炒》（微信小程序）、《老碗会点单+》（版本3.30.14，微信小程序）、《美丽修行》（版本8.36.0，应用汇）、《木屋外卖》（微信小程序）、《拍读英语》（版本5.7.9，当下软件园）、《朴朴超市》（版本5.6.4，华为应用市场）、《人人租》（版本3.16.3，快手下载中心）、《首旅如家酒店集团》（微信小程序）、《斯维登民宿公寓别墅预订》（微信小程序）、《速冲印》（版本v1.3.23，vivo应用商店）、《陶味茶楼》（微信小程序）、《天津鲁能城购物中心》（微信小程序）、《同城心动》（版本1.1.0，快手下载中心）、《香格里拉会官方预订》（版本10.0.02，微信小程序）、《小厨娘淮扬菜》（微信小程序）、《悬浮时钟》（版本1.4.4，搜狗下载）、《优健康》（版本8.4.5，豌豆荚）、《圆周旅迹》（版本V3.1.9，360手机助手）、《长隆旅游》（版本Version7.9.3，360手机助手）、《掌上公交》（版本7.1.6，豌豆荚）、《臻好借》（版本9.0.5，小米应用商店）、《众创指购会员》（版本4.7.3.0515，豌豆荚）、《洲际酒店集团IHG优悦会》（微信小程序） 13、没有关闭标志或者计时结束才能关闭广告。涉及2款移动应用如下： 《上海思极_Android_SDK》（版本2.8.4，官网）、《元气SDK》（版本5.7.2，官网） 14、无隐私政策。涉及5款移动应用如下： 《车辆中心》（版本1.6.0.y，长安启源Q05预装App）、《酷咖游戏》（版本1.5.2，长安启源Q05应用商店）、《麻将》（版本1.1.8.k，长安启源Q05应用商店）、《音乐》（版本5.5，长安启源Q05预装App）、《中国象棋》（版本1.0.0.u，长安启源Q05应用商店） 上期通报的国家计算机病毒应急处理中心检测发现的68款违法违规移动应用，经复测仍有25款存在问题，相关移动应用分发平台已予以下架。（注：文中所列移动应用检测时间为2025年7月2日至2025年7月29日） 来源：人民日报客户端 本期编辑：胡程远、郑薛飞腾 转发提醒！ ↓ ↓ ↓
饿了就“心慌手抖”，可能与这5种病有关！,https://mp.weixin.qq.com/s/f6XlaVkW7IlnGq90KrQoUQ,2025-09-23,出现饥饿感，通常情况下，及时补充能量就能恢复活力。 但有些人在感到饥饿的同时，还会出现心慌、手抖等症状，这可能是一些疾病发出的信号。 究竟是哪里出了问题？一起了解↓ 01 为什么饥饿时会心慌、手抖？ 食物在胃内排空的时间一般为4~5小时，进餐后约4小时机体会产生饥饿感，但此时身体通常不会有明显不适。 胃排空后，血液中的葡萄糖仍会不断被机体消耗，若长期未进食，饥饿感持续时间较长，会出现体力下降、情绪低落等表现。 如果 饥饿时间超8小时 ，长时间没有能量供给，中枢神经系统受饥饿刺激， 可能出现精神恍惚、心慌、手抖等症状 。 为了维持机体正常运转，糖原将参与能量供给，就会导致血糖水平直线下降，长此以往可能诱发多个器官病变。 02 可能与5种疾病有关 对健康人群来说，饿一会儿达不到心慌、手抖的程度，如果一饿就感觉心慌、手抖，可能预示着身体出现了问题。 1.低血糖 发生低血糖时，身体会立即启动升血糖机制，动用储存的糖来尽量升高血糖，会伴随交感神经兴奋表现：心悸、出汗、面色苍白、肢体震颤等，且血糖下降速度越快，症状越明显。 2.糖尿病 部分2型糖尿病患者，特别是比较肥胖的患者，可能会出现糖尿病前期症状。主要表现可能为下一餐前，即饥饿状态时出现低血糖反应，包括心慌、手抖、浑身无力等。 3.甲状腺功能亢进 甲亢患者体内甲状腺激素产生和分泌过多，导致身体代谢速度加快，神经兴奋性增加。 如果常在饥饿时出现心慌、手抖，尤其在双手伸平，十指分开时明显，并伴随怕热、出汗多、消瘦、突眼等症状，建议进行甲功五项、甲状腺激素水平检查。 4.肠胃疾病 胃部没有食物，胃酸又分泌过多时，可能出现心慌、手发抖的情况。如患胃溃疡等疾病，饥饿状态下症状可能加重，引发不适感。 5.心血管疾病 若存在心脏方面的疾病，如心律失常、冠心病等，也可能会引起心慌、胸闷，出现手抖等现象。饥饿时血压降低，易导致脑供血不足，加重症状。 03 6类人容易“隐性饥饿” “隐性饥饿” 指微量营养素的缺乏 ，比如维生素、矿物质、膳食纤维等。 约70%的慢性疾病与“隐性饥饿”有关 ，如肥胖、心脑血管疾病、视力下降、免疫力下降、早衰等。 一般来说，以下几类人更容易发生“隐性饥饿”。 1.经常熬夜的人 研究显示，熬夜会增加维生素C、维生素E、B族维生素的消耗。此外，睡眠不足会影响食欲，导致各种营养素摄入量降低。 2.日常出差的人 在外就餐很难做到均衡饮食，粗粮吃不上，蔬果吃不够很常见，因此，经常出差的人易缺乏维生素B1、维生素B2、维生素C和钙。 3.节食减肥的人 减肥的人在控制能量的同时，各种微量营养素的摄入也会减少，因而导致“隐性饥饿”。 4.很少晒太阳的人 食物中维生素D含量很少，晒太阳是补充维生素D的重要途径，如果缺乏日照，很容易缺乏维生素D。 5.素食人群 植物性食物中的铁吸收利用率特别低，维生素B12几乎只存在于动物性食物中，所以素食的人很容易缺乏这两种营养素。 6.儿童 挑食、偏食、常吃快餐是导致儿童“隐性饥饿”的重要原因。 处于特殊生理阶段的某些人群，比如孕期、哺乳期、更年期、老人也容易出现“隐性饥饿”。 04 既要“吃饱”也要“吃好” 1.选择高纤维、低脂肪的食物 高纤维食物 ，像蔬菜、菌类、水果、粗杂粮等是消除饥饿感的高手，也是公认的低热量食品。 低脂肪的食物 ，如肉类里鱼、虾、鸡等白肉，或是瘦的红肉，都含有较低的脂肪和很高的蛋白质，令饱腹感持续时间变长。 另外， 控制食欲、避开高脂肪的食物 （油炸食品、蛋糕、汉堡、烤肉）也很重要。 2.两餐之间吃点零食 上午10点半左右，人体新陈代谢速度变快；下午4点左右，体内葡萄糖含量已经降低。这两个时间点，大部分人或多或少会感到饿。 可以在这两个时间点加餐，选择一些健康的零食。 最好的加餐零食是低能量、有饱腹感的食物 ，如：水果、牛奶、酸奶、豆浆或坚果。 3.改变进餐顺序 最好遵循以下进餐顺序： 吃蔬菜→食用蛋白质→吃主食 。 这样可以延缓消化速度，让营养素的释放缓慢而平稳，直到小肠末端都有食物被吸收。这样进食，同样的饭菜，餐后更不容易饥饿。 来源：生命时报 本期编辑：胡程远、郑薛飞腾 觉得好看，请点这里 ↓ ↓ ↓
“早上好呀，让我们去看看小姨醒了没？”“走，我带你去找舅舅！”……,https://mp.weixin.qq.com/s/KGpzxRLaVbeTrwHzkXnqJA,2025-09-23,不知不觉中 暑假已经过了一半 有的大学生忙着考驾照、实习 还有的忙着提升自己、旅行度假 而有的大学生 两眼一睁就开始带娃 暑期也得上“早八” 放假前：终于可以睡到自然醒了 放假后：怎么还是要上“早八” 早上叫醒自己的不是闹钟 而是…… 怎么一觉醒来 床上长娃啦！ “我们去看看小姨醒了没？” “小姨还在睡觉，我们快叫醒小姨！” “走，我带你去找舅舅！” “看看舅舅在干嘛！” 各位“德华” 是否对这些声音很熟悉 虽然年轻 但带娃经验丰富 大学生们虽然年纪不大 但带娃经验十分丰富 一整个反差感拉满 哄睡、接送孩子、陪玩 都是基本操作 除此之外 作为一名优秀的“带娃达人” 还得给小朋友辅导作业 看似轻松 也偶尔在崩溃的边缘 来回试探 虽然很累 但也很温暖 有时候 他们是甩不掉的“小尾巴” 从早上的叫醒服务开始 小家伙的嘴巴就没有停过 但有时候小家伙们 也会带来一些感动 小朋友把不会写的字用拼音代替 在窗户上写下对小姨的思念 “我 xiǎng我小yí” （我想我小姨 ） 小朋友愿意拿出自己 仅有的、珍视的玩具枪 送给小姨防坏人 小朋友愿意攒很久的钱 让小姨去看心心念念的演唱会 在一天天的陪伴中 大学生在孩子心中变得不可替代 …… 从曾经那个长不大的孩子 到现在能够主动给予爱的大人 大学生们在带娃的过程中 学会了承担家庭责任 体会到父母的不易、亲情的珍贵 而家庭也因他们的付出更加温馨 大家在假期里有没有“带娃”呢？ 快在留言区分享一下 带娃时发生的趣事吧！ 来源：学校共青团 综合河南共青团、河小阳、Vista看天下、天府新青年等 本期编辑：石磊、阮可欣、陈子涵 觉得好看，请点这里 ↓ ↓ ↓
“我在省政府上班，我是公职人员！”,https://mp.weixin.qq.com/s/CTQn-MN-MH3rvvXaK1B3bQ,2025-09-23,　　“人生如戏，全靠演技！”有人凭借“高超”的演技冒充公职人员，假借谈恋爱之名，行诈骗之实。近日，黑龙江省大庆市龙凤区人民法院开庭审理了这样一起“胆大包天”的诈骗案。 　　2023年12月，余某在某聊天平台认识了吴某。聊天过程中，吴某自称在省里某政府单位上班，并向余某展示其伪造的工作证件、办公照片，还虚构了在国家机关的工作经历，一步步提升余某对他的信任和好感。随着越聊越“投缘”，两人约定见面，并很快确立了恋爱关系。 　　为继续骗取余某的信任，吴某还在车行租了兰德酷路泽、理想L8等车辆伪装自己，并在微信聊天中常常提到自己在出任务抓捕、提审，让余某对其国家工作人员的身份深信不疑。沉浸在甜蜜恋爱中的余某，并未意识到自己已经掉进了吴某设下的圈套。 　　2024年1月，吴某以财务需要走一次账为由向余某借钱10000元，并当日归还10100元，这让余某觉得吴某很靠谱，彻底放下了防备。不久后，吴某陆续以自己工作调动、单位财政欠款、单位出差、手头不宽裕、需要看病、解除银行卡限制等理由多次骗取余某钱财，共计人民币19.6万余元。 　　2024年11月吴某被公安机关抓获。经查，吴某还用同样手段，以婚恋交友为名，冒充国家机关公职人员博取另一被害人信任，虚构各种理由骗取人民币6.3万余元。 　　经审理，龙凤区法院认为被告人吴某无视国家法律，以非法占有为目的，通过虚构事实、隐瞒真相，骗取他人钱财，数额巨大，其行为已构成诈骗罪。法院依法判处其有期徒刑六年六个月，并处罚金人民币十二万元，同时责令退赔被害人损失。 　　近年来，因网络交友不慎引发的电信诈骗犯罪活动持续多发。犯罪分子在社交平台、相亲网站虚构身份，通过线上交流，营造恋爱假象，骗取被害人信任，在“感情升温”后，择机编造各种理由，骗取到钱财后便拉黑隐匿。  法官提醒 　　婚恋交友中应提高防范意识，核实对方真实身份，不要被花言巧语所迷惑。特别是在对方提出借钱、转账、泄露个人隐私等要求时，务必提高警惕，仔细辨别。当遇到诈骗时，要注意保留相关证据，及时向公安机关报案。 来源：法治日报， 记者：张冲 本期编辑：石磊、阮可欣、陈子涵 觉得好看，请点这里 ↓ ↓ ↓
商务部：对欧盟两家金融机构采取反制措施,https://mp.weixin.qq.com/s/_m1RH5Whf2w4LbfstglXQg,2025-09-23,为反制欧盟制裁两家中国金融机构，经国家反外国制裁工作协调机制批准，商务部公布《关于对欧盟两家金融机构采取反制措施的决定》，自2025年8月13日起施行。详情如下： 关于对欧盟两家金融机构采取反制措施的决定 　　2025年7月18日，欧盟在第18轮对俄罗斯制裁中将两家中国金融机构列入制裁名单，严重违反国际法和国际关系基本准则，严重损害中国企业合法权益。 　　依据《中华人民共和国反外国制裁法》第三条、第四条、第六条、第九条、第十条、第十五条，《实施〈中华人民共和国反外国制裁法〉的规定》第三条、第五条、第八条、第十条规定，经国家反外国制裁工作协调机制批准， 中方决定将欧盟UAB Urbo Bankas和AB Mano Bankas两家银行列入反制清单，并采取以下反制措施：禁止我国境内的组织、个人与其进行有关交易、合作等活动。 来源：人民日报客户端 本期编辑：石磊、阮可欣、陈子涵 觉得好看，请点这里 ↓ ↓ ↓
申请个人消费贷款财政贴息，需要哪些操作？官方详解→,https://mp.weixin.qq.com/s/KGKXyLCqBNKdwjp23hPqgQ,2025-09-23,今天上午10时，国务院新闻办公室举行新闻发布会，介绍个人消费贷款财政贴息政策和服务业经营主体贷款贴息政策有关情况，并答记者问。 办理两项贷款贴息需要如何操作？财政部做了详细说明。 　个人消费贷款贴息　 　具体操作　 借款人在申请个人消费贷款签订相关贷款合同的同时，只需增加一个操作，就是 授予贷款经办机构相关权限，允许其识别 贷款发放账户或者指定账户的交易信息。 对于已经签订的贷款，贷款经办机构可通过签订补充协议等方式来取得借款人的相关授权。 贷款经办机构将根据实际消费情况，按照政策规定的要求来计算财政贴息金额，在定期收取贷款利息时，直接扣减由财政承担的贴息资金， 借款人可通过短信、手机App等方式知晓享受财政贴息的具体情况，不需要额外操作。 　　例如，如果一名消费者使用个人消费贷款，在政策执行期内花了20万元用于装修、购置家具家电等消费品，假设该笔消费贷款年利率为3%，在没有贴息的情况下，他全年需要支付贷款利息是6000元，享受个人消费贷款一个百分点的贴息以后，最高可减少利息支出2000元，这样就可以获得1/3的利息补贴。 　服务业经营主体贷款贴息　 　具体操作　 借款主体不需要进行贴息申请，只需按照正常的信贷流程在银行办理贷款。 经办银行收到财政贴息资金以后，对经营主体已经支付的利息， 一次性向经营主体返还 对应的贴息资金。 对于经营主体未来需支付的利息，贷款经办银行在后续按期收取时， 直接扣除对应的贴息资金。 例如，假设一家餐馆在今年10月1日获得1年期的贷款90万元，用于引进设备、扩大场地等经营活动，可以享受的贴息一共是9000元，具体可以分为两个阶段：假设经办银行明年2月收到财政部门拨付的贴息资金，以此作为时点来划分，经办银行需向该餐馆一次性返还3000元的贴息，将今年10月到明年1月的贴息结清；另外，明年2月到9月，每个月都会直接扣除当月贴息，经营主体每月可以少交750元的利息。 来源：人民日报客户端 本期编辑：石磊、阮可欣、陈子涵 觉得好看，请点这里 ↓ ↓ ↓
《浪浪山小妖怪》，致谢这所高校！,https://mp.weixin.qq.com/s/MAVJuLqsjYos82GOZ7mz6g,2025-09-23,8月2日 电影 《浪浪山小妖怪》 登陆全国院线 截至8月11日 累计票房突破6亿元 刷新中国影史国产二维动画电影 票房纪录 小妖怪们的故事，在这个夏天 击中无数观众的内心 有细心的观众发现 影片的片尾 致谢了北京航空航天大学 新媒体艺术与设计学院 8月12日 北京航空航天大学发文—— 《浪浪山小妖怪》导演、编剧於水 是学校老师 还有7名 学院毕业生参与 核心主创 两年半前 国产动画短片集 《中国奇谭》 火爆全网 首集 《小妖怪的夏天》 中 在浪浪山辛苦“打工”的小猪妖 一句 “我想离开浪浪山！” 曾让无数网友共情落泪 在其 “平行宇宙” 《浪浪山小妖怪》 中 小猪妖终于走出了浪浪山 浪浪山的小猪妖 拉上 爱吐槽抱怨的蛤蟆精 十级话痨的黄鼠狼精 社恐内向的猩猩怪 组织了一支 取经“拼好团” 在这场西行中 它们虽然到最后都没有名字 也没有真正到达西天取得真经 但却在面对危险和诱惑时 坚持守住了初心 最终完成了 自我的修行 北航介绍 剧本创作经历一年 所有 分镜画面 都由於水老师亲手绘制 据说乌鸦怪差点就成为了唐僧选角 不过因为形象太不符合 最后还是用蛤蟆来替代了乌鸦怪 乌鸦怪只在影片的开始部分出现 於水老师还客串为其配音 在动画短片里 小猪妖 是 “打工人 ” 到电影里 又成了四处拉人入伙的 创业者 於水坦言 他想通过这些人物 展现普通年轻人的故事 还有不少观众发现 电影中阁楼庙宇有 山西古建筑 的影子 作为山西人的导演於水表示 “每次去采风看到这些古代建筑 就仿佛跨越时空，与那个时代的工匠对视 这种令人震撼的共鸣让人想要落泪 想让更多观众感受到这种美。” 在於水看来 能让大家产生广泛共鸣的 不外乎这三个层面 “首先是 传统符号 ，比如中式建筑、灯笼等 其次是 中式审美 ，比如留白技艺和水墨画 第三点是 情感认同 ” 就像猪妈妈对小猪妖的爱 藏在了每一句 “多喝水” 的叮嘱里 据了解，北航人 的身影贯穿创作全程 杜伟、宋晔、武昊静、杨蕾 王笑然、李金秀、程宽 等 多名毕业生、在校学生 担任 核心创作 於水将鲜活的 一线创作经验融入教学 让学生在实践中获得成长 作为 新媒体艺术与设计学院 数字动画艺术系系主任 於水 始终坚持 将 创作实践 与 课堂教学 相融合 他 教授的多门本研课程 深受同学们喜爱 大家都说， “水哥”的课一点都不水 “干货很多”“收获很大” 浪浪山或许永远存在 但翻越它的勇气 本身就是可贵的 希望每个人都可以 活出自己喜欢的样子 愿我们，都能勇敢出发！ 来源：中国青年报（ID：zqbcyol）综合北京航空航天大学、@电影浪浪山小妖怪、中国新闻周刊等 本期编辑：石磊、阮可欣、陈子涵 觉得好看，请点这里 ↓ ↓ ↓
一种远被低估的运动方式！1周哪怕1次，对身体的好处都远超想象,https://mp.weixin.qq.com/s/hTmcDHPuD61PpbQD6jSYBQ,2025-09-23,　　要说上班族最痛苦的事情是什么，那必须有——想运动却没空运动。 　　运动的好处，只要运动过的朋友肯定都深有体会。在一场大汗淋漓的运动之后，不仅浑身的每一块肌肉都在运动中变得舒适，大脑分泌的内啡肽还会让积蓄的坏心情通通消失不见，只剩下纯粹的快乐。 长期坚持运动，更是能给我们身体带来许多好处。 新华社发（肖伟摄） 　　但运动难在坚持，上班族常被工作挤占时间，不少人选择周末集中“恶补”一周运动量。这种“恶补式运动”能否收获规律运动一样的效果？是否会损害健康呢？ 周末集中式 运动，是真的 有用！ 　　不光是我们对这个问题好奇，科学家们也同样好奇，最近发表在期刊《循环》（Circulation）上的一项研究就帮我们解答了这个问题。 　　在这份研究中，来自哈佛大学麻省总医院的研究人员们，采用英国生物样本库的前瞻性队伍研究，在 89573 名参与者的配合下，分析了运动模式与 678 种疾病发病率之间的关系。 　　根据运动习惯，研究人员们，将研究对象分为了三大类：不活跃组（每周运动时长 150 分钟）；规律运动组（每周运动时长≥150 分钟，均匀分布在每天完成）；周末运动组（每周运动时长≥150 分钟，但集中在 1～2 天内完成）。 　　根据世界卫生组织发布的指南， 成年人每周应该至少进行 150～300 分钟的中等强度至高等强度的运动锻炼。这个 150 分钟的运动时长，就是健康成年人每周锻炼时间的底线。 　　那么，将 150 分钟以不同的方式分布到一周的时间，会对身体带来什么影响呢？先说一个意料之中的结果： 无论是规律运动组还是周末运动组，都比不爱运动的不活跃组更健康。 　　相比于不活跃组，这两组的研究对象有 200 多种疾病的发病风险都显著降低了。其中，又以高血压、糖尿病等心血管等方面的疾病的发病风险降低最为显著。 　　规律运动组和周末运动组参与者在中位数 6 年期间患高血压的风险分别降低了 23% 和 28%，而患糖尿病的风险则分别降低了 43% 和 45%。此外，他们肥胖的风险分别降低了 45% 和 56%，呼吸暂停风险分别降低了 43% 和 51%。 　　通过这些结果可见， 运动锻炼不仅仅对于我们当下的身体健康有明显的积极影响，对于降低未来的疾病风险也有广泛的益处 。 　　但令人惊讶的是，当规律运动组和周末运动组进行对比时，两者之间并没有观测到显著性的差异。换句话说， 无论是每天坚持运动还是周末恶补式运动，只要时间达标了，获得健康益处居然是差不多的！ 新华社发（何华文摄） 　　这下，周末运动的人可以放心了。只要能每周抽出时间来运动，别管是每天坚持运动，还是某一两天集中运动，效果都是一样的好！ 不爱运动，可以这么做！ 　　其实，运动这事儿本来就没有那么严格的标准。无论是运动方式还是运动模式，最终都服务于运动总量。只要能在生活中找到平衡，以一种舒适的方式达到一定的运动量，就是健康的！ 　　已经在践行“周末恶补”运动模式的人，可以致力于摸索一套令自己舒适的运动模式。 　　如果还在“不活跃组”的范畴内，并且跃跃欲试想要用周末弥补的方式来补齐自己的运动量，不妨从现在开始去寻找适合自己的运动方式。 　　对于不爱运动的人来说，在快乐的周末还要专门找时间去运动，简直无异于上刑。但其实， 并不是所有运动都是枯燥乏味的，可以尝试一下徒步、爬山、骑行、跳舞、球类运动等相对更好玩的运动方式。 新华社记者 王曦 摄 　　这些运动方式，相比跑步、力量训练、瑜伽等等偏训练式的运动，会更有趣味性，而且只需要一次就能把一周的运动量拉满，简直是充电一次，巡航一周，别提有多适合懒人们了。 那么，现在就运动起来吧！ 来源：科普中国，作者：海德拉 科普创作者，审核：纪刚 河北医科大学第一医院骨科副主任医师、中国康复医学会再生与康复委员会委员， 策划：一诺 本期编辑：石磊、阮可欣、陈子涵 觉得好看，请点这里 ↓ ↓ ↓
南部战区海军发声！,https://mp.weixin.qq.com/s/Q603KLioY0q_w5n5zGemuA,2025-09-23,　　南部战区海军新闻发言人何铁城海军大校表示，8月13日，美“希金斯”号驱逐舰未经中国政府批准，非法闯入中国黄岩岛领海，中国人民解放军南部战区海军组织兵力，依法依规跟踪监视、警告驱离。美军行径严重侵犯中国主权和安全，严重破坏南海和平稳定，违反国际法和国际关系基本准则。南部战区海军部队时刻保持高度戒备，坚决捍卫国家主权安全和地区和平稳定。 来源：南海舰队 本期编辑：石磊、阮可欣、陈子涵 觉得好看，请点这里 ↓ ↓ ↓
人民日报专访宇树科技创始人王兴兴，问了22个问题,https://mp.weixin.qq.com/s/wn1h0ikvhn_PJxhTPfI89g,2025-09-23,　　今年以来，宇树科技的人形机器人频频出圈，我国人形机器人产业也受到空前关注。其中，有点赞、有鼓励，也有批评、有质疑。近日，在浙江杭州宇树科技总部，人民日报记者专访了宇树科技创始人王兴兴，听一听这位90后企业家对社会热点的回应，对行业发展的思考。 “从长远来看，没准这只是一个小火苗，就像当初互联网的诞生一样” 问：上了央视春晚舞台后，宇树科技的人形机器人非常火。预料到了吗？ 答：说实在的，完全出乎意料。2021年，我们的“机器牛”上过一次春晚，今年原本预估效果可能和上次差不多。没想到，最终的效果远超预期，很多人记住了机器人跳舞的画面。某种意义上说，这成了传统文化与高科技结合的标志性事件，也成为一种文化符号，我觉得非常荣幸。 问：人形机器人突然备受关注，对企业有何影响？ 答：关注度高对整个行业来说是好事。我们公司、行业内相关企业，包括零部件企业等，上半年业绩都非常好。 当然，受到关注后，压力也比较大，来公司参观、调研、采访的人多了。我本人主管技术和产品，这些事确实占用了一些时间。行业要发展，肯定需要关注。当然这个过程会有起伏，今天可能关注度高一点，明天就下去了，最终还是会回归理性。 问：关注中也会有质疑的声音？ 答：有人觉得好，有人觉得不好，这很正常。如果一家公司或一个产品，所有人都很喜欢，反而不正常。 问：人形机器人距离在生活中应用还有多远？ 答：人形机器人走进生活，到每个人家里去，距离还比较远。行业目前还处于早期阶段。所以，我们先从一些小的方面切入，比如科研教育、服务展示、简单工业应用，以及AI公司用来做开发。 当然，我们最大的愿望以及当下正在做的事情，还是希望机器人去干活。它可以做各种动作、去帮助人干各种活。但是，现在想要在家里或工厂里大规模应用，技术水平都不太够。慢慢地每年有进步，我觉得是好事，可以让大家对行业有更多理解和包容。 问：人形机器人大规模落地应用，最大的困难在哪里？ 答：最大的难题还是机器人AI水平不太够用，没有突破临界点。这是全世界的普遍问题，也是大家在努力做的事情。AI领域可能随时会有突破性进展，技术跃迁十分常见。目前解决不了的难题，在未来某个时刻或许就突然迎刃而解了。 问：突破规模化应用的瓶颈，您觉得要多久？ 答：机器人AI技术进步非常快。举个例子，半年前说我们的机器人可以打格斗比赛，我自己都不敢相信，觉得至少要等一两年时间，实际上几个月就做出来了。当然，行业的发展很难预估，可能3到5年内会有明显进步。不过，我觉得进入普通家庭还需要一个相对长的过程，因为涉及伦理道德和安全性问题。 只要AI技术保持进步，机器人行业就会发展得越来越好。这是AI产业带来的连锁效应，在过去两三年间，趋势很明显。大家对AI想象空间越来越大，对机器人行业也更加看好。今年人形机器人火爆，从长远来看，没准这只是一个小火苗，就像当初互联网的诞生一样。 问：现阶段，组织机器人去参加各类比赛的意义是什么？ 答：只要大家喜欢，提供情绪价值也是它的价值，这也是在创造新的需求。机器人表演、比赛是构成未来整个机器人产业的重要部分。 “目前我们AI人才相对少一些，但从长期看，竞争力还是非常强的” 问：宇树科技最开始做的是机器狗，这两年竞逐人形机器人赛道。为什么做出这样的选择？ 答：主要还是因为AI技术。早些年的AI都是单功能型，比如识别数字、图片、人脸等。最近几年做的是多模态通用型AI，可以做很多事情，对应的就需要一个通用机器人，比如我们现在做的人形机器人。 问：为什么是人形机器人？ 答：原因很简单，喜欢人形机器人的比不喜欢的人多，这是最主要的，市场是非常理性的。 问：中国的人形机器人产业在世界上处于什么水平？ 答：我们有生产制造的优势，在全球出货量比较多。每个国家都有自己的优势。目前我们AI人才相对少一些，但从长期看，竞争力还是非常强的。此外，由于生产制造和硬件做得好，中国的机器人企业在成本上更有竞争力，使用门槛更低。这些都有利于未来大规模落地应用。 问：对于竞争对手以及他们的产品，您怎么看？ 答：目前这个行业非常火热，涉足的企业也非常多，各有优势。要保持开放的心态，良性合理的竞争对整个行业是有利的。 问：算力对人形机器人产业有多重要？ 答：非常重要，尤其是大规模集群算力。机器人是和AI共创的联合体，机器人尤其是人形机器人是要用电池的，电池负载和功耗决定它无法携带大规模算力。 问：怎么解决算力问题？ 答：我觉得未来会有很多分布式算力。如果一个工厂有集中式算力中心，机器人可以连接到算力中心。这种集中式算力中心距离比较近，无论是有线还是无线，它的通信带宽是够的，延迟很低。如果一个北京机器人连接到上海的算力中心，那延迟太高了。 问：目前，人才供给能够满足行业发展需求吗？ 答：人形机器人行业一直比较缺人才。这个行业原本不存在，相关人才是最近几年慢慢培养成长起来的。另外，这个行业目前还比较小众，真正进入的人没大家想的那么多。人才数量和质量还需要一些时间才能适配行业发展。 问：主要缺哪方面的人才？ 答：各种岗位都缺。无论是技术的、非技术的，包括商务、人事等，最核心的还是AI人才。 问：有没有考虑和高校、科研院所合作？ 答：我们跟国内外很多高校关系一直很密切。我们希望推动机器人和AI行业的技术进步，跟高校以及年轻人建立更多联系，是非常重要的。 共同推动行业进步，是我们过去几年对整个行业最大的价值。某种意义上讲，一家公司业绩好不好是一回事，对整个行业以及社会有促进作用更重要。 “希望更多的人，尤其是年轻人参与进来，共同推动行业的进步” 问：宇树科技曾经出过一本关于四足机器人的书，进行技术开源，为什么这样做？ 答：其实除了这本书，我们每隔几个月都会发布一些开源项目。我们希望促进行业的发展，行业好了，行业内的企业才可能发展好。 另外也是想培养更多人才。无论是和高校合作、出书还是发布开源项目，都是希望更多的人，尤其是年轻人参与进来，共同推动行业的进步。 问：为什么研发人才的培养很难一蹴而就？ 答：行业发展变化非常快，最重要的还是要保持学习的习惯。我自己也是如此，白天公司各种事比较多，晚上个人时间会稍微多一点，看一些论文、敲点代码，保持学习和进步的状态。 问：如何看待研发和投入的关系？ 答：无论是学习新技术还是开发新产品，最主要的是弄清楚方向。大部分的研发投入都是在摸索方向，这是最“贵”的。 还要保持对技术和产品的敏锐度，足够敏锐就会少走很多弯路。用尽可能低的成本去尝试探索，发现真正比较值得投入的方向，再去重点学习和投入，这个比较重要。 问：您对机器人行业发展的终极愿景是什么？ 答：真正能推动科技进步，让人类的生产力迈上一个台阶。蒸汽机和电的发明，对人类社会生产力的改变巨大。目前，通用AI和通用机器人，产生的改变可能比蒸汽机和电还要大，可以让人类逐渐摆脱辛苦繁重的体力劳动。 问：宇树科技诞生在杭州，城市与科技企业是一种什么关系？ 答：浙江拥有非常开放包容的营商环境。科技企业的发展是和掌握新兴科技的年轻人紧密相连的。可以这么理解，对年轻人有吸引力的城市，它的新兴产业发展一定不会差。 问：机器人行业的发展还需要哪些支持？ 答：我觉得国家已经非常支持了。希望大家对新技术、新产品抱有更开放的心态。从行业发展周期上看，起伏是难免的，可能今天很多人看好，明天又是另一个样子。保持开放的心态看待起伏，对未来抱有更大信心，就是对这个行业的最大支持。 机器人还有多少想象？ 今晚8点 关注人民日报视频号 一起看宇树科技创始人王兴兴 独家专访 ↓ 来源：《人民日报》（2025年08月13日 第07版），原标题：《保持开放的心态看待起伏，对未来抱有更大信心（与企业家谈“新”）——宇树科技创始人王兴兴访谈》，记者： 窦皓 本期编辑：石磊、 阮可欣、 陈子涵 觉得好看，请点这里 ↓ ↓↓
江佳凤（生于1996年），任浙江大学博导！,https://mp.weixin.qq.com/s/86fi458Dvig5YwVunHeEPQ,2025-09-23,近日，“浙江大学哲学学院”微信公众号刊文介绍该院2025年新进教师风采。其中，出生于1996年的江佳凤，受到关注。 据介绍，江佳凤系博士生导师，专业方向为中国哲学。中国社会科学院哲学研究所主办《哲学研究》期刊显示，江佳凤为1996年出生。 图源：“ 哲学研究”微信公号 公开资料显示，江佳凤是南昌大学文学学士，厦门大学哲学硕士，北京师范大学哲学博士，国家公派新加坡国立大学联合培养博士。 研究领域为朱子学、宋明理学。博士论文以《孟子》“尽心”章为研究对象，系统梳理并评析了中国儒学史上具有代表性且特色鲜明的相关诠释，在此基础上深入剖析了从先秦至清初该章诠释的流变过程与时代特征，揭示了“尽心”章在中国哲学天人关系论域中的重要地位。博士期间的研究同时涉及韩国儒学（如四七理气之辨）及元明清四书学发展（如《增广性理字训》）等领域。 江佳凤曾在《哲学研究》《哲学与文化》等国内外高水平学术期刊发表论文6篇；参与国家社科基金项目2项；担任《国际儒藏·韩国编》审校专业委员会审校专家；先后获国家奖学金、北京师范大学“研究生学术创新奖”特等奖、二等奖，北京师范大学哲学学院优秀博士学位论文等荣誉。 值得一提的是，近年来， 一批优秀的“90后”教授、博士生导师陆续涌现， 为高校注入了新的教学和科研力量。 这些“90后”博导不仅科研实力强、年轻充满活力，也比较容易和学生打成一片，团队气氛往往轻松活跃，更受到学生青睐。不过，他们也面临着成长的压力。有媒体评论指出， 对年轻学者应更多聚焦其主业，营造相对宽松的氛围，以及 温馨、和谐、支持性的工作环境，从而激发他们的工作热情和创造力，使其在工作中实现自我价值、谋求职业发展。 来源：综合浙江新闻、 浙江大学哲学学院、哲学研究、光明日报、中国青年报、广州日报等 本期编辑：石磊、朱田恬 觉得好看，请点这里 ↓ ↓ ↓
老人逆行被绊倒去世，家属索赔顺行者60余万元！法院判了,https://mp.weixin.qq.com/s/E7bzZGcYeQSceihww_9Fow,2025-09-23,　　近日，惠州市惠城区人民法院发文《 老人在火车站逆行摔倒，谁背锅？ 》，披露了一起案例。 案情简介 　　2019年3月8日，王姨打算乘坐火车前往河北省石家庄市，她的儿子小王送她到火车站进站候车。 　　当天中午12时22分23秒，两人走到火车站二楼进站口西侧人工检票口时，乘客小张手拉行李箱经过安检后也打算前往此检票口进站。 　　12时22分27秒， 王姨 突然转身，逆行而出 ，想追随小王离开检票口，五步后即22分30秒时，碰到了小张的行李箱， 随即摔倒。 　　王姨摔倒休息2分钟后，由小王和工作人员扶走离开摔倒现场并 自行乘坐火车 前往石家庄。 　　上车后，王姨感到头痛、头晕等严重不适，到达目的地后已意识不清，石家庄市急救中心到火车站接诊送王姨至某医院救治。 经两次转院治疗后，王姨于3月24日 死亡 ，死亡原因为脑硬膜下出血、呼吸衰竭。 　　小王认为小张对王姨的摔倒存在重大过错，应当至少承担60%的责任，故诉至法院，要求小张赔偿医疗费、住院伙食补助费、交通费、死亡赔偿金、丧葬费、精神损害赔偿 共计 60余万元 。 　　小张则认为，王姨摔倒虽与行李箱有关，但自己并未实施侵权行为，也没有法定作为义务，自己没有过错，不应对王姨的摔倒承担侵权责任，要求驳回小王的诉讼请求。 法院判决 小张是否因过错导致王姨摔倒？ 　　本案中，事发地点为火车站，是公众乘坐火车的铁路枢纽。王姨摔倒的地点为火车站的进站检票口旁，通常情况下乘客通过检票后即乘坐火车，而不会从进站检票口逆行而出。因此，王姨及其子小王 从进站检票口逆行返回时应在行进中尽更高的注意义务 。 　　王姨转身 行走 5步 后碰到小张的行李箱，说明小张与王姨有一定的距离，王姨逆行而出，理应避让顺行的旅客并观察周边的情况，但其未尽到必要的注意义务，其 本人对损害结果的发生具有过错 。小王作为陪同王姨前往火车站的家属，对王姨 负有相应的照看义务 。 小张是否应承担侵权责任？ 　　小张作为正常顺行进入检票口的旅客， 其手拉的行李箱并非超大超重，且行李箱全程未离开其控制，一直在其身边合理范围内。 　　王姨转身至碰到小张的行李箱，时间仅不足4秒，小张作为正常行进的旅客，既 无法预见 王姨会 突然转身逆行 ，也无法在3、4秒内作出可能发生意外情况的判断进而采取相应的避让行为，此时行走安全注意义务应由突然转身逆行的王姨负责， 不应强加在正常行进的小张一方 。 　　综上， 根据《中华人民共和国民法典》第一千一百六十五条第一款，小张对王姨摔倒不存在主观故意，也不存在过失，不应承担侵权责任。判决如下：驳回小王的诉讼请求。 法院提醒 　　具有完全民事行为能力的人在人员密集的公共场所行走时，尤其如本案中逆行的王姨， 应尽到更高的合理注意义务 躲避正常进站的人群，避免可能发生的风险与损害，而非将高度的注意义务强加于正常行进的旅客。 　　同时，陪同老年人进入公共场所的成年家属，应 给予老年人审慎有效的看护和关注 ，及时发现并规避风险，协助老年人做好个人防护，保障人身安全。 　　关注、保障公共场所安全是每个完全民事行为能力人出入公共场所应具备的安全意识。 法条链接 　　《中华人民共和国民法典》第一千一百六十五条  行为人因过错侵害他人民事权益造成损害的，应当承担侵权责任。依照法律规定推定行为人有过错，其不能证明自己没有过错的，应当承担侵权责任。 来源： 惠州市惠城区人民法院 本期编辑：石磊、朱田恬 觉得好看，请点这里 ↓ ↓ ↓
来了！新闻早班车,https://mp.weixin.qq.com/s/dC6F79yR1SF_Hfk2sFvnqg,2025-09-23,点击这里，查看更多精彩内容 要闻 8 月 12 日，国家主席习近平应约同巴西总统卢 拉通电 话。 8 月 12 日，中美双 方发布《中美斯德哥尔摩经贸会谈联合声明》。 详讯 12 日，财政部、应急管理部紧急预拨 1.7 亿元中央自然灾害救灾资金，支持苏渝贵甘等 7 省市应急抢 险救灾。 最新数据显示， 7 月份中国电商物流指数为 112.0 点，再创 年内新高 。 市场 监管总局 12 日发布数据，今年上半年，全国新设经营主 体 1327.8 万户。 近 日，针对 个人消费 、 8种服务业经营主体消费 的贷款都迎来贴息政策。 7 月 1 日至 8 月 11 日 ，全国铁路累计发送旅客达到 6.1 6 亿人次，同比增长 4.0% 。 水利部黄河 水利委 员会消息，通过实施黄河水量统一调度，黄河已实现自 199 9 年以来连续 26 年不断流。 近 日，东部战区陆军某部严密组织装甲分队赴东南某海域，展开单车海上战斗射击考核 。 11 日晚，成都 世运会闭幕式进行了首次全流程联排，闭幕式将于 17 日晚在成都世园会国际友谊馆举行 。 社会 今年第 11 号台风“杨柳”预计将于 13 日中午前后在台湾沿海登陆， 13 日夜间至 14 日凌晨在福建南部到广东东部一带沿海再次登陆。 2025年下半年女兵应征报名网上初选审核结果已经公布。应征女青年可登录全国征兵网查看是否通过初选。 12 日，国家广播电视总局公布 202 5 年 度第九批重点作品版权保护预警名单，包括《利剑 · 玫瑰》《锦绣 芳华》等 2 0 部作品。 国家图书馆抗战文献整理成果展免费向公众开放，展览将持续至 10 月 1 5 日 。 电影《南京照相馆》官方微博宣 布密 钥延期至9月24日。 11 日，吉林省吉林市至黑龙江省哈尔滨市的首条跨省城际公交线正式开通，每天 1 0 趟对发，每人次票价 5 0 元。 我 国研制出世界首台智能育种机器人，打破杂交育种和制种瓶颈，有望大幅降低育种成本 ，缩短育 种周期。 西安警方通报 “宝妈带娃遛弯遭多人配合偷走手机”，截至 12 日，该外地流窜作案 团 伙全部 被抓获。 一名年轻母亲携幼子 在内蒙古一景区内 乘骑骆驼时不慎坠落受伤，军医夫妻杜锐、唐晓艳挺身而出，迅速展开现场急救，全力参与协调转运，受伤游客最终脱离危 险 。 政策 市场 监管总局近日组织起草《网络食品交易第三方平台和入网食品销售企业落实食品安全主体责任监督管理规定（征求意见稿）》，向社会公开征求意 见。 河南出台十条举措支持人工智能产业生态发展，其中，对符合条件的企事业单位给予最高 100 万元资金支持。 贵州发文，提出为高端医疗器械产品开通 “绿色通道”，在检验条件允许的前提下， 力争将检验周 期压缩至协议约定时间的 80% ，缩短产品上市时 间 。 今日天气 内蒙古东南部、黑龙江中西部、吉林中西部、辽宁西部、河北东北部、北京东北部、天津北部、河南东南部、安徽北部、江苏中部、湖北中部、湖南北部、云南中北部、西藏南部、台湾岛大部等地部分地区有大到暴雨，其中，河南东南部、湖北北部、台湾岛东部和南部等地部分地区有大暴雨，台湾岛东部和南部等地局地特大暴雨。 早安中国 每个清晨，遇见大美中国。 宁夏海原县武塬村，位于六盘山西北麓，是典型的黄土高原丘陵区。千亩胡麻花盛开，与蓝天、远山、风车交相呼应，织绘出一幅美丽乡村新画卷。海原县欢迎您！        如果事事纠结，只会带来不必要的负担。你的时间宝贵，一些无关紧要的琐事就别太较劲了。尝试让生活变得简单，活出更好的自己。 新的一天，早安！ 本期编辑：方梓祎，实习生：陈皓迪、 孟媚 ｜主播： 韦礼义 觉得好看，请点这里 ↓ ↓ ↓
【夜读】一个美好的家庭，这一点很重要,https://mp.weixin.qq.com/s/Mp1HcvptxzfREVNX1RVktw,2025-09-23,与家人相处 好好说话很重要 　　语言是有温度的，它能在不经意间温暖人心，也能在冲动之中寒了人心。家是个让人放松的地方，所以我们常常无所顾忌地说话， 却忘了语言可能带来的伤害 。 　　一句随意的指责，或许能暂时释放自己的压力，却可能在家人心里留下难以磨灭的伤痕；一次不耐烦的打断，看似只是小事，却可能让家人感受到不被尊重的失落。 　　好好说话，是把家人的感受放在心上。当家人忙碌了一天，一句“辛苦了，歇会儿吧”比抱怨“怎么现在才回来”更能传递关爱；当孩子犯错时，一句“我们一起想想办法”比指责“你怎么这么笨”更能给予力量。 好好说话， 不是要求你说话滴水不漏 ，而是带着善意与关爱去沟通，让自己说话的耐心多一些，语气和缓一些，回复温柔一些。 彼此尊重 是家人相处最好的样子 　　可能有人会觉得，好好说话无非就是察言观色，对方爱听什么，我们就说什么，这是一种片面的理解。 　　我们期待的好好说话，本质上是基于彼此尊重的表达。尊重是家庭关系的基石，它体现在每一次平等的交流中，藏在每一个包容的眼神里。家人之间没有高低之分，无论年龄大小、身份差异，都应该拥有表达想法的权利，也应该得到被认真倾听的尊重。尊重不是刻意的客气，而是发自内心地认可对方的价值，理解每个人的独特性。 　　当家庭中充满尊重的氛围，每个家庭成员都会感受到被珍视的温暖，从而才会更愿意敞开心扉，用真诚的话语维系彼此的情感。 亲密的关系 更需要好好经营 　　很多时候，我们总以为家人会懂自己的心意，却忽略了语言表达的重要性。其实，经营家庭关系，需要主动的沟通与表达。一句“我爱你”能 让心与心贴得更紧 ，一句“谢谢你”能让付出得到回应，一句“对不起”能让矛盾及时化解。主动表达心意，不是矫情，而是让家人明确感受到彼此的在乎，让情感在交流中不断加深。 　　家人之间，也难免会有摩擦和分歧，发生争执时，试着先深呼吸让情绪平静，再用适当的语气表达自己的想法，同时也给对方解释的机会。用善意的话语代替抱怨，用解决问题的态度代替互相指责，才能让家庭关系在磨合中更加亲密。 　　与家人相处时，好好说话、用心交流，相互之间的表达越顺畅，一个家的凝聚力才会越强。家人之间好好说话，互相尊重和爱护，彼此关心和理解， 一个家才会越来越兴旺 。 来源：人民日报夜读，综合夜听等 |  主播：赵文龙 本期编辑：郑薛飞腾，实习生： 洪舒云 觉得好看，请点这里↓ ↓ ↓
9月起，这些个人消费贷款可享受财政贴息！,https://mp.weixin.qq.com/s/8WSM-YM_Rzs0JZIe9HNh7A,2025-09-23,近日，财政部、中国人民银行、金融监管总局印发《个人消费贷款财政贴息政策实施方案》。要点如下↓↓ 支持范围 实施方案明确， 同时符合以下条件的贷款可享受贴息政策—— 2025年9月1日至2026年8月31日期间，居民个人使用贷款经办机构发放的个人消费贷款（不含信用卡业务）中实际用于消费 ，且贷款经办机构可通过贷款发放账户等识别借款人相关消费交易信息的部分，可按规定享受贴息政策。 贴息范围包括单笔5万元以下消费，以及单笔5万元及以上的家用汽车、养老生育、教育培训、文化旅游、家居家装、电子产品、健康医疗等重点领域消费。 对于单笔5万元以上的消费，以5万元消费额度为上限进行贴息。政策到期后，可视实施效果研究延长政策期限、扩大支持范围。 贷款经办机构 6家国有大型商业银行 ，包 括中国工商银行股份有限公司、中国农业银行股份有限公司、中国银行股份有限公司、中国建设银行股份有限公司、交通银行股份有限公司、中国邮政储蓄银行股份有限公司。 12家全国性股份制商业银行 ，包括中信银行股份有限公司、中国光大银行股份有限公司、华夏银行股份有限公司、中国民生银行股份有限公司、招商银行股份有限公司、兴业银行股份有限公司、广发银行股份有限公司、平安银行股份有限公司、上海浦东发展银行股份有限公司、恒丰银行股份有限公司、浙商银行股份有限公司、渤海银行股份有限公司。 5家其他个人消费贷款发放机构 ，包括深圳前海微众银行股份有限公司、重庆蚂蚁消费金融有限公司、招联消费金融股份有限公司、兴业消费金融股份有限公司、中银消费金融有限公司。 贴息标准 年贴息比例为1个百分点 （按符合条件的实际用于消费的个人消费贷款本金计算），且最高不超过贷款合同利率的50%，中央财政、省级财政分别承担贴息资金的90%、10%。 贷款合同利率需要符合相应利率自律约定。 政策执行期内， 每名借款人在一家贷款经办机构可享受的全部个人消费贷款累计贴息上限为3000元（对应符合条件的累计消费金额30万元） ，其中在一家贷款经办机构可享受单笔5万元以下的个人消费贷款累计贴息上限为1000元（对应符合条件的累计消费金额10万元）。 个人消费贷款财政贴息重点领域 (适用单笔5万元及以上消费) 家用汽车领域 ，包括汽车购置、车辆保险及维修。 养老生育领域 ，包括老龄人口或其子女购买的家庭适老化改造服务、养老机构和养老社区服务，托育、辅助生育消费等。 教育培训领域 ，包括资格证书培训考试、高等学历继续教育等。 文化旅游领域 ，支持消费者通过具备资质的旅行机构购买国内旅游出行服务。 家居家装领域 ，包括家庭装修、家用电器、厨卫用品、家具等。 电子产品领域 ，包括购买手机、平板、个人电脑、智能穿戴设备等。 健康医疗领域 ，包括牙齿矫治、视力矫正、健康管理等。 来源：人民日报客户端 本期编辑：胡程远、王若彤、阮可欣 转发周知！ ↓ ↓ ↓
一个缺觉的人，全身炎症水平都在升高！缓解方法→,https://mp.weixin.qq.com/s/9ff1CCtvM9T8VzjpjLpq_w,2025-09-23,很多人都有过类似体验：当睡眠不足时 ，脑子会慢半拍，反应能力和判断能力也跟着直线下降……研究提示， 缺觉会激活身体“炎症反应” 。如何降低此类伤害？一起来看。 01 睡眠不足，让身体发炎并伤脑 研究人员分析了2641名参与者睡眠不足炎症生物标志物和认知功能之间的关联，并探索了小鼠模型的细胞机制。 结果显示， 睡眠不足 （少于6小时） 会引发 全身 炎症，增加认知障碍风险 ，具体来看： 认知功能测试发现，与正常睡眠时长（7~9小时）相比，睡眠不足（少于6小时）与测试中的认知得分较低相关； 对炎症生物标志物分析发现，较高的全身免疫炎症指数与认知功能呈负相关； 对小鼠模型分析发现，睡眠不足的小鼠，大脑神经元炎症反应、氧化应激反应和整合应激反应通路，都被激活了。 研究指出，缺觉可引起脑内一系列炎症连续反应，激活促炎因子释放，这些炎症因子会对神经元和认知功能产生不利影响， 损害神经递质平衡，影响神经元通讯，进而导致认知缺陷 。 此外，炎症还可能影响血脑屏障，使其更具渗透性，并允许 炎症分子进入大脑 ，这会进一步加剧神经炎症和神经退行性过程。 而长期睡眠不足导致的慢性炎症， 会导致氧化应激和细胞损伤 ，进一步加剧认知能力下降。 02 缺觉+炎症，伤害遍及全身 睡眠不足和慢性炎症，是多种疾病的幕后推手。 英国萨里大学曾在《美国国家科学院院刊》上刊文指出， 每晚睡眠不足6小时，持续一周，就会对人体产生不利影响，涉及到新陈代谢、炎症、免疫力和抗压等功能。 2023年 一项 刊登在《 细胞 》上的研究也提醒： 睡眠不足会引发“全身炎症风暴” ，增加脑内前列腺素D2产生和经血脑屏障的外流，并在外周引发细胞因子风暴。 北京大学首钢医院神经内科主任医师高伟表示， 缺觉 最主要的危害是会使人长期处于应激状态，导致机体免疫力下降，增加代谢性疾病、癌症、精神疾病等的发病风险 。 03 如何降低此类伤害？ 2024年，清华大学体育部在运动科学领域权威期刊《体育科学杂志》刊文提醒，睡眠不足增加身体炎症水平， 每天进行20分钟 中等到剧烈的体力活动 ，能缓解相关炎症水平。 如果你也有睡眠不足的问题，不妨根据自身条件，减少久坐并适当增加身体活动来缓解炎症。 日常生活中，要想减少此类伤害， 保证睡眠充足是基础，一些方法也有助控制炎症水平。 1.睡多久才算充足？ 通常， 成年人每晚需要睡7~8小时； 老年人脑代谢变慢，一般需要睡5~7小时。好睡眠最直观的 检验标准 是：起床后身体舒服，精神饱满，注意力集中、记忆力好，做事有效率，能胜任一天的工作和生活。 6小时睡眠是健康底线 。熬夜前先想清楚，是否值得你付出变丑、早衰等种种代价。 对于“被动失眠”导致的睡眠不足，需要 生活方式调整 和医学干预并行，比如： 增加日晒，积累天然“褪黑素”； 白天适当运动，达到1小时的量更好； 不在床上做与睡眠无关的事，睡前可在沙发或客厅活动，培养“见床就困”的条件反射； 每天坚持同样的上、下床时间，周末也不例外，培养睡眠生物钟； 如果一周有3天以上睡不好，且持续3个月以上，可以去睡眠医学中心或精神心理科就诊。 2.膳食合理，有效抗炎 多摄入富含抗炎成分的食物，如 藜麦、糙米、荞麦等全谷物， 深海鱼和贝类， 西兰花、菜花、甘蓝、芥蓝等十字花科蔬菜，以及草莓、蓝莓、黑莓、覆盆子等莓类水果，都有助对抗机体炎症。 同时，注意少吃高糖、高油、高脂食物，减少红肉、加工肉、动物内脏、精制谷物摄入。 3.保持心情舒畅很重要 长时间的心理压力，可能破坏机体调节炎症活动的能力。尽量避免负面情绪持续累积，运动、听音乐、旅行、画画、约会等都有助减压。 来源：生命时报 本期编辑：胡程远、王若彤、阮可欣 觉得好看，请点这里 ↓ ↓ ↓
全网狂赞这对夫妻，身份披露！,https://mp.weixin.qq.com/s/pUsqiw4uQl4Y7-2uv2eqmA,2025-09-23,近日 在内蒙古银肯塔拉沙漠旅游景区内 一名年轻母亲携幼子 乘骑骆驼时不慎坠落受伤 危急时刻 中部战区总医院 文职人员 杜锐、唐晓艳夫妇 恰巧途经现场 他们第一时间挺身而出 迅速展开紧急救援 当日下午，一名女游客带着三岁儿子体验景区骆驼骑行项目时，因骆驼突然受惊失衡，母子二人从驼背上坠落，情况十分危急。 正当围观群众手足无措时，夫妻二人立刻穿过人群。 杜锐医生一边快速向受伤母子奔去，一边高声表明身份：“我是医生！”这简短四字成为“最快通行证”，二人随即来到伤者身旁。 杜锐医生检查伤者情况，唐晓艳护士长及时按压伤者头部出血点，并给予安慰与支持。由于伤者头痛加剧，急需入院治疗，夫妻二人全力参与协调转运，终于帮助她顺利抵达当地医院，并于当晚成功获救脱离危险。 医者仁心，时刻在场。意外发生后，受伤母子家人、景区及现场游客纷纷向两位施救医护人员致谢。夫妻俩坦言： “这是医者本分，任何同行遇到了都会这么做的，只要看到患者有危险，我们就要赶紧去救。” 9日，记者联系上受伤女游客的丈夫郑先生，他介绍称，事发当时， 母子二人从近两米高的驼背上摔落，妻子头部还被骆驼踢了一脚，意识出现模糊 ，所幸年幼的孩子并无大碍。 郑先生特别提到， 幸亏当时现场有一对来自武汉的军医夫妻及时伸出援手，紧急处理他妻子的伤情， “当时我老婆头上血流得吓人，非常感谢那两位医生”。 郑先生告诉记者，他妻子 后被送往当地医院治疗，又转院至呼和浩特的医院，经诊断颅内没有出血，身上没有骨折，目前正在观察， “昨天我老婆已经可以吃饭了，但现在浑身还是多处疼痛，我们订了明天的机票准备回河南休养”。 9日，银肯塔拉沙漠生态旅游景区工作人员告诉记者， 骆驼当时因受惊致游客倒地，这种事情没法完全避免，其他的景区也曾有类似情况出现。 该受伤游客落地的位置是沙地，头部有擦伤，后经检查没有脑出血及骨折，目前他们正配合伤者家属处理后续事宜。 温馨提示 户外游玩时，参与骑马、骑驼等项目需 严格遵循安全规范，儿童应在成人陪护下选择适宜活动。 如遇类似意外， 切勿随意移动伤者，应立即拨打急救电话并寻求专业人员帮助。 危急时刻，挺身而出 为这对夫妻点赞！ 来源：新华社综合联勤集结号、极目新闻 本期编辑：胡程远、王若彤、阮可欣 觉得好看，请点这里 ↓ ↓ ↓
5名游客被大屏滚动公示！网友：干得漂亮！,https://mp.weixin.qq.com/s/SHmFcs50CaFBtVFFVQYKhA,2025-09-23,　　8月10日，有游客拍下在北京八达岭长城检票口见到的一幕，只见电子大屏上滚动播放着今年五月5名游客在长城刻划的违法行为， 上述游客均被公安机关处以5日拘留并处200元罚款。 　　不少网友对这样的公示称赞，认为这是对违法行为的一种有效警示。 　　据媒体报道，11日，延庆区长城管理处工作人员表示，对游客在长城刻划的违法行为进行公示，并非近期才开始实施。若游客的行为涉及违法，有关部门会进行相应处罚，根据情节轻重，有些游客还会被纳入景区黑名单。 　　该工作人员提到，目前， 游客们的文物保护意识均有所提升，但确实还存在个别不文明行为。 　　记者注意到，通过线上购买八达岭长城门票，会弹出 “保护长城 严禁刻划 乱涂乱划 罚款拘留” 的十六字红色警示。 　　5月19日，据公众号“八达岭长城”消息，工作人员在巡查中发现八达岭长城景区南六楼出现刻划行为，第一时间与八达岭派出所取得联系移交相关线索。 　　经民警详细调查， 确定刻划人张某某、孙某某已返回上海。 　　北京延庆区公安分局高度重视，立即与上海警方展开沟通协作，面对跨地域难题， 首次启动行政案件异地办案程序。 两地警方紧密配合、高效联动，迅速推进案件办理， 依法对张某某、孙某某作出行政拘留5日、罚款200元的行政处罚。 　　在长城本体上刻划，对文物造成的影响是不可逆的。八达岭长城管理处多次呼吁游人， 保护长城文物，珍爱世界遗产，倡导文明旅游。 来源： 极目新闻（记者：李贤诚 ）、 北京青年报、北京日报 本期编辑：胡程远、王若彤、阮可欣 觉得好看，请点这里 ↓ ↓ ↓
陈廷海，获赠一辆新车！,https://mp.weixin.qq.com/s/4fBJvBuuqoQaNffEYTxTmA,2025-09-23,还记得 那位为偿还210户乡亲 近百万元菜籽款 风雨践诺19年的 湖北宜昌“信义老农”陈廷海吗？ 8月7日 他收到一份特别的暖心礼物 一辆崭新的货车！ 今年7月 那辆陪陈廷海奔波十几年的 旧货车达到报废年限 给他日常收购、运输粮食带来不便 了解到这位始终坚守 偿还乡亲欠款承诺的“信义老农” 既面临未还清的欠款压力 又缺乏足够资金购置新车时 半月镇的爱心企业及人士 毅然伸出援手 共同出资捐赠了这辆货车 并将新货车钥匙交到他手中 看着眼前的货车 陈廷海充满了感激之情 以及对未来生活的信心 他对大家的关心帮助表示感谢 并表示 将来争取早日把账还清 陈廷海是当阳市半月镇红光村农民 1996年，他干起粮食经纪人 从附近农户手上收购粮食 再卖往粮油厂 “诚信”两个字 是陈廷海的招牌 周边4个村的数百农户 都愿意把粮食卖给他 可谁也没想到 2006年6月 红光村及周边村的村民像往年一样 将当年收获的上百万斤油菜籽 交给陈廷海售卖给一家油脂厂 油脂厂老板声称周转资金不够 跟陈廷海约定分批结清菜籽款 但一天夜里，油老板跑了 仓库里的菜籽和油也不见踪影 油脂厂欠他的菜籽款共计105万元 除了陈廷海自己的7万元菜籽款外 村民们的98万元菜籽款也血本无归 陈廷海在农户家收购玉米 当时 镇上像陈廷海这样的 粮食经纪人有100多人 油脂厂老板跑路后 不少经纪人也“消失”了 有人劝陈廷海跑路 他摇摇头 “我跑了，欠的就是‘良心债’ 一辈子都还不清了！” 和妻子刘志君商量后 陈廷海除留下些口粮 把家里能换钱的 物件、牲口和粮食都卖了还债 “我对不住大家 只要您还肯信我一次 我砸锅卖铁也会把钱还上 这辈子还不清，我儿子接着还” 210户乡亲 陈廷海和妻子一户户登门 每到一户 他都要郑重地把这话说一遍 210个承诺，一个不少！ 19年来 陈廷海一路风雨无阻 信守承诺偿还当年 涉及油菜籽债务的欠款 因诚实守信 2022年陈廷海当选“中国好人” 2024年被评为第九届 湖北省道德模范诚实守信模范 2025年获第九届全国道德模范提名奖 陈廷海的“信义精神” 深深打动着每一个人 也激励着当地企业诚信经营 “信义老农”陈廷海用半生书写信义 乡亲们以信义回馈于他 如今爱心人士更是用 一辆满载情义的货车告诉他 信义 从来不是孤独的跋涉 而是传递与坚守 祝贺 陈廷海喜提新车 为堂堂正正、诚实守信的他 点赞！ 来源： 综合当阳融媒（记者：薛恩维）、湖北日报客户端当阳频道、湖北日报（记者：李墨 金凌云 吴坚） 本期编辑：刘杰、方梓祎、陈子涵 为陈廷海点赞！ ↓ ↓ ↓
一地官宣试点：中小学新增5天春秋假,https://mp.weixin.qq.com/s/Kdet7qc5V54uCCy0W9X3Kg,2025-09-23,　　8月9日，记者从佛山市教育局获悉，近日，该局印发《佛山市教育局关于开展中小学春秋假试点工作的通知》（下称《通知》）。 　　根据《通知》 ，新学年将在全市义务教育阶段学校进行春秋假试点，秋假共3天，春假共2天，合计5天假期。 　　春秋假放假期间， 从严控制书面作业总量，尽量少布置或不布置书面作业，鼓励引导学生利用假期参与社会实践。 对于春秋假期间确实无法照顾学生的部分家庭，以片区或教育集团为单位集中设置校内托管点。 　　《通知》指出，为进一步贯彻落实国家有关“双减”政策要求，调整中小学生学习节奏，减轻学生过重课业负担，形成劳逸结合的良好状态，引导学生更多地走出课堂、走向社会、走进大自然，2025-2026学年将在全市义务教育阶段学校进行春秋假试点。 2025-2026学年秋假： 安排在11月12日-14日，共三天。 2025-2026学年春假： 安排在“五一”假期前后，共两天 ，具体时间待国务院公布2026年节假日放假安排后确定。 　　《通知》强调，春秋假使用学校机动时间安排，不占用学校新授课时间和复习考试时间，不进行调休补课。对于春秋假期间确实无法照顾学生的部分家庭，参照暑期托管的成熟做法，以片区或教育集团为单位集中设置校内托管点。春秋假托管不收取托管服务费，学生用餐据实收费，收费标准应提前公示并告知家长。 　　《通知》要求，要提高思想认识，高度重视中小学春秋假试点工作，全力统筹各部门各方面的资源，充分调动家庭、社会、学校等各方面的力量，围绕有效利用春秋假假期，创新工作举措，努力将春秋假假期打造成促进学生全面成长的“黄金期”。 　　要尽力免费开放博物馆、少年宫、科技馆、社区功能场所及设施等各类社会资源，方便学生在春秋假期间进行社会实践。要严格落实带薪年休假制度，将带薪年休假执行情况作为工会维护职工权益的重要内容。要加强家庭教育，帮助家长树立科学的育人观，引导家长利用春秋假陪伴孩子亲近自然、增长见识，领略山川秀美，感受风土人情，家校社联动促进孩子德智体美劳全面发展。 　　记者梳理了解到，杭州是全国最早实施春秋假制度的城市之一，自2004年实行春秋假，已有20余年。今年以来，全国已有多地陆续宣布鼓励设置中小学春秋假。在广东，今年3月，广州一所中学已率先探索“春假”，成为广州市公办中学中首个试行春假制度的学校。今年6月，广州市教育局发布了广州中小学新学年校历，并鼓励有条件的区结合实际探索设置中小学春秋假。 来源：广州日报　记者：冯嘉敏 本期编辑：刘杰、方梓祎、陈子涵 春秋假，你支持吗？ ↓ ↓ ↓
这部电影，延长上映！,https://mp.weixin.qq.com/s/6bOuwWL95LFZhEaS1ipzjA,2025-09-23,今天 电影《南京照相馆》宣布 密钥延期至 2025年9月24日 影片取材于南京大屠杀期间日军真实罪证影像，故事围绕“日军罪证照片”展开。面对日军，手无寸铁的百姓没有退缩，他们以底片作为“武器”完成了一场坚定的抗争。 目前 影片正在热映中 相约影院！ 来源：央视新闻 本期编辑：刘杰、方梓祎、陈子涵 铭记历史，吾辈自强！ ↓ ↓ ↓
今天起，喝水务必调整一下！,https://mp.weixin.qq.com/s/-VP_BaZDsUBdBdC5zfW1Ow,2025-09-23,水是生命之源，是人体维持正常生理机能的必需物质，需求强度仅次于氧气。 研究人员研究发现，喝对水，堪称一味良药。一份研究通过分析18项随机临床试验的数据后发现，以不同方式增加饮水量，能降低多种疾病的风险。 01 三餐前补水减体重 水对超重、肥胖患者控制体重有很大促进作用。 研究中，补水组的肥胖参与者在每次饭前30分钟摄入500毫升水，按一日三餐算，相当于一天喝1500毫升水。坚持12周~12个月后， 相较于不补水的减肥组，补水组的体重多减了44%~100%。 此前，几所高校开展的研究同样发现，对超重或肥胖患者实施补水干预，能让他们瘦得更快。 东南大学附属中大医院临床营养科主任金晖表示， “喝饱了就吃不下”是加速减重的主要原因。 餐前适量喝水可在短时间内扩充胃体，增强饱腹感，从而削减后续正餐摄入的食物量，以及代替高热量饮料等。 02 每天多喝1升水控血糖 在一项研究中， 一部分2型糖尿病患者要在每天原有饮水量的基础上多喝1升水， 具体操作是早餐前喝250毫升、午餐前喝500毫升、晚餐前喝250 毫升。 8周后，这些患者的空腹血糖比不补水的患者降低了17.6%，同时，体重指数[BMI=体重（千克）除以身高（米）的平方]、甘油三酯水平、低密度脂蛋白胆固醇（也称“坏胆固醇”）水平等均有下降。 另一个发现是，即使做到了每日多喝一升水， 但不是饭前喝的人，并没有降糖效果。 研究人员表示，一方面，多喝水可增加血浆体积，从而稀释血液中的葡萄糖浓度；另一方面，2型糖友控糖也离不开维持健康体重，饭前饮水可减少食物摄入、减轻体重，达到降糖的效果。 03 勤喝多排消尿路感染 临床中， 加大饮水量是尿路感染患者预防反复发作的生活处方之一。 一项对140名患有复发性尿路感染，且每日饮水量较少女性进行的研究分析发现， 只要每天多喝1.5升水，不必在意饭前饭后，也不必固定饮水时间，感染的发作次数即可降低。 加大液体的摄入量可通过多种机制降低尿路感染风险： 增加尿液生成，稀释尿液中细菌浓度，降低感染力； 促进排尿，从而对尿道进行自然冲洗，将细菌和其他有害物质冲刷干净； 频繁、大量排尿的冲刷力，可避免细菌附着在尿路上皮细胞上，减少感染的机会。 年轻女性的单纯性尿路感染患病率较高，增加饮水量的防治措施操作简单，是减少使用抗生素的安全有效之法。 04 每天多喝水防 肾 结石 尿液中的盐浓度高是肾结石形成的重要原因， 多喝水可增加尿量、稀释浓度，防止钙盐、磷酸盐因过饱和析出结晶，从而减少结石形成。 还有一项研究发现，25~50岁的健康成年人如果在每天原有饮水量的基础上 多喝2升水，可降低肾结石的形成风险。 另一项追踪调查5年的研究则发现，即使是已患特发性钙肾结石的患者，当通过饮水干预使其每日尿量达到2升时，结石复发率可降低一半。 东南大学附属中大医院临床营养科主任 金晖建议， 已患泌尿系统结石的人需增加水摄入量，至少达到每天2.5升的尿量。 05 持续多喝3个月少头痛 一项研究认为， 3个月内在每天原有饮水量的基础上多喝1.5升水，可改善47%的复发性头痛患者症状，提高生活质量。 慢性轻度脱水可引发头痛，但“多喝水治头痛”的作用机制和效果目前尚不明确，需要更多研究数据来证明。 健康喝水小贴士： 多喝水虽是一味良药，也需科学有度，不建议“强行灌水”，以免得不偿失。 比如饭前大量饮水会冲淡胃液，建议每次饭前补水不超过500毫升，以免影响消化；短时间内摄入过多水分，如几小时内摄入7~8升水，可造成电解质紊乱，引发水中毒等；尿路梗阻或肾病患者过量饮水会加重肾脏负担，易引发水肿、高血压。 在疾病状态下，水分需不需要补、怎么补，一定要结合自身状况并听从医生建议，同时配合其他治疗，以达到更好的治疗效果。 对于健康人群，《中国居民膳食指南（2022）》建议成年男性每天喝足1.7升水、女性达到1.5升。最好少量多次、小口慢饮。活动量大、周边环境高温干燥时，可适当增加饮水量，但不建议超过3升/天。 来源：生命时报微信，受访专家： 东南大学附属中大医院临床营养科主任 金晖 本期编辑：刘杰、方梓祎、陈子涵 分享给家人朋友！ ↓ ↓ ↓
七旬老人独自进京，只为求证“这种植物是不是野生的原始旱稻”,https://mp.weixin.qq.com/s/TXc8L3CWZ4vk5-49Aq7tQA,2025-09-23,“袁隆平爷 爷发现了一株野稻 解决了几十亿人的吃饭问题 我党龄快50年了 要是（我的发现） 有研究开发利用的价值 我也对国家做出贡献了……” 8月4日 71岁的宋学礼老人 来到中国农业科学院的大厅 他胸前的党员徽章格外醒目 手里紧攥着一束 自己采集的疑似野生稻植株 还有一封手写的介绍信 字字句句都透着对科研的热忱 “这种植物是不是野生的原始旱稻？ 不知有没有 研究、开发、利用的价值？” 介绍信里 满是朴实的期待 这位来自山东淄博沂源县的老人 两个月前在河边洗脸时 发现了几株特别的 禾本植物 它长得就像水稻 生长在河边和山坡上 格外耐旱 宋学礼猜想 这或许是 一株具有研究价值的野生旱稻 为了弄清它的 “身份” 他独自一人踏上了赴京之路 只为将这株植物交给科研人员 盼着能为国家的农业研究出一份力 “他戴着党（员）徽（章） 我一下子就被震撼了”  中国农业科学院的张女士 回忆起初见老人的场景 “他直接来到这里 问有没有人认识这个样本” 研究旱稻及野生稻的工作人员 初步判断 这株植株并非野生稻 但它的耐旱特性 仍让科研人员看到了潜力 目前 华中农业大学 湖北洪山实验室的研究团队 已与宋学礼老人取得联系 该团队长期致力于野生稻驯化研究 工作人员表示 即便样本最终被确认不是野生稻 从杂交水稻育种角度看 仍可能藏着 “宝贝” “如果能从中挖掘到 现有水稻品种所不具备的优良基因 对于育种肯定会有很大的帮助 我们的科研进度可能也会更快一些”  工作人员透露 样本抵达武汉后 最快下月就将启动杂交实验 测试其与水稻是否存在生殖隔离 宋学礼老人的近照。（湖北经视 记者汪文浩） 党员徽章 承载着近50年的初心 一束植株 寄托着平凡老人对科研的支持 宋学礼老人 或许不懂专业的农科技术 但他用最朴素的行动证明 科研的进步 从来都离不开 每一份默默的关注与付出 期待这份跨越千里的赤诚 能在科研的土壤里 绽放出属于它的价值！ 来源： 经视直播（记者：汪文浩）、新华每日电讯 本期编辑：刘杰、方梓祎、陈子涵 觉得好看，请点这里 ↓ ↓ ↓
这样泡脚看似养生，实则伤身！还有很多人不知道→,https://mp.weixin.qq.com/s/ifFost-n493flNvPAhKMVg,2025-09-23,现在很多人喜欢泡脚养生 但你知道吗？ 泡脚看似简单，其实大有讲究 泡脚的最佳温度是多少？ 哪些人群不建议泡脚？ 这篇“泡脚攻略”，建议收藏↓  这几个泡脚误区   还有很多人不知道！ 泡脚水不是越热越好 每次泡脚都要用很烫的水才感觉有效？其实这是一个误区！ 医生介绍，普通人长时间用过热的水泡脚，可能导致静脉扩张。尤其是糖尿病和静脉曲张人群，泡脚水温不宜过高。 小贴士： 泡脚的水温尽量控制在40℃以下。儿童对温度极其敏感，老年人对温度感觉迟钝，二者泡脚应当由家人先试水温，防止发生烫伤。 泡脚时间并非越久越好 泡脚时间久了可能会引起 血液回流障碍 ，导致脚部皮肤受伤，排汗过多、大脑缺血则容易出现头晕、心慌等问题。 小贴士：每次泡脚时间控制在20分钟内，微微出汗即可。 儿童的皮肤比较细嫩，不宜久泡，且泡脚时间过长，足底的韧带会变得松弛，不利于足弓的发育形成和维持，因此， 儿童的泡脚时间可缩短为10分钟。 饭前饭后半小时不宜泡脚 泡脚建议选择在 饭后1小时再进行，或是晚上入睡前1小时泡脚， 比如10点入睡，即9点泡脚比较合适。 泡脚不宜大汗淋漓 医生建议， 泡脚后喝杯温水补充水分。 泡脚时以微微出汗为宜，千万不要大汗淋漓，尤其警惕睡前泡脚出大汗。 泡脚出大汗时，气血会随着津液外泄，导致困倦、乏力、头晕、打不起精神。 泡脚后要马上擦干 如果泡完脚不及时擦干水分，湿寒容易从脚部进入体内，特别是秋冬季，脚底更易受凉。 小贴士：泡完脚应马上用干毛巾擦干水分， 必要时涂抹润肤膏，体弱或生病者最好再穿双袜子。  这些泡脚“搭子”   你选对了吗？ 茶叶水泡脚 你知道吗？ 茶叶水泡脚不能抗菌，反而易感染 。 由于茶叶中的抗菌成分比较微弱，泡脚水也非完全无菌，而且，趁着泡脚这10~15分钟，细菌还可能从脚癣等破损处进入，从而增加感染的风险。 生姜水泡脚 驱散寒气： 生姜水泡脚能温通经脉，帮助改善微循环，缓解手脚冰冷症状，对风湿寒痹效果明显。 需要注意的是， 阴虚火旺的人群不适宜用生姜水泡脚， 以免加重手脚多汗的情况。 艾叶泡脚 温经散寒： 艾叶泡脚有温经活血、散寒止痛的作用，有利于促进血液循环及经脉通畅，还能祛除黑眼圈。 除脚癣、脚气： 艾叶外用有抗菌消炎、抗过敏等作用，用来泡脚可有效改善脚气、脚癣等脚部皮肤疾患。 白醋泡脚 促进血液循环： 适合高血压、高血脂、慢性疲劳综合征等。 软化角质： 白醋有活血散瘀作用，经常泡脚可软化脚部皮肤角质层，改善粗糙情况。 柠檬泡脚 促进新陈代谢： 柠檬含有丰富的柠檬酸、维生素C，可促进新陈代谢，缓解疲劳及延缓衰老。 去除脚气： 经常用柠檬泡脚对脚气、鸡眼等脚部皮肤病也有一定疗效。  并非人人都适合泡脚  下肢静脉曲张或血栓患者：不建议泡脚 　　泡脚可能会对下肢静脉血栓产生刺激，导致下肢静脉血栓脱落，甚至还可能会引发病情加重。 糖尿病患者：注意水温 　　泡脚时要特别注意水温，水温控制在38°C~40°C为宜。 心脑血管病患者：泡脚需谨慎 　　如果泡脚时间过长或水温过高，会使更多血液流向下肢和体表，可能引起心脏、脑部等重要器官的缺血，出现头晕眼花、心慌、胸闷等症状，甚至引起不良的后果。 妊娠期和经期：谨慎泡脚 　　尤其在使用中药足浴时，一定要在医生的指导下进行。 记得转给相亲相爱一家人！ 来源：央视一套综合《生活圈》 本期编辑：刘杰、方梓祎、陈子涵 提醒！转发给家人朋友 ↓ ↓ ↓
事关学前教育资金，两部门发文,https://mp.weixin.qq.com/s/3ScHSlXwiOxPX7O-7WsWbA,2025-09-23,8月11日，财政部网站发布修订后的 《支持学前教育发展资金管理办法》 ，文件提出： 落实学前教育免保育教育费政策。 免除符合条件的公办幼儿园在园儿童保育教育费。 对在教育部门批准设立的 民办幼儿园就读的适龄儿童，参照当地同类型公办幼儿园免除保育教育费水平给予相应减免。 国家统一实施的免保育教育费政策，所需资金由中央与地方财政共同承担。 中央财政根据核定各省的免保育教育费财政补助标准、在园儿童人数及中央与地方分担比例，核定中央财政免保育教育费财政补助资金。 扩优提质补助资金要 重点向农村地区、革命老区、民族地区、边疆地区、脱贫地区倾斜， 并做好与发展改革部门安排基本建设项目等各渠道资金的统筹和对接，防止资金、项目安排重复交叉或缺位；要督促省以下各级财政、教育部门及时足额拨付免保育教育费补助资金，确保幼儿园正常运转。 财政部网站截图 具体内容，一起来看全文： 支持学前教育发展资金管理办法 第一条  为规范和加强支持学前教育发展资金管理，提高资金使用效益，根据国家预算管理有关规定，制定本办法。 第二条  本办法所称支持学前教育发展资金，是指中央财政用于支持学前教育发展的转移支付资金。实施期限根据教育领域中央与地方财政事权和支出责任划分、学前教育改革发展政策等确定。 第三条  支持学前教育发展资金管理遵循“统筹安排、突出重点，客观公正、规范透明，注重绩效、强化监督”的原则。 第四条  现阶段，支持学前教育发展资金主要用于以下方面： （一）支持学前教育扩优提质。 1.支持地方补足普惠性资源短板。坚持公益普惠基本方向，扩大普惠性资源供给，新建改扩建公办幼儿园，理顺机关、企事业单位、街道集体办幼儿园办园体制并向社会提供普惠性服务，扶持普惠性民办园发展等。 2.支持地方健全普惠性学前教育经费投入机制。落实公办园生均财政拨款标准或生均公用经费标准、普惠性民办园补助标准，建立动态调整机制。 3.支持地方提高保教质量。改善普惠性幼儿园办园条件，配备适宜的玩教具和图画书。对能够辐射带动薄弱园开展科学保教的城市优质园和乡镇公办中心园给予支持。 4.支持地方巩固家庭经济困难儿童等群体的资助制度。资助幼儿园家庭经济困难儿童、孤儿和残疾儿童等接受学前教育。 （二）落实学前教育免保育教育费政策。免除符合条件的公办幼儿园在园儿童保育教育费。对在教育部门批准设立的民办幼儿园就读的适龄儿童，参照当地同类型公办幼儿园免除保育教育费水平给予相应减免。 第五条  支持学前教育发展资金由财政部会同教育部共同管理。教育部负责审核地方提出的区域绩效目标等相关材料和数据，提供资金测算需要的基础数据，并对提供的基础数据的真实性、准确性、及时性负责。财政部根据预算管理相关规定，会同教育部研究确定各省（自治区、直辖市、计划单列市、新疆生产建设兵团，以下统称省）资金预算、绩效目标。 省级财政、教育部门负责明确省级及省以下各级财政、教育部门在基础数据审核、资金安排、使用管理等方面的责任，切实加强资金管理。 第六条  支持学前教育发展资金采取因素法分配。财政部、教育部根据党中央、国务院有关决策部署和学前教育改革发展新形势等情况，适时调整完善相关分配因素、权重、计算公式等。支持学前教育发展资金分配公式为：某省支持学前教育发展资金=扩优提质补助资金+免保育教育费补助资金。 （一）扩优提质补助资金。首先结合资金预算确定分地区资金规模，适当向中西部地区倾斜。在此基础上再按基础因素、投入因素分配到各省。其中： 基础因素（权重80%）主要考虑学前教育普及普惠、公办园发展、教师队伍建设等因素。各因素数据通过相关统计资料获得。 投入因素（权重20%）主要考虑地方财政努力程度、社会力量投入等因素。各因素数据通过相关统计资料获得。 财政部会同教育部综合考虑各地工作进展等情况，研究确定绩效调节系数，对资金分配情况进行适当调节。 计算公式为：某省扩优提质补助资金=（该省基础因素/∑各省基础因素×权重+该省投入因素/∑各省投入因素×权重）×扩优提质地区资金总额×绩效调节系数 （二）免保育教育费补助资金。国家统一实施的免保育教育费政策，所需资金由中央与地方财政共同承担。中央财政根据核定各省的免保育教育费财政补助标准、在园儿童人数及中央与地方分担比例，核定中央财政免保育教育费财政补助资金。其中，中央与地方分担比例：第一档中央财政负担80%；第二档中央财政负担60%；第三档、第四档、第五档中央财政负担50%。各档所包括地区依据《国务院办公厅关于印发教育领域中央与地方财政事权和支出责任划分改革方案的通知》（国办发〔2019〕27号）执行。党中央、国务院明确规定比照享受相关区域政策的地区按相关规定执行。 计算公式为：某省免保育教育费补助资金=该省符合条件的在园儿童人数×免保育教育费财政补助标准×中央财政分担比例 第七条 省级财政、教育部门应当于每年2月底前向财政部、教育部报送当年支持学前教育发展资金申报材料，并对申报材料的真实性、合规性、准确性负责。申报材料同步抄送财政部当地监管局。 申报材料主要包括： （一）上年度工作总结，包括上年度支持学前教育发展资金使用情况、年度绩效目标完成情况、绩效评价结果、地方财政投入情况、主要管理措施、问题分析及对策，以及监管局发现问题和整改情况等。 （二）当年工作计划，主要包括当年全省工作目标，以及支持学前教育发展资金区域绩效目标表、重点任务和资金安排计划，绩效指标要指向明确、细化量化、合理可行、相应匹配。 第八条  财政部于每年全国人民代表大会批准中央预算后三十日内，会同教育部正式下达预算，并抄送财政部当地监管局。每年10月31日前，提前下达下一年度资金预计数。省级财政部门在收到资金预算后，应当会同省级教育部门在三十日内按照预算级次合理分配、及时下达本行政区域县级以上各级政府部门，并抄送财政部当地监管局。 第九条  支持学前教育发展资金支付执行国库集中支付制度。涉及政府采购的，按照政府采购有关法律法规和有关制度执行。属于基本建设的项目，应当严格履行基本建设程序，执行相关建设标准和要求，确保工程质量。 第十条  省级财政、教育部门在分配支持学前教育发展资金时，应当结合本地区年度重点工作和省级财政安排的相关资金，加大省级统筹力度。其中：扩优提质补助资金要重点向农村地区、革命老区、民族地区、边疆地区、脱贫地区倾斜，并做好与发展改革部门安排基本建设项目等各渠道资金的统筹和对接，防止资金、项目安排重复交叉或缺位；要督促省以下各级财政、教育部门及时足额拨付免保育教育费补助资金，确保幼儿园正常运转。 县级财政、教育部门应当落实资金管理主体责任，加强区域内相关教育经费的统筹安排和使用，指导和督促本地区幼儿园健全财务、会计、资产管理制度，加强预算管理，细化预算编制，硬化预算执行，强化预算监督，确保财政资金使用安全、规范和高效。县级教育部门应当按照有关规定，加强对民办幼儿园的监管，确保免保育教育费政策落实到位。 各级财政、教育部门要加强财政风险控制，强化流程控制、依法合规分配和使用资金，实行不相容岗位（职责）分离控制。 第十一条  支持学前教育发展资金原则上应在当年执行完毕，年度未支出的资金按财政部结转结余资金管理有关规定处理。 第十二条  地方各级财政、教育部门要按照全面实施预算绩效管理的要求，建立健全全过程预算绩效管理机制，按规定科学合理设定绩效目标，对照绩效目标做好绩效监控，认真组织开展绩效评价，强化评价结果应用，做好绩效信息公开，提高资金配置效率和使用效益。财政部、教育部根据工作需要适时组织开展重点绩效评价。 第十三条  支持学前教育发展资金纳入预算执行常态化监督范围，各级财政部门依托预算管理一体化系统，加强日常监管。地方各级财政部门应当会同同级教育部门，按照各自职责加强项目审核申报、经费使用管理等工作，建立“谁使用、谁负责”的责任机制。严禁将资金用于平衡预算、偿还债务、支付利息、对外投资等支出，不得从资金中提取工作经费或管理经费。财政部各地监管局按照工作职责和财政部要求，对资金使用管理情况实施监督。 财政部适时组织监管局对地方申报材料和政策落实情况开展抽查监督，发现问题依法依规处理，根据情况进一步采取约谈、通报、扣减预算等措施，强化监督震慑。 第十四条  各级财政、教育部门及其工作人员，以及申报使用补助资金的部门、单位及个人，在项目资金审核管理、分配使用等相关工作中，存在违反本办法规定，以及其他滥用职权、玩忽职守、徇私舞弊等违法违规行为的，依法依规追究相应责任。 第十五条  本办法由财政部、教育部负责解释。各省级财政、教育部门应当根据本办法，结合各地实际，制定具体管理办法，报财政部、教育部备案，并抄送财政部当地监管局。 第十六条  本办法自印发之日起施行。《财政部 教育部关于印发<支持学前教育发展资金管理办法>的通知》（财教〔2021〕73号）同时废止。 来源：中国政府网、财政部网站 本期编辑：刘杰、方梓祎、陈子涵 转发周知！ ↓ ↓ ↓
一份猪脚饭订单引警觉，外卖小哥果断举报！,https://mp.weixin.qq.com/s/7saTK4gZJpmRevB2shqdCg,2025-09-23,近日，一份神秘的猪脚饭外卖订单引起了外卖员小王的注意，小王没有丝毫犹豫，第一时间选择了向国家安全机关报告可疑线索。到底是怎么一回事？让我们跟随小王的外卖订单一探究竟。 特殊订单生疑虑 夏日午后，外卖员小王刚送完一单，正准备吃口饭稍作休息，手机提示又来了新订单。顾客订了一份猪脚饭，取餐位置距离送餐位置实际距离不到800米。正当其疑惑这位顾客的定位是否准确时，电话铃声响起。顾客急切地说道：“你到哪了，能否拍个照片给我看下？必须拍照才能确认送达......” 一连串的催促，让他下意识地又看了眼送餐地址，熟悉这一区域的他立马提高了警惕，这是一家管理严格的涉密敏感单位。 他随即告知顾客涉密单位门前禁止拍照，这位顾客却仍不依不饶， “外卖不要了，我再给你打点赏，你在附近帮我随便拍几张照片，发给我就好了。”顾客异常的要求引起了小王的怀疑， 小王想起手机里常看到的国家安全机关宣传提示，觉得顾客的行为有窃密嫌疑，随即拨打了12339国家安全机关举报受理电话，向国家安全机关详细说明了可疑情况。 特殊要求需警惕 经调查， 这名顾客因与该涉密单位工作人员私人纠纷，且不知该单位相关保密要求才企图利用外卖员小王拍照观察。 虽然排除了这位顾客与境外间谍情报机关勾连窃密的嫌疑，但外卖员小王维护国家安全的责任意识、防范意识仍然值得肯定。 事实上，工作发现，境外间谍情报机关企图利用外卖从业人员走街串巷、灵活机动、熟悉地形等优势，对我开展观搜窃密，确应加以重视。综合分析案例手法，小安梳理出可能存在危害国家安全行为的注意事项，以便提高防范意识。 ——特殊拍照要求。 要求拍摄特定建筑，如党政机关工作驻地、科研院所实验场所、能源设施、交通枢纽等内部布局、安保措施甚至人员动态等。 ——捎带不明物品。 要求将非餐食的小型物品，如U盘、内存卡、文件袋、不明电子设备等夹带在餐品中，转交至指定地点或其他“顾客”。 ——异常搭讪闲聊。 反复询问送餐区域内特定单位，尤其是涉密或敏感单位的人员作息、安保换班时间、内部管理情况，以“好奇”“做研究”“找朋友”等名义套取敏感区域信息。 ——高额打赏跑腿。 订单报酬异常丰厚，甚至专门打赏另付小费，但要求却十分模糊，如“送到某地附近，有人接应”“放在指定隐蔽处即可”等。 国家安全机关提示 近年来，境外间谍情报机关在我境内活动往往披着看似普通甚至“友善”的外衣进行渗透，方式更加隐蔽，防范难度更加大。在看不见硝烟的战场上，每位公民都是维护国家安全人民防线的卫士。广大人民群众如遇可疑情况可通过12339国家安全机关举报受理电话、网络举报平台（www.12339.gov.cn）、国家安全部微信公众号举报受理渠道或者直接向当地国家安全机关进行举报。 来源：国家安全部 本期编辑：刘杰、方梓祎、陈子涵 共同维护国家安全！ ↓ ↓ ↓
中美斯德哥尔摩经贸会谈联合声明,https://mp.weixin.qq.com/s/GRTYyT2O8762Wpdp1qzdPQ,2025-09-23,中美斯德哥尔摩经贸会谈联合声明 中华人民共和国政府（“中国”）和美利坚合众国政府（“美国”）， 忆及2025年5月12日达成的中美日内瓦经贸会谈联合声明（“日内瓦联合声明”）；以及 考虑到双方2025年6月9至10日伦敦会谈和2025年7月28至29日斯德哥尔摩会谈； 双方忆及日内瓦联合声明下所作承诺，并同意于2025年8月12日前采取以下举措： 一、美国将继续修改2025年4月2日第14257号行政令中规定的对中国商品（包括香港特别行政区和澳门特别行政区商品）加征从价关税的实施，自2025年8月12日起再次暂停实施24%的关税90天，同时保留按该行政令规定对这些商品加征的剩余10%的关税。 二、中国将继续（一）修改税委会公告2025年第4号规定的对美国商品加征的从价关税的实施，自2025年8月12日起再次暂停实施24%的关税90天，同时保留对这些商品加征的剩余10%的关税；并（二）根据日内瓦联合声明的商定，采取或者维持必要措施，暂停或取消针对美国的非关税反制措施。 本联合声明基于中美斯德哥尔摩经贸会谈讨论情况。本次会谈是根据日内瓦联合声明所建立的机制框架下召开的会议。中方代表是国务院副总理何立峰，美方代表是财政部长斯科特·贝森特和美国贸易代表贾米森·格里尔。 来源：新华社 本期编辑：刘杰、方梓祎、陈子涵 关注！ ↓ ↓ ↓
来了！新闻早班车,https://mp.weixin.qq.com/s/R-KThsZLvMjf2sW7BNDHqg,2025-09-23,点击这里，查看更多精彩内容 要闻 中共中央印发《中国共产党党校（行政学院）工作条例》。 财政部会同税务总局研究起草了《中华人民共和国增值税法实施条例（征求意见稿）》，即日起向社会公开征求意见。 《支持学前教育发展资金管理办法》修订印发，新规支持学前教育扩优提质，落实学前教育免保育教育费政策。 我国首批设立的5个国家公园全部完成确权登记，大熊猫、东北虎豹、海南热带雨林、武夷山和三江源5个国家公园明确“谁所有”和“由谁管”。 今年前7个月我国汽车产销量同比保持两位数增长，新能源汽车新车销量达到汽车新车总销量的45%。 距离2025年中国国际服务贸易交易会开幕还有一个月， 近70个国家和国际组织意向设展办会。 成都世运会赛程过半。截至11日，中国体育代表团共获得14金4银2铜的成绩，暂列金牌榜第一位。 公安部公布5起养老领域非法集资犯罪典型案例，涉及销售墓地返利、投资“保健品”项目等，最高涉案金额达12亿元。 详情 11日，菲律宾船只、军机侵闯黄岩岛领海，我外交部回应：黄岩岛是中国固有领土，菲方不要挑战中方的坚定决心。 澳大利亚宣布将在9月召开的第80届联合国大会上承认巴勒斯坦国。 社会 今年第11号台风“杨柳”可能先后登陆台湾和闽粤一带沿海。今天夜间起，台风雨将进入核心影响时段。 据气象部门预报，11日至13日，湖南部分地区有强降雨过程。自然资源部启动湖南地质灾害防御Ⅳ级响应。 2025世界机器人大会期间，全球首家具身智能机器人4S店面向公众开放，销售保姆机器人等50余款产品，标价从数千元到数百万元不等。 我国在高端隧道施工装备领域取得新突破，开挖直径达16.66米的自研盾构机“沧渊号”在海太长江隧道工程始发。 电影《南京照相馆》热映，带动南京市档案馆迎来“寻根热”，许多市民前来查询祖辈档案，回望家史与国史。 中国稀土集团严正声明：网传“中国稀土集团与蚂蚁集团、中国人民银行共建全球首个稀土人民币稳定币”等相关信息系不法分子恶意编造。 胖东来回应招聘刑释人员：希望各个群体的人们都能够得到社会的尊重和关爱，能让每个人有尊严地生活。 广东佛山在义务教育阶段学校进行春秋假试点，共计5天。放假不进行调休补课，鼓励引导学生利用假期参与社会实践。 一年一度的英仙座流星雨将迎来极大，12日晚至13日晨、13日晚适宜观测，或见彩色火流星。 河南驻马店一位村民不慎坠井，退役老兵王富业倒吊井中30分钟，最终和其他群众一起成功救人。 王富业说：“群众的事就是自己的事。”  政策 河南推出20项举措支持企业降本增效，包括对通行省内收费公路的氢能货车免收通行费、电动货车实行通行费7折优惠等。 《四川省民办职业培训学校管理办法》将于下月施行，民办职业培训学校不得一次性收取超3个月的费用。 陕西健全创业支持体系， 将试点开展创新创业思维基础课程改革，实施大学生创新训练计划。 今日天气 　　重庆中东部、贵州东北部和中部、湖北东北部和西部、湖南西北部、江苏中部、云南西部和北部、河北北部和西部、北京中西部、甘肃中部等地部分地区有大到暴雨，其中，重庆东部、湖北西南部、湖南西北部、贵州东北部等地部分地区有大暴雨。 早安中国 　　每个清晨，遇见大美中国。 　　安徽歙县徽州古城，这里山水交融，峰岭逶迤，是文房四宝之徽墨、歙砚的主要产地。白墙黛瓦的古民居、宁静古老的青石老街、历史厚重的老城墙，所到之处皆是诗情画意。徽州古城 欢迎您！ 　　路边悄然绽放的小花、枝头清脆的鸟叫、街角早餐店飘来的香气，都是生活的小惊喜。人生的美好，不止于抵达终点的瞬间，也藏在赶路的每一步里。愿你为一声鸟鸣驻足、为一缕花香俯身，在寻常日子里收获细碎的美好。新的一天，早安！ 本期编辑：石磊 ，实习生：余典 、 鲁钦轲、史怡菲 ｜主播：蓝艳 觉得好看，请点这里 ↓ ↓ ↓
【夜读】真正的长期主义者，都在坚持做这件事,https://mp.weixin.qq.com/s/tD64QtDxBlZ5YkEU-WqDmg,2025-09-23,真正的长期主义者 相信时间的力量 何为长期主义？ 从经济学视角解释，长期主义强调的是在做决策时要优先考虑长期利益，而不是急功近利地追求短期回报。从人生哲学的角度看，长期主义是一种注重长远目标和未来规划的态度，认为在正确的方向上通过长期的努力和积累，才能实现真正的成功。 有人会问，究竟多久才算是长期呢？是三年五年，还是十年八年？ 实际上，长期主义的“期”并非具体的时间年限，而是指事物发展的完整周期。 世间万物皆有周期。如农民春种秋收，耐心培育一粒粒种子从生根发芽到开花结果，这种“春华秋实”的循环往复就是长期主义，而不遵循自然周期规律的“揠苗助长”就是急功近利的短期主义，最终只能收获干瘪的籽粒。 真正的长期主义，是对客观规律的深刻洞察与精准把握。 长期主义者相信时间的力量，循序渐进、稳扎稳打，方能厚积薄发。 真正的长期主义者 坚持做难而正确的事 什么才是真正的长期主义？ 每天保持阅读，但不去思考和输出，不算长期主义；在同个岗位工作多年，只重复熟悉业务，不去学习新技能，不算长期主义；明明并不适合自己，却硬要强求，不知变通，不算长期主义。 因为长期主义，并不是“长期做”就可以，而是要坚持做“难而正确”的事。 想要成为真正的长期主义者，首先要选对方向。 它不是盲目的时间堆砌，而是建立在对发展趋势和自身定位的清晰认识之上，在正确的方向上持续投入、动态成长。坚持之前，先要看准方向，如果方向不对，及时掉头，才是最好的选择。 长期主义者做的事，往往都有难度 。因为那些对我们有益的事，大多都没那么容易。比如读书、健身、早睡早起，最开始一定都没那么舒服，没那么让我们“喜欢”。但越是常人看来难以坚持的事情，才最能磨炼我们的心性，给我们带来长期的“收益”。 坚持很难，但坚持很酷。 做一个长期主义者 时间会给你答案 努力很简单，但也很难。 简单在它纯粹，我们都知道，在一件事上只需要投入上万小时的时间就能得到成效。 难在它坚持不易，很少人能屏蔽掉各种喧哗、诱惑、安逸，孤独地熬过上万小时，还能保持一份冲劲和驱动力。 这也是我们为什么永远为长期主义者而感动，因为他们往往拥有跋涉的耐力、克难的毅力、无畏的魄力。 世上没有碰巧的成功，所有光鲜亮丽的背后，都有不为人知的日复一日、年复一年的努力与坚持。 时代不会辜负长期主义者。 别害怕前路漫长，也别担心步伐太小，只要你愿意坚持，脚下的每一步都会算数。人生没有白走的路，它会以惊艳的转折，回应长久的坚持。 现在开始，成为长期主义者，坚持做难而正确的事。总有一天，你会发现，你种下的时间的玫瑰，已化作人生的芬芳。 来源：人民日报夜读，综合山东宣传等   | 视频来源： 人民日报视频客户端“视界” | 主播：赵文龙 本期编辑：李娜，实习生：余典、陈皓迪 觉得好看，请点这里↓ ↓ ↓
